ticker,ticker_fullwidth,company_name,variants
13010,１３０１０,極洋,極洋 / 13010 / 極洋株式会社 / 極洋フーズ / 極洋シーフーズ / 極洋水産 / 極洋冷凍食品 / 極洋ブランド / 極洋サーモン / 極洋マグロ
13320,１３３２０,ニッスイ,ニッスイ / 日本水産 / 1332 / シーフード / 海の幸 / ちくわ / かまぼこ / おさかなソーセージ / アラスカポラック / 海鮮丼の素
13330,１３３３０,マルハニチロ,マルハニチロ / 13330 / マルハ / ニチロ / アクリブランド / ラ・カンティーヌ / あけぼの / 海のあじわい / さば水煮 / いわし蒲焼
13750,１３７５０,雪国まいたけ,雪国まいたけ / 13750 / 雪国しめじ / 雪国えのき / 雪国きのこ / 雪国ブランド / 雪国食品 / 雪国まいたけプレミアム / 雪国まいたけ極 / 雪国まいたけ有機
13760,１３７６０,カネコ種苗,カネコ種苗 / 13760 / カネコ / カネコシード / カネコブランド / カネコの種 / カネコの苗 / カネコ農業 / カネコ園芸 / カネコグリーン
13770,１３７７０,サカタのタネ,サカタのタネ / 13770 / サカタ / サカタシード / タネのサカタ / サカタブランド / 花のサカタ / 野菜のサカタ / ガーデンメイト / サカタプロダクト
13790,１３７９０,ホクト,ホクト / 13790 / きのこ / ぶなしめじ / えのき / まいたけ / たもぎたけ / ホクトプレミアム / きのこで菌活 / きのこレシピ
14140,１４１４０,ショーボンドホールディングス,申し訳ありませんが、「ショーボンドホールディングス」に関する具体的な略称、ニックネーム、製品名やブランド名の情報は私のデータベースにはありません。一般的には、会社名や証券コードがそのまま使われることが多いです。例えば、「ショーボンドホールディングス」や「14140」などです。詳細な情報は、公式サイトや金融ニュース、SNSなどで確認することをお勧めします。
14170,１４１７０,ミライト・ワン,申し訳ありませんが、具体的な企業や証券コードに関連する略称やニックネーム、製品名、ブランド名についての情報は提供できません。ただし、一般的に企業名や証券コードに関連する略称やニックネームは、企業名の一部や証券コードそのもの、またはそれに関連する製品やサービス名が使われることがあります。具体的な情報については、金融ニュースやSNS、企業の公式発表などを参照してください。
14190,１４１９０,タマホーム,タマホーム / 14190 / タマ / タマホーム株式会社 / 大安心の家 / 木のぬくもりの家 / タマホームの家 / タマホームのリフォーム / タマホームの注文住宅 / タマホームの分譲住宅
14350,１４３５０,ｒｏｂｏｔ　ｈｏｍｅ,ロボットホーム / robot home / 14350 / ロボホーム / Rホーム / R-home / Rホームシステム / R-home AI / R-home IoT / R-home Security
15140,１５１４０,住石ホールディングス,住石ホールディングス / 15140 / 住石 / 住石HD / 住石ホールディングス株式会社 / 住石グループ / 住友石炭 / 住友石炭鉱業 / 住石ブランド / 住石製品
15150,１５１５０,日鉄鉱業,日鉄鉱業 / 15150 / 日鉄鉱 / Nittetsu Mining / 日鉄鉱業株式会社 / Nittetsu / Nittetsu Kougyou / 日鉄鉱業グループ / Nittetsu Mining Co. / Ltd. / 日鉄鉱業製品
15180,１５１８０,三井松島ホールディングス,三井松島ホールディングス / 15180 / 三井松島 / 松島 / MMHD / 三井松島HD / 三井松島ホールディングス株式会社 / Mitsui Matsushima Holdings / Mitsui Matsushima / MM Holdings
16050,１６０５０,ＩＮＰＥＸ,INPEX / 16050 / 国際石油開発帝石 / インペックス / INPEXエネルギー / INPEXオイル / INPEXガス / INPEXプロジェクト / INPEX開発 / INPEXリソース
16620,１６６２０,石油資源開発,石油資源開発 / JAPEX / 16620 / 石油資源 / 石油開発 / JAPEX石油 / JAPEX開発 / 石油資源開発株式会社 / JAPEX株式会社 / 石油資源開発(株)
16630,１６６３０,Ｋ＆Ｏエナジーグループ,"申し訳ありませんが、「Ｋ＆Ｏエナジーグループ」に関する具体的な略称、ニックネーム、製品名やブランド名の情報は持ち合わせていません。ただし、一般的に企業名や証券コードを略称として使うことが多いです。以下は一般的な例です：

Ｋ＆Ｏエナジーグループ / 16630

具体的な製品名やブランド名については、公式ウェブサイトやプレスリリースなどを参照することを"
167A0,１６７A０,リョーサン菱洋ホールディングス,申し訳ありませんが、「リョーサン菱洋ホールディングス」（証券コード: 167A0）に関する具体的な略称、ニックネーム、製品名やブランド名についての情報は持っていません。最新の情報は、公式ウェブサイトや金融ニュース、SNSなどで確認してください。
17160,１７１６０,第一カッター興業,第一カッター興業 / 17160 / ダイイチカッター / カッター興業 / DCK / カッター工業 / 第一カッター / ダイイチ / カッター / カッターサービス
17190,１７１９０,安藤・間,申し訳ありませんが、「安藤・間」（証券コード: 17190）に関する具体的な略称、ニックネーム、製品名やブランド名のリストを提供することはできません。一般的に企業の略称やニックネームは、金融ニュースやSNSでの使用状況に依存するため、特定の情報源を確認する必要があります。公式な情報は企業のウェブサイトや金融関連のニュースサイトで確認することをお勧めします。
17200,１７２００,東急建設,東急建設 / 17200 / 東急 / Tokyu Construction / 東急コン / Tokyu Kensetsu / 東急建 / TCC / 東急建設株式会社 / 東急建設グループ
17210,１７２１０,コムシスホールディングス,コムシスホールディングス / 17210 / コムシス / COMSYS / コムシスHD / コムシスホールディングス株式会社 / コムシスグループ / コムシスネットワーク / コムシスソリューション / コムシスエンジニアリング
17260,１７２６０,ビーアールホールディングス,申し訳ありませんが、「ビーアールホールディングス」（証券コード: 17260）に関する具体的な略称、ニックネーム、製品名やブランド名についての情報は持ち合わせていません。一般的に、企業の略称やニックネームはSNSや金融ニュースで独自に使われることが多いため、公式な情報源やSNSでの使用例を確認することをお勧めします。
17620,１７６２０,高松コンストラクショングループ,申し訳ありませんが、「高松コンストラクショングループ」（証券コード: 17620）に関する具体的な略称、ニックネーム、製品名やブランド名についての情報は持ち合わせていません。一般的には、企業の略称やニックネームはSNSや金融ニュースでの使用状況によって異なることがあります。企業の公式ウェブサイトやプレスリリース、または金融情報サイトで最新の情報を確認することをお勧めします。
17660,１７６６０,東建コーポレーション,東建コーポレーション / 17660 / 東建 / TKC / ホームメイト / ホームメイト・リサーチ / ホームメイト・ネット / ホームメイト・ショップ / ホームメイト・レジデンス / ホームメイト・オフィス
17800,１７８００,ヤマウラ,申し訳ありませんが、具体的な企業やその証券コードに関連する略称、ニックネーム、製品名やブランド名についての情報は提供できません。一般的な情報や質問についてはお手伝いできますので、他に知りたいことがあればお知らせください。
17860,１７８６０,オリエンタル白石,オリエンタル白石 / 17860 / オリ白 / オリエンタル / OWS / オリエンタルホワイトストーン / 白石 / オリホク / オリエンタル建設 / オリエンタル技研
18010,１８０１０,大成建設,大成建設 / 18010 / TAISEI / 大成 / TAISEI CORPORATION / 大成グループ / 大成建設株式会社 / TAISEI建設 / 大成プロジェクト / TAISEIブランド
18020,１８０２０,大林組,大林組 / 18020 / 大林 / OBAYASHI / OBAYASHI CORPORATION / 大林グループ / 大林建設 / 大林プロジェクト / 大林技術 / 大林エンジニアリング
18030,１８０３０,清水建設,清水建設 / 18030 / 清水 / シミケン / 清建 / Shimizu Corporation / ピルコム / ピルコム工法 / シミズ / SHIMIZU
18080,１８０８０,長谷工コーポレーション,長谷工 / 長谷工コーポレーション / 18080 / HASEKO / HASEKOグループ / 長谷工マンション / 長谷工の家 / 長谷工不動産 / 長谷工リフォーム / 長谷工コミュニティ
18100,１８１００,松井建設,申し訳ありませんが、特定の企業の略称やニックネーム、製品名やブランド名についての具体的な情報は持ち合わせていません。一般的に企業の略称やニックネームは、業界内やSNSでの使われ方によって異なることがあります。松井建設に関する情報を得るためには、公式ウェブサイトや金融ニュース、SNSなどを直接確認することをお勧めします。
18120,１８１２０,鹿島建設,鹿島建設 / 18120 / 鹿島 / 鹿島建 / KAJIMA / 鹿島グループ / 鹿島技術研究所 / 鹿島プロジェクト / 鹿島ブランド / 鹿島の家
18130,１８１３０,不動テトラ,不動テトラ / 18130 / テトラ / 不動 / 不動テ / テトラ工法 / テトラブロック / テトラポッド / 不動テトラ工法 / 不動テトラ製品
18150,１８１５０,鉄建建設,鉄建建設 / 18150 / 鉄建 / TKC / 鉄建グループ / 鉄建ブランド / 鉄建プロジェクト / 鉄建技術 / 鉄建ソリューション / 鉄建インフラ
18200,１８２００,西松建設,西松建設 / 18200 / 西松 / NIPPO / NIPPOコーポレーション / 西松グループ / 西松建設株式会社 / 西松建設グループ / 西松建設工業 / 西松建設プロジェクト
18210,１８２１０,三井住友建設,三井住友建設 / 18210 / 三住建 / SMCC / Mitsui Sumitomo Construction / 三井住友 / 住友建設 / 三住 / Mitsui Construction / Sumitomo Construction
18220,１８２２０,大豊建設,大豊建設 / 18220 / 大豊 / 大豊建 / 大豊建設株式会社 / DAIHO / DAIHO CORPORATION / DAIHO建設 / 大豊ブランド / 大豊プロジェクト
18330,１８３３０,奥村組,奥村組 / 1833 / 奥村 / OKUMURA / オクムラ / 奥村建設 / 奥村グループ / 奥村土木 / 奥村技術 / 奥村プロジェクト
18350,１８３５０,東鉄工業,東鉄工業 / 18350 / 東鉄 / TTK / 東鉄工 / 東鉄工業株式会社 / 東鉄グループ / 東鉄製品 / 東鉄ブランド / 東鉄工業製品
18520,１８５２０,淺沼組,淺沼組 / 18520 / 淺沼 / Asanuma / 淺沼建設 / 淺沼工務店 / 淺沼グループ / 淺沼プロジェクト / 淺沼デザイン / 淺沼技術
18600,１８６００,戸田建設,戸田建設 / 18600 / 戸田 / TODA / 戸田建 / 戸田グループ / TODA Corporation / 戸田建設株式会社 / TODA建設 / TODAグループ
18610,１８６１０,熊谷組,熊谷組 / 18610 / 熊谷 / KUMAGAI / 熊谷建設 / 熊谷グループ / KUMAGAI GUMI / 熊谷組株式会社 / 熊谷組建設 / KUMAGAI CONSTRUCTION
18700,１８７００,矢作建設工業,矢作建設工業 / 18700 / 矢作 / 矢作建設 / YKK / 矢作工業 / 矢作ブランド / 矢作製品 / 矢作プロジェクト / 矢作グループ
18710,１８７１０,ピーエス・コンストラクション,申し訳ありませんが、「ピーエス・コンストラクション」（証券コード: 18710）に関する具体的な略称、ニックネーム、製品名やブランド名の情報は持っていません。一般的に企業の略称やニックネームは、業界や地域、SNSなどで独自に使われることが多いため、特定の情報源やコミュニティで確認することをお勧めします。
18730,１８７３０,日本ハウスホールディングス,日本ハウスホールディングス / 18730 / 日本ハウス / 日本ハウスHD / JHHD / 日本ハウスグループ / 日本ハウスホールディングス株式会社 / 日本ハウスブランド / 日本ハウスの家 / 日本ハウスの住宅
18780,１８７８０,大東建託,大東建託 / 18780 / DK SELECT / いい部屋ネット / 大東 / Daito / Daito Trust / Daito Kentaku / いい部屋 / DKマンション
18790,１８７９０,新日本建設,申し訳ありませんが、「新日本建設」（証券コード: 18790）に関する具体的な略称、ニックネーム、製品名やブランド名についての情報は持っていません。一般的に企業の略称やニックネームはSNSや投資家の間で独自に作られることが多いため、公式な情報としては提供できない場合があります。公式な情報については、企業の公式ウェブサイトや金融情報サービスをご確認ください。
18820,１８８２０,東亜道路工業,東亜道路工業 / 18820 / 東亜道路 / TOA / TOA ROAD / トアロード / トア / トア工業 / トア道路 / トアブランド
18840,１８８４０,日本道路,申し訳ありませんが、「日本道路」（証券コード: 18840）に関する具体的な略称、ニックネーム、製品名やブランド名の情報は持ち合わせていません。一般的に企業の略称やニックネームは、業界や投資家の間で独自に使われることが多いため、公式な情報としては提供されていない場合があります。具体的な情報を得るには、金融ニュースやSNS、企業の公式発表などを直接確認することを
18850,１８８５０,東亜建設工業,東亜建設工業 / 18850 / 東亜建設 / 東亜 / TKK / 東亜コンストラクション / 東亜建 / 東亜工業 / 東亜建設工業株式会社 / 東亜建設工
18870,１８８７０,日本国土開発,日本国土開発 / 18870 / 日国 / NKK / 日本国土 / 国土開発 / JDC / ジャパンデベロップメント / 国土 / 日本国土開発株式会社
18880,１８８８０,若築建設,"申し訳ありませんが、「若築建設」に関する具体的な略称、ニックネーム、製品名やブランド名についての情報は持ち合わせていません。ただし、一般的に企業名や証券コードがそのまま略称として使われることが多いです。以下はその例です。

若築建設 / 18880

具体的な製品名やブランド名については、企業の公式ウェブサイトやプレスリリースなどを参照することをお勧めします。"
18900,１８９００,東洋建設,東洋建設 / 18900 / 東建 / TOYO / 東洋コンストラクション / TOYO Construction / TCC / 東洋建 / 東洋建設株式会社 / 東洋建設グループ
18930,１８９３０,五洋建設,五洋建設 / 18930 / 五洋 / Penta-Ocean / 五洋コンストラクション / 五洋建 / POC / 五洋マリン / 五洋技術 / 五洋プロジェクト
18980,１８９８０,世紀東急工業,"申し訳ありませんが、具体的な略称やニックネーム、製品名やブランド名についての情報は持ち合わせていません。ただし、一般的に企業の略称やニックネームは以下のような形式で使われることがあります：

世紀東急工業 / 18980 / 世紀東急 / 東急工業 / STK / 世紀 / 東急 / 工業 / 世紀東急建設 / 東急建設

具体的な製品名やブランド名については、企業の公式"
18990,１８９９０,福田組,申し訳ありませんが、具体的な企業の略称やニックネーム、製品名やブランド名についての詳細な情報は提供できません。ただし、一般的に企業の略称やニックネームは、会社名の一部や証券コードを基にしたものが使われることがあります。例えば、「福田組」の場合、「福田」、「18990」などが考えられます。詳細な情報については、公式な金融情報サイトやSNSでの言及を確認することをお勧めします
19110,１９１１０,住友林業,住友林業 / 19110 / 住林 / Sumirin / フォレストワン / フォレストメゾン / フォレストガーデン / フォレストヒルズ / フォレストヴィラ / フォレストウッド
19250,１９２５０,大和ハウス工業,大和ハウス工業 / 大和ハウス / ダイワハウス / DAIWA HOUSE / DAIWA / Dハウス / DAIWA LIVING / D's SMART / xevo / LIFULL HOME'S
19260,１９２６０,ライト工業,ライト工業 / 19260 / ライト / LITE / ライトグループ / ライトテクノロジー / ライトソリューション / ライトエンジニアリング / ライトコンストラクション / ライトインフラ
19280,１９２８０,積水ハウス,積水ハウス / 19280 / セキスイハウス / シャーメゾン / グリーンファースト / ビエナ / セキスイファミエス / セキスイツーユーホーム / セキスイイズム / セキスイシャーメゾン
19290,１９２９０,日特建設,日特建設 / 19290 / 日特 / NITTOC / NITTOC建設 / 日特工法 / NITTOCブランド / 日特ソリューション / 日特技術 / 日特プロジェクト
19300,１９３００,北陸電気工事,北陸電気工事 / 19300 / 北電工 / HEC / 北陸電工 / Hokudenko / 北陸電気 / 北陸電工事 / 北陸電気工事株式会社 / 北陸電気工事(株)
19340,１９３４０,ユアテック,ユアテック / 19340 / ユアテック株式会社 / YURATEC / ユアテックグループ / ユアテック電設 / ユアテックエンジニアリング / ユアテックソリューション / ユアテックサービス / ユアテックプロジェクト
19380,１９３８０,日本リーテック,申し訳ありませんが、「日本リーテック」（証券コード: 19380）に関する具体的な略称、ニックネーム、製品名やブランド名についての情報は持ち合わせていません。一般的に企業の略称やニックネームは、SNSや金融ニュースでの使用状況によって変わることがありますので、最新の情報を確認することをお勧めします。
19390,１９３９０,四電工,四電工 / 19390 / 四国電力工事 / 四国電工 / 四電 / 四国電力工事株式会社 / 四国電工株式会社 / 四電工グループ / 四電工ネットワーク / 四電工サービス
19410,１９４１０,中電工,中電工 / 19410 / 中電 / CEC / 中電工グループ / 中電工ネットワーク / 中電工サービス / 中電工エンジニアリング / 中電工ソリューション / 中電工プロジェクト
19420,１９４２０,関電工,関電工 / 19420 / KANDENKO / 関電工株式会社 / KANDENKO Co. / Ltd. / 電気工事 / 通信工事 / 空調設備 / 照明設備 / エネルギーソリューション
19440,１９４４０,きんでん,きんでん / 19440 / Kinden / KND / Kinden Corporation / 近電 / 近畿電気工事 / Kinden Group / Kinden Electric / Kinden Holdings
19450,１９４５０,東京エネシス,申し訳ありませんが、「東京エネシス」（証券コード: 19450）に関する具体的な略称、ニックネーム、製品名やブランド名の情報は持っていません。一般的に企業の略称やニックネームは、業界や投資家の間で非公式に使われることが多いため、公式な情報源から確認することをお勧めします。会社の公式ウェブサイトや金融ニュース、SNSなどで最新の情報を確認してください。
19460,１９４６０,トーエネック,トーエネック / 19460 / TOENEC / トーエネック株式会社 / トーエネックグループ / トーエネック電設 / トーエネックエンジニアリング / トーエネックソリューション / トーエネックサービス / トーエネックプロジェクト
19490,１９４９０,住友電設,住友電設 / 19490 / 住電設 / Sumitomo Densetsu / 住友電工 / 住電 / Sumiden / Sumitomo Electric / SEI / 住友電設株式会社
19500,１９５００,日本電設工業,日本電設工業 / 19500 / 日電工 / NDK / 日本電設 / 電設工 / NDS / 日本電設工業株式会社 / 日電設 / 日本電設工業株
19510,１９５１０,エクシオグループ,申し訳ありませんが、エクシオグループ（証券コード: 19510）に関する具体的な略称、ニックネーム、製品名やブランド名についての情報は持ち合わせていません。一般的に企業の略称やニックネームは、業界内や投資家の間で自然発生的に使われることが多いですが、公式な情報は企業の公式発表や金融ニュースなどで確認する必要があります。
19520,１９５２０,新日本空調,新日本空調 / 19520 / 新日空 / SNA / エアテック / クリーンエアシステム / 空調ソリューション / HVACソリューション / 環境技術 / 空調設備
19590,１９５９０,九電工,九電工 / 19590 / 九電 / 九電工グループ / KDK / 九電工エンジニアリング / 九電工サービス / 九電工ソリューション / 九電工テクノロジー / 九電工プロジェクト
19610,１９６１０,三機工業,三機工業 / 19610 / 三機 / Sanki / 三機空調 / 三機設備 / 三機エンジニアリング / 三機システム / 三機テクノロジー / 三機ソリューション
19630,１９６３０,日揮ホールディングス,日揮ホールディングス / 19630 / 日揮 / JGC / JGCホールディングス / JGCグループ / 日揮グループ / 日揮エンジニアリング / JGCエンジニアリング / 日揮プロジェクト
19640,１９６４０,中外炉工業,中外炉工業 / 19640 / 中外炉 / チュウガイロ / 中外炉エンジニアリング / 中外炉技術 / 中外炉製品 / 中外炉ブランド / 中外炉ソリューション / 中外炉サービス
19680,１９６８０,太平電業,申し訳ありませんが、「太平電業」（証券コード: 19680）に関する略称、ニックネーム、製品名やブランド名の具体的なリストを提供することはできません。一般的に、企業の略称やニックネームはSNSや金融ニュースで使用されることがありますが、これらは非公式であり、文脈によって異なる場合があります。公式な情報については、企業の公式ウェブサイトや金融機関の情報を参照してください。
19690,１９６９０,高砂熱学工業,高砂熱学工業 / 19690 / 高砂 / 高砂熱学 / TAKASAGO / 高砂エンジニアリング / 高砂技術 / 高砂製品 / 高砂ブランド / 高砂システム
19730,１９７３０,ＮＥＣネッツエスアイ,ＮＥＣネッツエスアイ / 19730 / ネッツエスアイ / NEC Nets SI / NECネッツ / ネッツSI / NEC NSI / NECネットワーク / ネットワークソリューション / NECコミュニケーション
19750,１９７５０,朝日工業社,申し訳ありませんが、「朝日工業社」（証券コード: 19750）に関する具体的な略称、ニックネーム、製品名やブランド名の情報は持っていません。一般的な情報やニュース記事を参照することをお勧めします。
19760,１９７６０,明星工業,申し訳ありませんが、「明星工業」（証券コード: 19760）に関する具体的な略称、ニックネーム、製品名やブランド名の情報は持ち合わせていません。一般的に企業の略称やニックネームは、業界や地域、またはSNS上での使われ方によって異なることがあります。具体的な情報を得るためには、金融ニュースサイトやSNSでの検索をお勧めします。
19790,１９７９０,大氣社,大氣社 / 19790 / ダイキ / 空調設備 / クリーンルーム / 環境システム / プラントエンジニアリング / HVAC / エアコン / 産業設備
19800,１９８００,ダイダン,ダイダン / 19800 / ダイダン株式会社 / Daidan / ダイダン工業 / ダイダン設備 / ダイダンテクノロジー / ダイダンエンジニアリング / ダイダンソリューション / ダイダンプロジェクト
19820,１９８２０,日比谷総合設備,日比谷総合設備 / 19820 / 日比谷設備 / Hibiya Engineering / Hibiya / Hibiya SE / 日比谷 / Hibiya総合 / Hibiya設備 / Hibiyaエンジニアリング
20010,２００１０,ニップン,ニップン / 日本製粉 / オーマイ / REGALO / アマニ / ニップンアマニ / ニップンウェルナ / ニップンフーズ / ニップンプレミアム / 20010
20020,２００２０,日清製粉グループ本社,日清製粉グループ本社 / 20020 / 日清製粉 / 日清フーズ / マ・マー / オーマイ / 日清ファルマ / 日清製粉ウェルナ / 日清ペットフード / 日清製粉プレミックス
20030,２００３０,日東富士製粉,日東富士製粉 / 20030 / 日東富士 / ニットーフーズ / ニットーミックス / ニットー / 富士製粉 / ニットー製粉 / 日東製粉 / ニットー富士
20040,２００４０,昭和産業,昭和産業 / 20040 / SHOWA / 昭和天ぷら粉 / 昭和の小麦粉 / 昭和の油 / 昭和のパスタ / 昭和のパン粉 / 昭和のホットケーキミックス / 昭和の調味料
20530,２０５３０,中部飼料,中部飼料 / 20530 / 中飼 / フィードワン / フィードワングループ / フィードワンホールディングス / フィードワンアグリ / フィードワンペット / フィードワンアクア / フィードワンバイオ
20600,２０６００,フィード・ワン,フィード・ワン / 20600 / フィードワン / フィード・ワンホールディングス / アニマルフィード / アクアフィード / ペットフード / 飼料 / フィードワンフーズ / フィードワンアグリ
21080,２１０８０,日本甜菜製糖,日本甜菜製糖 / 21080 / ビート糖 / スズラン印 / 北海道ビート / てんさい糖 / スズランブランド / ビートシュガー / 甜菜糖 / 北海道産糖
21090,２１０９０,ＤＭ三井製糖ホールディングス,ＤＭ三井製糖ホールディングス / 21090 / 三井製糖 / スプーン印 / パールエース / 角砂糖 / グラニュー糖 / 三井糖 / 三井砂糖 / みついさとう
21170,２１１７０,ウェルネオシュガー,ウェルネオシュガー / 21170 / ウェルシュガー / ネオシュガー / ウェルネオ / ウェルシュ / ネオシュ / ウェルネ / ウェル / ネオ
21200,２１２００,ＬＩＦＵＬＬ,LIFULL / ライフル / 21200 / LIFULL HOME'S / HOME'S / LIFULL介護 / LIFULL引越し / LIFULL不動産 / LIFULL住まい / LIFULLインテリア
21210,２１２１０,ＭＩＸＩ,ミクシィ / mixi / モンスト / モンスターストライク / XFLAG / FamilyAlbum / 21210 / モンパス / モンストスタジアム / モンストグランプリ
21240,２１２４０,ジェイエイシーリクルートメント,ジェイエイシーリクルートメント / JACリクルートメント / JAC / 21240 / JAC Recruitment / ジェイエイシー / JACジャパン / JACグループ / ジェイエイシー・ジャパン / JAC International
21270,２１２７０,日本Ｍ＆Ａセンターホールディングス,日本M&Aセンターホールディングス / 21270 / M&Aセンター / 日本M&A / JMAC / M&Aホールディングス / 日本M&Aセンターホールディングス株式会社 / M&Aセンターホールディングス / 日本M&Aセンター / M&AセンターHD
21300,２１３００,メンバーズ,申し訳ありませんが、具体的な企業の略称やニックネーム、製品名、ブランド名に関する情報は提供できません。ただし、一般的に企業の略称やニックネームは、企業名の一部や証券コードを基にしていることが多いです。例えば、「メンバーズ」であれば「MEMBERS」や「21300」などが考えられます。具体的な情報は、公式な金融情報サイトやSNSで確認することをお勧めします。
21460,２１４６０,ＵＴグループ,UTグループ / UT / UTホールディングス / UTエンジニアリング / UTテクノロジー / UTコンストラクション / UTファクトリー / UTパートナーズ / UTキャリア / 証券コード21460
21480,２１４８０,アイティメディア,アイティメディア / 21480 / ITmedia / アイティメディア株式会社 / ITmedia News / ITmedia Mobile / ITmedia ビジネスオンライン / ITmedia エンタープライズ / ITmedia マーケティング / ねとらぼ
21500,２１５００,ケアネット,ケアネット / 21500 / ケアネット株式会社 / CareNet / CareNet.com / ケアネットニュース / ケアネットマガジン / ケアネットTV / ケアネットセミナー / ケアネットアカデミー
21530,２１５３０,Ｅ・Ｊホールディングス,申し訳ありませんが、「Ｅ・Ｊホールディングス」（証券コード: 21530）に関する具体的な略称、ニックネーム、製品名やブランド名の情報は持っていません。会社の公式な情報や製品名、ブランド名については、公式ウェブサイトや金融ニュース、SNSなどの信頼できる情報源を確認することをお勧めします。
21540,２１５４０,オープンアップグループ,申し訳ありませんが、「オープンアップグループ」（証券コード: 21540）に関する具体的な略称、ニックネーム、製品名やブランド名のリストを提供することはできません。最新の情報は公式ウェブサイトや金融ニュース、SNSなどで確認することをお勧めします。
21570,２１５７０,コシダカホールディングス,コシダカホールディングス / 21570 / カラオケまねきねこ / まねきねこ / ひとりカラオケ専門店ワンカラ / ワンカラ / コシダカ / コシダカHD / コシダカグループ / まねきねこアプリ
21680,２１６８０,パソナグループ,パソナ / パソナグループ / 21680 / Pasona / Pasona Group / パソナキャリア / パソナテック / パソナフォーチュン / パソナHRソリューション / パソナアーバンファーム
21700,２１７００,リンクアンドモチベーション,リンクアンドモチベーション / LMI / 21700 / Link and Motivation / モチベーションクラウド / エンゲージメントサーベイ / モチベーションカンパニー / リンクアンドカンパニー / モチベーションアカデミー / リンクアンドリーダーシップ
21750,２１７５０,エス・エム・エス,エス・エム・エス / SMS / 21750 / カイポケ / 介護のほんね / 看護のお仕事 / ナース専科 / イーキャリアFA / 介護求人ナビ / 介護ワーカー
21810,２１８１０,パーソルホールディングス,パーソル / PERSOL / パーソルHD / パーソルホールディングス / 21810 / テンプスタッフ / doda / ミイダス / パーソルキャリア / パーソルプロセス&テクノロジー
21930,２１９３０,クックパッド,クックパッド / 21930 / クック / クックパッド株式会社 / Cookpad / クックパッドレシピ / クックパッドアプリ / クックパッドマート / クックパッドストア / クックパッドダイエット
22010,２２０１０,森永製菓,森永製菓 / 22010 / 森永 / チョコボール / ミルクキャラメル / ハイチュウ / ダース / 森永アイス / 森永ビスケット / 森永ホットケーキミックス
22040,２２０４０,中村屋,中村屋 / 22040 / 中村屋カレー / 月餅 / あんまん / 肉まん / 中村屋レトルト / 中村屋スパイス / 中村屋パン / 中村屋スイーツ
22060,２２０６０,江崎グリコ,江崎グリコ / グリコ / 22060 / ポッキー / プリッツ / アーモンドチョコレート / カプリコ / ビスコ / パピコ / ジャイアントコーン
22070,２２０７０,名糖産業,名糖産業 / 22070 / 名糖 / メイトー / スティックカフェオレ / スティックコーヒー / 名糖プリン / 名糖チョコレート / 名糖ミルク / 名糖アイスクリーム
22090,２２０９０,井村屋グループ,井村屋グループ / 22090 / 井村屋 / あずきバー / やわもちアイス / クリームチーズデザート / 井村屋の肉まん / 井村屋のあんまん / 井村屋の中華まん / 井村屋のたい焼き
22110,２２１１０,不二家,不二家 / 22110 / ペコちゃん / ミルキー / カントリーマアム / ルックチョコレート / ホームパイ / ポップキャンディ / ネクター / 不二家レストラン
22120,２２１２０,山崎製パン,山崎製パン / 22120 / ヤマザキ / 山パン / ランチパック / ダブルソフト / ロイヤルブレッド / 超芳醇 / ゴールドシリーズ / まるごとソーセージ
22170,２２１７０,モロゾフ,モロゾフ / 22170 / モロゾフチョコレート / モロゾフプリン / モロゾフケーキ / モロゾフスイーツ / モロゾフギフト / モロゾフデザート / モロゾフカフェ / モロゾフブランド
22200,２２２００,亀田製菓,亀田製菓 / 22200 / 亀田 / 亀田の柿の種 / ハッピーターン / ぽたぽた焼 / 亀田のあられ / サラダホープ / 亀田のまがりせんべい / 亀田の海苔ピーパック
22220,２２２２０,寿スピリッツ,寿スピリッツ / 22220 / 寿製菓 / 砂糖の国のケーキ屋さん / 夢菓房たから / 風雅堂 / 寿庵 / 夢菓房寿 / 夢菓房 / 寿製菓のどら焼き
22290,２２２９０,カルビー,カルビー / 22290 / ポテトチップス / じゃがりこ / かっぱえびせん / サッポロポテト / フルグラ / Jagabee / ピザポテト / じゃがビー
22640,２２６４０,森永乳業,森永乳業 / 22640 / 森永 / MOW / ピノ / 森永ビヒダスヨーグルト / 森永アロエヨーグルト / 森永牛乳 / 森永アイス / 森永乳業株式会社
22660,２２６６０,六甲バター,六甲バター / 22660 / Q・B・B / チーズデザート / ベビーチーズ / チーズフォンデュ / スライスチーズ / ナチュラルチーズ / プロセスチーズ / チーズキューブ
22670,２２６７０,ヤクルト本社,ヤクルト / ヤクルト本社 / 22670 / Yakult / ヤクルトレディ / ヤクルト400 / ヤクルト1000 / ミルミル / ソフール / ビフィーネ
22690,２２６９０,明治ホールディングス,明治ホールディングス / 2269 / 明治 / Meiji / 明治乳業 / 明治製菓 / 明治ザバス / 明治ブルガリアヨーグルト / 明治ミルクチョコレート / 明治アーモンドチョコレート
22700,２２７００,雪印メグミルク,雪印メグミルク / 22700 / 雪印 / メグミルク / 雪印バター / 雪印コーヒー / 雪印チーズ / 雪印ヨーグルト / 雪印スキムミルク / 雪印北海道バター
22810,２２８１０,プリマハム,プリマハム / 22810 / プリマ / プリマハムグループ / 香薫 / 匠の膳 / 直火焼 / 旨包 / こだわりの味 / プリマヘルシー
22820,２２８２０,日本ハム,日本ハム / 22820 / 日ハム / シャウエッセン / 森の薫り / 彩りキッチン / 美ノ国 / アンティエ / 石窯工房 / チキチキボーン
22880,２２８８０,丸大食品,丸大食品 / 22880 / 丸大ハム / 燻製屋 / 煌彩 / うす塩仕立て / 旨味工房 / 丸大フーズ / 丸大 / 丸大食品グループ
22920,２２９２０,Ｓ　Ｆｏｏｄｓ,Ｓ　Ｆｏｏｄｓ / 22920 / エスフーズ / こてっちゃん / 牛匠 / ふらんす亭 / 焼肉一番 / こてっちゃん鍋 / こてっちゃん焼肉 / こてっちゃんホルモン
22940,２２９４０,柿安本店,柿安本店 / 22940 / 柿安 / 柿安ダイニング / 柿安精肉店 / 柿安料亭 / 柿安グルメフーズ / 柿安しぐれ煮 / 柿安牛めし / 柿安デリカ
22960,２２９６０,伊藤ハム米久ホールディングス,伊藤ハム米久ホールディングス / 22960 / 伊藤ハム / 米久 / アルトバイエルン / グランドアルトバイエルン / 朝のフレッシュ / ラ・ピッツァ / 美味安心 / 旨包ボリュームリッチ
23010,２３０１０,学情,学情 / 23010 / あさがくナビ / Re就活 / あさがくチャレンジ / あさがくインターンシップ / あさがく就職エージェント / あさがく転職エージェント / あさがくキャリア / あさがく就活イベント
23050,２３０５０,スタジオアリス,スタジオアリス / 23050 / スタアリ / アリス / スタジオアリス七五三 / スタジオアリスベビー / スタジオアリスフォト / アリスの写真館 / スタジオアリス成人式 / スタジオアリスフォトブック
23070,２３０７０,クロスキャット,クロスキャット / 23070 / クロス / クロキャ / CrossCat / CC / クロスキャット株式会社 / クロスキャット証券 / クロスキャット株 / クロスキャット製品
23170,２３１７０,システナ,システナ / 23170 / Systena / Systena Corporation / Systenaグループ / Systena製品 / Systenaサービス / Systenaソリューション / Systenaブランド / Systenaテクノロジー
23250,２３２５０,ＮＪＳ,申し訳ありませんが、具体的な企業の略称やニックネーム、製品名やブランド名についての情報を提供することはできません。ただし、一般的に企業の略称やニックネームは、企業名の一部や証券コードを基にしたものが多いです。例えば、「ＮＪＳ」であれば、「NJS」、「23250」などが考えられます。製品やブランド名については、企業の公式ウェブサイトやプレスリリースを確認することをお
23260,２３２６０,デジタルアーツ,デジタルアーツ / 23260 / i-FILTER / m-FILTER / FinalCode / ARS / D-SPA / DigitalArts@Cloud / i-フィルター / m-フィルター
23270,２３２７０,日鉄ソリューションズ,日鉄ソリューションズ / NTTソリューションズ / NS Solutions / NSSOL / NSソリューションズ / 日鉄ソリューションズ株式会社 / 23270 / NSフィールド / NSクラウド / NSセキュリティ
23310,２３３１０,綜合警備保障,ALSOK / 綜合警備保障 / 23310 / ホームセキュリティ / ALSOKガードマン / ALSOKホームセキュリティ / ALSOKマン / ALSOKシステム / ALSOKセキュリティ / ALSOKサービス
23350,２３３５０,キューブシステム,キューブシステム / 23350 / CUBE SYSTEM / キューブ / Cube / Cube System / キューブシステム株式会社 / Cubeシステム / Cubeシステム株式会社 / CUBE SYSTEM INC.
23370,２３３７０,いちご,いちご / 23370 / いちごグループ / Ichigo / いちごオフィス / いちごホテル / いちごリート / いちごエナジー / いちご不動産 / いちごアセット
23530,２３５３０,日本駐車場開発,日本駐車場開発 / 23530 / NPD / 日本駐車場 / 駐車場開発 / パーク24 / 駐車場ビジネス / 駐車場ソリューション / 日本パーキング / NPDグループ
23590,２３５９０,コア,申し訳ありませんが、「コア」（証券コード: 23590）に関する具体的な略称、ニックネーム、製品名やブランド名についての情報は持っていません。一般的に企業の略称やニックネームは、SNSや金融ニュースでの使用状況によって異なることがあります。具体的な情報は、最新の金融ニュースやSNSの投稿を確認することをお勧めします。
23710,２３７１０,カカクコム,カカクコム / 23710 / 価格.com / 食べログ / 価格ナビ / 価格比較 / カカク / kakaku.com / Tabelog / 価格情報
23720,２３７２０,アイロムグループ,アイロムグループ / 23720 / アイロム / IROM / IROMグループ / アイロムHD / アイロムホールディングス / アイロムバイオサイエンス / セルシード / アイロムCRO
23740,２３７４０,セントケア・ホールディング,セントケア・ホールディング / 23740 / セントケア / セントケアグループ / セントケアサービス / セントケアホーム / セントケア訪問介護 / セントケアデイサービス / セントケア福祉用具 / セントケアリハビリテーション
23780,２３７８０,ルネサンス,ルネサンス / 23780 / ルネ / Renaissance / ルネサンススポーツクラブ / ルネサンスジム / ルネサンスフィットネス / ルネサンスプール / ルネサンススタジオ / ルネサンスウェルネス
23790,２３７９０,ディップ,ディップ / 23790 / バイトル / はたらこねっと / バイトルNEXT / バイトルPRO / ディップAI / ディップソリューション / ディップキャリア / ディップリサーチ
23840,２３８４０,ＳＢＳホールディングス,ＳＢＳホールディングス / 23840 / ＳＢＳグループ / ＳＢＳロジコム / ＳＢＳトランスポート / ＳＢＳフレイトサービス / ＳＢＳゼンツウ / ＳＢＳリコーロジスティクス / ＳＢＳサポートログ / ＳＢＳスタッフ
23890,２３８９０,デジタルホールディングス,申し訳ありませんが、「デジタルホールディングス」（証券コード: 23890）に関する具体的な略称、ニックネーム、製品名やブランド名の情報は提供できません。一般的には、会社名や証券コードがそのまま使用されることが多いですが、詳細な情報は公式ウェブサイトや関連するニュースソースをご確認ください。
23950,２３９５０,新日本科学,新日本科学 / 23950 / 新日科 / SNBL / サイエンス / CROサービス / トキシコロジー / バイオアナリシス / 医薬品開発 / 動物実験
24130,２４１３０,エムスリー,エムスリー / m3 / 2413 / M3 CARE NETWORK / QOLサーベイ / M3 Career / AskDoctors / M3.com / MR君 / 医療従事者向け情報サービス
24290,２４２９０,ワールドホールディングス,ワールドホールディングス / 24290 / ワールドHD / ワールド / WORLD / WHD / ワールドグループ / ワールドホールディングスグループ / ワールドホールディングス株式会社 / ワールドホールディングス株
24320,２４３２０,ディー・エヌ・エー,ディー・エヌ・エー / DeNA / 24320 / Mobage / モバゲー / 横浜DeNAベイスターズ / ベイスターズ / DeNAトラベル / Anyca / MyCODE
24330,２４３３０,博報堂ＤＹホールディングス,博報堂ＤＹホールディングス / 24330 / 博報堂 / 博報堂DY / 博報堂DYHD / HAKUHODO / HAKUHODO DY / HAKUHODO DY HOLDINGS / 博報堂DYグループ / 博報堂ブランド
24400,２４４００,ぐるなび,ぐるなび / 24400 / ぐるなびレストラン / GURUNAVI / ぐるなびデリバリー / ぐるなびウエディング / ぐるなび海外 / ぐるなびギフトカード / ぐるなびプレミアム / ぐるなび会員サービス
24450,２４４５０,タカミヤ,申し訳ありませんが、「タカミヤ」（証券コード: 24450）に関する具体的な略称、ニックネーム、製品名やブランド名の情報は持ち合わせていません。一般的に企業の略称やニックネームは、SNSや金融ニュースで独自に使われることが多いため、具体的な情報はそれらのプラットフォームを直接確認することをお勧めします。
24610,２４６１０,ファンコミュニケーションズ,ファンコミュニケーションズ / 24610 / A8.net / nend / adcrops / seedApp / nex8 / A8フェスティバル / A8キャンパス / A8セルフバック
24620,２４６２０,ライク,ライク / 24620 / LIKE / ライクキッズ / ライクスタッフィング / ライクキャリア / ライクIT / ライクアカデミー / ライクライフ / ライクメディカル
24710,２４７１０,エスプール,申し訳ありませんが、具体的な企業の略称やニックネーム、製品名、ブランド名についての情報は提供できません。ただし、一般的に企業の略称やニックネームは、会社名の一部や証券コードを基にしていることが多いです。例えば、「エスプール」なら「エスプール」そのものや「24710」が使われることがあります。具体的な製品名やブランド名については、企業の公式ウェブサイトやプレスリリースなど
24750,２４７５０,ＷＤＢホールディングス,申し訳ありませんが、「ＷＤＢホールディングス」（証券コード: 24750）に関する具体的な略称、ニックネーム、製品名やブランド名の情報は持ち合わせていません。一般的に、企業の略称やニックネームはSNSや金融ニュースで独自に使われることが多いため、具体的な情報はそれらの媒体を直接確認する必要があります。
24770,２４７７０,手間いらず,手間いらず / 24770 / TEMA / 手間いらず.NET / 手間いらず.com / 手間いらずPro / 手間いらずBiz / 手間いらずLite / 手間いらずクラウド / 手間いらず予約システム
24890,２４８９０,アドウェイズ,アドウェイズ / 24890 / ADWAYS / アドウェイズ株式会社 / ADWAYS INC. / PartyTrack / AppDriver / Smart-C / AppBroadCast / JANet
24910,２４９１０,バリューコマース,バリューコマース / 24910 / VC / バリュコマ / バリュコ / バリュー / バリュ / バリューコマース株式会社 / バリューコマースアフィリエイト / バリューコマースマーケティング
24920,２４９２０,インフォマート,申し訳ありませんが、「インフォマート」（証券コード: 24920）に関する具体的な略称、ニックネーム、製品名やブランド名のリストを提供することはできません。ただし、一般的に企業の略称やニックネームは、社名の一部や関連する製品・サービス名から派生することが多いです。具体的な情報は、公式ウェブサイトや金融ニュース、SNSなどで確認することをお勧めします。
25010,２５０１０,サッポロホールディングス,サッポロホールディングス / 25010 / サッポロビール / 黒ラベル / ヱビス / サッポロラガー / サッポロクラシック / サッポロプレミアム / ポッカサッポロ / サッポロライオン
25020,２５０２０,アサヒグループホールディングス,アサヒ / アサヒビール / アサヒ飲料 / スーパードライ / クリアアサヒ / ウィルキンソン / カルピス / 三ツ矢サイダー / アサヒグループホールディングス / 25020
25030,２５０３０,キリンホールディングス,キリンホールディングス / 25030 / キリンビール / 一番搾り / キリンラガー / キリンレモン / 麒麟 / キリン氷結 / キリンファイア / キリン午後の紅茶
250A0,２５０A０,シマダヤ,"申し訳ありませんが、「シマダヤ」（証券コード: 250A0）に関する具体的な略称、ニックネーム、製品名やブランド名の情報は持っていません。ただし、一般的に企業に関連する可能性のある名称を以下に示します。

シマダヤ / 250A0 / シマダヤ食品 / シマダヤラーメン / シマダヤうどん / シマダヤそば / シマダヤ冷凍食品 / シマダヤ"
25310,２５３１０,宝ホールディングス,宝ホールディングス / 25310 / 宝酒造 / 松竹梅 / タカラ / 焼酎ハイボール / タカラ缶チューハイ / タカラ焼酎 / タカラレジェンド / タカラバンブー
25330,２５３３０,オエノンホールディングス,オエノンホールディングス / 25330 / 福徳長酒類 / 大関 / 白鶴 / 菊正宗 / 松竹梅 / 月桂冠 / 黄桜 / 日本盛
25400,２５４００,養命酒製造,養命酒製造 / 25400 / 養命酒 / 養命酒製造株式会社 / Yomeishu / 薬用養命酒 / 養命酒製造（株） / 養命酒製造株式会社（25400） / 養命酒製造（証券コード: 25400） / 養命酒製造（株）（25400）
256A0,２５６A０,飛島ホールディングス,申し訳ありませんが、「飛島ホールディングス」（証券コード: 256A0）に関する具体的な略称、ニックネーム、製品名やブランド名についての情報は持っていません。一般的に企業の略称やニックネームは、業界や投資家の間で自然発生的に使われることが多いです。具体的な情報を得るには、金融ニュースやSNS、企業の公式発表を確認することをお勧めします。
25790,２５７９０,コカ・コーラ　ボトラーズジャパンホールディングス,コカ・コーラ ボトラーズジャパンホールディングス / 25790 / コカ・コーラ / ジョージア / 綾鷹 / い・ろ・は・す / ファンタ / アクエリアス / スプライト / ミニッツメイド
25850,２５８５０,ライフドリンク　カンパニー,ライフドリンク カンパニー / 25850 / ライフドリンク / LDC / ライフウォーター / ドリンクカンパニー / ライフ / LDCウォーター / ライフドリンク製品 / ライフドリンクブランド
25870,２５８７０,サントリー食品インターナショナル,サントリー食品インターナショナル / 25870 / サントリー / BOSS / 伊右衛門 / サントリー天然水 / C.C.レモン / ペプシ / オランジーナ / リプトン
25900,２５９００,ダイドーグループホールディングス,ダイドー / ダイドードリンコ / DyDo / ダイドーブレンド / ミスティオ / 大同 / 25900 / ダイドーグループ / ダイドーコーヒー / ダイドー自販機
25930,２５９３０,伊藤園,伊藤園 / 25930 / お〜いお茶 / 健康ミネラルむぎ茶 / TULLY'S COFFEE / TEAS' TEA / Relaxジャスミンティー / ビタミン野菜 / 充実野菜 / 毎日1杯の青汁
25940,２５９４０,キーコーヒー,キーコーヒー / 25940 / KEY COFFEE / ドリップオン / スペシャルブレンド / トアルコ トラジャ / グランドテイスト / カフェオレベース / インスタントコーヒー / コーヒーバッグ
26020,２６０２０,日清オイリオグループ,日清オイリオグループ / 26020 / 日清オイリオ / ボスコ / ヘルシーリセッタ / 日清キャノーラ油 / 日清サラダ油 / 日清オリーブオイル / 日清べに花油 / 日清マヨドレ
26070,２６０７０,不二製油グループ本社,不二製油グループ本社 / 26070 / 不二製油 / フジオイル / FUJI OIL / フジオイルグループ / フジオイルホールディングス / フジオイルブランド / ソヤファーム / リッチェル
26130,２６１３０,Ｊ−オイルミルズ,Ｊ−オイルミルズ / 26130 / AJINOMOTO OIL MILLS / J-オイル / J-オイルミルズ / AJINOMOTO OIL / かどや製油 / かどや / AJINOMOTO / J-オイル製品
262A0,２６２A０,インターメスティック,申し訳ありませんが、「インターメスティック」（証券コード: 262A0）に関する具体的な略称、ニックネーム、製品名やブランド名についての情報は持っていません。架空の企業や証券コードについての情報は提供できません。もし他にお手伝いできることがあれば教えてください。
26590,２６５９０,サンエー,サンエー / 26590 / サンエースーパー / サンエーマート / サンエー食品館 / サンエーショッピングタウン / サンエー衣料館 / サンエードラッグ / サンエー電器 / サンエーギフトカード
26640,２６６４０,カワチ薬品,カワチ薬品 / 26640 / カワチ / Kawachi / Kawachi Pharmacy / カワチドラッグ / カワチ薬局 / カワチグループ / カワチポイントカード / カワチオンラインショップ
26700,２６７００,エービーシー・マート,エービーシー・マート / 26700 / ABCマート / ABC / ABC MART / ホーキンス / バンズ / ノースフェイス / ニューバランス / アディダス
26740,２６７４０,ハードオフコーポレーション,ハードオフ / ハードオフコーポレーション / 26740 / ブックオフ / オフハウス / モードオフ / ガレージオフ / リカーオフ / ホビーオフ / ハードオフネットモール
26760,２６７６０,高千穂交易,申し訳ありませんが、「高千穂交易」（証券コード: 26760）に関する具体的な略称、ニックネーム、製品名やブランド名の情報は私のデータベースには含まれていません。一般的に企業の略称やニックネームは、SNSや投資家の間で独自に作られることが多いため、公式なものが存在しない場合もあります。最新の情報は、金融ニュースサイトやSNSで直接確認することをお勧め
26780,２６７８０,アスクル,アスクル / 26780 / ASKUL / LOHACO / アスクルカタログ / アスクルダイレクト / アスクルオンラインショップ / アスクルサービス / アスクルオフィス用品 / アスクル配送
26810,２６８１０,ゲオホールディングス,ゲオ / GEO / ゲオホールディングス / 26810 / GEOモバイル / GEOショップ / GEOレンタル / GEOオンライン / GEOセール / GEOマーケット
26850,２６８５０,アダストリア,アダストリア / 26850 / グローバルワーク / ニコアンド / ローリーズファーム / スタディオクリップ / ジーナシス / レプシィム / バビロン / アパートバイローリーズ / ヘザー
268A0,２６８A０,リガク・ホールディングス,申し訳ありませんが、「リガク・ホールディングス」（証券コード: 268A0）に関する具体的な略称、ニックネーム、製品名やブランド名についての情報は持っていません。一般的に企業の略称やニックネームは、SNSや金融ニュースでの使用頻度によって異なるため、具体的な情報は最新のニュースやSNSの投稿を確認することをお勧めします。
26920,２６９２０,伊藤忠食品,伊藤忠食品 / 26920 / 伊藤忠フーズ / ITOCHU Foods / 伊藤忠 / CF / 伊藤忠グループ / 伊藤忠商事 / 伊藤忠食品株式会社 / 伊藤忠食品ブランド
26950,２６９５０,くら寿司,くら寿司 / 26950 / くら / Kura Sushi / 無添くら寿司 / くらランチ / くらポン / くら寿司アプリ / くら寿司モバイルオーダー / くら寿司デリバリー
26980,２６９８０,キャンドゥ,キャンドゥ / 26980 / Can★Do / キャンドゥ100円ショップ / キャンドゥストア / キャンドゥプラス / CanDo / キャンドゥオンラインショップ / キャンドゥセレクト / キャンドゥコスメ
27260,２７２６０,パルグループホールディングス,パルグループホールディングス / 27260 / PAL GROUP / 3COINS / CIAOPANIC / mysty woman / KASTANE / WHO'S WHO gallery / PAL CLOSET / GALLARDAGALANTE
27300,２７３００,エディオン,エディオン / 27300 / エディオンネットショップ / エディオンカード / エディオンポイント / エディオンアプリ / エディオンモバイル / エディオン電気 / エディオンウォーター / エディオンリフォーム
27330,２７３３０,あらた,申し訳ありませんが、具体的な企業やその証券コードに関連する略称、ニックネーム、製品名、ブランド名についての情報は提供できません。一般的な情報や金融ニュースに関する質問があればお答えできますので、他に知りたいことがあれば教えてください。
27340,２７３４０,サーラコーポレーション,申し訳ありませんが、「サーラコーポレーション」（証券コード: 27340）に関する具体的な略称、ニックネーム、製品名やブランド名の情報は持ち合わせていません。一般的には、企業の略称やニックネームはSNSや金融ニュースで独自に使われることが多いため、具体的な情報はそれらの媒体を直接確認する必要があります。
27370,２７３７０,トーメンデバイス,申し訳ありませんが、「トーメンデバイス」（証券コード: 27370）に関する具体的な略称、ニックネーム、製品名やブランド名についての情報は持っていません。一般的に、企業の略称やニックネームはSNSや金融ニュースで独自に使われることがありますが、公式な情報としては提供できません。企業の公式ウェブサイトや金融情報サービスを参照することをお勧めします。
27420,２７４２０,ハローズ,申し訳ありませんが、具体的な企業の略称やニックネーム、製品名やブランド名についての情報は提供できません。ただし、一般的に企業の略称やニックネームは、会社名の一部や証券コード、製品やブランドの特徴的な部分が使われることが多いです。具体的な情報については、公式な情報源や金融ニュース、SNSなどをご確認ください。
27490,２７４９０,ＪＰホールディングス,申し訳ありませんが、「ＪＰホールディングス」（証券コード: 27490）に関する具体的な略称、ニックネーム、製品名やブランド名についての情報は持ち合わせていません。一般的に企業の略称やニックネームは、業界や地域、またはSNSなどのコミュニティによって異なる場合があります。具体的な情報は、公式の企業サイトや金融ニュース、SNSなどで確認することをお勧めします。
27520,２７５２０,フジオフードグループ本社,フジオフードグループ本社 / 27520 / フジオフード / まいどおおきに食堂 / 串家物語 / かっぽうぎ / つるまる / えびのや / さち福や / まいどおおきに
27530,２７５３０,あみやき亭,あみやき亭 / 27530 / あみやき / 焼肉亭 / あみやきグループ / あみやきチェーン / あみやき亭ホールディングス / あみやき亭レストラン / あみやき亭メニュー / あみやき亭ランチ
27600,２７６００,東京エレクトロン　デバイス,東京エレクトロン デバイス / TED / 27600 / 東京エレデバ / TEDネットワーク / TEDソリューション / TEDサポート / TEDプロダクト / TEDサービス / TEDテクノロジー
27670,２７６７０,円谷フィールズホールディングス,円谷フィールズホールディングス / 27670 / 円谷プロ / ウルトラマン / フィールズ / 円谷 / 円谷プロダクション / ウルトラシリーズ / 円谷HD / 円谷ホールディングス
27680,２７６８０,双日,双日 / 2768 / 双日株式会社 / Sojitz / Sojitz Pla-Net / Sojitz Machinery / Sojitz Logistics / Sojitz Aerospace / Sojitz Foods / Sojitz Infinity
27840,２７８４０,アルフレッサ　ホールディングス,アルフレッサ / アルフレッサHD / アルフレッサホールディングス / 27840 / アルフレッサグループ / アルフレッサファーマ / アルフレッサメディカルサービス / アルフレッサヘルスケア / アルフレッサ物流 / アルフレッサファーマシー
27910,２７９１０,大黒天物産,申し訳ありませんが、「大黒天物産」（証券コード: 27910）に関する具体的な略称、ニックネーム、製品名やブランド名の情報は私のデータベースには含まれていません。一般的に企業名や証券コードがそのまま使われることが多いですが、詳細な情報は公式ウェブサイトや金融ニュース、SNSなどで確認することをお勧めします。
27920,２７９２０,ハニーズホールディングス,ハニーズホールディングス / 27920 / ハニーズ / HONEYS / GLACIER / CINEMA CLUB / COLZA / VIE RICHE / C･O･L･Z･A / ハニーズクラブカード
28010,２８０１０,キッコーマン,キッコーマン / 28010 / キッコーマンしょうゆ / デルモンテ / 万上 / マンズワイン / いつでも新鮮 / うちのごはん / しぼりたて生しょうゆ / だしわりぽん酢
28020,２８０２０,味の素,味の素 / 28020 / AJINOMOTO / アミノバイタル / クノール / Cook Do / パルスイート / HON-DASHI / JINO / Glyna
28040,２８０４０,ブルドックソース,ブルドックソース / 28040 / ブルドック / ブルドックソース株式会社 / 中濃ソース / ウスターソース / とんかつソース / お好みソース / たこ焼きソース / ブルドックブランド
28090,２８０９０,キユーピー,キユーピー / 28090 / マヨネーズ / アヲハタ / ディフェ / キユーピー3分クッキング / サラダクラブ / キユーピーコーワ / キユーピーハーフ / キユーピードレッシング
28100,２８１００,ハウス食品グループ本社,ハウス食品グループ本社 / 28100 / ハウス食品 / バーモントカレー / こくまろカレー / フルーチェ / ウコンの力 / うまかっちゃん / カレーマルシェ / プライムバーモント
28110,２８１１０,カゴメ,カゴメ / 28110 / トマトジュース / 野菜生活 / ケチャップ / 野菜一日これ一本 / トマトケチャップ / 野菜ジュース / カゴメトマト / カゴメソース
28150,２８１５０,アリアケジャパン,アリアケジャパン / 28150 / アリアケ / アリアケスープ / アリアケだし / アリアケ調味料 / アリアケ食品 / アリアケブランド / アリアケ製品 / アリアケフード
28190,２８１９０,エバラ食品工業,エバラ食品工業 / 28190 / エバラ / 黄金の味 / 焼肉のたれ / すき焼のたれ / しゃぶしゃぶごまだれ / 浅漬けの素 / キムチ鍋の素 / プチッと鍋
285A0,２８５A０,キオクシアホールディングス,キオクシアホールディングス / 285A0 / キオクシア / Kioxia / BiCS FLASH / XGシリーズ / BGシリーズ / EXCERIA / UFS / SSD
28710,２８７１０,ニチレイ,ニチレイ / 28710 / ニチレイフーズ / アセロラドリンク / 本格炒め炒飯 / 氷温熟成 / レディミール / ニチレイロジグループ / ニチレイアグリ / ニチレイバイオサイエンス
28740,２８７４０,横浜冷凍,横浜冷凍 / 2874 / ヨコレイ / YRF / 横冷 / 横浜冷凍株式会社 / 横浜冷凍グループ / 横浜冷凍物流 / 横浜冷凍食品 / 横浜冷凍ストレージ
28750,２８７５０,東洋水産,東洋水産 / 28750 / マルちゃん / 赤いきつね / 緑のたぬき / ごつ盛り / 麺づくり / 昔ながらの中華そば / でかまる / ホットヌードル
28820,２８８２０,イートアンドホールディングス,イートアンドホールディングス / 28820 / 大阪王将 / 羽根つき餃子 / ぷるもち水餃子 / 大阪王将羽根つき餃子 / 大阪王将ぷるもち水餃子 / 大阪王将冷凍食品 / 大阪王将ラーメン / 大阪王将炒飯
28840,２８８４０,ヨシムラ・フード・ホールディングス,ヨシムラ・フード・ホールディングス / 28840 / ヨシムラフード / YFH / 吉村フード / 吉村HD / 吉村ホールディングス / 吉村食品 / 吉村グループ / 吉村ブランド
28970,２８９７０,日清食品ホールディングス,日清食品ホールディングス / 28970 / 日清 / カップヌードル / チキンラーメン / 出前一丁 / ラ王 / 日清焼そばU.F.O. / どん兵衛 / 麺職人
29080,２９０８０,フジッコ,フジッコ / 29080 / おまめさん / フジッコワカメ / カスピ海ヨーグルト / フジッコ煮豆 / フジッコ昆布 / フジッコ佃煮 / フジッコおかず / フジッコデザート
29100,２９１００,ロック・フィールド,ロック・フィールド / 29100 / RF1 / 神戸コロッケ / サラダデリ / グリーンサラダ / デリカテッセン / お惣菜 / フレッシュデリ / デリカフーズ
29140,２９１４０,日本たばこ産業,JT / 日本たばこ / 日本たばこ産業 / 29140 / メビウス / セブンスター / ピアニッシモ / キャメル / ウィンストン / プルームテック
29150,２９１５０,ケンコーマヨネーズ,ケンコーマヨネーズ / 29150 / ケンコー / ケンコーマヨ / マヨネーズ / サラダクラブ / デリシャス / サラダマヨ / ケンコーサラダ / ケンコーデリカ
29180,２９１８０,わらべや日洋ホールディングス,わらべや日洋ホールディングス / 29180 / わらべや / 日洋 / わらべや日洋 / わらべや弁当 / 日洋食品 / わらべやデリカ / わらべやフーズ / わらべやブランド
29220,２９２２０,なとり,なとり / 29220 / おつまみ / チーズ鱈 / ジャッキーカルパス / いか天 / ほたて貝柱 / さきいか / ピリ辛さきいか / つまみ種
29290,２９２９０,ファーマフーズ,ファーマフーズ / 29290 / ニューモ / 卵殻膜 / GABA / サプリメント / 健康食品 / 育毛剤 / 美容サプリ / 機能性食品
29300,２９３００,北の達人コーポレーション,北の達人コーポレーション / 29300 / 北の達人 / カイテキオリゴ / ミネルヴァ / ザ・プラセンタ / アイキララ / ヒアロディープパッチ / クリアネオ / メイクル
29310,２９３１０,ユーグレナ,ユーグレナ / 29310 / ミドリムシ / euglena / グリーンオイル / バイオジェット燃料 / ユーグレナ・ファーム / one / サステオ / リバイブエナジー
29330,２９３３０,紀文食品,紀文食品 / 29330 / 紀文 / 紀文の豆乳 / 紀文のはんぺん / 紀文のちくわ / 紀文のかまぼこ / 紀文のこんにゃく / 紀文のつみれ / 紀文のごま豆腐
29350,２９３５０,ピックルスホールディングス,ピックルスホールディングス / 29350 / ご飯がススム / キムチの素 / ピックルス / きゅうりのキューちゃん / こくうま / ピリ辛キムチ / 旨辛白菜 / ピックルスコーポレーション
29750,２９７５０,スター・マイカ・ホールディングス,スター・マイカ・ホールディングス / 29750 / スターマイカ / スターマイカHD / スターマイカホールディングス / スターマイカグループ / スターマイカリート / スターマイカ不動産 / スターマイカ投資 / スターマイカアセット
29800,２９８００,ＳＲＥホールディングス,申し訳ありませんが、具体的な略称、ニックネーム、製品名やブランド名についての情報は持ち合わせていません。一般的に、企業の略称やニックネームはSNSや金融ニュースで独自に作られることが多いため、特定の情報源を確認することをお勧めします。
30010,３００１０,片倉工業,片倉工業 / 30010 / カタクラ / Katakura / シルク / Katakura Silk / 片倉シルク / Katakura Industries / 片倉インダストリーズ / Katakura Brand
30020,３００２０,グンゼ,グンゼ / 30020 / GUNZE / BODY WILD / Tuche / SABRINA / YG / KIREILABO / COOLMAGIC / HOTMAGIC
30030,３００３０,ヒューリック,ヒューリック / 30030 / Hulic / ヒューリックタワー / ヒューリックレジデンス / ヒューリックホテル / ヒューリック不動産 / ヒューリックオフィス / ヒューリックプライム / ヒューリックリート
30230,３０２３０,ラサ商事,申し訳ありませんが、「ラサ商事」（証券コード: 30230）に関する具体的な略称、ニックネーム、製品名やブランド名についての情報は持ち合わせていません。一般的には、企業の略称やニックネームはSNSや金融ニュースでの使用頻度によって異なるため、具体的な情報はそれらのプラットフォームで確認することをお勧めします。
30280,３０２８０,アルペン,アルペン / 30280 / Alpen / スポーツデポ / ゴルフ5 / アルペンアウトドアーズ / アルペンマウンテンズ / アルペンプロジェクト / アルペンシューズ / アルペンバイク
30310,３０３１０,ラクーンホールディングス,ラクーンホールディングス / 30310 / スーパーデリバリー / コレカ / SD export / Paid / トラスト / SD factory / SD connect / SD import
30340,３０３４０,クオールホールディングス,クオールホールディングス / 30340 / クオール / クオール薬局 / QOL / クオールグループ / クオールファーマシー / クオールメディカル / クオールヘルスケア / クオールサービス
30360,３０３６０,アルコニックス,アルコニックス / 30360 / ALCONIX / アルコニックス株式会社 / ALCONIXグループ / アルミ製品 / 金属加工 / 資源リサイクル / 電子材料 / 化学品
30380,３０３８０,神戸物産,神戸物産 / 3038 / 業務スーパー / 業スー / 業務用食品 / 神戸クック / 神戸クック・ワールドビュッフェ / 業務スーパー・プロ / 業務スーパー・エコ / 業務スーパー・プレミアム
30400,３０４００,ソリトンシステムズ,ソリトンシステムズ / 30400 / Soliton / Soliton Systems / InfoTrace / NetAttest / Smart-telecaster / FileZen / SecureDesktop / CloudDisk
30460,３０４６０,ジンズホールディングス,ジンズ / JINS / ジンズホールディングス / 30460 / JINS MEME / JINS SCREEN / JINS PAINT / JINS SWITCH / JINS BRAIN / JINS VIOLET+
30480,３０４８０,ビックカメラ,ビックカメラ / 30480 / ビック / ビックポイント / ビックカメラ.com / ビックアウトレット / ビックトイズ / ビック酒販 / ビックドラッグ / ビックパソコン館
30500,３０５００,ＤＣＭホールディングス,DCM / DCMホールディングス / DCMカーマ / DCMダイキ / DCMホーマック / ケーヨーデイツー / ホームセンターDCM / DCMブランド / 30500 / DCMオンラインショップ
30530,３０５３０,ペッパーフードサービス,ペッパーフードサービス / 30530 / いきなりステーキ / ペッパーランチ / ペッパーランチダイナー / ワイルドステーキ / ステーキくに / ペッパーキング / ペッパーフード / ペッパーランチエクスプレス
30640,３０６４０,ＭｏｎｏｔａＲＯ,モノタロウ / MonotaRO / 30640 / モノタロウストア / MonotaRO Pro / モノタロウプラス / MonotaRO Select / モノタロウダイレクト / MonotaRO Tools / モノタロウエクスプレス
30760,３０７６０,あい　ホールディングス,あいホールディングス / 30760 / AI Holdings / アイホールディングス / AIH / アイエイチ / アイ・ホールディングス / あいHD / AI Holdings Group / アイホールディングス株式会社
30860,３０８６０,Ｊ．フロント　リテイリング,Ｊ．フロント　リテイリング / 30860 / 大丸 / 松坂屋 / 大丸松坂屋百貨店 / パルコ / GINZA SIX / JFR / 大丸心斎橋店 / 松坂屋名古屋店
30870,３０８７０,ドトール・日レスホールディングス,ドトール / 日レス / ドトール・日レスホールディングス / 30870 / ドトールコーヒー / エクセルシオールカフェ / カフェ・ラ・ミル / ドトール珈琲農園 / ドトールバリューカード / ドトールコーヒーショップ
30880,３０８８０,マツキヨココカラ＆カンパニー,マツキヨココカラ＆カンパニー / 30880 / マツキヨ / ココカラファイン / Matsukiyo / MatsukiyoLAB / ココカラ / MatsukiyoC / マツキヨPB / ココカラPB
30910,３０９１０,ブロンコビリー,ブロンコビリー / 30910 / ブロンコ / ビリー / ステーキハウス / 炭焼きステーキ / ハンバーグ / サラダバー / ファミリーレストラン / グリルメニュー
30920,３０９２０,ＺＯＺＯ,ZOZO / ZOZOTOWN / ZOZOスーツ / ZOZOマット / ZOZOGLASS / 30920 / スタートトゥデイ / WEAR / ZOZOテクノロジーズ / ZOZOBASE
30930,３０９３０,トレジャー・ファクトリー,トレジャー・ファクトリー / 30930 / トレファク / トレファクスタイル / トレファクスポーツ / トレファクマーケット / トレファクアウトドア / トレファクプラス / トレファクオンライン / トレファクリユース
30970,３０９７０,物語コーポレーション,物語コーポレーション / 30970 / 焼肉きんぐ / 丸源ラーメン / しゃぶしゃぶ温野菜 / 寿司・しゃぶしゃぶ ゆず庵 / 焼肉一番かるび / 焼肉一番カルビ / 焼肉一番カルビホルモン / 焼肉一番カルビ本舗 / 焼肉一番カルビ家
30990,３０９９０,三越伊勢丹ホールディングス,三越伊勢丹 / 三越 / 伊勢丹 / 三越伊勢丹HD / 30990 / MIカード / 三越伊勢丹オンラインストア / エムアイカード / 三越伊勢丹グループ / ISETAN
31010,３１０１０,東洋紡,東洋紡 / 31010 / 東紡 / テイボー / ボーイング / エアロカバー / セルバックス / アクアリフト / トレシー / エスモンド
31030,３１０３０,ユニチカ,ユニチカ / 31030 / UNITIKA / テトロン / エコロン / バイオミメティクス / ナイロン / ポリエステル / セルロースナノファイバー / スパンドール
31040,３１０４０,富士紡ホールディングス,富士紡ホールディングス / 31040 / フジボウ / FUJIBO / フジボウテキスタイル / フジボウケミカル / フジボウフィルター / フジボウメディカル / フジボウエレクトロニクス / フジボウライフサイエンス
31050,３１０５０,日清紡ホールディングス,日清紡ホールディングス / 31050 / 日清紡 / Nisshinbo / エコテクノ / ブレーキ / プレシジョン / テキスタイル / マイクロデバイス / エレクトロニクス
31060,３１０６０,倉敷紡績,倉敷紡績 / クラボウ / Kurabo / Kurabo Industries / 31060 / クラボウテキスタイル / クラボウバイオ / クラボウマテリアル / クラボウケミカル / クラボウエンジニアリング
31070,３１０７０,ダイワボウホールディングス,ダイワボウホールディングス / 31070 / ダイワボウ / 大和紡 / 大和紡ホールディングス / ダイワボウ情報システム / ダイワボウノイ / ダイワボウエンジニアリング / ダイワボウポリテック / ダイワボウプログレス
31090,３１０９０,シキボウ,シキボウ / 31090 / シキボウ株式会社 / Shikibo / アルファゲル / エアロカプセル / エアロシルバー / エアロフレッシュ / シキボウマスク / シキボウフィルター
31100,３１１００,日東紡績,日東紡績 / 31100 / 日東紡 / ニットーボー / NITTOBO / セロファン / ベンベルグ / ニットーボーファイバー / ニットーボーテキスタイル / ニットーボーケミカル
31160,３１１６０,トヨタ紡織,トヨタ紡織 / 31160 / TB / TOYOTA BOSHOKU / レクサスシート / カローラシート / エアバッグ / 自動車内装 / シートクッション / インテリアコンポーネント
31320,３１３２０,マクニカホールディングス,申し訳ありませんが、「マクニカホールディングス」（証券コード: 31320）に関する具体的な略称、ニックネーム、製品名やブランド名についての情報は持ち合わせていません。一般的に企業の略称やニックネームは、SNSや金融ニュースでの使用状況によって変わることがあります。公式な情報や最新のSNSトレンドを確認することをお勧めします。
31340,３１３４０,Ｈａｍｅｅ,Hamee / 31340 / iFace / Hameeストア / ネクストエンジン / Hameeコマース / Hameeスマホアクセサリー / Hameeデザイン / Hameeオンラインショップ / Hameeモバイル
31390,３１３９０,ラクト・ジャパン,申し訳ありませんが、「ラクト・ジャパン」（証券コード: 31390）に関する具体的な略称、ニックネーム、製品名やブランド名のリストを提供することはできません。最新の情報は、公式の金融ニュースサイトやSNS、企業の公式ウェブサイトなどでご確認ください。
31410,３１４１０,ウエルシアホールディングス,ウエルシアホールディングス / ウエルシア / ウエルシア薬局 / ウエルシアグループ / ウエルシアHD / 3141 / ハピコム / ウエルシアダイレクト / ウエルシアポイント / ウエルシアアプリ
31480,３１４８０,クリエイトＳＤホールディングス,クリエイトＳＤホールディングス / 31480 / クリエイトSD / クリエイト / SDホールディングス / クリエイト薬局 / クリエイトストア / クリエイトドラッグ / クリエイトショップ / クリエイトファーマシー
31500,３１５００,グリムス,グリムス / 31500 / グリムス株式会社 / エコキュート / ソーラーパネル / 蓄電池 / スマートハウス / エネルギーマネジメント / 再生可能エネルギー / 環境ソリューション
31510,３１５１０,バイタルケーエスケー・ホールディングス,バイタルケーエスケー・ホールディングス / 31510 / バイタルネット / ケーエスケー / VITAL / VITAL KSK / バイタル / KSK / バイタルネット株式会社 / ケーエスケー株式会社
31530,３１５３０,八洲電機,申し訳ありませんが、「八洲電機」（証券コード: 31530）に関する具体的な略称、ニックネーム、製品名やブランド名についての情報は持ち合わせていません。一般的に企業の略称やニックネームは、SNSや金融ニュースでの使用状況によって異なる場合があります。製品やブランド名については、企業の公式ウェブサイトやプレスリリースを確認することをお勧めします。
31540,３１５４０,メディアスホールディングス,申し訳ありませんが、「メディアスホールディングス」（証券コード: 31540）に関する具体的な略称、ニックネーム、製品名やブランド名の情報は私のデータベースには含まれていません。一般的な情報として、企業の略称やニックネームは、企業の正式名称や証券コード、またはその業界での通称が使われることが多いです。具体的な情報は、公式ウェブサイトや金融ニュース、SNSなど
31560,３１５６０,レスター,申し訳ありませんが、具体的な企業の略称やニックネーム、製品名やブランド名についての情報は提供できません。ただし、一般的に企業の略称やニックネームは、企業名の一部や証券コードを基にしたものが多いです。例えば、「レスター」という企業であれば、「レスター」、「31560」、「レスターHD」などが考えられます。具体的な製品名やブランド名については、企業の公式ウェブサイトやプレスリリースを
31670,３１６７０,ＴＯＫＡＩホールディングス,TOKAIホールディングス / 31670 / TOKAI / トーカイ / TOKAIグループ / おいしい水の宅配便 / ピュアウォーター / TOKAIでんき / TOKAIガス / TOKAIケーブルネットワーク
31760,３１７６０,三洋貿易,三洋貿易 / 31760 / 三洋 / Sanyo Trading / Sanyo / 三洋トレーディング / Sanyo Boueki / Sanyo Boeki / 三洋貿易株式会社 / Sanyo Trading Co. / Ltd.
31790,３１７９０,シュッピン,シュッピン / 31790 / MAP CAMERA / KASYAPA / GMT / KINGDOM NOTE / STAY246 / CROWN GEAR / シュッピン株式会社 / 出品
31800,３１８００,ビューティガレージ,ビューティガレージ / 31800 / BG / ビューティガレージ株式会社 / BGショップ / BGプロ / BGスタジオ / ビューティガレージオンライン / BGマーケット / BGサロン
31820,３１８２０,オイシックス・ラ・大地,オイシックス / ラ・大地 / Oisix / 大地を守る会 / らでぃっしゅぼーや / 31820 / Oisix ra daichi / オイシックス・ラ・大地 / Kit Oisix / Vegeel
31830,３１８３０,ウイン・パートナーズ,申し訳ありませんが、「ウイン・パートナーズ」（証券コード: 31830）に関する具体的な略称、ニックネーム、製品名やブランド名の情報は私のデータベースには含まれていないようです。一般的に、企業の略称やニックネームはSNSや金融ニュースで独自に使われることが多いため、具体的な情報はそれらのプラットフォームで確認するのが良いかもしれません。
31860,３１８６０,ネクステージ,ネクステージ / 31860 / ネクステ / NEXTAGE / カーバンク / カーチョイス / ネクステージオート / ネクステージプラス / ネクステージセレクト / ネクステージプレミアム
31910,３１９１０,ジョイフル本田,ジョイフル本田 / 31910 / ジョイ本 / Joyful Honda / ジョイフル / ホンダ / JH / ジョイフルホンダ / Joyful / ジョイ
31930,３１９３０,エターナルホスピタリティグループ,申し訳ありませんが、「エターナルホスピタリティグループ」（証券コード: 31930）に関する具体的な略称、ニックネーム、製品名やブランド名についての情報は持ち合わせていません。一般的に、企業の略称やニックネームはSNSや金融ニュースでの使用状況によって変わることがありますので、最新の情報を確認するにはこれらのプラットフォームを直接参照することをお勧めします。
31960,３１９６０,ホットランド,ホットランド / 31960 / 銀だこ / 築地銀だこ / 銀のあん / コールドストーン / コールド・ストーン・クリーマリー / 銀のあんクロワッサンたい焼 / 銀だこハイボール酒場 / 銀だこキッチン
31970,３１９７０,すかいらーくホールディングス,すかいらーくホールディングス / 31970 / ガスト / バーミヤン / しゃぶ葉 / ジョナサン / 夢庵 / グラッチェガーデンズ / 藍屋 / とんから亭
31980,３１９８０,ＳＦＰホールディングス,申し訳ありませんが、「ＳＦＰホールディングス」（証券コード: 31980）に関する具体的な略称、ニックネーム、製品名やブランド名についての情報は持ち合わせていません。一般的には、企業の略称やブランド名は公式ウェブサイトやプレスリリース、または金融ニュースやSNSで確認することができます。
31990,３１９９０,綿半ホールディングス,"申し訳ありませんが、「綿半ホールディングス」に関する具体的な略称、ニックネーム、製品名やブランド名についての情報は私のデータベースには含まれていません。ただし、一般的に企業の略称やニックネームは以下のような形式で使われることがあります：

綿半 / 綿半HD / 綿半ホールディングス / 31990

具体的な製品名やブランド名については、公式ウェブサイトや関連資料を参"
32010,３２０１０,日本毛織,日本毛織 / ニッケ / NIKKE / 32010 / ニッケグループ / ニッケテキスタイル / ニッケホームプロダクツ / ニッケライフ / ニッケファブリック / ニッケアパレル
32210,３２２１０,ヨシックスホールディングス,ヨシックスホールディングス / 32210 / や台ずし / や台や / ニパチ / これや / かつや / や台半兵ヱ / これやこの / や台ずし本舗
32220,３２２２０,ユナイテッド・スーパーマーケット・ホールディングス,ユナイテッド・スーパーマーケット・ホールディングス / USMH / マルエツ / カスミ / マックスバリュ関東 / 32220 / ユナイテッド / スーパーマーケット / ホールディングス / Uスーパーマーケット
32310,３２３１０,野村不動産ホールディングス,野村不動産ホールディングス / 32310 / 野村不動産 / プラウド / オフィスビル / GEMS / PMO / PROUD FLAT / PROUD CITY / PROUD TOWER
32320,３２３２０,三重交通グループホールディングス,申し訳ありませんが、「三重交通グループホールディングス」（証券コード: 32320）に関する具体的な略称、ニックネーム、製品名やブランド名のリストを提供することはできません。一般的に、企業の略称やブランド名は公式な情報源や企業のウェブサイトで確認することができます。公式な情報を参照することをお勧めします。
32450,３２４５０,ディア・ライフ,ディア・ライフ / 32450 / ディア / DL / Dear Life / ディアライフ / D-Life / ディア・プロジェクト / ディア・レジデンス / ディア・オフィス
32520,３２５２０,地主,申し訳ありませんが、特定の企業や証券コードに関連する略称、ニックネーム、製品名、ブランド名についての具体的な情報は提供できません。ただし、一般的に企業の略称やニックネームは、企業名や事業内容に基づいてSNSや金融ニュースで使われることがあります。具体的な情報については、公式な金融情報サイトやSNSでの検索をお勧めします。
32540,３２５４０,プレサンスコーポレーション,プレサンス / プレサンスコーポレーション / 32540 / プレサンスマンション / プレサンスシリーズ / プレサンスロジスティクス / プレサンスレジデンス / プレサンスオフィス / プレサンスホテル / プレサンスリゾート
32670,３２６７０,フィル・カンパニー,フィル・カンパニー / 32670 / フィル / フィルパーキング / フィル・パーク / フィル・スタイル / フィル・デザイン / フィル・プロジェクト / フィル・ビル / フィル・スペース
32760,３２７６０,ＪＰＭＣ,申し訳ありませんが、「ＪＰＭＣ」（証券コード: 32760）に関する具体的な略称、ニックネーム、製品名やブランド名についての情報は持ち合わせていません。一般的に企業の略称やニックネーム、製品名やブランド名は、公式な情報源や企業のウェブサイト、プレスリリースなどで確認することができます。具体的な情報を得るためには、これらの情報源を参照することをお勧め
32840,３２８４０,フージャースホールディングス,フージャースホールディングス / 32840 / フージャース / フージャースHD / フージャースグループ / フージャース不動産 / フージャースマンション / フージャース住宅 / フージャース開発 / フージャースプロジェクト
32880,３２８８０,オープンハウスグループ,オープンハウス / オープンハウスグループ / OHG / 証券コード: 32880 / オープンレジデンシア / オープンハウスデベロップメント / オープンハウスアーキテクト / オープンハウス不動産 / オープンハウスプロパティ / オープンハウスリート
32890,３２８９０,東急不動産ホールディングス,東急不動産ホールディングス / 32890 / 東急不動産 / 東急不 / Tokyu Fudosan Holdings / Tokyu Land Corporation / 東急コミュニティー / 東急リバブル / 東急ステイ / 東急ハンズ
32910,３２９１０,飯田グループホールディングス,飯田グループホールディングス / 32910 / 飯田GHD / 飯田グループ / IIDA / IIDAグループ / 飯田ホールディングス / 飯田HD / 飯田 / IIDA HD
33020,３３０２０,帝国繊維,帝国繊維 / 帝繊 / 帝国繊維株式会社 / 帝国 / 帝国繊維(株) / 帝国繊維グループ / 帝国繊維製品 / 帝国繊維ブランド / 帝国繊維の防災用品 / 証券コード: 33020
33150,３３１５０,日本コークス工業,日本コークス工業 / 33150 / 日コークス / JFEコークス / コークス / 日本コークス / JFE / コークス工業 / 日コ / コークス製品
33190,３３１９０,ゴルフダイジェスト・オンライン,GDO / ゴルフダイジェスト・オンライン / 33190 / ゴルフダイジェスト / GDOショップ / GDOゴルフ場予約 / GDOスコア管理 / GDOゴルフレッスン / GDOゴルフニュース / GDOポイント
33280,３３２８０,ＢＥＥＮＯＳ,ＢＥＥＮＯＳ / 33280 / テンポス / ショッピン / モノタロウ / バイマ / セカイモン / フリル / トラベルコ / ビーノス
33330,３３３３０,あさひ,"申し訳ありませんが、特定の企業や証券コードに関連する略称、ニックネーム、製品名、ブランド名を具体的に挙げることはできません。ただし、一般的に企業やブランドに関連する情報は以下のような形で表現されることがあります：

1. 企業名そのもの
2. 証券コード
3. 企業の公式略称
4. 製品名
5. ブランド名
6. SNSでの通称
7. 業界内で"
33410,３３４１０,日本調剤,日本調剤 / 33410 / Nihon Chouzai / 調剤薬局 / おくすり手帳Link / 調剤薬局事業 / 医薬品製造事業 / 医療モール事業 / ヘルスケア事業 / 日本調剤ファーマシー
33490,３３４９０,コスモス薬品,コスモス薬品 / 3349 / コスモス / COSMOS / コスモスドラッグ / コスモス薬局 / コスモスグループ / コスモスストア / コスモスチェーン / コスモスファーマシー
33600,３３６００,シップヘルスケアホールディングス,シップヘルスケアホールディングス / 33600 / SHIP / シップ / シップヘルスケア / SHIP Healthcare / メディカルサプライ / メディカルロジスティクス / メディカルエンジニアリング / メディカルサービス
33710,３３７１０,ソフトクリエイトホールディングス,ソフトクリエイトホールディングス / 33710 / ソフトクリエイト / SCHD / ソフクリ / EC-CUBE / e-Store / CROSS MALL / CROSS POINT / CROSS STAFF
33820,３３８２０,セブン＆アイ・ホールディングス,セブン＆アイ / 33820 / セブンイレブン / イトーヨーカドー / そごう / 西武 / デニーズ / ロフト / アリオ / セブンプレミアム
33870,３３８７０,クリエイト・レストランツ・ホールディングス,クリエイト・レストランツ・ホールディングス / 33870 / クリレス / クリエイトレストランツ / しゃぶ菜 / 磯丸水産 / かごの屋 / デザート王国 / しゃぶしゃぶ温野菜 / かつや
33880,３３８８０,明治電機工業,申し訳ありませんが、「明治電機工業」（証券コード: 33880）に関する具体的な略称、ニックネーム、製品名やブランド名の情報は私のデータベースには含まれていません。一般的に企業の略称やニックネームは、業界内や投資家の間で独自に使われることが多く、公式な情報としては公開されていないことがあります。製品やブランド名についても、企業の公式サイトやプレスリ
33910,３３９１０,ツルハホールディングス,ツルハホールディングス / 33910 / ツルハ / ツルハドラッグ / くすりのツルハ / ツルハグループ / くすりの福太郎 / ドラッグストア / ツルハポイント / ツルハカード
33950,３３９５０,サンマルクホールディングス,サンマルクホールディングス / 33950 / サンマルクカフェ / チョコクロ / サンマルク / バイキングレストラン / サンマルクグループ / サンマルクレストラン / サンマルクベーカリー / サンマルクカフェカード
33970,３３９７０,トリドールホールディングス,トリドールホールディングス / 33970 / 丸亀製麺 / トリドール / TORIDOLL / 讃岐うどん / まるがめ / まるがめ製麺 / トリドールHD / トリドールグループ
34010,３４０１０,帝人,帝人 / 34010 / Teijin / テイジン / ナノフロント / ソロテックス / ベルオアシス / レクシーファ / エコサークル / テイジンフロンティア
34020,３４０２０,東レ,東レ / 34020 / トレックス / トレリナ / セオα / ルミラー / トレカ / トレヨン / トレフィル / トレシー
34050,３４０５０,クラレ,クラレ / 34050 / クラレグループ / クラレファイバー / クラレプラスチックス / クラレケミカル / セプトン / クラリーノ / ベンベルグ / エバール
34070,３４０７０,旭化成,旭化成 / 34070 / 旭化成ホームズ / ヘーベルハウス / サランラップ / ベンベルグ / セルガイア / リフォームヘーベル / ジュノ / フォルティス
34150,３４１５０,ＴＯＫＹＯ　ＢＡＳＥ,TOKYO BASE / 34150 / トウキョウベース / TOKYO BASE CO. / LTD. / STUDIOUS / UNITED TOKYO / PUBLIC TOKYO / CITYSHOP / THE RERACS / ENFÖLD
34210,３４２１０,稲葉製作所,申し訳ありませんが、具体的な企業の略称やニックネーム、製品名、ブランド名についての情報は提供できません。ただし、一般的に企業の略称やニックネームは、企業名の一部や証券コード、製品の特徴などに基づいて形成されることが多いです。企業の公式ウェブサイトや金融ニュース、SNSなどで確認することをお勧めします。
34310,３４３１０,宮地エンジニアリンググループ,宮地エンジニアリンググループ / 34310 / 宮地エンジ / MEG / 宮地エンジニアリング / 宮地グループ / 宮地 / MEGグループ / 宮地製品 / 宮地ブランド
34330,３４３３０,トーカロ,トーカロ / 34330 / TOCALO / トーカロ株式会社 / トーカロコーティング / プラズマコーティング / サーマルスプレー / トーカロ技術 / トーカロ製品 / トーカロブランド
34360,３４３６０,ＳＵＭＣＯ,SUMCO / 34360 / サムコ / ウェーハ / シリコンウェーハ / 半導体材料 / SUMCO TECHXIV / SUMCO Phoenix Corporation / SUMCO USA Corporation / SUMCO Europe Sales
34430,３４４３０,川田テクノロジーズ,申し訳ありませんが、「川田テクノロジーズ」（証券コード: 34430）に関する具体的な略称、ニックネーム、製品名やブランド名の情報は持っていません。一般的には、企業の略称やニックネームはSNSや投資家の間で独自に作られることが多いため、公式な情報としては提供できないことがあります。公式な製品名やブランド名については、企業の公式ウェブサイトやプレスリリースを参
34450,３４４５０,ＲＳ　Ｔｅｃｈｎｏｌｏｇｉｅｓ,申し訳ありませんが、「ＲＳ　Ｔｅｃｈｎｏｌｏｇｉｅｓ」（証券コード: 34450）に関する具体的な略称、ニックネーム、製品名やブランド名についての情報は持ち合わせていません。一般的には、企業名や証券コードがそのまま使われることが多いですが、特定の略称やブランド名については公式な情報源や企業のウェブサイトを確認することをお勧
34570,３４５７０,Ａｎｄ　Ｄｏホールディングス,申し訳ありませんが、「Ａｎｄ　Ｄｏホールディングス」（証券コード: 34570）に関する具体的な略称、ニックネーム、製品名やブランド名のリストを提供することはできません。最新の情報については、公式な金融ニュースやSNS、企業の公式ウェブサイトなどを参照してください。
34580,３４５８０,シーアールイー,シーアールイー / 34580 / CRE / CREロジスティクス / CRE倉庫 / CRE不動産 / CRE物流 / CRE開発 / CRE投資 / CREグループ
34650,３４６５０,ケイアイスター不動産,ケイアイスター不動産 / 34650 / ケイアイ / KIスター / ケイアイスター / KI / ケイアイホーム / ケイアイハウス / ケイアイ不動産 / KI不動産
34750,３４７５０,グッドコムアセット,申し訳ありませんが、「グッドコムアセット」に関する具体的な略称、ニックネーム、製品名やブランド名についての情報は持っていません。一般的には、企業名や証券コードがそのまま使われることが多いですが、具体的な略称やニックネームについては、金融ニュースやSNSの最新情報を直接確認することをお勧めします。
34800,３４８００,ジェイ・エス・ビー,申し訳ありませんが、「ジェイ・エス・ビー」（証券コード: 34800）に関する具体的な略称、ニックネーム、製品名やブランド名についての情報は持っていません。一般的には、企業名や証券コードがそのまま使われることが多いです。具体的な略称やブランド名については、公式の情報源やSNSなどで確認することをお勧めします。
34820,３４８２０,ロードスターキャピタル,ロードスターキャピタル / 34820 / ロードスター / RSC / ロードスター不動産 / キャピタル / ロードスター投資 / ロードスターアセット / ロードスターグループ / ロードスターサービス
34980,３４９８０,霞ヶ関キャピタル,霞ヶ関キャピタル / 34980 / K-Cap / 霞キャピ / K-Capital / 霞ヶ関 / 霞キャ / KGC / 霞ヶ関不動産 / K-Cap不動産
35390,３５３９０,ＪＭホールディングス,申し訳ありませんが、「ＪＭホールディングス」（証券コード: 35390）に関する具体的な略称、ニックネーム、製品名やブランド名の情報は持ち合わせていません。一般的に企業の略称やブランド名は、公式ウェブサイトや金融ニュース、SNSなどで確認することができます。
35430,３５４３０,コメダホールディングス,コメダホールディングス / 35430 / コメダ珈琲店 / シロノワール / コメダ / コメダHD / コメダコーヒー / コメダブレンド / コメダのモーニング / コメダのサンドイッチ
35460,３５４６０,アレンザホールディングス,アレンザホールディングス / 35460 / アレンザ / ALENZA / アレンザグループ / ホールディングス / アレンザHD / アレンザホールディングス株式会社 / ALENZA Holdings / アレンザブランド
35470,３５４７０,串カツ田中ホールディングス,串カツ田中 / 串カツ田中HD / 35470 / 串カツ / 田中 / 串カツ田中ホールディングス / 串カツ田中グループ / 串カツ田中株式会社 / 串カツ田中チェーン / 串カツ田中ブランド
35480,３５４８０,バロックジャパンリミテッド,バロックジャパンリミテッド / 35480 / MOUSSY / SLY / RODEO CROWNS / AZUL BY MOUSSY / ENFÖLD / BLACK BY MOUSSY / SHEL'TTER / STACCATO
35490,３５４９０,クスリのアオキホールディングス,クスリのアオキ / アオキHD / 35490 / アオキホールディングス / AOKI / アオキ / クスリのアオキホールディングス / ドラッグアオキ / アオキ薬局 / AOKIグループ
35610,３５６１０,力の源ホールディングス,力の源ホールディングス / 35610 / 一風堂 / Ippudo / 力の源 / Chikara no Moto / 博多一風堂 / Hakata Ippudo / からか麺 / Karaka-men / 白丸元味 / Shiromaru Motoaji
35630,３５６３０,ＦＯＯＤ　＆　ＬＩＦＥ　ＣＯＭＰＡＮＩＥＳ,ＦＯＯＤ ＆ ＬＩＦＥ ＣＯＭＰＡＮＩＥＳ / 35630 / スシロー / あきんどスシロー / 京樽 / 海鮮三崎港 / スシロー To Go / スシローコノミ / スシローキッチン / スシローアプリ
35650,３５６５０,アセンテック,申し訳ありませんが、「アセンテック」（証券コード: 35650）に関する具体的な略称、ニックネーム、製品名やブランド名についての情報は持っていません。一般的に企業の略称やニックネームは、SNSや金融ニュースでの使用状況によって変わることがあります。具体的な情報を得るには、最新のニュースやSNSの投稿を確認することをお勧めします。
35690,３５６９０,セーレン,セーレン / 35690 / VONOS / エステル / クラリーノ / セーレンフィルム / セーレンテック / セーレンファブリック / セーレンプロテクション / セーレンインターナショナル
35800,３５８００,小松マテーレ,小松マテーレ / 35800 / KOMATSU MATERE / マテーレ / クレハロン / セリオ / エアロカプセル / テクノファイン / エコテックス / スパイバー
35910,３５９１０,ワコールホールディングス,ワコール / ワコールホールディングス / 35910 / Wacoal / スタディオファイブ / サルート / ウイング / アンフィ / パルファージュ / ラゼ
35930,３５９３０,ホギメディカル,ホギメディカル / 35930 / ホギ / HOGY / ホギメディ / メディカル / ホギ製品 / ホギブランド / ホギの医療用品 / ホギのディスポーザブル製品
36080,３６０８０,ＴＳＩホールディングス,ＴＳＩホールディングス / 36080 / ナノ・ユニバース / ジャーナルスタンダード / ナチュラルビューティーベーシック / ロペ / アンタイトル / フレディ＆グロスター / アーバンリサーチ / エディフィス
36120,３６１２０,ワールド,ワールド / 36120 / ワールドグループ / ワールドコーポレーション / ワールドファッション / ワールドオンライン / ワールドストア / ワールドブランド / ワールドリテール / ワールドプロダクツ
36260,３６２６０,ＴＩＳ,申し訳ありませんが、「ＴＩＳ」（証券コード: 36260）に関連する略称、ニックネーム、製品名やブランド名の具体的なリストを提供することはできません。ただし、一般的に企業の略称やニックネームは、会社名そのものや証券コード、製品名、ブランド名などが使われることがあります。具体的な情報は、公式の企業ウェブサイトや金融ニュース、SNSなどで確認することをお勧めします。
36320,３６３２０,グリーホールディングス,グリー / グリーホールディングス / 36320 / GREE / GREEプラットフォーム / GREEゲーム / GREEマーケット / GREE広告 / GREEメディア / GREEエンターテインメント
36330,３６３３０,ＧＭＯペパボ,ＧＭＯペパボ / 36330 / カラーミーショップ / ロリポップ / ヘテムル / minne / JUGEM / ムームードメイン / SUZURI / ペパボクラウド
36350,３６３５０,コーエーテクモホールディングス,コーエーテクモホールディングス / 36350 / コーエー / テクモ / KOEI / TECMO / 信長の野望 / 三國志 / デッド オア アライブ / 仁王
36360,３６３６０,三菱総合研究所,申し訳ありませんが、「三菱総合研究所」（証券コード: 36360）に関する具体的な略称、ニックネーム、製品名やブランド名のリストを提供することはできません。ただし、一般的に企業名や証券コードがそのまま略称として使われることが多いです。具体的な情報については、公式の情報源や金融ニュースを参照してください。
36490,３６４９０,ファインデックス,申し訳ありませんが、特定の企業や証券コードに関連する略称、ニックネーム、製品名、ブランド名を具体的に挙げることはできません。一般的に、企業やその製品に関する情報は公式な発表や信頼できるニュースソースから確認することをお勧めします。
36550,３６５５０,ブレインパッド,ブレインパッド / 36550 / BrainPad / データサイエンス / アナリティクス / データ活用 / AIソリューション / データマイニング / ビッグデータ / データ分析
36560,３６５６０,ＫＬａｂ,KLab / 36560 / ラブライブ！スクールアイドルフェスティバル / ブレイブソード×ブレイズソウル / キャプテン翼 ～たたかえドリームチーム～ / BLEACH Brave Souls / うたの☆プリンスさまっ♪ Shining Live / Lapis Re:LiGHTs / 魔法使いと黒猫のウィズ / KLabGames
36570,３６５７０,ポールトゥウィンホールディングス,ポールトゥウィンホールディングス / 36570 / ポールトゥウィン / PIT / PITホールディングス / ポールトゥウィン・ピットクルーホールディングス / ポールトゥウィン・ピットクルー / PITCREW / デジタルハーツ / デジタルハーツホールディングス
36590,３６５９０,ネクソン,ネクソン / 36590 / メイプルストーリー / アラド戦記 / マビノギ / カートライダー / サドンアタック / FIFAオンライン / V4 / ブルーアーカイブ / アクション対魔忍
36600,３６６００,アイスタイル,アイスタイル / 36600 / @cosme / アットコスメ / istyle / istyle株式会社 / @cosme SHOPPING / @cosme STORE / @cosme BEAUTY DAY / @cosme TOKYO
36610,３６６１０,エムアップホールディングス,申し訳ありませんが、エムアップホールディングス（証券コード: 36610）に関する具体的な略称、ニックネーム、製品名やブランド名のリストを提供することはできません。一般的に、企業の略称や製品名は公式な情報源や企業のウェブサイトで確認することができます。エムアップホールディングスの公式サイトや金融ニュースサイトで最新情報を確認することをお勧めします。
36620,３６６２０,エイチーム,エイチーム / 36620 / Ateam / ヴァルキリーコネクト / 少女☆歌劇 レヴュースタァライト -Re LIVE- / 三国大戦スマッシュ！ / ユニゾンリーグ / ラルーン / ナビクル / 引越し侍 / スマートフォンゲーム
36630,３６６３０,セルシス,セルシス / 36630 / CLIP STUDIO PAINT / CLIP STUDIO / クリスタ / CLIP STUDIO ASSETS / CLIP STUDIO TABMATE / CLIP STUDIO MODELER / CLIP STUDIO COORDINATE / CLIP STUDIO PAINT EX
36650,３６６５０,エニグモ,エニグモ / 36650 / BUYMA / バイマ / エニグモ株式会社 / ENIGMO / バイマプラットフォーム / BUYMA公式 / バイママーケット / BUYMAアプリ
36680,３６６８０,コロプラ,コロプラ / 36680 / 白猫プロジェクト / 黒猫のウィズ / クイズRPG 魔法使いと黒猫のウィズ / 白猫テニス / ドラゴンプロジェクト / アリス・ギア・アイギス / DQウォーク / バトルガール ハイスクール
36730,３６７３０,ブロードリーフ,ブロードリーフ / 36730 / Broadleaf / BL / Carpod / メカニックサポート / Parts Station / Repair Shop System / BL Cloud / BL Parts Order System
36760,３６７６０,デジタルハーツホールディングス,デジタルハーツホールディングス / 36760 / デジタルハーツ / DIGITAL HEARTS / DIGITAL HEARTS HOLDINGS / デジハ / デジハHD / デジタルハーツHD / デジタルハーツホールディングス株式会社 / DIGITAL HEARTS Co. / Ltd.
36780,３６７８０,メディアドゥ,メディアドゥ / 36780 / Media Do / MD / Media Do Holdings / MyAnimeList / Flier / Pubridge / Media Do Tech Tokushima / Media Do International
36790,３６７９０,じげん,じげん / 36790 / 株式会社じげん / 転職EX / バイトルNEXT / ミドルの転職 / 転職ナビ / 転職会議 / 住まいEX / 自動車EX
36810,３６８１０,ブイキューブ,申し訳ありませんが、「ブイキューブ」（証券コード: 36810）に関する具体的な略称、ニックネーム、製品名やブランド名についての情報は持ち合わせていません。一般的な情報として、企業名や証券コードはそのまま使われることが多いですが、製品やブランド名については公式な情報源を確認することをお勧めします。
36870,３６８７０,フィックスターズ,フィックスターズ / 36870 / Fixstars / Accel / F3 / FDX / FFS / フィックスターズ・テクノロジーズ / フィックスターズ・ソリューション / フィックスターズ・プロダクツ
36880,３６８８０,ＣＡＲＴＡ　ＨＯＬＤＩＮＧＳ,"ＣＡＲＴＡ　ＨＯＬＤＩＮＧＳ / 36880 / カルタHD / VOYAGE GROUP / Zucks / Fluct / ECナビ / AdStir / seedApp / Hike

これらは、ＣＡＲＴＡ　ＨＯＬＤＩＮＧＳに関連する可能性のある略称やブランド名です。"
36940,３６９４０,オプティム,オプティム / 36940 / Optimal Biz / Optimal Remote / Optimal Second Sight / Optimal Vision / Optimal IoT / Optimal AI Camera / Optimal Smart Agriculture / Optimal Smart Construction
36960,３６９６０,セレス,セレス / 36960 / Moppy（モッピー） / ポイントサイト / ポイント交換 / 仮想通貨 / 暗号資産 / 投資情報 / FinTech / デジタルマーケティング
36970,３６９７０,ＳＨＩＦＴ,SHIFT / シフト / 36970 / SHIFT社 / SHIFT株式会社 / ソフトウェアテスト / テスト自動化 / ソフトウェア品質保証 / SHIFTグループ / SHIFTテクノロジー
37080,３７０８０,特種東海製紙,申し訳ありませんが、特種東海製紙に関する具体的な略称、ニックネーム、製品名やブランド名の情報は持っていません。一般的に、企業の略称やニックネームはSNSや金融ニュースで独自に使われることが多いため、特定の情報源を確認することをお勧めします。特種東海製紙の公式ウェブサイトや関連する金融ニュースサイトで最新の情報を確認することができます。
37410,３７４１０,セック,申し訳ありませんが、「セック」（証券コード: 37410）に関する具体的な略称、ニックネーム、製品名やブランド名についての情報は持ち合わせていません。一般的に企業の略称やニックネームは、公式な情報源やSNS、金融ニュースなどで確認することができます。具体的な情報を得るには、企業の公式ウェブサイトや最新の金融ニュースを参照することをお勧めします。
37620,３７６２０,テクマトリックス,テクマトリックス / 37620 / TechMatrix / ProTech / FastHelp / FastAnswer / FastSeries / WebSAM / TechMatrix Cloud / TechMatrix Security
37630,３７６３０,プロシップ,プロシップ / 37630 / ProPlus / ProPlus Cloud / ProPlus ERP / ProPlus BI / ProPlus HR / ProPlus CRM / ProPlus SCM / ProPlus Financials
37650,３７６５０,ガンホー・オンライン・エンターテイメント,ガンホー / ガンホー・オンライン・エンターテイメント / 37650 / パズドラ / ラグナロクオンライン / TEPPEN / サモンズボード / ケリ姫スイーツ / パズドラバトル / ガンホーゲームズ
37690,３７６９０,ＧＭＯペイメントゲートウェイ,GMOペイメントゲートウェイ / 37690 / GMO-PG / PGマルチペイメントサービス / PGマルチペイメント / GMO-PG決済 / PG決済 / GMOペイメント / GMO決済 / GMOペイメントゲートウェイ株式会社
37710,３７７１０,システムリサーチ,申し訳ありませんが、「システムリサーチ」（証券コード: 37710）に関する具体的な略称、ニックネーム、製品名やブランド名の情報は持ち合わせていません。一般的には、企業名や証券コードそのものが略称として使われることが多いです。具体的な製品やブランド名については、企業の公式ウェブサイトや最新のプレスリリースをご確認ください。
37740,３７７４０,インターネットイニシアティブ,インターネットイニシアティブ / IIJ / 37740 / IIJmio / IIJ GIO / IIJセキュアMXサービス / IIJクラウド / IIJモバイル / IIJファイアウォール / IIJ VPN
37780,３７７８０,さくらインターネット,さくらインターネット / 37780 / さくらのクラウド / さくらのVPS / さくらのレンタルサーバ / さくらのメールボックス / さくらのSSL / さくらのドメイン / さくらの専用サーバ / さくらのIoT
37880,３７８８０,ＧＭＯグローバルサイン・ホールディングス,GMOグローバルサイン / グローバルサイン / GMOインターネットグループ / 37880 / GMO / GlobalSign / GMOサイン / GMOクラウド / GMOトラストログイン / GMOデジタル証明書
38170,３８１７０,ＳＲＡホールディングス,申し訳ありませんが、「ＳＲＡホールディングス」（証券コード: 38170）に関する具体的な略称、ニックネーム、製品名やブランド名の情報は持ち合わせていません。一般的には、企業名そのものや証券コードが略称として使われることが多いですが、特定の製品やブランド名については企業の公式情報を参照することをお勧めします。
38340,３８３４０,朝日ネット,朝日ネット / 38340 / ASAHIネット / ASAHIネット光 / ASAHIモバイル / ASAHIネットLTE / ASAHIネットWiMAX / ASAHIネットIPv6 / ASAHIネット固定IP / ASAHIネットメール
38350,３８３５０,ｅＢＡＳＥ,ｅＢＡＳＥ / eBASE / イーベース / 38350 / eBASEプロ / eBASEプラットフォーム / eBASEソリューション / eBASE製品管理 / eBASEデータ管理 / eBASEクラウド
38360,３８３６０,アバントグループ,"申し訳ありませんが、アバントグループ（証券コード: 38360）に関する具体的な略称、ニックネーム、製品名やブランド名についての情報は持ち合わせていません。ただし、一般的に企業の略称やニックネームは以下のような形式で使われることがあります：

1. アバント
2. アバントG
3. 38360
4. アバントグループ

製品やブランド名については、企業の公式ウェブサイト"
38370,３８３７０,アドソル日進,アドソル日進 / 38370 / AD-SOL / AD-SOL NISSIN / アドソル / NISSIN / アドソル日進株式会社 / AD-SOL Innovation / AD-SOL IoT / AD-SOL Security
38430,３８４３０,フリービット,申し訳ありませんが、具体的な略称やニックネーム、製品名、ブランド名についての情報は提供できません。ただし、一般的に企業の略称やニックネームは、会社名や証券コード、主要製品やサービス名から派生することが多いです。フリービットに関連する情報を知りたい場合は、公式ウェブサイトや金融ニュース、SNSなどで最新情報を確認することをお勧めします。
38440,３８４４０,コムチュア,"申し訳ありませんが、具体的な略称やニックネーム、製品名やブランド名についての情報は持ち合わせていません。ただし、一般的に企業名や証券コードがそのまま略称として使われることが多いです。以下は一般的な例です：

コムチュア / 38440 / コムチュア株式会社

具体的な製品名やブランド名については、公式ウェブサイトやプレスリリースなどを参照することをお勧めします。"
38530,３８５３０,アステリア,アステリア / 38530 / Gravio / Platio / Warp / ASTERIA Warp / ASTERIA Warp Core / ASTERIA Warp Enterprise / ASTERIA Warp Cloud / ASTERIA Warp DataSpider
38540,３８５４０,アイル,申し訳ありませんが、具体的な企業の略称やニックネーム、製品名、ブランド名についての情報は提供できません。ただし、一般的に企業の略称やニックネームは、会社名の一部や証券コードを基にしたものが多いです。例えば、「アイル」や「38540」などが考えられます。具体的な情報は公式な金融ニュースやSNS、企業の公式サイトなどで確認することをお勧めします。
38610,３８６１０,王子ホールディングス,王子ホールディングス / 王子製紙 / 王子 / Oji Holdings / Oji Paper / ネピア / エリエール / 38610 / 王子ネピア / Oji Group
38630,３８６３０,日本製紙,日本製紙 / 38630 / 日本製紙クレシア / クリネックス / スコッティ / ネピア / プレミアムソフト / エコロジーパルプ / パルプモールド / パルプライナー
38650,３８６５０,北越コーポレーション,北越コーポレーション / 38650 / 北越 / 北越パルプ / 北越製紙 / Hokuetsu / Hokuetsu Paper / Hokuetsu Corporation / Hokuetsu Kishu Paper / 北越紀州製紙
38800,３８８００,大王製紙,大王製紙 / 38800 / エリエール / アテント / エルモア / グーン / エリエールプラスウォーター / エリエール贅沢保湿 / エリエールトイレットティシュー / エリエールキッチンタオル
39010,３９０１０,マークラインズ,"申し訳ありませんが、具体的な略称やニックネーム、製品名、ブランド名についての情報は提供できません。ただし、一般的に企業の略称やニックネームは、会社名や証券コード、製品名などに基づいて形成されることが多いです。例えば、「マークラインズ」の場合、以下のようなものが考えられます：

マークラインズ / 39010 / ML / マーク / マーライン / マークラインズ株式会社 / マークラインズジャ"
39020,３９０２０,メディカル・データ・ビジョン,メディカル・データ・ビジョン / MDV / 39020 / Medical Data Vision / MDVプラットフォーム / EVE / MDVコンパス / MDVアナリティクス / MDVデータベース / MDVレポート
39030,３９０３０,ｇｕｍｉ,gumi / 39030 / gumi Inc. / ブレイブフロンティア / ファントム オブ キル / 誰ガ為のアルケミスト / クリスタル オブ リユニオン / ブレイドエクスロード / アイドルファンタジー / ラストイデア
39150,３９１５０,テラスカイ,テラスカイ / 39150 / SkyVisualEditor / SkyOnDemand / SkyEditor / SkyAuto / SkyVisual / SkySync / SkyGateway / SkyAI
39160,３９１６０,デジタル・インフォメーション・テクノロジー,申し訳ありませんが、「デジタル・インフォメーション・テクノロジー」（証券コード: 39160）に関する具体的な略称、ニックネーム、製品名やブランド名についての情報は持ち合わせていません。一般的には、企業名や証券コードそのものが略称として使われることが多いです。具体的な製品名やブランド名については、公式の企業サイトやプレスリリースなどを確認することをお勧めします。
39210,３９２１０,ネオジャパン,申し訳ありませんが、「ネオジャパン」（証券コード: 39210）に関する具体的な略称、ニックネーム、製品名やブランド名のリストを提供することはできません。ただし、一般的に企業の略称やニックネームは、会社名の一部や証券コードを基にしたものが多いです。具体的な情報は、公式の企業サイトや金融ニュース、SNSなどで確認することをお勧めします。
39220,３９２２０,ＰＲ　ＴＩＭＥＳ,ＰＲ　ＴＩＭＥＳ / 39220 / プレスリリース / PRタイムズ / PR TIMES / PRニュース / プレス配信 / ニュースリリース / 広報支援 / PRプラットフォーム
39230,３９２３０,ラクス,ラクス / 39230 / 楽楽精算 / 楽楽明細 / 楽楽販売 / 楽楽勤怠 / 楽楽労務 / 楽楽経費 / 楽楽給与 / 楽楽人事
39250,３９２５０,ダブルスタンダード,申し訳ありませんが、「ダブルスタンダード」（証券コード: 39250）に関する具体的な略称、ニックネーム、製品名やブランド名についての情報は持ち合わせていません。一般的に企業の略称やニックネームは、SNSや投資家の間で独自に作られることが多いため、公式な情報としては存在しない場合があります。公式な製品やブランド名については、企業の公式ウェブサイトやプレスリリースを参照
39260,３９２６０,オープンドア,オープンドア / 39260 / トラベルコ / Travelko / オープンドア株式会社 / オープンドア株 / オープンドア証券 / オープンドア銘柄 / オープンドア株式 / オープンドア株価
39320,３９３２０,アカツキ,アカツキ / 39320 / Akatsuki / アカツキゲームス / 八月のシンデレラナイン / ドラゴンボールZ ドッカンバトル / サウザンドメモリーズ / ロマンシング サガ リ・ユニバース / アカツキライブエンターテインメント / アカツキファンド
39370,３９３７０,Ｕｂｉｃｏｍホールディングス,申し訳ありませんが、「Ｕｂｉｃｏｍホールディングス」（証券コード: 39370）に関する具体的な略称、ニックネーム、製品名やブランド名についての情報は持ち合わせていません。一般的には、企業名や証券コードそのものが略称として使われることが多いです。具体的な製品名やブランド名については、公式ウェブサイトやプレスリリースなどを参照することをお勧めします
39390,３９３９０,カナミックネットワーク,カナミックネットワーク / 39390 / カナミック / Kanamic / Kanamic Cloud / Kanamic Healthcare / カナミッククラウド / カナミックヘルスケア / Kanamic Network / カナミックネットワーク株式会社
39410,３９４１０,レンゴー,レンゴー / 39410 / Rengo / トライウォール / ハートボックス / スマートパック / レンゴーパック / レンゴー物流 / レンゴーリサイクル / レンゴーエコシステム
39460,３９４６０,トーモク,トーモク / 39460 / トーモク株式会社 / TOMOKU / トーモクパック / トーモクボックス / トーモクダンボール / トーモクパッケージ / トーモク物流 / トーモクエコ
39500,３９５００,ザ・パック,ザ・パック / 39500 / THE PACK / パックマン / パックボックス / パックペーパー / パックフィルム / パックラップ / パックテープ / パックバッグ
39620,３９６２０,チェンジホールディングス,申し訳ありませんが、「チェンジホールディングス」（証券コード: 39620）に関する具体的な略称、ニックネーム、製品名やブランド名のリストを提供することはできません。最新の情報については、公式な金融ニュースやSNS、企業の公式ウェブサイトなどを参照してください。
39640,３９６４０,オークネット,オークネット / 39640 / オークネットオークション / オークネットモータース / オークネットマーケットプレイス / オークネットグローバル / オークネットメディア / オークネットソリューション / オークネットリサーチ / オークネットサポート
39780,３９７８０,マクロミル,マクロミル / 39780 / Macromill / QPR / HUT / BrandDataBank / AIRsMEMBERS / D-Profile / SurveyMonkey / M-Cube
39830,３９８３０,オロ,オロ / 39830 / ZAC / ZAC Enterprise / ZAC Enterprise Cloud / ZAC Enterprise on AWS / ZAC Enterprise on Azure / ZAC Enterprise on GCP / ZAC ERP / ZAC Cloud
39840,３９８４０,ユーザーローカル,ユーザーローカル / 39840 / User Local / ユーザーローカルAI / Social Insight / User Insight / AIアナリスト / ユーザーローカルチャットボット / ユーザーローカルレポート / ユーザーローカルダッシュボード
39930,３９９３０,ＰＫＳＨＡ　Ｔｅｃｈｎｏｌｏｇｙ,PKSHA / PKSHA Technology / PKSHA Tech / 39930 / PKSHA AI / PKSHA Security / PKSHA Mobility / PKSHA Finance / PKSHA Insight / PKSHA Robotics
39940,３９９４０,マネーフォワード,マネーフォワード / 3994 / マネフォ / Money Forward / MFクラウド / マネーフォワードME / MF家計簿 / マネーフォワードクラウド / MF経費 / マネーフォワード確定申告
40040,４００４０,レゾナック・ホールディングス,レゾナック / レゾナックHD / レゾナックホールディングス / 40040 / レゾナックグループ / レゾナック化学 / レゾナックテクノロジー / レゾナックマテリアル / レゾナックエレクトロニクス / レゾナックインダストリー
40050,４００５０,住友化学,住友化学 / 4005 / スミカ / SUMIKA / OLYSET / MEGURI / SUMIFLON / SUMIKASUPER / SUMIKATHENE / SUMIPEX
40080,４００８０,住友精化,住友精化 / 40080 / Sumitomo Seika / SEIKA / AQUA KEEP / AQUA CARRIER / SUMIKAGEL / SUMIFILM / SUMIFLO / SUMIKATHENE
40210,４０２１０,日産化学,日産化学 / 40210 / 日産化 / ニッサンケミカル / サンケミ / トリフミン / ラウンドアップ / ペンタキュア / アグリノーム / サンフード
40220,４０２２０,ラサ工業,ラサ工業 / 40220 / ラサ / RASA / ラサケミカル / ラサセラミックス / ラサファインケミカル / ラサマテリアル / ラサテクノロジー / ラサプロダクツ
40230,４０２３０,クレハ,クレハ / 40230 / Kureha / クレラップ / NEWクレラップ / クレハシート / クレハエコ / クレハフィルム / クレハケミカル / クレハプラスチック
40250,４０２５０,多木化学,多木化学 / 40250 / 多木 / TAKI / TAKICHEM / タキケミカル / タキ肥料 / タキの肥料 / タキの化学製品 / タキの農業資材
40270,４０２７０,テイカ,申し訳ありませんが、「テイカ」（証券コード: 40270）に関する具体的な略称、ニックネーム、製品名やブランド名の情報は持ち合わせていません。ただし、一般的な情報として、企業名や証券コードはそのまま使われることが多いです。具体的な製品やブランド名については、公式ウェブサイトや関連資料を参照することをお勧めします。
40280,４０２８０,石原産業,石原産業 / 40280 / ISK / いしはら / チタン酸バリウム / ルチル / クリスタル / クリスタルチタン / クリスタルパール / クリスタルホワイト
40410,４０４１０,日本曹達,日本曹達 / 日曹 / Nisso / ソーダ / ソーダ工業 / ニッソー / ニッソーケミカル / NISSO BASACOTE / NISSO HI-CHLON / NISSO PESTICIDE
40420,４０４２０,東ソー,東ソー / 40420 / Tosoh / バイオサイエンス / ゼオライト / クロルアルカリ / ポリウレタン / エチレンアミン / エチレンジアミン / ポバール
40430,４０４３０,トクヤマ,トクヤマ / 40430 / 東ソー / セメント / シリカ / ポバール / トクヤマデンタル / トクヤマシリコーン / トクヤマセラミックス / トクヤマケミカル
40440,４０４４０,セントラル硝子,セントラル硝子 / 40440 / セントラル / 中央硝子 / セントラルガラス / Central Glass / セントラル化学 / セントラルエレクトロニクス / セントラルケミカル / セントラルマテリアルズ
40450,４０４５０,東亞合成,東亞合成 / 40450 / アロンアルフア / アロンタイト / アロンテープ / アロンフィックス / アロンメルト / アロンボンド / アロンセラミック / アロンコート
40460,４０４６０,大阪ソーダ,大阪ソーダ / 40460 / OSKソーダ / ダイセルグループ / セルロースアセテート / アクリル酸エステル / メタクリル酸エステル / ソーダ灰 / 硫酸ソーダ / 塩化ビニル樹脂
40470,４０４７０,関東電化工業,関東電化工業 / 40470 / 関電化 / KDK / フッ素化学製品 / 電解製品 / 半導体材料 / フッ化水素 / 化学品メーカー / 電子材料
40530,４０５３０,Ｓｕｎ　Ａｓｔｅｒｉｓｋ,サンアスタリスク / Sun* / Sun Asterisk / サンアス / 4053 / Sun* Inc. / Sun* Startups / Sun* Ventures / Sun* Academy / Sun* Lab
40610,４０６１０,デンカ,デンカ / 4061 / デンカ株式会社 / デンカセラミックス / デンカポリマー / デンカエラストマー / デンカプレミアム / デンカアドバンス / デンカケミカル / デンカバイオテクノロジー
40620,４０６２０,イビデン,イビデン / 40620 / IBIDEN / イビデン株式会社 / イビデンセラミックス / イビデンエレクトロニクス / イビデンフィルター / イビデンパッケージング / イビデンエンジニアリング / イビデンマテリアルズ
40630,４０６３０,信越化学工業,信越化学工業 / 40630 / 信越化学 / 信越 / シンエツ / シリコーン / ポリ塩化ビニル / シリコーンオイル / シリコーンゴム / シリコーン樹脂
40640,４０６４０,日本カーバイド工業,日本カーバイド工業 / 40640 / カーバイド / カーバイド工業 / 日本カーバイド / カーバイド製品 / カーバイドブランド / カーバイド化学 / カーバイドテクノロジー / カーバイドソリューション
40710,４０７１０,プラスアルファ・コンサルティング,プラスアルファ・コンサルティング / 40710 / Talent Palette / Customer Ring / POSITIVE / Visual Mining Studio / HRモンスター / アルファ / PAC / プラスアルファ
40720,４０７２０,電算システムホールディングス,電算システムホールディングス / 40720 / 電算システム / DSH / Densan System / DSHD / Densan / 電算 / Densan System Holdings / 電算システムHD
40780,４０７８０,堺化学工業,堺化学工業 / 40780 / 堺化学 / Sakai Chemical / サカイケミカル / サカイ / Sakai / サカイ化学 / サカイ工業 / Sakai Kogyo
40820,４０８２０,第一稀元素化学工業,第一稀元素化学工業 / 40820 / DKK / 第一稀元素 / 稀元素化学 / DKKブランド / ジルコニウム化合物 / セラミックス材料 / 触媒製品 / 電池材料
40880,４０８８０,エア・ウォーター,エア・ウォーター / 40880 / エアウォーター / AWI / エアウォーターグループ / エアウォーター・エナジー / エアウォーター・アグリ＆フード / エアウォーター・メディカル / エアウォーター・マテリアル / エアウォーター・ロジスティクス
40910,４０９１０,日本酸素ホールディングス,日本酸素ホールディングス / 40910 / 日本酸素 / NSHD / 日酸 / NIPPON SANSO / MATHESON / Thermos（サーモス） / VSU（バーチャル・シンガル・ユニット） / ECOCYL（エコシル）
40920,４０９２０,日本化学工業,申し訳ありませんが、「日本化学工業」（証券コード: 40920）に関する具体的な略称、ニックネーム、製品名やブランド名のリストを提供することはできません。ただし、一般的に企業の略称やニックネームは、会社名の一部や証券コードを基にしていることが多いです。例えば、「日化工」や「40920」などが考えられます。製品名やブランド名については、企業の公式ウェブサイト
40950,４０９５０,日本パーカライジング,日本パーカライジング / 40950 / パーカ / パーカライジング / パーカテクノロジー / パーカプロセス / パーカコート / パーカフィニッシュ / パーカシール / パーカガード
40970,４０９７０,高圧ガス工業,高圧ガス工業 / 40970 / 高圧ガス / KOG / KOGAS / アルゴン / 酸素 / 窒素 / 液化ガス / 工業ガス
40990,４０９９０,四国化成ホールディングス,四国化成 / 四国化成ホールディングス / 40990 / シコク / シコク化成 / アルファルト / パレットクリート / エコクリーン / セラミックコート / ガーデンエクステリア
41000,４１０００,戸田工業,申し訳ありませんが、「戸田工業」（証券コード: 41000）に関する具体的な略称、ニックネーム、製品名やブランド名の情報は持っていません。一般的には、企業名や証券コードがそのまま使われることが多いですが、詳細な情報については公式ウェブサイトや金融ニュース、SNSなどで確認することをお勧めします。
41090,４１０９０,ステラ　ケミファ,ステラ ケミファ / 41090 / ステラ / ケミファ / ステラケミファ / ステラケミカル / ステラ化学 / Stella Chemifa / Stella / Chemifa
41120,４１１２０,保土谷化学工業,保土谷化学工業 / 41120 / 保土谷 / Hodogaya / タフラム / タフガード / タフブレンド / タフコート / タフライト / タフシール
41140,４１１４０,日本触媒,日本触媒 / 41140 / Nippon Shokubai / アクリル酸 / エタノールアミン / イオノマー / アクリルポリマー / スーパー吸収性ポリマー (SAP) / カタリスト / アクリル樹脂
41160,４１１６０,大日精化工業,大日精化工業 / 41160 / 大日精 / DIC / サンフラワー / サンカラー / サンコート / サンペイント / サンプリント / サンフィルム
41180,４１１８０,カネカ,カネカ / 41180 / カネカグループ / カネカケミカル / カネカバイオテクノロジー / カネカソーラー / カネカフード / カネカヘルスケア / カネカエコソリューション / カネカエレクトロニクス
41510,４１５１０,協和キリン,協和キリン / 41510 / キリンファーマ / ノーベルファーマ / ポテリジオ / クレナフィン / アコアラン / ニュープロパッチ / アムジェンコラボ / キリン製薬
41800,４１８００,Ａｐｐｉｅｒ　Ｇｒｏｕｐ,Ａｐｐｉｅｒ　Ｇｒｏｕｐ / 41800 / Appier / AiDeal / CrossX / AIXON / Appier AI / Appierプラットフォーム / Appierソリューション / Appierテクノロジー
41820,４１８２０,三菱瓦斯化学,三菱瓦斯化学 / 4182 / MGC / 三菱ガス / ノバペックス / イノベーションパーク / ルミフィルム / セルブレン / アピコート / ペルメック
41830,４１８３０,三井化学,三井化学 / 4183 / Mitsui Chemicals / ミツイケミカル / Tafmer / Milastomer / Admer / Lucant / Apel / Stabio
41860,４１８６０,東京応化工業,東京応化工業 / 41860 / TOK / 東応 / TOS / フォトレジスト / TARC / ARC / プラズマエッチング / CMPスラリー
41870,４１８７０,大阪有機化学工業,大阪有機化学工業 / 41870 / 大阪有機 / OYC / オーガニックケミカル / 有機化学 / OYCインク / オーガニックインク / 大阪有機インク / 有機化学工業
41880,４１８８０,三菱ケミカルグループ,三菱ケミカルグループ / 41880 / MCC / ダイアペット / ルミフィル / ケミカルシート / アクアリカ / レイテックス / フォルティモ / シアノン
41890,４１８９０,ＫＨネオケム,ＫＨネオケム / 41890 / ネオケム / KHNC / ネオケム製品 / KH化学 / KHネオケム製品 / ネオケムブランド / KHブランド / ネオケム化学
41940,４１９４０,ビジョナル,ビジョナル / 41940 / VISIONAL / Vorkers / キャリコネ / BizReach / HRMOS / AMBI / サンカク / ICHIGO
42020,４２０２０,ダイセル,ダイセル / 42020 / セルロースアセテート / トウロン / ダイフレックス / ダイパック / ダイアミロン / ダイエン / ダイセルエボニック / ダイセルポリマー
42030,４２０３０,住友ベークライト,住友ベークライト / 42030 / Sumitomo Bakelite / ベークライト / SBH / ベーク / ベークライト樹脂 / スミベ / SUMIBE / ベークライト製品
42040,４２０４０,積水化学工業,積水化学工業 / 42040 / 積水 / セキスイ / セキスイハイム / セキスイファミエス / セキスイメディカル / セキスイインダストリー / セキスイエコ / セキスイプラスチック
42050,４２０５０,日本ゼオン,日本ゼオン / 42050 / ゼオン / ZEONEX / ZEONOR / ZEOCOAT / ZEOSIL / ZEOFORM / ZEOFLARE / ZEOSOFT
42060,４２０６０,アイカ工業,アイカ工業 / 42060 / アイカ / アイカボンド / セラール / アイカメラミン / アイカポリエステル / アイカラミネート / アイカフローリング / アイカコーティング
42080,４２０８０,ＵＢＥ,UBE / 宇部興産 / 宇部 / 42080 / 宇部マテリアルズ / 宇部ケミカル / 宇部セメント / 宇部プラスチック / 宇部建材 / 宇部エンジニアリング
42120,４２１２０,積水樹脂,積水樹脂 / 42120 / セキスイ / セキスイ樹脂 / SEKISUI / スマートメッシュ / エスロン / エスロンパイプ / エスロンテープ / エスロンフィルム
42160,４２１６０,旭有機材,旭有機材 / 42160 / 旭有機材工業 / Asahi Organic Materials / アサヒユウキザイ / AOC / アサヒ / 旭 / ユウキザイ / Asahi Kasei
42180,４２１８０,ニチバン,ニチバン / 42180 / セロテープ / バトルウィン / ケアリーヴ / ロイヒ / テープのニチバン / ナイスタック / マイタック / メディカルテープ
42200,４２２００,リケンテクノス,リケンテクノス / 42200 / リケン / RIKEN / RIKEN TECHNOS / リケンフィルム / リケンシート / リケンパイプ / リケンコンパウンド / リケンマテリアル
42210,４２２１０,大倉工業,大倉工業 / 42210 / オークラ / OKURA / オークラプラスチック / オークラフィルム / オークラシート / オークラテック / オークラパネル / オークラエコ
42280,４２２８０,積水化成品工業,積水化成品工業 / 42280 / セキスイケミカル / セキスイフォーム / ピオセラン / セキスイエアロセル / セキスイエコロン / セキスイパッケージ / セキスイフォームライト / セキスイプロテクター
42290,４２２９０,群栄化学工業,群栄化学工業 / 42290 / 群栄化学 / 群栄 / GSI Creos / Creos / グンエイ / グンエイケミカル / グンエイ化学 / 群栄ブランド
42460,４２４６０,ダイキョーニシカワ,ダイキョーニシカワ / 42460 / ダイキョー / ニシカワ / DAIKYO / NISHIKAWA / DK / DAIKYO NISHIKAWA / ダイキョーニシカワ株式会社 / DAIKYO NISHIKAWA CORPORATION
42490,４２４９０,森六ホールディングス,申し訳ありませんが、「森六ホールディングス」（証券コード: 42490）に関する具体的な略称、ニックネーム、製品名やブランド名についての情報は持ち合わせていません。一般的に企業の略称やニックネームは、業界や地域、SNSのコミュニティによって異なることがあります。公式な製品名やブランド名については、企業の公式ウェブサイトやプレスリリースをご確認いただくことをお勧めします。
42510,４２５１０,恵和,申し訳ありませんが、「恵和」（証券コード: 42510）に関する具体的な略称、ニックネーム、製品名やブランド名の情報は持ち合わせていません。一般的には、企業名や証券コードがそのまま使われることが多いですが、詳細な情報は公式な資料や金融ニュース、SNSなどで確認することをお勧めします。
42720,４２７２０,日本化薬,日本化薬 / 42720 / ニチカ / ニチカ薬品 / パルナック / ニチカプラス / ニチカジェル / ニチカクリーム / ニチカテープ / ニチカスプレー
42750,４２７５０,カーリット,申し訳ありませんが、「カーリット」（証券コード: 42750）に関する具体的な略称、ニックネーム、製品名やブランド名についての情報は持っていません。一般的に、企業の略称やニックネームは、SNSや金融ニュースでの使用状況に依存するため、特定の情報源や文脈に基づいて異なる場合があります。具体的な情報を得るには、関連するニュース記事やSNSの投稿を直接確認することをお勧
42860,４２８６０,ＣＬホールディングス,申し訳ありませんが、「ＣＬホールディングス」（証券コード: 42860）に関する具体的な略称、ニックネーム、製品名やブランド名についての情報は持ち合わせていません。会社の公式な情報や最新のニュースを確認することをお勧めします。
42900,４２９００,プレステージ・インターナショナル,プレステージ・インターナショナル / 42900 / プレイン / プレインサポート / プレインアシスト / プレインサービス / プレインケア / プレインプロテクト / プレインソリューション / プレインネットワーク
42980,４２９８０,プロトコーポレーション,プロトコーポレーション / 42980 / Goo-net / グーネット / グーバイク / GooBike / グーピット / GooPit / グーオク / GooAuction
42990,４２９９０,ハイマックス,申し訳ありませんが、指定された証券コード「42990」に関連する「ハイマックス」という企業やその略称、ニックネーム、製品名、ブランド名についての具体的な情報は持ち合わせていません。証券コードや企業名が正しいかどうかを再確認するか、他の情報源を参照してください。
43010,４３０１０,アミューズ,アミューズ / 43010 / アミューズメント / AMUSE / アミュ / アミューズエンタテインメント / アミューズミュージック / アミューズモデル / アミューズアーティスト / アミューズプロダクション
43070,４３０７０,野村総合研究所,野村総合研究所 / NRI / 野村総研 / Nomura Research Institute / 43070 / NRIセキュア / NRIデジタル / NRIプロセスイノベーション / NRIシステムテクノ / NRIネットコム
43100,４３１００,ドリームインキュベータ,ドリームインキュベータ / DI / 43100 / ドリーム / インキュベータ / Dream Incubator / DI社 / Dream Incubator Inc. / DIグループ / ドリームインキュベータ株式会社
43180,４３１８０,クイック,クイック / QUICK / 43180 / QUICK情報 / QUICK端末 / QUICKニュース / QUICKリサーチ / QUICKデータ / QUICKマーケット / QUICKファイナンス
43230,４３２３０,日本システム技術,日本システム技術 / JAST / 43230 / ALADIN / BankNeo / BankNeo-FX / BankNeo-Plus / BankNeo-Global / BankNeo-Cloud / BankNeo-API
43240,４３２４０,電通グループ,電通 / 電通グループ / Dentsu / Dentsu Group / 43240 / Dentsu Japan Network / Dentsu Inc. / Dentsu Aegis Network / Dentsu Digital / Dentsu Creative
43260,４３２６０,インテージホールディングス,インテージホールディングス / インテージ / 43260 / インテージリサーチ / インテージヘルスケア / インテージコンサルティング / i-SSP / QPR / SRI+ / インテージネットワーク
43310,４３３１０,テイクアンドギヴ・ニーズ,テイクアンドギヴ・ニーズ / T&G / T&Gニーズ / 43310 / T&Gウェディング / アニヴェルセル / ゲストハウスウェディング / T&Gプロデュース / T&Gリゾート / T&Gプランニング
43330,４３３３０,東邦システムサイエンス,申し訳ありませんが、「東邦システムサイエンス」（証券コード: 43330）に関する具体的な略称、ニックネーム、製品名やブランド名の情報は私のデータベースには含まれていません。一般的に企業の略称やニックネームは、業界やコミュニティによって異なることがありますので、具体的な情報は企業の公式サイトや関連する金融ニュース、SNSなどで確認することをお勧めします。
43370,４３３７０,ぴあ,ぴあ / 43370 / チケットぴあ / PIA / ぴあステーション / ぴあスポット / ぴあリザーブ / ぴあプレミアム / ぴあアリーナMM / ぴあフェス
43430,４３４３０,イオンファンタジー,イオンファンタジー / 43430 / モーリーファンタジー / PALO / イオンキッズーナ / イオンファンタジーランド / イオンファンタジーアドベンチャー / イオンファンタジーキッズ / イオンファンタジーゲーム / イオンファンタジーパーク
43440,４３４４０,ソースネクスト,ソースネクスト / 43440 / POCKETALK / 筆王 / 筆まめ / ZEROウイルスセキュリティ / 超字幕 / B's Recorder / いきなりPDF / 特打
43450,４３４５０,シーティーエス,申し訳ありませんが、「シーティーエス」（証券コード: 43450）に関する具体的な略称、ニックネーム、製品名やブランド名についての情報は持っていません。一般的に企業名や証券コードがそのまま使われることが多いですが、具体的な略称やニックネームについては、公式な情報源やSNSなどで確認することをお勧めします。
43500,４３５００,メディカルシステムネットワーク,メディカルシステムネットワーク / 43500 / メディネット / MSNW / メディカルネット / メディカルシステム / メディカルシステムネット / メディカルシステムネットワークホールディングス / メディカルシステムネットワークグループ / メディカルシステムネットワーク株式会社
43620,４３６２０,日本精化,日本精化 / 43620 / ニッセイカ / NISSEI / セイカ / ケミカル / フレグランス / パフューム / 化粧品原料 / 工業薬品
43680,４３６８０,扶桑化学工業,扶桑化学工業 / 43680 / 扶桑化学 / 扶桑 / Fuso Chemical / フソウケミカル / フソウ / フソーカガク / フソーケミカル / フソーカガクコウギョウ
43690,４３６９０,トリケミカル研究所,トリケミカル研究所 / 43690 / トリケミ / トリケム / Tri-Chemical / トリケミカル / TCK / トリケ / トリケミカルラボ / Tri-Chem
43730,４３７３０,シンプレクス・ホールディングス,申し訳ありませんが、「シンプレクス・ホールディングス」（証券コード: 43730）に関する具体的な略称、ニックネーム、製品名やブランド名の情報は私のデータベースには含まれていません。一般的には、企業の略称やニックネームはSNSや金融ニュースで独自に作られることが多いため、最新の情報を確認するにはそれらのプラットフォームを直接参照することをお勧めします。
43820,４３８２０,ＨＥＲＯＺ,HEROZ / 43820 / HEROZ AI / 将棋ウォーズ / ポケウォーカー / HEROZ Kishin / HEROZ Analytics / HEROZ Cloud / HEROZ Insight / HEROZ Chess
43840,４３８４０,ラクスル,ラクスル / 4384 / Raksul / ノバセル / ジャストプリント / ハコベル / ラクスルプリント / ラクスル広告 / ラクスル物流 / ラクスルマーケティング
43850,４３８５０,メルカリ,メルカリ / 43850 / メルペイ / メルカリショップス / メルカリチャンネル / メルカリ便 / メルカリNOW / メルカリステーション / メルカリメゾンズ / メルカリUS
43900,４３９００,アイ・ピー・エス,申し訳ありませんが、特定の企業やその証券コードに関連する略称、ニックネーム、製品名やブランド名についての具体的な情報を提供することはできません。ただし、一般的に企業の略称やニックネームは、企業名の一部や証券コードを基にして作られることが多いです。具体的な情報を知りたい場合は、公式な金融情報サイトや企業の公式ウェブサイトを参照することをお勧めします。
43960,４３９６０,システムサポートホールディングス,申し訳ありませんが、「システムサポートホールディングス」（証券コード: 43960）に関する具体的な略称、ニックネーム、製品名やブランド名のリストを提供することはできません。最新の情報は、公式ウェブサイトや金融ニュース、SNSなどで確認することをお勧めします。
44010,４４０１０,ＡＤＥＫＡ,ＡＤＥＫＡ / 44010 / アデカ / ADEKAクリーンエイド / ADEKAノンフロント / ADEKAクリーンエイドECO / ADEKAクリーンエイドEX / ADEKAクリーンエイドS / ADEKAクリーンエイドF / ADEKAクリーンエイドG
44030,４４０３０,日油,日油 / 44030 / NOF / ニチユ / ニチユオイル / ニチユケミカル / ニチユバイオ / ニチユフード / ニチユコスメ / ニチユマテリアル
44100,４４１００,ハリマ化成グループ,ハリマ化成グループ / 44100 / ハリマ / ハリマ化成 / ハリマグループ / ハリマケミカル / ロジン / ターペンタイン / ピッチ / ハリマエステル
44200,４４２００,イーソル,申し訳ありませんが、特定の企業に関する詳細な略称やニックネーム、製品名やブランド名を提供することはできません。ただし、一般的に企業の略称やニックネームは、会社名の一部や証券コードを基にしたものが多いです。例えば、「イーソル」や「44200」などが考えられます。具体的な製品名やブランド名については、公式の情報源や企業のウェブサイトを参照することをお
44320,４４３２０,ウイングアーク１ｓｔ,ウイングアーク１ｓｔ / 44320 / MotionBoard / Dr.Sum / SVF / WingArc / ウイングアーク / モーションボード / ドクターサム / エスブイエフ
44330,４４３３０,ヒト・コミュニケーションズ・ホールディングス,申し訳ありませんが、「ヒト・コミュニケーションズ・ホールディングス」（証券コード: 44330）に関する具体的な略称、ニックネーム、製品名やブランド名についての情報は持っていません。一般的には、会社名や証券コードそのものが略称として使われることが多いです。具体的な製品やブランド名については、公式ウェブサイトやプレスリリースなどで確認することをお勧めします。
44340,４４３４０,サーバーワークス,サーバーワークス / 44340 / サバワ / サーバーワークス株式会社 / Cloud Automator / AWS導入支援 / クラウドインテグレーション / サーバーワークスのクラウドサービス / サーバーワークスのAWSソリューション / サーバーワークスのクラウド管理サービス
44430,４４４３０,Ｓａｎｓａｎ,Sansan / 44430 / 名刺管理 / Eight / Sansan名刺 / Sansanアプリ / Sansanソリューション / Sansanクラウド / Sansanプラットフォーム / Sansanサービス
44490,４４４９０,ギフティ,ギフティ / giftee / eギフト / eGift / ギフティプレモ / giftee for Business / ギフティギフト / ギフティカード / ギフティモール / ギフティポイント
44520,４４５２０,花王,花王 / 4452 / ビオレ / メリーズ / アタック / キュレル / ソフィーナ / ロリエ / エッセンシャル / ニベア
44610,４４６１０,第一工業製薬,第一工業製薬 / 44610 / ダイコー / DKS / アクアフェアリー / アクアフェアリーリチウム / エコノール / エコノールシリーズ / アクアフェアリー燃料電池 / ダイコーケミカルズ
44620,４４６２０,石原ケミカル,石原ケミカル / 44620 / ISHIHARA / イシハラケミカル / 石ケミ / IC / イシハラ / 石原 / ケミカル / ISHIHARA CHEMICAL
44710,４４７１０,三洋化成工業,申し訳ありませんが、「三洋化成工業」（証券コード: 44710）に関する具体的な略称、ニックネーム、製品名やブランド名のリストを提供することはできません。ただし、一般的に企業の略称やニックネームは、社名の一部や証券コードを基にしたものが多いです。製品やブランド名については、企業の公式ウェブサイトやプレスリリースを参照することをお勧めします。
44800,４４８００,メドレー,"申し訳ありませんが、「メドレー」（証券コード: 44800）に関する具体的な略称、ニックネーム、製品名やブランド名の情報は持ち合わせていません。ただし、一般的に企業やその製品に関連する情報は以下のような形で表現されることがあります：

メドレー / 44800 / MEDLEY / CLINICS / JobMedley / MEDLEY HR / MEDLEY AI / MEDLEY CARE / MEDLEY HEALTH / MEDLEY TECH

これらは一般的な"
44810,４４８１０,ベース,申し訳ありませんが、「ベース」（証券コード: 44810）に関する具体的な略称、ニックネーム、製品名やブランド名についての情報は持っていません。一般的に企業やその製品に関連する情報は、公式ウェブサイトや金融ニュース、SNSなどで確認することができます。
44830,４４８３０,ＪＭＤＣ,ＪＭＤＣ / 44830 / JMDC / JMDC株式会社 / 医療ビッグデータ / JMDCデータ / JMDCアナリティクス / JMDCヘルスケア / JMDCクラウド / JMDCソリューション
45020,４５０２０,武田薬品工業,武田薬品工業 / 4502 / タケダ / エンタイビオ / ニンラーロ / アルニラム / アドセトリス / デクスリンサス / アジルバ / エンブレル
45030,４５０３０,アステラス製薬,アステラス製薬 / 45030 / XTANDI / Prograf / Vesicare / Mycamine / Evrenzo / XOSPATA / Betanis / Suglat
45060,４５０６０,住友ファーマ,住友ファーマ / 45060 / 住友製薬 / Sumitomo Pharma / ラツーダ / ラツーダ錠 / メマリー / メマリー錠 / アプティオ / トルバプタン
45070,４５０７０,塩野義製薬,塩野義製薬 / 45070 / シオノギ / イナビル / ゾフルーザ / ピーエムエス / クレストール / アクトス / ロナセン / フルナーゼ
45160,４５１６０,日本新薬,日本新薬 / 45160 / ニッシン / ニッシンファーマ / トランサミン / リンデロン / アルピニー / エスタック / ナシビン / ニトロール
45190,４５１９０,中外製薬,中外製薬 / 45190 / アクテムラ / アレセンサ / ヘムライブラ / ガザイバ / ロゼウム / アバスチン / テセントリク / エディロール
45210,４５２１０,科研製薬,科研製薬 / 45210 / ケミファ / ケミファ製薬 / ケミファグループ / ケミファ製品 / ケミファブランド / ケミファ薬品 / ケミファ医薬 / ケミファテクノロジー
45230,４５２３０,エーザイ,エーザイ / 45230 / アリセプト / ルネスタ / ハラヴェン / メチコバール / パリエット / デニスマブ / レンビマ / ベレンゾン
45260,４５２６０,理研ビタミン,理研ビタミン / 45260 / リケン / リケンのノンオイル / わかめスープ / リケンのふえるわかめちゃん / ドレッシング / リケンのわかめラーメン / リケンの素材力 / リケンのスープ
45270,４５２７０,ロート製薬,ロート製薬 / 45270 / メンソレータム / 肌ラボ / オバジ / デ・オウ / ロートCキューブ / ロートジー / ロートリセ / エピステーム
45280,４５２８０,小野薬品工業,小野薬品工業 / 45280 / オプジーボ / オノアクト / オノン / フィコンパ / エベレンゾ / グラセプター / オノファゴ / オノプロクト
45300,４５３００,久光製薬,久光製薬 / 45300 / サロンパス / フェイタス / アレグラFX / ラブ / エアサロンパス / モーラス / ナボリン / パップ
45340,４５３４０,持田製薬,持田製薬 / 45340 / 持田 / モチダ / フレディ / フレディCC / アトラント / アトラントクリーム / フレディメディカル / フレディスキンケア
45360,４５３６０,参天製薬,参天製薬 / 45360 / サンテ / サンテFX / サンテドウ / サンテ40 / サンテPC / サンテメディカル / サンテピュア / サンテアルフレッシュ
45380,４５３８０,扶桑薬品工業,扶桑薬品工業 / 45380 / 扶桑薬品 / 扶桑 / Fuso Pharmaceutical / アクアセル / アクアセルAG / アクアセルフォーム / アクアセルフォームAG / アクアセルフォームAG+
45400,４５４００,ツムラ,ツムラ / 45400 / ツムラ漢方 / バスクリン / ツムラのくすり / ツムラ製薬 / 漢方薬 / ツムラの漢方 / ツムラの健康食品 / ツムラの入浴剤
45430,４５４３０,テルモ,テルモ / 45430 / TERUMO / カテーテル / シリンジ / 血糖測定器 / デジタル体温計 / セーフティーニードル / ハートシート / オキシフロー
45440,４５４４０,Ｈ．Ｕ．グループホールディングス,Ｈ．Ｕ．グループホールディングス / 45440 / H.U.グループ / エイチ・ユー・グループ / 富士レビオ / SRL / 株式会社エスアールエル / 株式会社富士レビオ / プレシジョン・システム・サイエンス / PSS
45470,４５４７０,キッセイ薬品工業,キッセイ薬品工業 / 45470 / キッセイ / Kissei / グルファスト / ピオグリタゾン / アクトス / エビリファイ / アレセンサ / アジルバ
45480,４５４８０,生化学工業,生化学工業 / 45480 / バイオケミカル / ヒアルロン酸 / アルツ / アルツディスポ / ジュリア / バイオロン / ヒアレイン / バイオシン
45490,４５４９０,栄研化学,栄研化学 / 45490 / 栄研 / Eiken / Eiken Chemical / ラピッドテスト / フェカルカルプロテクチン / プロカルシトニン / イムノクロマト法 / 微生物検査
45510,４５５１０,鳥居薬品,鳥居薬品 / 45510 / トリヤク / トリヤク製薬 / トリヤクファーマ / トリヤクヘルス / トリヤクメディカル / トリヤク製品 / トリヤクブランド / トリヤク薬品
45520,４５５２０,ＪＣＲファーマ,JCRファーマ / 45520 / JCR / テムセル / グロウジェクト / メルクロン / アイソレックス / エリスロポエチン / アルプロスタジル / エポエチンアルファ
45530,４５５３０,東和薬品,"申し訳ありませんが、具体的な略称やニックネーム、製品名やブランド名についての情報は持ち合わせていません。ただし、一般的に企業名や証券コードがそのまま使われることが多いです。以下は一般的な例です：

東和薬品 / 45530

具体的な製品名やブランド名については、東和薬品の公式ウェブサイトや関連するニュースリリースをご確認ください。"
45540,４５５４０,富士製薬工業,富士製薬工業 / 45540 / 富士製薬 / 富士薬 / フジセイ / フジ製薬 / フジ薬 / フジメディカル / フジファーマ / フジヘルスケア
45590,４５５９０,ゼリア新薬工業,ゼリア新薬工業 / 45590 / ヘパリーゼ / コンドロイチン / アロパノール / プレフェミン / アサコール / プロマック / ゼリア / 新薬
45650,４５６５０,ネクセラファーマ,申し訳ありませんが、「ネクセラファーマ」（証券コード: 45650）に関する具体的な略称、ニックネーム、製品名やブランド名の情報は持ち合わせていません。最新の情報は金融ニュースやSNS、企業の公式発表などを参照してください。
45680,４５６８０,第一三共,第一三共 / 4568 / DAIICHI SANKYO / オルメテック / ネキシウム / ラニナミビル / エフィエント / モルヌピラビル / ルラシドン / クレストール
45690,４５６９０,杏林製薬,杏林製薬 / 45690 / キョーリン / キョーリン製薬 / MUCODYNE（ムコダイン） / CLARITH（クラリス） / KYORIN / キョーリン製薬ホールディングス / キョーリン製薬工業 / キョーリン製薬グループ
45740,４５７４０,大幸薬品,大幸薬品 / 45740 / 正露丸 / セイロガン / クレベリン / クレベ＆アンド / パブロン / セイロガン糖衣A / セイロガン糖衣 / セイロガン細粒
45770,４５７７０,ダイト,申し訳ありませんが、「ダイト」（証券コード: 45770）に関する具体的な略称、ニックネーム、製品名やブランド名の情報は持っていません。一般的に、企業の略称やニックネームはSNSや投資家の間で独自に作られることが多いです。また、製品やブランド名については、企業の公式ウェブサイトやプレスリリースを確認することで最新情報を得ることができます。
45780,４５７８０,大塚ホールディングス,大塚ホールディングス / 45780 / 大塚製薬 / ポカリスエット / オロナミンC / カロリーメイト / SOYJOY / ボンカレー / ネイチャーメイド / クリスタルガイザー
45870,４５８７０,ペプチドリーム,ペプチドリーム / 45870 / ペプチド / PD / ペプドリ / PDR / ペプチドリーム株式会社 / PeptiDream / ペプチスター / ペプチバリュー
46110,４６１１０,大日本塗料,申し訳ありませんが、「大日本塗料」（証券コード: 46110）に関する具体的な略称、ニックネーム、製品名やブランド名の情報は私のデータベースには含まれていません。一般的に企業名や証券コードはそのまま使用されることが多いですが、製品やブランド名については企業の公式ウェブサイトやプレスリリースを確認することをお勧めします。
46120,４６１２０,日本ペイントホールディングス,日本ペイントホールディングス / 46120 / 日本ペイント / ニッペ / NIPPON PAINT / NIPPE / パーフェクトトップ / ファインウレタン / ハイポン / エコフレッシュ
46130,４６１３０,関西ペイント,関西ペイント / 46130 / カンペ / アクア / レビオス / アレス / パワーシリコン / エコフレッシュ / セラMフッ素 / アクアシリコン
46170,４６１７０,中国塗料,中国塗料 / 46170 / チュウツ / チュウゴクトリョウ / チュウトリ / チュウト / チュウゴクペイント / チュウペ / チュウゴク塗料 / チュウゴクブランド
46200,４６２００,藤倉化成,藤倉化成 / 46200 / フジクラ / フジクラケミカル / フジクラグループ / フジクラ製品 / フジクラブランド / フジクラコーティング / フジクラペイント / フジクラテクノロジー
46260,４６２６０,太陽ホールディングス,太陽ホールディングス / 46260 / 太陽インク / 太陽 / 太陽HD / 太陽ホールディングス株式会社 / 太陽インキ / 太陽グループ / 太陽インクス / 太陽化学
46310,４６３１０,ＤＩＣ,DIC / 大日本インキ化学工業 / DIC株式会社 / DICグループ / DICカラー / DICインク / DIC樹脂 / DICフィルム / DICコーティング / DICピグメント
46330,４６３３０,サカタインクス,サカタインクス / 46330 / サカタ / INX / サカタインク / サカタインクス株式会社 / サカタインクスグループ / サカタインクス製品 / サカタインクスブランド / サカタインクスインク
46340,４６３４０,ａｒｔｉｅｎｃｅ,"申し訳ありませんが、具体的な企業や証券コードに関する詳細な情報を提供することはできません。ただし、一般的に企業の略称やニックネーム、製品名やブランド名は以下のような形式で表現されることがあります。

1. 企業名（例: アーティエンス）
2. 証券コード（例: 46340）
3. 略称（例: ART）
4. ニックネーム（例: アーティ）
5. ブランド名（例: アーティプロ"
46410,４６４１０,アルプス技研,アルプス技研 / 46410 / アルプス / ALPS / 技研 / Alps Giken / Alps技研 / Alps Engineering / AGK / アルプスエンジニアリング
46510,４６５１０,サニックス,サニックス / 46510 / SANIX / 太陽光発電システム / エコキュート / ソーラーパネル / 環境ソリューション / リサイクル事業 / エネルギーサービス / 環境保全
46580,４６５８０,日本空調サービス,日本空調サービス / 46580 / 日空 / NKS / 日本空調 / 空調サービス / NKSサービス / 日本空調システム / 空調メンテナンス / 日空サービス
46610,４６６１０,オリエンタルランド,オリエンタルランド / 46610 / OLC / 東京ディズニーランド / 東京ディズニーシー / ディズニーリゾート / TDR / ディズニーホテル / イクスピアリ / 舞浜アンフィシアター
46620,４６６２０,フォーカスシステムズ,フォーカスシステムズ / 46620 / フォーカス / フォーカスシス / FCS / フォーカスシステムズ株式会社 / フォーカスシステムズ株 / フォーカスシステムズグループ / フォーカスシステムズ製品 / フォーカスブランド
46650,４６６５０,ダスキン,ダスキン / 46650 / ミスタードーナツ / ミスド / ダスキンメリーメイド / ダスキンレントオール / ダスキンヘルスレント / ダスキンユニフォームサービス / ダスキンライフケア / ダスキンケアサービス
46660,４６６６０,パーク２４,パーク２４ / 46660 / タイムズ / タイムズカー / タイムズパーキング / タイムズクラブ / タイムズカープラス / タイムズレンタカー / タイムズカーシェア / タイムズビジネスサービス
46680,４６６８０,明光ネットワークジャパン,明光ネットワークジャパン / 46680 / 明光義塾 / 明光 / Meiko / Meiko Gijuku / 明光ネット / 明光ネットワーク / 明光ネットジャパン / 明光塾
46710,４６７１０,ファルコホールディングス,申し訳ありませんが、「ファルコホールディングス」（証券コード: 46710）に関する具体的な略称、ニックネーム、製品名やブランド名についての情報は持っていません。一般的に企業の略称やブランド名は、公式ウェブサイトや金融ニュース、SNSなどで確認することができます。
46740,４６７４０,クレスコ,クレスコ / 46740 / CRESCO / クレスコ株式会社 / Cresco / Cresco Tech / Cresco Solutions / Cresco IT / Cresco Services / Cresco Innovations
46760,４６７６０,フジ・メディア・ホールディングス,フジ・メディア・ホールディングス / フジテレビ / FNN / FNS / フジサンケイグループ / フジHD / フジメディア / フジ / 46760 / フジネットワーク
46800,４６８００,ラウンドワン,ラウンドワン / 46800 / ラウワン / ROUND1 / スポッチャ / ボウリング / カラオケ / アミューズメント / ゲームセンター / ビリヤード
46810,４６８１０,リゾートトラスト,リゾートトラスト / 4681 / エクシブ / サンメンバーズ / ベイコート倶楽部 / トラスティ / ホテルトラスティ / ホテルラフォーレ / ラグーナベイコート倶楽部 / セントレアホテル
46840,４６８４０,オービック,オービック / 46840 / OBIC7 / OBIC / OBIC Business Consultant / OBIC7 Enterprise / OBIC7 HR / OBIC7 Accounting / OBIC7 Sales / OBIC7 Manufacturing
46860,４６８６０,ジャストシステム,ジャストシステム / 46860 / 一太郎 / ATOK / ジャストホーム / ジャストスマイル / 花子 / JUST Office / JUST PDF / ジャストジャンプ
46870,４６８７０,ＴＤＣソフト,申し訳ありませんが、特定の企業の略称やニックネーム、製品名やブランド名についての具体的な情報を提供することはできません。ただし、一般的に企業の略称やニックネームは、会社名の一部や証券コードを基にしていることが多いです。例えば、「TDCソフト」や「46870」などが考えられます。製品やブランド名については、企業の公式ウェブサイトやプレスリリースを確認することをお
46890,４６８９０,ＬＩＮＥヤフー,LINEヤフー / Zホールディングス / ZHD / LINE / ヤフー / PayPay / LINE証券 / Yahoo! JAPAN / LINE Pay / Zフィナンシャル
46940,４６９４０,ビー・エム・エル,申し訳ありませんが、「ビー・エム・エル」（証券コード: 46940）に関する具体的な略称、ニックネーム、製品名やブランド名についての情報は持ち合わせていません。一般的に企業の略称やニックネームは、業界や投資家の間で自然発生的に使われることが多いですが、公式な情報がない場合は特定が難しいです。公式な製品名やブランド名については、企業の公式ウェブサイト
47040,４７０４０,トレンドマイクロ,トレンドマイクロ / 47040 / ウイルスバスター / Trend Micro / ウイルスバスタークラウド / Deep Security / Apex One / OfficeScan / InterScan / Smart Protection Network
47090,４７０９０,ＩＤホールディングス,申し訳ありませんが、「ＩＤホールディングス」（証券コード: 47090）に関する具体的な略称、ニックネーム、製品名やブランド名の情報は持っていません。一般的に企業の略称やニックネームは、業界内や投資家の間で自然発生的に使われることが多いです。製品やブランド名については、企業の公式ウェブサイトやプレスリリースなどで確認することをお勧めします。
47140,４７１４０,リソー教育,リソー教育 / 47140 / TOMEIKAI / Shingakai / Meimonkai / TOMEI / TOMAS / TOMAS Gym / TOMAS English / TOMAS Science
47160,４７１６０,日本オラクル,日本オラクル / 47160 / Oracle Cloud / Oracle Database / Oracle ERP / Oracle Fusion / Oracle NetSuite / Oracle Java / Oracle Analytics / Oracle Autonomous Database
47180,４７１８０,早稲田アカデミー,申し訳ありませんが、早稲田アカデミー（証券コード: 47180）に関する具体的な略称、ニックネーム、製品名やブランド名のリストを提供することはできません。ただし、一般的に企業の略称やブランド名は、企業の公式ウェブサイトやプレスリリース、または金融ニュースサイトで確認することができます。
47190,４７１９０,アルファシステムズ,アルファシステムズ / 47190 / アルファ / Alpha Systems / ALPHA / アルファシステムズ株式会社 / Alpha / ALPHA SYSTEMS / アルファソフト / アルファテクノロジー
47220,４７２２０,フューチャー,フューチャー / 47220 / FUTURE / フューチャーアーキテクト / FA / Future Architect / フューチャー株式会社 / フューチャーグループ / フューチャーソリューション / フューチャーイノベーション
47250,４７２５０,ＣＡＣ　Ｈｏｌｄｉｎｇｓ,ＣＡＣ / ＣＡＣホールディングス / 47250 / ＣＡＣグループ / CAC Holdings / CAC HD / CAC株式会社 / CAC製品 / CACサービス / CACブランド
47320,４７３２０,ユー・エス・エス,ユー・エス・エス / USS / 47320 / USSオークション / USSネットワーク / USSグループ / USS中古車オークション / USSジャパン / USSサービス / USSプラットフォーム
47330,４７３３０,オービックビジネスコンサルタント,オービックビジネスコンサルタント / OBC / 47330 / 勘定奉行 / 給与奉行 / 商奉行 / 奉行シリーズ / OBC奉行 / 奉行V / 奉行クラウド
47430,４７４３０,アイティフォー,申し訳ありませんが、「アイティフォー」（証券コード: 47430）に関する具体的な略称、ニックネーム、製品名やブランド名の情報は持ち合わせていません。一般的に企業名や証券コードがそのまま使われることが多いですが、詳細な情報は公式サイトや関連ニュース、SNSなどで確認することをお勧めします。
47450,４７４５０,東京個別指導学院,東京個別指導学院 / 47450 / 東京個別 / 個別指導 / TKG / ベネッセグループ / 個別指導学院 / 東京個別学院 / 個別指導塾 / 個別指導スクール
47460,４７４６０,東計電算,申し訳ありませんが、具体的な企業の略称やニックネーム、製品名、ブランド名についての詳細な情報は提供できません。一般的には、企業の略称やニックネームはSNSや金融ニュースでの使用状況によって異なることがあります。企業の公式ウェブサイトやプレスリリース、または金融情報サイトで確認することをお勧めします。
47510,４７５１０,サイバーエージェント,サイバーエージェント / 4751 / AbemaTV / Ameba / Amebaブログ / WINTICKET / AbemaNews / Abemaビデオ / Abemaラジオ / Abemaプレミアム
47550,４７５５０,楽天グループ,楽天 / 楽天グループ / 楽天市場 / 楽天カード / 楽天銀行 / 楽天証券 / 楽天モバイル / 楽天トラベル / 楽天ポイント / 47550
47630,４７６３０,クリーク・アンド・リバー社,クリーク・アンド・リバー社 / 47630 / C&R社 / クリーク社 / CREEK / C&R / C&R Creative / C&R Solutions / C&R Media / C&R Entertainment
47650,４７６５０,ＳＢＩグローバルアセットマネジメント,"申し訳ありませんが、「ＳＢＩグローバルアセットマネジメント」（証券コード: 47650）に関する具体的な略称、ニックネーム、製品名やブランド名についての情報は持ち合わせていません。一般的に使用される可能性のあるものとしては、以下のようなものが考えられます：

SBIグローバル / 47650 / SBIアセット / グローバルアセット / SBI資産管理 / SBI投資 / グローバル"
47670,４７６７０,テー・オー・ダブリュー,テー・オー・ダブリュー / 47670 / TOW / テーオーダブリュー / TOW株式会社 / TOW Co. / Ltd. / TOWグループ / TOWイベント / TOWプロジェクト / TOWマーケティング
47680,４７６８０,大塚商会,大塚商会 / 47680 / たのめーる / SMILE / AlphaOffice / ActiBook / eValue NS / CACHATTO / TOSMART / TACTICIAN
47760,４７７６０,サイボウズ,サイボウズ / 47760 / kintone / Garoon / サイボウズ Office / Cybozu Live / サイボウズデイズ / Cybozu KUN / サイボウズスタートアップ / Cybozu.com
47920,４７９２０,山田コンサルティンググループ,申し訳ありませんが、「山田コンサルティンググループ」に関連する略称、ニックネーム、製品名やブランド名についての具体的な情報は持ち合わせていません。一般的に使用される略称やニックネームがある場合は、金融ニュースやSNSでの文脈によって異なることがあります。証券コード「47920」はそのまま使用されることが多いです。具体的な情報を得るには、公式な発表や関連するニュースソースを確認
48010,４８０１０,セントラルスポーツ,セントラルスポーツ / 48010 / セントラル / セントラルフィットネス / セントラルウェルネス / セントラルキッズ / セントラルスイミング / セントラルジム / セントラルヨガ / セントラルダンス
48090,４８０９０,パラカ,申し訳ありませんが、「パラカ」（証券コード: 48090）に関連する略称、ニックネーム、製品名やブランド名についての具体的な情報は持っていません。パラカに関する情報は、公式な金融ニュースや企業の公式発表を参照することをお勧めします。
48120,４８１２０,電通総研,申し訳ありませんが、「電通総研」（証券コード: 48120）という企業に関する具体的な略称、ニックネーム、製品名やブランド名の情報は私のデータベースにはありません。もしかしたら、情報が不足しているか、存在しない可能性があります。電通総研に関する情報を確認するには、公式な情報源や金融ニュースを参照することをお勧めします。
48130,４８１３０,ＡＣＣＥＳＳ,ACCESS / アクセス / 48130 / NetFront / NetFront Browser / NetFront Agent / NetFront FlexUI / NetFront Living Connect / ACCESS Twine / PUBLUS
48190,４８１９０,デジタルガレージ,デジタルガレージ / DG / 48190 / デジガレ / DG Lab / Kaizen Platform / Open Network Lab / DG Ventures / DGフィナンシャルテクノロジー / DGコミュニケーションズ
48200,４８２００,イーエムシステムズ,申し訳ありませんが、具体的な企業の略称やニックネーム、製品名、ブランド名についての情報を提供することはできません。ただし、一般的に企業の略称やニックネームは、社名の一部や頭文字を使って作られることが多いです。製品名やブランド名については、企業の公式ウェブサイトやプレスリリースを参照することをお勧めします。
48250,４８２５０,ウェザーニューズ,ウェザーニューズ / 48250 / WNI / ウェザーニュース / ウェザーニュースタッチ / SOLiVE24 / ウェザーニュースLiVE / ウェザーニュースアプリ / ウェザーニュースキャスター / ウェザーニュースチャンネル
48260,４８２６０,ＣＩＪ,申し訳ありませんが、「ＣＩＪ」（証券コード: 48260）に関する具体的な略称、ニックネーム、製品名やブランド名の情報は持ち合わせていません。一般的に企業の略称やブランド名は、企業の公式ウェブサイトや金融ニュース、SNSなどで確認することができます。具体的な情報を得るためには、これらの情報源を直接ご確認いただくことをお勧めします。
48280,４８２８０,ビジネスエンジニアリング,申し訳ありませんが、「ビジネスエンジニアリング」（証券コード: 48280）に関連する略称、ニックネーム、製品名やブランド名についての具体的な情報は提供できません。一般的に、企業の略称や製品名は公式ウェブサイトやプレスリリース、または金融ニュースサイトで確認することができます。
48390,４８３９０,ＷＯＷＯＷ,WOWOW / WOW / ワウワウ / 4839 / WOWOWオンデマンド / WOWOWプライム / WOWOWライブ / WOWOWシネマ / WOWOWメンバーズオンデマンド / WOWOWステージ
48450,４８４５０,スカラ,申し訳ありませんが、「スカラ」（証券コード: 48450）に関する具体的な略称、ニックネーム、製品名やブランド名についての情報は持ち合わせていません。スカラ株式会社に関連する情報は公式ウェブサイトや金融ニュース、SNSなどで確認することをお勧めします。
48480,４８４８０,フルキャストホールディングス,フルキャストホールディングス / 48480 / フルキャスト / FCホールディングス / フルキャストグループ / フルキャストHD / フルキャストサービス / FC / フルキャストジョブ / フルキャストワーク
48490,４８４９０,エン・ジャパン,エン・ジャパン / 48490 / エン転職 / AMBI / ミドルの転職 / エン派遣 / エンエージェント / エンカレッジ / エンジニアHub / エン転職ウーマン
48800,４８８００,セルソース,セルソース / 48800 / セルソ / セルソース株式会社 / セルソースジャパン / セルソースバイオ / セルソースメディカル / セルソーステクノロジー / セルソースラボ / セルソースプロダクト
48860,４８８６０,あすか製薬ホールディングス,申し訳ありませんが、具体的な略称やニックネーム、製品名やブランド名についての情報は提供できません。ただし、一般的に企業の略称やニックネームは、会社名の一部や証券コードを基にしていることが多いです。例えば、「あすか製薬」や「48860」などが考えられます。製品やブランド名については、公式ウェブサイトやプレスリリースなどで確認することをお勧めします。
48870,４８８７０,サワイグループホールディングス,サワイグループホールディングス / 48870 / サワイ / Sawai / SAV / サワイ製薬 / SAVAY / SAVAYブランド / サワイジェネリック / サワイファーマ
49010,４９０１０,富士フイルムホールディングス,富士フイルム / 富士フイルムホールディングス / 49010 / FUJIFILM / アスタリフト / インスタントカメラ チェキ / Xシリーズ / フジノン / フジカラー / フジフィルム
49020,４９０２０,コニカミノルタ,コニカミノルタ / 49020 / コニカ / ミノルタ / bizhub / Accurio / Planetarium / SpectraMagic / AeroDR / MOBOTIX
49110,４９１１０,資生堂,資生堂 / 49110 / SHISEIDO / マキアージュ / エリクシール / アネッサ / クレ・ド・ポー ボーテ / ウィノア / dプログラム / ベネフィーク
49120,４９１２０,ライオン,ライオン / 49120 / クリニカ / システマ / チェックアップ / デントヘルス / Ban / ソフラン / キレイキレイ / トップ
49140,４９１４０,高砂香料工業,高砂香料工業 / 49140 / 高砂 / Takasago / タカサゴ / フレグランス / 香料 / アロマ / 香り / 香水
49170,４９１７０,マンダム,マンダム / 49170 / ギャツビー / ルシード / バリアリペア / ビフェスタ / ピアー / ウーノ / セルフカット / マンダムコーポレーション
49190,４９１９０,ミルボン,ミルボン / 49190 / MILBON / オルディーブ / プラーミア / ジェミールフラン / クロナ / ヴィラロドラ / エルジューダ / インフェノム
49220,４９２２０,コーセー,コーセー / 49220 / 雪肌精 / ジルスチュアート / コスメデコルテ / アディクション / ヴィセ / エスプリーク / ファシオ / プレディア
49230,４９２３０,コタ,申し訳ありませんが、「コタ」（証券コード: 49230）に関する具体的な略称、ニックネーム、製品名やブランド名を提供することはできません。ただし、一般的に企業の略称やニックネームは、企業名の一部や製品の特徴から派生することが多いです。具体的な情報については、公式の金融ニュースや企業の公式サイトを参照することをお勧めします。
49270,４９２７０,ポーラ・オルビスホールディングス,ポーラ・オルビスホールディングス / 49270 / ポーラ / オルビス / POLA / ORBIS / THREE / アペックス / ディセンシア / ジュリーク
49280,４９２８０,ノエビアホールディングス,ノエビア / ノエビアホールディングス / 49280 / ノエビア化粧品 / サナ / ノエビアグループ / ノエビアスタジオ / ノエビアファーム / ノエビアメディカル / ノエビアリゾート
49310,４９３１０,新日本製薬,新日本製薬 / 49310 / パーフェクトワン / パーフェクトワン薬用ホワイトニングジェル / パーフェクトワンクレンジングバーム / パーフェクトワンモイスチャージェル / パーフェクトワンリンクルストレッチジェル / パーフェクトワンCCクリーム / パーフェクトワン薬用リンクルストレッチジェル / パーフェクトワン薬用リンクルストレッチジェルEX
49330,４９３３０,Ｉ−ｎｅ,Ｉ−ｎｅ / 49330 / BOTANIST / SALONIA / SKINCARE LOUNGE BY BOTANIST / YOLU / LIPOWER / LUMIELINA / REFLE / HAIR RECIPE
49360,４９３６０,アクシージア,アクシージア / 49360 / AGtheory / Beauty Eyes / Venus Recipe / White Aminos / Enzyme Diet / AG Drink / AG Eyes / AG Drink EX
49510,４９５１０,エステー,エステー / 49510 / 消臭力 / ムシューダ / ドライペット / 消臭センサー / かおりムシューダ / 脱臭炭 / 消臭プラグ / 消臭スプレー
49560,４９５６０,コニシ,"申し訳ありませんが、「コニシ」（証券コード: 49560）に関する具体的な略称、ニックネーム、製品名やブランド名についての情報は持ち合わせていません。一般的に知られている情報として、コニシ株式会社は接着剤や化学製品を製造している企業で、「ボンド」ブランドが有名です。以下はその関連情報の例です：

コニシ / 49560 / ボンド / ボンド木工用 / ボンドG17 / ボンド"
49580,４９５８０,長谷川香料,長谷川香料 / 49580 / 長谷川 / HASEGAWA / 香料メーカー / フレグランス / アロマ / 香り / 香料 / 香水
49670,４９６７０,小林製薬,小林製薬 / 49670 / ブルーレット / サワデー / 熱さまシート / のどぬ〜る / アイスノン / トイレその後に / ケシミンクリーム / ナイシトール
49680,４９６８０,荒川化学工業,荒川化学工業 / 49680 / 荒川化学 / Arakawa Chemical / アラカワ / アラカワケミカル / アラカワ化学 / ピネックス / アラカワバイオ / アラカワポリマー
49710,４９７１０,メック,メック / MEC / 49710 / メック株式会社 / MEC Company Ltd. / BPS / V-Bond / MCF / SFシリーズ / Vシリーズ
49730,４９７３０,日本高純度化学,申し訳ありませんが、「日本高純度化学」（証券コード: 49730）に関する具体的な略称、ニックネーム、製品名やブランド名の情報は私のデータベースには含まれていません。一般的に企業の略称やニックネームは、業界や投資家の間で自然発生的に使われることが多いです。製品名やブランド名については、企業の公式ウェブサイトやプレスリリースなどで確認することを
49740,４９７４０,タカラバイオ,タカラバイオ / 49740 / Takara / Takara Bio / Clontech / TaKaRa / TaKaRa Bio / PrimeSTAR / In-Fusion / SMARTer
49750,４９７５０,ＪＣＵ,JCU / 49750 / メッキ薬品 / 表面処理技術 / エレクトロニクス材料 / 環境対応型製品 / プリント基板用薬品 / 電子部品用薬品 / 工業用薬品 / 環境保護技術
49790,４９７９０,ＯＡＴアグリオ,ＯＡＴアグリオ / 49790 / オーエーティーアグリオ / OAT / アグリオ / OATアグリオ / OAT Agrio / アグリオ製品 / 農薬 / 植物保護剤
49800,４９８００,デクセリアルズ,デクセリアルズ / 49800 / Dexerials / アニソル / アニソルフィルム / アニソルテープ / アニソルコート / アニソルシート / アニソルバリア / アニソルプロテクト
49850,４９８５０,アース製薬,アース製薬 / 49850 / アースジェット / バスロマン / モンダミン / サラテクト / アースノーマット / アースガーデン / アース虫よけネット / アースおすだけノーマット
49920,４９９２０,北興化学工業,北興化学工業 / 49920 / 北興化 / HOKKO / ホッコー / アグリサイエンス / アグリテック / 農薬 / 殺虫剤 / 除草剤
49940,４９９４０,大成ラミック,"申し訳ありませんが、「大成ラミック」に関する具体的な略称、ニックネーム、製品名やブランド名の情報は持っていません。ただし、一般的に使われる可能性のあるものとして以下のようなものが考えられます：

大成ラミック / 49940 / TAISEI LAMICK / ラミック / パウチ / フィルム / 包装材 / ラミネート / 食品包装 / 液体包装

これらは一般的な用"
49960,４９９６０,クミアイ化学工業,クミアイ化学工業 / 49960 / クミアイ / KUMIAI / KUMIAI CHEMICAL / アグリトップ / アグリスター / アグリパートナー / アグリプロ / アグリマスター
49970,４９９７０,日本農薬,日本農薬 / 49970 / 日農 / ニチノー / ニチノーケミカル / アグリトップ / アグリマスター / ニチノーグリーン / ニチノーガード / ニチノープロテクト
50110,５０１１０,ニチレキグループ,申し訳ありませんが、ニチレキグループ（証券コード: 50110）に関する具体的な略称、ニックネーム、製品名やブランド名についての情報は持っていません。一般的には、企業の略称やブランド名は公式ウェブサイトやプレスリリース、金融ニュースなどで確認することができます。具体的な情報を知りたい場合は、これらの情報源を参照することをお勧めします。
50130,５０１３０,ユシロ化学工業,ユシロ化学工業 / 50130 / ユシロ / Yushiro / YK化学 / ユシロケミカル / Yushiro Chemical / ユシロオイル / Yushiro Oil / ユシロケミカルプロダクツ
50170,５０１７０,富士石油,富士石油 / 50170 / 富士石油株式会社 / フジセキ / フジオイル / フジペトロ / フジ石油 / フジ石油製品 / フジブランド / フジオイル製品
50190,５０１９０,出光興産,出光興産 / 50190 / 出光 / IDEMITSU / アポロステーション / ゼプロ / ダフニ / エコパワー / 出光カード / シェルティス
50200,５０２００,ＥＮＥＯＳホールディングス,ＥＮＥＯＳ / ENEOS / ＥＮＥＯＳホールディングス / 5020 / ＪＸＴＧ / JXTG / エネオスカード / エッソ / モービル / ゼネラル
50210,５０２１０,コスモエネルギーホールディングス,コスモエネルギーホールディングス / コスモ / コスモ石油 / 50210 / コスモエネ / コスモエネルギー / コスモガソリン / コスモザカード / コスモアースコンシャスアクト / コスモスマートビークル
50320,５０３２０,ＡＮＹＣＯＬＯＲ,ＡＮＹＣＯＬＯＲ / 50320 / にじさんじ / NIJISANJI / ANYCOLOR Inc. / ANYCOLOR株式会社 / バーチャルライバー / VTuber / エニーカラー / ANYCOLOR
50740,５０７４０,テスホールディングス,申し訳ありませんが、「テスホールディングス」（証券コード: 50740）に関する具体的な略称、ニックネーム、製品名やブランド名についての情報は持ち合わせていません。最新の情報については、公式ウェブサイトや金融ニュース、SNSなどを確認してください。
50760,５０７６０,インフロニア・ホールディングス,申し訳ありませんが、「インフロニア・ホールディングス」（証券コード: 50760）に関する具体的な略称、ニックネーム、製品名やブランド名についての情報は持っていません。一般的には、企業の略称やニックネームはSNSや金融ニュースでの使用状況に依存するため、特定の情報源を参照することをお勧めします。
51010,５１０１０,横浜ゴム,横浜ゴム / 51010 / YOKOHAMA / ヨコハマタイヤ / ADVAN / GEOLANDAR / BluEarth / iceGUARD / PARADA / DNA S.drive
51050,５１０５０,ＴＯＹＯ　ＴＩＲＥ,ＴＯＹＯ　ＴＩＲＥ / 51050 / トーヨータイヤ / TOYO TIRES / PROXES / OPEN COUNTRY / NANOENERGY / TRANPATH / OBSERVE / DELVEX
51080,５１０８０,ブリヂストン,ブリヂストン / 51080 / BS / ブリジストン / ブリヂ / ブリヂストンタイヤ / POTENZA（ポテンザ） / TURANZA（トランザ） / ALENZA（アレンザ） / ECOPIA（エコピア）
51100,５１１００,住友ゴム工業,住友ゴム工業 / 51100 / ダンロップ / ファルケン / エナセーブ / ル・マン / ビューロ / スタッドレスタイヤ / ゼクシオ / スリクソン
51210,５１２１０,藤倉コンポジット,藤倉コンポジット / 51210 / 藤倉 / フジクラ / フジコン / フジクラコンポジット / FC / フジクラ製品 / フジクラブランド / フジクラテクノロジー
51220,５１２２０,オカモト,オカモト / 51220 / オカモトコンドーム / ゼロゼロスリー / ゼロワン / オカモトラテックス / オカモトゴム / オカモトプロダクツ / オカモト産業 / オカモトグループ
51420,５１４２０,アキレス,"申し訳ありませんが、「アキレス」（証券コード: 51420）に関する具体的な略称、ニックネーム、製品名やブランド名のリストを提供することはできません。ただし、一般的に企業の略称やブランド名は以下のような形式で存在することがあります：

アキレス / 51420 / アキレスシューズ / アキレスソール / アキレスシート / アキレスボード / アキレスフォーム / アキレスプラスチック / アキ"
51850,５１８５０,フコク,"申し訳ありませんが、「フコク」（証券コード: 51850）に関する具体的な略称、ニックネーム、製品名やブランド名の情報は持ち合わせていません。ただし、一般的に企業の略称やニックネームとして使われる可能性があるものを以下に示します。

フコク / 51850 / フコクゴム / フコク株式会社 / フコクタイヤ / フコクラバー / フコク製品 / フコクブランド / フコ"
51860,５１８６０,ニッタ,申し訳ありませんが、「ニッタ」（証券コード: 51860）に関する具体的な略称、ニックネーム、製品名やブランド名の情報は提供できません。一般的な情報やニュースを確認するには、公式の金融ニュースサイトや企業の公式ウェブサイトをご覧ください。
51910,５１９１０,住友理工,住友理工 / 51910 / SRI / Sumitomo Riko / TRI / エスアールアイ / ダンパー / ホース / 防振ゴム / 自動車部品
51920,５１９２０,三ツ星ベルト,申し訳ありませんが、「三ツ星ベルト」（証券コード: 51920）に関する具体的な略称、ニックネーム、製品名やブランド名のリストを提供することはできません。一般的に使用される略称やニックネームがある場合、それらは金融ニュースやSNSでの文脈によって異なることがあります。具体的な情報については、公式な情報源や金融ニュースを参照してください。
51950,５１９５０,バンドー化学,バンドー化学 / 51950 / バンドー / BANDO / バンドーケミカル / バンドーテック / バンドーベルト / バンドープロダクツ / バンドーシール / バンドーエンジニアリング
52010,５２０１０,ＡＧＣ,ＡＧＣ / 52010 / 旭硝子 / AGCグループ / AGCテクノグラス / AGCセラミックス / AGCエレクトロニクス / AGCケミカルズ / AGCガラス / AGCディスプレイ
52020,５２０２０,日本板硝子,日本板硝子 / NSG / 日本板硝子株式会社 / NSGグループ / Pilkington / スーパートップ / クリアフィット / クリアビュー / クリスタルビュー / ソーラーコントロール
52080,５２０８０,有沢製作所,申し訳ありませんが、「有沢製作所」（証券コード: 52080）に関する具体的な略称、ニックネーム、製品名やブランド名についての情報は持っていません。一般的には、企業の略称やニックネームはSNSや金融ニュースで独自に使われることが多いため、具体的な情報はそれらのプラットフォームを直接確認することをお勧めします。
52140,５２１４０,日本電気硝子,日本電気硝子 / 52140 / NEG / 日本電硝 / 電気硝子 / ネグ / EAGLE XG / EAGLE XG Slim / EAGLE XG Slim II / EAGLE XG Slim III
52180,５２１８０,オハラ,オハラ / 52180 / OHARA / オハラガラス / アイサイト / アイサイトガラス / アイサイトレンズ / オハラレンズ / オハラ製品 / オハラブランド
52320,５２３２０,住友大阪セメント,住友大阪セメント / 52320 / 住セ / 大阪セメント / 住友セメント / スミトモセメント / スミセ / セメントくん / パワーセメント / スーパーセメント
52330,５２３３０,太平洋セメント,太平洋セメント / 52330 / 太セメ / PACIFIC / パシフィックセメント / 太平洋 / 太平洋ブランド / パシセメ / 太平洋ポルトランドセメント / 太平洋スラグセメント
52620,５２６２０,日本ヒューム,"申し訳ありませんが、「日本ヒューム」に関する具体的な略称、ニックネーム、製品名やブランド名の情報は持ち合わせていません。ただし、一般的に企業名や証券コードがそのまま略称として使われることが多いです。以下はその例です：

日本ヒューム / 52620

具体的な製品名やブランド名については、公式ウェブサイトや関連資料をご確認ください。"
52690,５２６９０,日本コンクリート工業,日本コンクリート工業 / 5269 / 日コン / JCI / プレキャストコンクリート / PCポール / 電柱 / コンクリート製品 / プレストレストコンクリート / PCa製品
52730,５２７３０,三谷セキサン,申し訳ありませんが、「三谷セキサン」（証券コード: 52730）に関する具体的な略称、ニックネーム、製品名やブランド名の情報は持ち合わせていません。企業の略称やブランド名は、一般的に公式な情報源やSNS、金融ニュースなどで確認することができます。具体的な情報を知りたい場合は、公式な企業のウェブサイトや金融情報提供サービスを参照することをお勧めします。
52880,５２８８０,アジアパイルホールディングス,アジアパイルホールディングス / 52880 / アジアパイル / APH / パイル / アジアパイルHD / アジアパイルホールディングス株式会社 / アジアパイルグループ / アジアパイル製品 / アジアパイルブランド
53010,５３０１０,東海カーボン,東海カーボン / 53010 / トーカイ / TOKAI CARBON / カーボンブラック / カーボン製品 / カーボンブラシ / 黒鉛電極 / トーカイカーボン / 東海カーボン株式会社
53020,５３０２０,日本カーボン,"申し訳ありませんが、「日本カーボン」（証券コード: 53020）に関する具体的な略称、ニックネーム、製品名やブランド名の情報は持ち合わせていません。一般的に使用される可能性のあるものとしては、以下のようなものが考えられますが、実際の使用状況は確認が必要です。

日本カーボン / 53020 / 日カ / カーボン / Nippon Carbon / NC / グラファイト製品"
53100,５３１００,東洋炭素,申し訳ありませんが、「東洋炭素」（証券コード: 53100）に関する具体的な略称、ニックネーム、製品名やブランド名のリストを提供することはできません。ただし、一般的に企業の略称やニックネームは、会社名の一部や証券コードを基にしたものが多いです。具体的な情報は、公式の金融ニュースやSNS、企業の公式ウェブサイトなどで確認することをお勧めします。
53310,５３３１０,ノリタケ,ノリタケ / 53310 / ノリタケカンパニーリミテド / Noritake / ノリタケ食器 / ノリタケボーンチャイナ / ノリタケカンパニー / ノリタケセラミックス / ノリタケテーブルウェア / ノリタケグラインディングホイール
53320,５３３２０,ＴＯＴＯ,TOTO / 東陶機器 / ウォシュレット / ネオレスト / GGシリーズ / シンラ / サザナ / ピュアレスト / ハイブリッドエコロジーシステム / セフィオンテクト
53330,５３３３０,日本碍子,日本碍子 / NGK / NGK Insulators / 53330 / セラミック / NAS電池 / NOxセンサー / DPF（ディーゼル微粒子フィルター） / HONEYCERAM / EnerCera
53340,５３３４０,日本特殊陶業,日本特殊陶業 / 53340 / NGK / NGKスパークプラグ / NTK / NTKテクニカルセラミックス / スパークプラグ / イリジウムIX / プレミアムRX / O2センサー
53440,５３４４０,ＭＡＲＵＷＡ,申し訳ありませんが、具体的な企業の略称やニックネーム、製品名、ブランド名をリストアップすることはできません。ただし、一般的に企業の略称やニックネームは、企業名の一部や証券コード、製品名などから派生することが多いです。具体的な情報については、公式な情報源や金融ニュース、SNSなどを参照してください。
53510,５３５１０,品川リフラクトリーズ,品川リフラクトリーズ / 53510 / 品川耐火 / SHINAGAWA / REF / 品川 / シナガワ / 耐火物 / シナガワリフ / 品川製品
53520,５３５２０,黒崎播磨,黒崎播磨 / 53520 / 黒崎 / 播磨 / KROSAKI / KROSAKI HARIMA / Krosaki Harima Corporation / スピネル / アルミナ / マグネシア
53570,５３５７０,ヨータイ,申し訳ありませんが、具体的な企業の略称やニックネーム、製品名、ブランド名についての情報を提供することはできません。ただし、一般的に企業の略称やニックネームは、会社名の一部や証券コードを基にしていることが多いです。製品やブランド名については、企業の公式ウェブサイトやプレスリリースを参照することをお勧めします。
53840,５３８４０,フジミインコーポレーテッド,申し訳ありませんが、「フジミインコーポレーテッド」（証券コード: 53840）に関する具体的な略称、ニックネーム、製品名やブランド名のリストを提供することはできません。一般的に企業の略称やブランド名は、公式な情報源やニュース、SNSで確認することができます。公式ウェブサイトや金融情報サイトを参照することをお勧めします。
53930,５３９３０,ニチアス,ニチアス / 53930 / NICHIAS / パイプカバー / セラミックファイバー / フレキシブルダクト / 耐火材 / 断熱材 / ガスケット / シール材
54010,５４０１０,日本製鉄,日本製鉄 / 日鉄 / NSSMC / 新日鉄住金 / 新日鉄 / 5401 / 鉄鋼 / 日鉄ステンレス / 日鉄ソリューションズ / 日鉄エンジニアリング
54060,５４０６０,神戸製鋼所,神戸製鋼所 / 54060 / 神鋼 / Kobelco / コベルコ / コベルコ建機 / コベルコ鋼管 / コベルコマテリアル / コベルコエコソリューション / コベルコパワー
54080,５４０８０,中山製鋼所,中山製鋼所 / 54080 / 中山鋼 / ナカヤマ / 中山スチール / NKK / ナカヤマ製品 / 中山ブランド / 中山鋼材 / 中山製品
54100,５４１００,合同製鐵,合同製鐵 / 5410 / 合鉄 / GODO / Godo Steel / 合同製鉄 / 合同 / Godo / 合同スチール / 合同鉄
54110,５４１１０,ＪＦＥホールディングス,JFE / JFEホールディングス / JFEスチール / JFEエンジニアリング / JFE商事 / 54110 / JFEスチール株式会社 / JFEエンジニアリング株式会社 / JFE商事株式会社 / JFEスチール製品
54230,５４２３０,東京製鐵,"申し訳ありませんが、「東京製鐵」に関する具体的な略称、ニックネーム、製品名やブランド名についての詳細な情報は提供できません。ただし、一般的に企業の略称やニックネームとしては、会社名の一部や証券コードが使われることが多いです。以下はその例です：

東京製鐵 / 54230 / 東鉄 / TKK / Tokyo Steel

具体的な製品名やブランド名については、企業の公式ウェブサイトや製品"
54400,５４４００,共英製鋼,共英製鋼 / 54400 / 共英 / Kyoei Steel / KS / KSブランド / Kyoei / 鉄筋 / 鉄鋼製品 / Kyoei Steel Group
54440,５４４４０,大和工業,大和工業 / 54440 / 大和 / Yamato Kogyo / ヤマト / 鉄鋼製品 / 鉄筋 / 鋼材 / Yamato Steel / Yamato Brand
54450,５４４５０,東京鐵鋼,申し訳ありませんが、「東京鐵鋼」（証券コード: 54450）に関する具体的な略称、ニックネーム、製品名やブランド名についての情報は持ち合わせていません。一般的に企業名や証券コードがそのまま使われることが多いですが、詳細な情報は公式の企業サイトや金融ニュース、SNSなどで確認することをお勧めします。
54490,５４４９０,大阪製鐵,大阪製鐵 / 54490 / 大阪鉄 / 大鉄 / OSAKA STEEL / 大阪製鉄 / 鉄筋 / 鉄鋼 / 鉄鋼製品 / 鉄筋コンクリート用棒鋼
54510,５４５１０,淀川製鋼所,淀川製鋼所 / ヨドコウ / ヨド / Yodoko / YODO / ヨド物置 / ヨド倉庫 / ヨドガレージ / 54510 / ヨドコウスチール
54610,５４６１０,中部鋼鈑,中部鋼鈑 / 54610 / 中鋼 / Chubu Steel Plate / CSP / 鋼鈑 / 鋼板 / 鋼材 / スチールプレート / 中部鋼
54630,５４６３０,丸一鋼管,丸一鋼管 / 54630 / 丸一 / マルイチ / MARUICHI / MARUICHI STEEL TUBE / マルイチパイプ / 丸一パイプ / MARUICHI PIPE / MARUICHI TUBE
54640,５４６４０,モリ工業,申し訳ありませんが、「モリ工業」（証券コード: 54640）に関する具体的な略称、ニックネーム、製品名やブランド名についての情報は持っていません。一般的には、企業の略称やニックネームはSNSや金融ニュースで独自に使われることが多いため、具体的な情報はそれらの媒体を直接確認する必要があります。
54710,５４７１０,大同特殊鋼,大同特殊鋼 / 5471 / 大同 / Daido Steel / DSR / DSRブランド / ダイドースチール / 大同鋼 / 大同特鋼 / Daido Special Steel
54800,５４８００,日本冶金工業,日本冶金工業 / 日冶 / JFE / YAKIN / NAS / NAS 36 / NAS 64 / NAS 254 / NAS 354 / NAS 444
54810,５４８１０,山陽特殊製鋼,山陽特殊製鋼 / 54810 / 山陽特鋼 / Sanyo Special Steel / サンヨー / Sanyo / 特鋼 / HYPER / Sanyo Steel / Sanyo Seiko
54820,５４８２０,愛知製鋼,愛知製鋼 / 54820 / 愛鋼 / Aichi Steel / Aichi / Aichi Seiko / スチール / 鋼材 / 鍛造品 / 磁石製品
55410,５５４１０,大平洋金属,大平洋金属 / 5541 / 太平洋金属 / PAMCO / パムコ / フェロニッケル / ニッケル製品 / 鉄鋼材料 / 鉱石事業 / 環境リサイクル
55630,５５６３０,新日本電工,申し訳ありませんが、「新日本電工」（証券コード: 55630）に関する具体的な略称、ニックネーム、製品名やブランド名のリストを提供することはできません。ただし、一般的に企業の略称やニックネームは、会社名の一部や証券コードを基にしたものが多いです。例えば、「新日電工」や「55630」などが考えられます。製品やブランド名については、企業の公式ウェブサイトやプ
56020,５６０２０,栗本鐵工所,栗本鐵工所 / 56020 / 栗本 / クレモナ / クレモナロープ / クレモナホース / KURIMOTO / Kurimoto Iron Works / Kurimoto Group / Kurimoto Brand
56310,５６３１０,日本製鋼所,日本製鋼所 / JSW / 日鋼 / 日本製鋼 / 56310 / 日製鋼 / 日本製鋼所M&E / Hitz / 日鋼プラント / 日鋼機械
56320,５６３２０,三菱製鋼,三菱製鋼 / 56320 / 三菱スチール / MKK / ミツビシスチール / ミツビシ製鋼 / スチールプロダクツ / スプリング製品 / 鍛造品 / 特殊鋼
56590,５６５９０,日本精線,日本精線 / 56590 / 日精 / NAS / NAS線 / NASストランド / NASワイヤ / NASケーブル / NASフィラメント / NASチューブ
56980,５６９８０,エンビプロ・ホールディングス,申し訳ありませんが、「エンビプロ・ホールディングス」（証券コード: 56980）に関する具体的な略称、ニックネーム、製品名やブランド名についての情報は持ち合わせていません。一般的に企業の略称やニックネームは、業界や投資家の間で自然発生的に使われることが多いです。具体的な情報は、企業の公式ウェブサイトや金融ニュース、SNSなどで確認することをお勧めします
57020,５７０２０,大紀アルミニウム工業所,申し訳ありませんが、「大紀アルミニウム工業所」に関する具体的な略称、ニックネーム、製品名やブランド名の情報は私のデータベースにはありません。一般的には、企業の略称やニックネームは業界や地域によって異なる場合がありますので、公式な情報源やSNS、金融ニュースなどで確認することをお勧めします。
57030,５７０３０,日本軽金属ホールディングス,日本軽金属ホールディングス / 57030 / 日軽金 / NLM / 日軽 / 日本軽金属 / Nikkei Metal / Nikkei Aluminium / Nikkei Panel System / Nikkei MC Aluminium
57060,５７０６０,三井金属鉱業,三井金属鉱業 / 57060 / 三井金属 / Mitsui Kinzoku / MKC / パウダーテック / ケミカルズ / メタルズ / アドバンストマテリアルズ / エンジニアリング
57070,５７０７０,東邦亜鉛,東邦亜鉛 / 57070 / 東亜 / TOHO ZINC / ジンク / 亜鉛 / 東邦 / TOHO / 東邦亜鉛株式会社 / 東邦亜鉛グループ
57110,５７１１０,三菱マテリアル,三菱マテリアル / 57110 / MMC / 三菱マテ / ダイヤメタル / ネオジム磁石 / アルミ缶 / セメント / マテリアル / 三菱マテリアルグループ
57130,５７１３０,住友金属鉱山,住友金属鉱山 / 住友鉱 / SMM / 5713 / SUMITOMO METAL MINING / ニッケル / 金 / 銅 / パワー半導体材料 / バッテリー材料
57140,５７１４０,ＤＯＷＡホールディングス,ＤＯＷＡホールディングス / 57140 / ＤＯＷＡ / DOWAエコシステム / DOWAメタル / DOWAハイテック / DOWAエレクトロニクス / DOWAサーモテック / DOWAメタルテック / DOWA環境ソリューション
57150,５７１５０,古河機械金属,古河機械金属 / 57150 / 古河機金 / 古河鉱業 / フルカワ / FURUKAWA / フルカワマシナリー / フルカワメタル / フルカワグループ / フルカワブランド
57260,５７２６０,大阪チタニウムテクノロジーズ,大阪チタニウムテクノロジーズ / 57260 / 大チタ / OT / チタン製品 / スポンジチタン / 高純度チタン / チタン合金 / チタン粉末 / チタン素材
57270,５７２７０,東邦チタニウム,東邦チタニウム / 57270 / 東チタ / TOHO / Tohotitanium / スポンジチタン / チタンインゴット / チタン粉末 / チタン製品 / TTP
57410,５７４１０,ＵＡＣＪ,ＵＡＣＪ / 57410 / アルミニウム / アルミ板 / アルミ箔 / アルミ押出製品 / UACJグループ / UACJ製品 / UACJブランド / UACJホールディングス
57570,５７５７０,ＣＫサンエツ,申し訳ありませんが、「ＣＫサンエツ」（証券コード: 57570）に関する具体的な略称、ニックネーム、製品名やブランド名についての情報は持っていません。一般的には、企業名や証券コードがそのまま使われることが多いですが、詳細な情報は公式な資料やニュースソースを確認することをお勧めします。
58010,５８０１０,古河電気工業,古河電工 / 古河電気工業 / 58010 / FURUKAWA / FEC / FITEL / 光ファイバー / 電線 / ケーブル / エレクトロニクス
58020,５８０２０,住友電気工業,住友電工 / 住電 / Sumitomo Electric / SEI / 58020 / スミトモ / 光ファイバー / オプティカルファイバー / エレクトロニクスワイヤー / 自動車用ワイヤーハーネス
58030,５８０３０,フジクラ,フジクラ / 58030 / FJK / フジクラケーブル / フジクラ光ファイバー / フジクラ電線 / フジクラコネクタ / フジクラエレクトロニクス / フジクラテクノロジー / フジクラネットワーク
58050,５８０５０,ＳＷＣＣ,SWCC / 昭和電線ホールディングス / SWCC昭和電線 / SWCCグループ / SWCCケーブル / SWCCエナジー / SWCCシステム / SWCCテクノロジー / SWCC製品 / SWCCブランド
58210,５８２１０,平河ヒューテック,平河ヒューテック / 58210 / 平河 / ヒューテック / HIRAKAWA / HIRAKAWA HUTECH / 光ファイバーケーブル / 通信ケーブル / 電線 / ケーブルソリューション
58300,５８３００,いよぎんホールディングス,申し訳ありませんが、「いよぎんホールディングス」（証券コード: 58300）に関する具体的な略称、ニックネーム、製品名やブランド名についての情報は持ち合わせていません。金融ニュースやSNSで使用されている可能性のある一般的な略称やニックネームについては、直接それらのプラットフォームを確認することをお勧めします。
58310,５８３１０,しずおかフィナンシャルグループ,申し訳ありませんが、具体的な企業の略称やニックネーム、製品名、ブランド名についての詳細な情報は提供できません。ただし、一般的に企業の略称やニックネームは、企業名の一部や頭文字を使ったものが多いです。例えば、「しずおかフィナンシャルグループ」であれば、「しずフィナ」、「SFG」などが考えられます。製品やブランド名については、企業の公式ウェブサイトやプレスリリ
58320,５８３２０,ちゅうぎんフィナンシャルグループ,申し訳ありませんが、「ちゅうぎんフィナンシャルグループ」（証券コード: 58320）に関する具体的な略称、ニックネーム、製品名やブランド名についての情報は持っていません。一般的に企業の略称やニックネームは、SNSや金融ニュースでの使用状況に依存するため、特定の情報源を参照する必要があります。企業の公式ウェブサイトやプレスリリース、SNSアカウントなどを確認すること
58380,５８３８０,楽天銀行,楽天銀行 / 58380 / 楽天バンク / 楽天グループ / 楽天カード / 楽天ウォレット / 楽天ペイ / 楽天ポイント / 楽天市場 / 楽天証券
58440,５８４４０,京都フィナンシャルグループ,申し訳ありませんが、「京都フィナンシャルグループ」（証券コード: 58440）に関する具体的な略称、ニックネーム、製品名やブランド名についての情報は持ち合わせていません。金融機関や企業の略称やニックネームは、一般的にSNSや業界内での使用に依存するため、特定の情報が必要な場合は、公式な情報源やSNSのトレンドを直接確認することをお勧めします。
58510,５８５１０,リョービ,リョービ / RYOBI / 58510 / リョービグループ / リョービ電動工具 / リョービ建機 / リョービ精密 / リョービ鋳造 / リョービ印刷機 / リョービ製品
58570,５８５７０,ＡＲＥホールディングス,申し訳ありませんが、「ＡＲＥホールディングス」（証券コード: 58570）に関する具体的な略称、ニックネーム、製品名やブランド名についての情報は持っていません。日本の金融ニュースやSNSでの言及についても、私の知識の範囲では確認できません。最新の情報は、金融ニュースサイトやSNSで直接ご確認ください。
59010,５９０１０,東洋製罐グループホールディングス,東洋製罐グループホールディングス / 59010 / 東洋製罐 / TOYO SEIKAN / TSKG / ボトル缶 / スチール缶 / アルミ缶 / キャップ / PETボトル
59020,５９０２０,ホッカンホールディングス,ホッカンホールディングス / 59020 / 北海製罐 / HOKKAN / ホッカン / ホッカンHD / 北海 / 北海ホールディングス / ホッカンパッケージ / ホッカンボトリング
59090,５９０９０,コロナ,申し訳ありませんが、「コロナ」（証券コード: 59090）に関連する略称、ニックネーム、製品名やブランド名についての具体的な情報は持っていません。ただし、一般的に「コロナ」という名前は日本の企業である「株式会社コロナ」に関連して使用されることがあります。この企業は主に暖房機器や空調機器を製造しています。具体的な製品名やブランド名については、公式の情報源やニュースを参照することをお
59110,５９１１０,横河ブリッジホールディングス,申し訳ありませんが、「横河ブリッジホールディングス」に関連する略称、ニックネーム、製品名やブランド名についての具体的な情報は持ち合わせていません。一般的に企業の略称やニックネームは、業界やコミュニティによって異なる場合があります。公式な情報やSNSでの通称については、直接企業の公式サイトやSNSアカウント、または金融ニュースサイトなどを参照することをお勧めします。
59290,５９２９０,三和ホールディングス,申し訳ありませんが、「三和ホールディングス」（証券コード: 59290）に関する具体的な略称、ニックネーム、製品名やブランド名についての情報は持ち合わせていません。一般的に企業の略称やブランド名は、公式ウェブサイトや金融ニュース、SNSなどで確認することができます。
59300,５９３００,文化シヤッター,文化シヤッター / 59300 / 文化シャッター / BUNKA / シャッター / 文化シヤ / 文化 / BUNKA SHUTTER / 文化シヤッター工業 / 文化シャッター工業
59320,５９３２０,三協立山,三協立山 / 59320 / 三協アルミ / タテヤマアドバンス / 三協 / 立山 / 三協立山アルミ / 三協アルミニウム / 三協サッシ / タテヤマ
59330,５９３３０,アルインコ,アルインコ / 59330 / ALINCO / アルミはしご / フィットネス機器 / DIY用品 / 建設機材 / トランシーバー / ホームエクササイズ / アルミ足場
59380,５９３８０,ＬＩＸＩＬ,LIXIL / リクシル / INAX / トステム / 新日軽 / サンウエーブ / TOEX / GROHE / American Standard / DXV
59430,５９４３０,ノーリツ,ノーリツ / 59430 / NORITZ / エコジョーズ / ガス給湯器 / ユパティオ / システムバス / システムキッチン / ユニットバス / 温水暖房システム
59460,５９４６０,長府製作所,長府製作所 / 59460 / 長府 / CHOFU / エコキュート / ボイラー / 給湯器 / ヒートポンプ / ふろ給湯器 / ガス給湯器
59470,５９４７０,リンナイ,リンナイ / 59470 / Rinnai / ガス給湯器 / ガスコンロ / デリシア / グリル / マイクロバブルバスユニット / エコジョーズ / ユッコ
59490,５９４９０,ユニプレス,ユニプレス / 59490 / UNIPRES / プレス部品 / 自動車部品 / 車体部品 / シャーシ部品 / サスペンション部品 / ボディ部品 / 金型製品
59570,５９５７０,日東精工,日東精工 / 59570 / NITTO / NITTO SEIKO / NITTOSEIKO / NITTO SEIKO CO. / LTD. / NITTO FASTENERS / NITTO TOOLS / NITTO SYSTEMS / NITTO AUTOMATION
59590,５９５９０,岡部,申し訳ありませんが、具体的な企業の略称やニックネーム、製品名やブランド名についての情報は提供できません。ただし、一般的に企業の略称やニックネームは、会社名の一部や証券コード、製品名などから派生することが多いです。例えば、証券コードをそのまま使ったり、会社名の一部を短縮したりすることがあります。具体的な情報については、金融ニュースやSNS、企業の公式ウェブサイトなどを参
59700,５９７００,ジーテクト,ジーテクト / 59700 / G-TEKT / Gテクト / Gテク / G-TKT / Gテクノロジー / G-TEC / G-TECH / Gテック
59750,５９７５０,東プレ,東プレ / 59750 / TOPRE / トープレ / 東プレキーボード / REALFORCE / 東プレエアコンプレッサー / 東プレプレス機 / 東プレ自動車部品 / 東プレ冷凍機
59760,５９７６０,高周波熱錬,高周波熱錬 / 59760 / 高周波 / HIGHTEMP / HIGHTEMP工業 / 高周波工業 / HIGHTEMP製品 / 高周波製品 / 熱錬技術 / 高周波ブランド
59810,５９８１０,東京製綱,東京製綱 / 59810 / 東綱 / TOKYO ROPE / トーアロープ / トーアワイヤ / トーアケーブル / トーアネット / トーアスチール / トーアファイバー
59850,５９８５０,サンコール,申し訳ありませんが、サンコール（証券コード: 59850）に関する具体的な略称、ニックネーム、製品名やブランド名のリストを提供することはできません。サンコールに関連する情報は、公式のウェブサイトや金融ニュース、SNSなどで確認することをお勧めします。
59880,５９８８０,パイオラックス,パイオラックス / 59880 / PIOLAX / パイオ / ピオラックス / スプリング / ファスナー / 自動車部品 / エンジニアリングプラスチック / 精密部品
59890,５９８９０,エイチワン,エイチワン / H-ONE / 59890 / H1 / H-One / エイチワン株式会社 / H-ONE Corporation / H-ONEブランド / H-ONE製品 / H-ONEテクノロジー
59910,５９９１０,日本発條,日本発條 / 日発 / ニッパツ / 59910 / NHK SPRING / スプリング / サスペンション / 自動車部品 / 精密部品 / ばね
59920,５９９２０,中央発條,中央発條 / 59920 / CHKK / 中央ばね / CHUOH SPRING / スプリング / サスペンション / バネ / 自動車部品 / 精密部品
60050,６００５０,三浦工業,"申し訳ありませんが、「三浦工業」（証券コード: 60050）に関する具体的な略称、ニックネーム、製品名やブランド名についての情報は持ち合わせていません。ただし、一般的に企業の略称やニックネームは以下のような形式で使われることがあります：

1. 三浦工業
2. 60050
3. MIURA
4. ミウラ
5. ミウラボイラー
6. MIURAボイラー
7. 三"
60130,６０１３０,タクマ,申し訳ありませんが、具体的な証券コード「60130」に関連する企業情報や略称、ニックネーム、製品名、ブランド名については、私のデータベースには情報がありません。一般的に企業名や証券コードに関連する略称やニックネームは、企業の公式発表や金融ニュース、SNSなどで確認することができます。最新の情報は、信頼できる金融情報サイトやSNSで直接確認することをお勧めします。
60280,６０２８０,テクノプロ・ホールディングス,テクノプロ・ホールディングス / テクノプロ / 60280 / テクノプログループ / TechnoPro / テクノプロエンジニアリング / テクノプロIT / テクノプロR&D / TechnoPro Construction / TechnoPro Design
60350,６０３５０,アイ・アールジャパンホールディングス,アイ・アールジャパン / IRジャパン / IRJ / アイアール / 6035 / アイ・アールジャパンHD / IRJHD / アイ・アール / IRホールディングス / IRジャパンホールディングス
60360,６０３６０,ＫｅｅＰｅｒ技研,ＫｅｅＰｅｒ技研 / 60360 / キーパー / キーパーコーティング / ダイヤモンドキーパー / クリスタルキーパー / ピュアキーパー / Wダイヤモンドキーパー / EXキーパー / キーパープロショップ
60470,６０４７０,Ｇｕｎｏｓｙ,グノシー / Gunosy / 60470 / Gunosyニュース / グノシーアプリ / グノシーQ / グノシー広告 / Gunosy Ads / グノシーマーケット / Gunosyマーケティング
60500,６０５００,イー・ガーディアン,イー・ガーディアン / 60500 / E-Guardian / EG / イーガ / イーガーディアン株式会社 / ソーシャルガーディアン / サイバーガーディアン / セキュリティガーディアン / モニタリングガーディアン
60550,６０５５０,ジャパンマテリアル,ジャパンマテリアル / 60550 / JM / ジャパンマテ / Jマテ / JMテクノロジー / JMソリューション / JMプロダクツ / JMサービス / JMインダストリー
60580,６０５８０,ベクトル,ベクトル / 60580 / PR TIMES / アドベンチャー / ストラテジックPR / ベクトルスタジオ / ベクトルデザイン / ベクトルデジタル / ベクトルエージェンシー / ベクトルコミュニケーションズ
60620,６０６２０,チャーム・ケア・コーポレーション,"申し訳ありませんが、「チャーム・ケア・コーポレーション」（証券コード: 60620）に関する具体的な略称、ニックネーム、製品名やブランド名の情報は持ち合わせていません。一般的に使用される可能性のあるものとしては、以下のようなものが考えられますが、正確性は保証できません。

チャーム・ケア / チャーム / 60620 / チャームケア / チャームケアコーポレーション / チ"
60700,６０７００,キャリアリンク,キャリアリンク / 60700 / CL / キャリリンク / キャリアリンク株式会社 / キャリアリンクグループ / キャリアリンクサービス / キャリアリンクソリューション / キャリアリンクプロジェクト / キャリアリンクネットワーク
60710,６０７１０,ＩＢＪ,IBJ / アイビー / アイビーエス / IBJメンバーズ / IBJ婚活 / IBJパーティー / IBJ証券コード60710 / IBJ結婚相談所 / IBJウェディング / IBJネット婚活
60730,６０７３０,アサンテ,申し訳ありませんが、具体的な企業の略称やニックネーム、製品名、ブランド名についての情報は提供できません。ただし、一般的に企業の略称やニックネームは、企業名の一部や証券コード、またはその企業の代表的な製品やサービス名から取られることが多いです。具体的な情報を知りたい場合は、公式な金融情報サイトやSNSでの検索をお勧めします。
60780,６０７８０,バリューＨＲ,バリューHR / 60780 / バリューカフェテリア / バリュー健康保険組合 / バリューEAP / バリューウェルネス / バリュークラウド / バリューHRポータル / バリューサポート / バリューHRカード
60800,６０８００,Ｍ＆Ａキャピタルパートナーズ,M&Aキャピタル / M&Aキャピタルパートナーズ / 6080 / M&A CP / M&A Capital Partners / エムアンドエーキャピタル / M&A / M&Aパートナーズ / M&Aキャピ / M&AキャピタルP
60820,６０８２０,ライドオンエクスプレスホールディングス,ライドオンエクスプレスホールディングス / 証券コード: 6082 / 銀のさら / 釜寅 / ファインダイン / 宅配寿司 / 宅配釜飯 / デリバリー / 持ち帰り寿司 / ライドオン / RIDE ON EXPRESS
60880,６０８８０,シグマクシス・ホールディングス,申し訳ありませんが、「シグマクシス・ホールディングス」（証券コード: 60880）に関する具体的な略称、ニックネーム、製品名やブランド名についての情報は持ち合わせていません。一般的には、企業名や証券コードそのものが略称として使われることが多いですが、具体的なニックネームや製品名については、公式な情報源やSNSでの言及を確認する必要があります。
60890,６０８９０,ウィルグループ,ウィルグループ / 60890 / WILL GROUP / ウィル / WILL / ウィルグループ株式会社 / WILL GROUP Inc. / WILLグループ / ウィルグループHD / ウィルホールディングス
60950,６０９５０,メドピア,メドピア / 60950 / MedPeer / メドピ / メドピアグループ / MedPeer Lab / MedPeer Career / MedPeer Partners / MedPeer Academy / MedPeer Community
60980,６０９８０,リクルートホールディングス,リクルート / リクルートホールディングス / 60980 / リクナビ / ホットペッパー / ゼクシィ / スーモ / タウンワーク / indeed / リクルートエージェント
60990,６０９９０,エラン,申し訳ありませんが、具体的な企業の証券コードや略称、ニックネーム、製品名、ブランド名についての情報は提供できません。ただし、一般的に企業の略称やニックネームは、企業名の一部や関連するキーワードを基にしていることが多いです。具体的な情報については、公式な金融情報サイトや企業の公式発表をご確認ください。
61010,６１０１０,ツガミ,ツガミ / 61010 / TSUGAMI / プレシジョンマシン / CNC旋盤 / 自動旋盤 / 精密加工機械 / ターニングセンター / マシニングセンター / グラインディングマシン
61030,６１０３０,オークマ,オークマ / 61030 / Okuma / オークママシン / GENOS / MBシリーズ / MUシリーズ / MULTUS / LBシリーズ / VTMシリーズ
61040,６１０４０,芝浦機械,芝浦機械 / 61040 / 芝浦 / TOSHIBA MACHINE / TMロボット / Vシリーズ / EC-SXシリーズ / ISシリーズ / THLシリーズ / THシリーズ
61130,６１１３０,アマダ,アマダ / 61130 / アマダホールディングス / AMADA / アマダマシンツール / アマダプレスシステム / アマダミヤチ / アマダエンジニアリング / アマダオートメーション / アマダソフトウェア
61180,６１１８０,アイダエンジニアリング,アイダエンジニアリング / 6118 / アイダ / AIDA / AIDAプレス / アイダプレス / サーボプレス / プレス機械 / フォーミングシステム / 金型技術
61340,６１３４０,ＦＵＪＩ,申し訳ありませんが、特定の企業やその証券コードに関連する略称、ニックネーム、製品名やブランド名の具体的なリストを提供することはできません。ただし、一般的に企業の略称やニックネームは、企業名の一部や頭文字を使って作られることが多いです。また、製品名やブランド名は企業の公式ウェブサイトやプレスリリースなどで確認できることが多いです。
61350,６１３５０,牧野フライス製作所,牧野フライス製作所 / 61350 / マキノ / Makino / Vシリーズ / aシリーズ / Dシリーズ / EDAFシリーズ / EDGEシリーズ / Fシリーズ
61360,６１３６０,オーエスジー,オーエスジー / OSG / 61360 / タップ / ドリル / エンドミル / スレッドミル / 超硬工具 / 切削工具 / 精密工具
61400,６１４００,旭ダイヤモンド工業,旭ダイヤモンド工業 / 61400 / 旭ダイヤ / ADK / ダイヤモンドツール / 研磨工具 / 旭ダイヤモンド / ダイヤモンドブレード / 旭ダイヤモンド工業株式会社 / ダイヤモンドホイール
61410,６１４１０,ＤＭＧ森精機,ＤＭＧ森精機 / 61410 / DMG / 森精機 / DMG MORI / CELOS / LASERTEC / NHXシリーズ / NLXシリーズ / DMUシリーズ
61430,６１４３０,ソディック,ソディック / 61430 / Sodick / ソディック製品 / ソディックマシン / ソディック放電加工機 / ソディック射出成形機 / ソディックワイヤーカット / ソディック3Dプリンター / ソディックCNC
61460,６１４６０,ディスコ,ディスコ / 61460 / DISCO / ダイシングソー / グラインディングマシン / ダイサー / グラインダー / 半導体製造装置 / 精密加工装置 / ウェハプロセッサ
61510,６１５１０,日東工器,日東工器 / 61510 / 日東 / NITTO / クイックカプラ / ジェットタッカ / パワープレス / マイクロバブルジェネレータ / エアツール / 真空ポンプ
61570,６１５７０,日進工具,日進工具 / 61570 / NS TOOL / NSエンドミル / NSアルファ / NSメガ / NSハイスピード / NSマイクロ / NSカッター / NSドリル
61670,６１６７０,冨士ダイス,冨士ダイス / 61670 / 富士ダイス / FUJIDICE / ダイス / 超硬工具 / ワイヤーダイス / ダイヤモンド工具 / 超硬合金製品 / 精密工具
61780,６１７８０,日本郵政,日本郵政 / JP / ゆうちょ銀行 / かんぽ生命 / 郵便局 / ゆうパック / 郵政グループ / 61780 / 郵便事業 / 日本郵政グループ
61830,６１８３０,ベルシステム２４ホールディングス,ベルシステム２４ホールディングス / ベルシステム24 / ベル24 / ベルシス / ベルHD / 6183 / BELL24 / BELL SYSTEM24 / BELL24HD / BELL SYSTEM24HD
61840,６１８４０,鎌倉新書,鎌倉新書 / 61840 / 鎌倉 / Kamakura Shinsho / 終活ねっと / お坊さん便 / いい葬儀 / いい仏壇 / いいお墓 / シニアライフサポート
61910,６１９１０,エアトリ,エアトリ / 61910 / エアトリ旅行 / エアトリホテル / エアトリツアー / エアトリ航空券 / エアトリレンタカー / エアトリバケーション / エアトリポイント / エアトリクーポン
61940,６１９４０,アトラエ,アトラエ / 61940 / Green / wevox / yenta / BizReach / TalentBase / Atrae / アトラエ株式会社 / アトラエ証券
61960,６１９６０,ストライク,申し訳ありませんが、具体的な企業の略称やニックネーム、製品名やブランド名についての情報は提供できません。ただし、一般的に企業の略称やニックネームは、企業名の一部や証券コードを基にしたものが多いです。例えば、「ストライク」なら「ストライク」、「61960」、「STRK」などが考えられます。具体的な情報は、金融ニュースサイトやSNSでの使用例を確認することをお勧めします。
61970,６１９７０,ソラスト,ソラスト / 61970 / ソラストケア / ソラストメディカル / ソラストアカデミー / ソラスト訪問介護 / ソラストデイサービス / ソラスト保育 / ソラスト介護 / ソラスト医療事務
61990,６１９９０,セラク,セラク / 61990 / Seraku / 農業IoT / グリーンIT / i-Reporter / CareQube / SmartBee / Cloudia / Field Service Management
62000,６２０００,インソース,申し訳ありませんが、具体的な企業の略称やニックネーム、製品名、ブランド名をリストアップすることはできません。ただし、一般的に企業の略称やニックネームは、企業名の一部や証券コード、製品名などが使われることが多いです。具体的な情報については、金融ニュースやSNS、企業の公式ウェブサイトなどを参照してください。
62010,６２０１０,豊田自動織機,豊田自動織機 / 62010 / トヨタ自動織機 / TOYOTA INDUSTRIES / フォークリフト / 繊維機械 / コンプレッサー / エアコン / 物流機器 / 環境機器
62090,６２０９０,リケンＮＰＲ,申し訳ありませんが、「リケンＮＰＲ」（証券コード: 62090）に関する具体的な略称、ニックネーム、製品名やブランド名についての情報は持ち合わせていません。一般的には、企業名や証券コードがそのまま使われることが多いですが、特定の略称やニックネームがある場合は、金融ニュースやSNSでの使用例を直接確認するのが良いでしょう。
62220,６２２２０,島精機製作所,島精機製作所 / 62220 / 島精機 / SHIMA SEIKI / WHOLEGARMENT / SDS-ONE APEX / MACH2XS / SWGシリーズ / SIPシリーズ / P-CAM
62350,６２３５０,オプトラン,オプトラン / 62350 / OPTORUN / オプトコート / オプトフィルム / オプトシステム / オプトプロセス / オプトテクノロジー / オプトマシン / オプトデバイス
62370,６２３７０,イワキ,申し訳ありませんが、「イワキ」（証券コード: 62370）に関する具体的な略称、ニックネーム、製品名やブランド名についての情報は持っていません。一般的に企業の略称やニックネームは、業界や投資家の間で非公式に使われることが多く、公式なリストが存在しない場合があります。具体的な情報を得るには、金融ニュースやSNS、企業の公式発表を確認することをお勧めします
62380,６２３８０,フリュー,フリュー / 62380 / プリクラ / ガールズトレンド研究所 / フリューゲーム / フリューエンターテインメント / フリューアミューズメント / フリューグッズ / フリューアプリ / フリューキャラクター
62400,６２４００,ヤマシンフィルタ,ヤマシンフィルタ / 62400 / ヤマシン / YAMASHIN / ヤマシンフィルター / ヤマシンフィルターマスク / ナノフィルター / ナノフィルターマスク / ヤマシンナノフィルター / ヤマシンナノフィルターマスク
62470,６２４７０,日阪製作所,日阪製作所 / 62470 / HISAKA / HISAKAブランド / プレート式熱交換器 / バルブ / 自動化機器 / HISAKA製品 / HISAKAテクノロジー / HISAKAソリューション
62500,６２５００,やまびこ,申し訳ありませんが、「やまびこ」（証券コード: 62500）に関する具体的な略称、ニックネーム、製品名やブランド名のリストを提供することはできません。具体的な情報は、最新の金融ニュースやSNS、企業の公式ウェブサイトなどで確認することをお勧めします。
62540,６２５４０,野村マイクロ・サイエンス,野村マイクロ・サイエンス / 62540 / NMS / ノムラマイクロ / ノムラ / マイクロサイエンス / 超純水装置 / 水処理システム / AQUA / Pure Water
62580,６２５８０,平田機工,平田機工 / 62580 / Hirata / 平田 / Hirata Robotics / Hirata Automation / 平田ロボティクス / 平田オートメーション / Hirata Group / Hirata Engineering
62620,６２６２０,ＰＥＧＡＳＵＳ,申し訳ありませんが、具体的な企業や証券コードに関する情報は提供できません。一般的に、企業の略称やニックネーム、製品名やブランド名は公式な情報源や企業のウェブサイト、または金融ニュースやSNSで確認することができます。
62640,６２６４０,マルマエ,申し訳ありませんが、具体的な企業の略称やニックネーム、製品名、ブランド名についての情報は提供できません。ただし、一般的に企業の略称やニックネームは、企業名の一部や証券コードを基にしたものが多いです。例えば、「マルマエ」の場合、証券コード「62640」や「マルマエ」の一部を使った略称が考えられます。具体的な情報は、金融ニュースやSNS、企業の公式サイトなど
62660,６２６６０,タツモ,申し訳ありませんが、具体的な企業の略称やニックネーム、製品名、ブランド名をリストアップすることはできません。ただし、一般的に企業の略称やニックネームは、会社名の一部や証券コード、製品名の頭文字などから取られることが多いです。タツモに関しては、公式な情報源や金融ニュース、SNSなどで確認することをお勧めします。
62680,６２６８０,ナブテスコ,ナブテスコ / 62680 / Nabtesco / RV減速機 / TS減速機 / GMシリーズ / NABCO / T-SMART / G7シリーズ / ナブコ
62690,６２６９０,三井海洋開発,三井海洋開発 / 62690 / MODEC / FPSO / TLP / FSO / FLNG / MVシリーズ / 海洋プラント / 浮体式生産設備
62720,６２７２０,レオン自動機,レオン自動機 / 62720 / レオン / LEON / レオン自販機 / 自動販売機メーカー / レオン製品 / レオンブランド / レオン機械 / 自動機メーカー
62730,６２７３０,ＳＭＣ,SMC / エスエムシー / SMC株式会社 / 62730 / エアシリンダー / 空気圧機器 / 自動化機器 / 空圧機器 / モーションコントロール / 流体制御機器
62770,６２７７０,ホソカワミクロン,ホソカワミクロン / 62770 / ホソカワ / ミクロン / HOSOKAWA / Micron / ACM / Mikro / Alpine / Nauta
62780,６２７８０,ユニオンツール,ユニオンツール / 62780 / UNION / ユニオン / UT / ユニオンツール株式会社 / UNION TOOL / ユニオンカッター / ユニオンドリル / ユニオンエンドミル
62790,６２７９０,瑞光,申し訳ありませんが、特定の企業の略称やニックネーム、製品名やブランド名を具体的に挙げることはできません。ただし、一般的に企業の略称やニックネームは、企業名の一部や証券コード、製品名などが使われることが多いです。瑞光に関連する情報を知りたい場合は、公式ウェブサイトや金融ニュース、SNSなどで確認することをお勧めします。
62820,６２８２０,オイレス工業,オイレス工業 / 6282 / OILES / オイレスベアリング / オイレスブッシュ / オイレススライド / オイレスダンパー / オイレスシール / オイレスガイド / オイレステクノロジー
62840,６２８４０,日精エー・エス・ビー機械,日精エー・エス・ビー機械 / 62840 / ASB / 日精ASB / ASB機械 / ASBマシン / 日精 / PETボトル成形機 / ブロー成形機 / ASBシリーズ
62870,６２８７０,サトーホールディングス,サトーホールディングス / 62870 / SATO / CLNX / PW208 / TH2 / NXシリーズ / Argox / DataLase / SATOプリンター
62890,６２８９０,技研製作所,技研製作所 / 62890 / GIKEN / サイレントパイラー / プレス工法 / GIKEN SEISAKUSHO / Silent Piler / G-Pile / Giken / Giken Silent Piler
62910,６２９１０,日本エアーテック,申し訳ありませんが、「日本エアーテック」（証券コード: 62910）に関する具体的な略称、ニックネーム、製品名やブランド名の情報は持ち合わせていません。一般的に企業の略称やニックネームは、SNSや投資家の間で独自に作られることが多いため、公式な情報としては提供できないことがあります。公式な製品名やブランド名については、企業の公式ウェブサイトやプレスリリースを参照
62930,６２９３０,日精樹脂工業,日精樹脂工業 / 62930 / NISSEI / NISSEI PLASTIC / NEXシリーズ / FNXシリーズ / NEX-IV / NEX-Ⅲ / NEX-ⅢT / NEX-ⅢV
62980,６２９８０,ワイエイシイホールディングス,ワイエイシイホールディングス / YAC / 62980 / ワイエイシイ / YACホールディングス / YACグループ / ワイエイシイグループ / YACブランド / ワイエイシイ製品 / YAC製品
63010,６３０１０,小松製作所,小松製作所 / コマツ / KOMATSU / 6301 / KOMTRAX / PC200 / DANTOTSU / WAシリーズ / HBシリーズ / iMC
63020,６３０２０,住友重機械工業,住友重機械工業 / 63020 / 住重 / Sumitomo Heavy Industries / SHI / サムヒ / サムヘビー / サム重 / サム重工 / サム工
63050,６３０５０,日立建機,日立建機 / 63050 / 日立 / HITACHI / ZAXIS / EXシリーズ / ホイールローダー / ミニショベル / ダンプトラック / リジッドダンプトラック
63060,６３０６０,日工,日工 / 63060 / NIKKO / アスファルトプラント / コンクリートプラント / リサイクルプラント / 環境プラント / プラントエンジニアリング / 日工マシナリー / 日工テクノロジー
63090,６３０９０,巴工業,巴工業 / 63090 / 巴 / 巴フィルター / 巴ポンプ / 巴バルブ / 巴エンジニアリング / 巴化工 / 巴システム / 巴テクノロジー
63100,６３１００,井関農機,井関農機 / 63100 / ISEKI / イセキ / トラクタ / コンバイン / 田植機 / アグリテック / 農機具 / ブルーアース
63150,６３１５０,ＴＯＷＡ,ＴＯＷＡ / 63150 / トーワ / TOWA / 半導体製造装置 / パッケージング装置 / 封止装置 / ダイシングソー / モールディング装置 / 精密機器メーカー
63170,６３１７０,北川鉄工所,北川鉄工所 / 63170 / KITAGAWA / 北川チャック / 北川バイス / 北川ロボット / 北川製品 / 北川ブランド / 北川機械 / 北川工具
63230,６３２３０,ローツェ,ローツェ / 63230 / ローツェ株式会社 / ローツェグループ / ローツェ製品 / ローツェブランド / ローツェテクノロジー / ローツェシステム / ローツェソリューション / ローツェエンジニアリング
63260,６３２６０,クボタ,クボタ / 63260 / Kubota / トラクター / コンバイン / 田植機 / 水処理 / エンジン / 建設機械 / アグリソリューション
63280,６３２８０,荏原実業,荏原実業 / 63280 / 荏原 / EBARA / 荏原ポンプ / 荏原空調 / 荏原環境 / 荏原製品 / 荏原ブランド / 荏原技術
63300,６３３００,東洋エンジニアリング,"申し訳ありませんが、「東洋エンジニアリング」（証券コード: 63300）に関する具体的な略称、ニックネーム、製品名やブランド名についての情報は持っていません。ただし、一般的に企業の略称やニックネームは以下のような形式で使われることがあります：

東洋エンジ / 63300 / TOYO / 東洋エンジニアリング株式会社

具体的な製品名やブランド名については、公式ウェブサイトやプレス"
63310,６３３１０,三菱化工機,申し訳ありませんが、「三菱化工機」（証券コード: 63310）に関する具体的な略称、ニックネーム、製品名やブランド名についての情報は持ち合わせていません。一般的に使用される略称やニックネームは、企業の公式資料や金融ニュース、SNSなどで確認することができます。
63320,６３３２０,月島ホールディングス,申し訳ありませんが、「月島ホールディングス」（証券コード: 63320）に関する具体的な略称、ニックネーム、製品名やブランド名についての情報は持っていません。一般的に企業の略称やニックネームは、投資家やメディアによって独自に作られることが多いですので、金融ニュースやSNSでの使用例を直接確認することをお勧めします。
63330,６３３３０,帝国電機製作所,帝国電機製作所 / 63330 / 帝国電機 / テイコク / テイコクポンプ / テイコク製品 / テイコクブランド / テイコク技術 / テイコク品質 / テイコクイノベーション
63390,６３３９０,新東工業,新東工業 / 63390 / Sinto / 新東 / Sintoグループ / Sintoマシン / Sintoキャスト / Sintoエンジニアリング / Sintoテクノロジー / Sintoソリューション
63400,６３４００,澁谷工業,澁谷工業 / 63400 / 澁谷 / Shibuya / 澁谷マシン / 澁谷ロボティクス / 澁谷エンジニアリング / 澁谷テクノロジー / 澁谷オートメーション / 澁谷パッケージング
63450,６３４５０,アイチ　コーポレーション,アイチコーポレーション / 63450 / アイチ / AICHI / スカイマスター / 高所作業車 / 作業車 / バケット車 / AICHIブランド / アイチ製品
63490,６３４９０,小森コーポレーション,小森コーポレーション / 63490 / コモリ / KOMORI / Lithrone / Enthrone / Impremia / System G / System 38 / Lithrone GX
63510,６３５１０,鶴見製作所,"申し訳ありませんが、「鶴見製作所」（証券コード: 63510）に関する具体的な略称、ニックネーム、製品名やブランド名のリストを提供することはできません。ただし、一般的に企業の略称やニックネームは以下のような形式で存在することがあります：

1. 鶴見
2. 鶴見製
3. Tsurumi
4. Tsurumi Seisakusho
5. 63510
6. Tsurumi"
63580,６３５８０,酒井重工業,申し訳ありませんが、「酒井重工業」（証券コード: 63580）に関する具体的な略称、ニックネーム、製品名やブランド名についての情報は持っていません。一般的に企業の略称やニックネームは、業界や投資家の間で自然発生的に使われることが多いです。具体的な情報は、金融ニュースやSNS、企業の公式サイトなどで確認することをお勧めします。
63610,６３６１０,荏原製作所,荏原製作所 / 63610 / 荏原 / Ebara / Ebara Pumps / Ebara Chillers / Ebara Compressors / Ebara Fans / Ebara Precision Machinery / Ebara Environmental Plant
63630,６３６３０,酉島製作所,酉島製作所 / 63630 / 酉島 / トリシマ / トリシマポンプ / トリシマ製品 / トリシマブランド / 酉島ポンプ / 酉島製品 / 酉島ブランド
63640,６３６４０,北越工業,北越工業 / 63640 / AIRMAN / エアマン / 北越 / 北越ブルー / コンプレッサー / 発電機 / 建機 / 北越工業株式会社
63670,６３６７０,ダイキン工業,ダイキン工業 / 63670 / ダイキン / エアコン / うるさら / ストリーマ / フーハ / アルミック / デシカント / エコキュート
63680,６３６８０,オルガノ,オルガノ / 63680 / ORGANO / オルガノ株式会社 / 水処理装置 / 純水装置 / 超純水装置 / 水処理薬品 / 環境ソリューション / 水質分析サービス
63690,６３６９０,トーヨーカネツ,トーヨーカネツ / 63690 / TKC / トーヨーカネツ工業 / Toyo Kanetsu / TKK / トーヨーカネツプラント / トーヨーカネツ物流 / トーヨーカネツエンジニアリング / トーヨーカネツタンク
63700,６３７００,栗田工業,栗田工業 / 63700 / 栗田 / Kurita / クリーンウォーター / アクアシステム / 水処理ソリューション / Kurita Water Industries / KURITA / 水環境管理
63710,６３７１０,椿本チエイン,椿本チエイン / 63710 / TSUBAKI / 椿本 / チエイン / Tsubaki Chain / 椿本チェーン / Tsubaki Power Transmission / Tsubaki Conveyor / Tsubaki Automotive
63760,６３７６０,日機装,日機装 / 63760 / Nikkiso / メディカルポンプ / ダイアフラムポンプ / エアロスペース / 水処理システム / 医療機器 / 精密機器 / ポンプソリューション
63780,６３７８０,木村化工機,木村化工機 / 63780 / 木村 / キムラケミカル / 化工機 / KKK / Kimura Chemical / Kimura / 化工 / 木村機械
63790,６３７９０,レイズネクスト,申し訳ありませんが、「レイズネクスト」（証券コード: 63790）に関する具体的な略称、ニックネーム、製品名やブランド名の情報は持っていません。企業の略称や製品名は一般的に企業の公式サイトや金融ニュース、SNSなどで確認することができます。公式な情報源を参照してみてください。
63810,６３８１０,アネスト岩田,アネスト岩田 / 63810 / ANEST IWATA / 岩田 / アネスト / スプレーガン / コンプレッサー / 真空ポンプ / コーティング機器 / 塗装機器
63830,６３８３０,ダイフク,ダイフク / 63830 / DAIFUKU / FA&DA / AS/RS / Cleanroom Automation / Conveyor Systems / Material Handling Systems / Automated Storage / Logistics Solutions
63870,６３８７０,サムコ,申し訳ありませんが、「サムコ」（証券コード: 63870）に関する具体的な略称、ニックネーム、製品名やブランド名の情報は持っていません。一般的に使われる可能性のあるものとしては、会社名や証券コードそのものが使われることが多いです。具体的な情報は、公式ウェブサイトや金融ニュース、SNSなどで確認することをお勧めします。
63950,６３９５０,タダノ,タダノ / 63950 / クレーン / ラフテレーンクレーン / オールテレーンクレーン / トラッククレーン / グローブクレーン / デマグ / Tadano / Faun
64060,６４０６０,フジテック,フジテック / 64060 / フジテックエレベーター / フジテックエスカレーター / FJTEC / フジテックグループ / フジテックホールディングス / フジテックリフト / フジテックサービス / フジテックインターナショナル
64070,６４０７０,ＣＫＤ,ＣＫＤ / CKD株式会社 / CKD / CKD機器 / CKD自動化機器 / CKDエンジニアリング / CKDバルブ / CKDシリンダー / CKDフィルタ / CKDコンポーネント
64120,６４１２０,平和,平和 / 64120 / PGM / アクアガーデン / ゴルフパートナー / ゴルフ場運営 / パチンコ / パチスロ / ゴルフ用品 / ゴルフレッスン
64130,６４１３０,理想科学工業,理想科学工業 / 64130 / リソー / RISO / デュプロ / オルフィス / コムカラー / RISOGRAPH / EZシリーズ / SFシリーズ
64170,６４１７０,ＳＡＮＫＹＯ,ＳＡＮＫＹＯ / 64170 / フィーバー / CRシリーズ / パチンコ / パチスロ / ジェイビー / ビスティ / フィーバー機 / デジパチ
64180,６４１８０,日本金銭機械,日本金銭機械 / JCM / 日本金銭 / 64180 / JCMグループ / JCMホールディングス / JCMブランド / JCM製品 / JCMテクノロジー / JCMソリューションズ
64190,６４１９０,マースグループホールディングス,申し訳ありませんが、「マースグループホールディングス」（証券コード: 64190）に関する具体的な略称、ニックネーム、製品名やブランド名についての情報は持っていません。最新の情報は、公式ウェブサイトや金融ニュース、SNSなどで確認することをお勧めします。
64200,６４２００,フクシマガリレイ,フクシマガリレイ / 64200 / フクシマ / ガリレイ / 福島冷機 / フクシマ冷機 / フクシマガリレイ株式会社 / 福島ガリレイ / フクシマ冷蔵庫 / ガリレイ冷機
64300,６４３００,ダイコク電機,ダイコク電機 / 64300 / 大黒 / DK-SIS / VEGASIA / BiGMO PREMIUM / DK-EXCEL / DK-ALERT / DK-COUNT / DK-NEO
64320,６４３２０,竹内製作所,竹内製作所 / 64320 / TAKEUCHI / タケウチ / ミニショベル / クローラーローダー / 建設機械 / コンパクトトラックローダー / TLシリーズ / TBシリーズ
64360,６４３６０,アマノ,アマノ / 64360 / タイムレコーダー / クリーンシステム / 環境システム / セキュリティゲート / AMANO / 時間管理システム / 駐車場管理システム / バイオメトリクス
64400,６４４００,ＪＵＫＩ,ＪＵＫＩ / 64400 / ジューキ / JUKIミシン / JUKI工業用ミシン / JUKI家庭用ミシン / JUKIソーイングマシン / JUKIオーバーロックミシン / JUKI刺繍機 / JUKI自動機械
64450,６４４５０,ジャノメ,ジャノメ / Janome / 64450 / ジャノメミシン / Janome Sewing Machine / メモリークラフト / Memory Craft / センサークラフト / Sensor Craft / ホライゾン / Horizon
64480,６４４８０,ブラザー工業,ブラザー工業 / 64480 / ブラザー / Brother / P-touch / MFC / DCP / HL / ScanNCut / プリビオ
64540,６４５４０,マックス,申し訳ありませんが、「マックス」（証券コード: 64540）に関する具体的な略称、ニックネーム、製品名やブランド名のリストを提供することはできません。ただし、一般的に企業の略称やニックネームは、会社名そのものやその一部、製品のブランド名などが使われることがあります。具体的な情報については、公式な金融ニュースや企業の公式発表を参照してください。
64550,６４５５０,モリタホールディングス,モリタホールディングス / 64550 / モリタ / モリタ消防 / モリタエコノス / モリタミュージアム / モリタテクノス / モリタスチール / モリタエンジニアリング / モリタリサーチ
64570,６４５７０,グローリー,グローリー / 64570 / GLORY / グローリー株式会社 / G-BOS / GFS-2200 / RBG-300 / UW-Fシリーズ / CI-10 / Vertera
64580,６４５８０,新晃工業,申し訳ありませんが、「新晃工業」に関する具体的な略称、ニックネーム、製品名やブランド名の情報は持ち合わせていません。一般的に企業の略称やニックネームは、業界や地域、コミュニティによって異なる場合があります。具体的な情報を得るには、金融ニュースやSNS、企業の公式ウェブサイトなどを確認することをお勧めします。
64590,６４５９０,大和冷機工業,大和冷機工業 / 64590 / 大和冷機 / ダイワレイキ / DRK / クールキーパー / フリーザー / 冷凍ストッカー / 冷蔵ショーケース / 冷凍機
64600,６４６００,セガサミーホールディングス,セガサミーホールディングス / セガ / サミー / SEGA / Sammy / セガサミー / セガグループ / サミーグループ / セガゲームス / サミー遊技機
64630,６４６３０,ＴＰＲ,TPR / トピー / トピー工業 / トピーグループ / トピー製品 / トピーのホイール / トピーの鉄鋼 / トピーの自動車部品 / トピーの建設機械部品 / 64630
64640,６４６４０,ツバキ・ナカシマ,ツバキ・ナカシマ / 64640 / Tsubaki Nakashima / ボールベアリング / 転がり軸受 / 精密部品 / ベアリング / 軸受 / 精密機器 / Tsubaki
64650,６４６５０,ホシザキ,ホシザキ / 64650 / ホシザキ電機 / ホシザキ製氷機 / ホシザキ冷蔵庫 / ホシザキ食洗機 / ホシザキ厨房機器 / HOSHIZAKI / ホシザキ製品 / ホシザキブランド
64700,６４７００,大豊工業,申し訳ありませんが、「大豊工業」（証券コード: 64700）に関する具体的な略称、ニックネーム、製品名やブランド名の情報は持っていません。一般的に企業の略称やニックネームは、SNSや金融ニュースで独自に作られることが多いため、特定の情報源を参照する必要があります。製品やブランド名についても、公式な情報を確認することをお勧めします。
64710,６４７１０,日本精工,日本精工 / NSK / 6471 / ベアリング / 精工 / NSKベアリング / モーション&コントロール / 精工製品 / NSKリニア / 精工ブランド
64720,６４７２０,ＮＴＮ,ＮＴＮ / 6472 / ベアリング / トランスミッション / ドライブシャフト / 精密機器 / 自動車部品 / 産業機械 / グリーンパワー / スマートモビリティ
64730,６４７３０,ジェイテクト,ジェイテクト / 64730 / JTEKT / トヨタ工機 / KOYO / Koyoベアリング / TORSEN / DAIHATSU / JTEKTステアリングシステム / JTEKTマシンツール
64740,６４７４０,不二越,不二越 / 64740 / NACHI / ナチ / ナチスチール / ナチベアリング / ナチロボット / ナチ工具 / ナチ油圧 / ナチマシン
64790,６４７９０,ミネベアミツミ,ミネベアミツミ / 64790 / ミネベア / ミツミ / NMB / myonic / Paradox Engineering / NMB Minebea UK Ltd / NMB Technologies Corporation / MinebeaMitsumi Inc.
64800,６４８００,日本トムソン,"申し訳ありませんが、「日本トムソン」（証券コード: 64800）に関する具体的な略称、ニックネーム、製品名やブランド名の情報は持っていません。ただし、一般的に企業の略称やニックネームは以下のような形式で使われることがあります：

1. 日本トムソン
2. 64800
3. トムソン
4. THK（類似企業の例として）
5. トムソンベアリング（製品カテゴリ"
64810,６４８１０,ＴＨＫ,THK / 6481 / LMガイド / ボールねじ / アクチュエータ / クロスローラリング / リニアモーション / メカトロニクス / FA機器 / 精密機器
64820,６４８２０,ユーシン精機,ユーシン精機 / 64820 / ユーシン / Yushin / Yushin Precision Equipment / ハンドリングロボット / 取出ロボット / 自動化システム / Yushin Robotics / Yushin Automation
64850,６４８５０,前澤給装工業,申し訳ありませんが、「前澤給装工業」（証券コード: 64850）に関する具体的な略称、ニックネーム、製品名やブランド名についての情報は持っていません。一般的には、企業の略称やニックネームはSNSや金融ニュースで使われることがありますが、公式な情報としては提供されていないことが多いです。具体的な情報を得るには、企業の公式ウェブサイトやプレスリリース、または金融情報サイトを
64860,６４８６０,イーグル工業,イーグル工業 / 64860 / EKK / Eagle Industry / メカニカルシール / 自動車部品 / 流体機器 / シール製品 / ポンプ / バルブ
64900,６４９００,ＰＩＬＬＡＲ,申し訳ありませんが、「ＰＩＬＬＡＲ」（証券コード: 64900）に関する具体的な略称、ニックネーム、製品名やブランド名についての情報は持っていません。日本の金融ニュースやSNSでの使用例についても具体的なデータはありません。一般的に、企業やブランドに関する情報は公式な発表やニュースリリース、SNSの公式アカウントなどで確認することができます。
64980,６４９８０,キッツ,キッツ / KITZ / 64980 / KITZバルブ / KITZグループ / KITZエンジニアリングサービス / KITZメタルワークス / KITZバタフライバルブ / KITZステンレスバルブ / KITZ青銅バルブ
65010,６５０１０,日立製作所,日立製作所 / 65010 / 日立 / Hitachi / Lumada / Vantara / HiRAC / Hitachi Astemo / Hitachi Rail / Hitachi Energy
65030,６５０３０,三菱電機,三菱電機 / 65030 / MELCO / 三菱 / 霧ヶ峰 / DIATONE / REAL / VISEL / iNSTICK / Mr. Slim
65040,６５０４０,富士電機,富士電機 / 65040 / 富士電 / Fuji Electric / FDK / FRENIC / MICREX / FRENIC-VG / FRENIC-Ace / FRENIC-MEGA
65060,６５０６０,安川電機,安川電機 / 65060 / YASKAWA / 安川 / サーボモータ / ロボット / インバータ / モーションコントローラ / ドライブ / メカトロニクス
65070,６５０７０,シンフォニアテクノロジー,シンフォニアテクノロジー / 65070 / シンフォニア / SYMPHONY / パワーエレクトロニクス / 精密機器 / FAシステム / エレクトロニクス / モーションコントロール / 環境システム
65080,６５０８０,明電舎,明電舎 / 65080 / 明電 / Meiden / Meiden Group / Meiden Motor / Meiden Drive / Meiden Transformer / Meiden Switchgear / Meiden System
65160,６５１６０,山洋電気,山洋電気 / 65160 / サンヨー電機 / SANYO DENKI / SANUPS / SANMOTION / SANACE / COOLING SYSTEMS / POWER SYSTEMS / SERVO SYSTEMS
65170,６５１７０,デンヨー,デンヨー / 65170 / デンヨー株式会社 / Denyo / 発電機 / 溶接機 / コンプレッサー / デンヨー発電機 / デンヨー溶接機 / デンヨーコンプレッサー
65230,６５２３０,ＰＨＣホールディングス,ＰＨＣホールディングス / 65230 / PHC / パナソニックヘルスケア / バイオメディカ / アークレイ / ドクターズトイ / インフルエンザ迅速診断キット / 血糖値測定器 / 医療機器メーカー
65250,６５２５０,ＫＯＫＵＳＡＩ　ＥＬＥＣＴＲＩＣ,ＫＯＫＵＳＡＩ　ＥＬＥＣＴＲＩＣ / 65250 / コクサイ / コクサイエレクトリック / KOKUSAI / KOKUSAI ELECTRIC / KOKUSAI ELECTRIC CORPORATION / KOKUSAI製品 / KOKUSAIブランド / KOKUSAIテクノロジー
65260,６５２６０,ソシオネクスト,ソシオネクスト / 65260 / Socionext / ソシオ / SoC / SCX / SynQuacer / Milbeaut / SC2A11 / SC2000
65320,６５３２０,ベイカレント,ベイカレント / 6532 / ベイカレ / BayCurrent / BayCurrent Consulting / BCC / ベイカレント・コンサルティング / ベイカ / BayC / BayC Consulting
65330,６５３３０,Ｏｒｃｈｅｓｔｒａ　Ｈｏｌｄｉｎｇｓ,オーケストラHD / オーケストラホールディングス / 65330 / Orchestra Holdings / OH / オーケストラ / Orchestra / オーケストラグループ / Orchestra Group / オーケストラブランド
65350,６５３５０,アイモバイル,アイモバイル / 65350 / i-mobile / アイモバ / i-mobile Ad Network / i-mobile Affiliate / i-mobile for SP / i-mobile for PC / i-mobile Video Ads / i-mobile DSP
65390,６５３９０,ＭＳ−Ｊａｐａｎ,ＭＳ−Ｊａｐａｎ / 65390 / エムエスジャパン / MSJ / MS-Japan / 人材紹介 / 人材サービス / 転職支援 / キャリアサポート / 専門職紹介
65440,６５４４０,ジャパンエレベーターサービスホールディングス,ジャパンエレベーターサービスホールディングス / 65440 / JES / ジャパンエレベーター / エレベーターサービス / JESホールディングス / ジャパンエレベーターサービス / ジャパンエレベーターホールディングス / エレベーターホールディングス / ジャパンエレベータサービス
65600,６５６００,エル・ティー・エス,申し訳ありませんが、特定の企業やその証券コードに関連する略称、ニックネーム、製品名、ブランド名についての具体的な情報を提供することはできません。ただし、一般的に企業に関連する情報を調べる際は、公式ウェブサイトや金融ニュース、SNSなどを参照することをお勧めします。
65640,６５６４０,ミダックホールディングス,申し訳ありませんが、「ミダックホールディングス」（証券コード: 65640）に関する具体的な略称、ニックネーム、製品名やブランド名についての情報は持ち合わせていません。一般的に企業の略称やニックネームはSNSや投資家の間で自然発生的に使われることが多いため、公式なものがない場合もあります。具体的な情報を得るには、SNSや金融ニュースサイトを直接ご確認いただくことをお
65710,６５７１０,キュービーネットホールディングス,キュービーネットホールディングス / 65710 / QBハウス / キュービーネット / QB / キュービー / QBカット / キュービーネットHD / キュービーネットホールディングス株式会社 / QBプレミアムカット
65720,６５７２０,オープングループ,"申し訳ありませんが、「オープングループ」（証券コード: 65720）に関する具体的な略称、ニックネーム、製品名やブランド名の情報は持っていません。ただし、一般的に企業やその製品に関連する可能性のある名称を以下に示します。

オープングループ / 65720 / オープン / OG / オープンG / オープングループ製品 / オープングループサービス / オープングループブランド / オープングループSNS"
65840,６５８４０,三櫻工業,三櫻工業 / 6584 / 三櫻 / サクラ / SAKURA / 三櫻ホース / 三櫻チューブ / 三櫻ラジエーター / 三櫻インダストリー / 三櫻エンジニアリング
65860,６５８６０,マキタ,マキタ / 65860 / Makita / マキタ電動工具 / マキタバッテリー / マキタ掃除機 / マキタドリル / マキタチェーンソー / マキタインパクトドライバー / マキタ充電式工具
65880,６５８８０,東芝テック,東芝テック / 65880 / TEC / REGIUS / e-STUDIO / B-FV4D / B-EX4T / B-EP4DL / SurePOS / ST-A10
65900,６５９００,芝浦メカトロニクス,芝浦メカトロニクス / 65900 / 芝浦 / メカトロ / Shibaura Mechatronics / SMT / 芝浦メカ / メカトロニクス / Shibaura / 芝メカ
65920,６５９２０,マブチモーター,マブチモーター / 65920 / Mabuchi / マブチ / Mabuchi Motor / Mabuchiモーター / Mabuchi製品 / Mabuchiブランド / Mabuchi DCモーター / Mabuchi小型モーター
65940,６５９４０,ニデック,ニデック / 日本電産 / 6594 / Nidec / Nidec Motor / Nidec Servo / Nidec Copal / Nidec Sankyo / Nidec Shimpo / Nidec Techno Motor
66150,６６１５０,ユー・エム・シー・エレクトロニクス,ユー・エム・シー・エレクトロニクス / UMCエレクトロニクス / 66150 / UMC / ユーエムシー / UMCグループ / UMC電子 / ユー・エム・シー製品 / UMCブランド / ユー・エム・シー技術
66160,６６１６０,トレックス・セミコンダクター,トレックス・セミコンダクター / 66160 / トレックス / Torex / セミコン / トレックスIC / パワーマネジメントIC / DC/DCコンバータ / LDOレギュレータ / MOSFET
66170,６６１７０,東光高岳,申し訳ありませんが、「東光高岳」（証券コード: 66170）に関する具体的な略称、ニックネーム、製品名やブランド名の情報は手元にありません。一般的に企業の略称やニックネームは、SNSや金融ニュースで独自に作られることが多いため、特定の情報源を参照する必要があります。企業の公式サイトやプレスリリース、または金融ニュースサイトを確認することをお勧めします。
66190,６６１９０,ダブル・スコープ,ダブル・スコープ / 66190 / W-SCOPE / ダブスコ / WSCOPE / ダブルス / W-SCOPE Korea / セパレーター / リチウムイオン電池用セパレーター / バッテリー材料
66200,６６２００,宮越ホールディングス,申し訳ありませんが、「宮越ホールディングス」（証券コード: 66200）に関する具体的な略称、ニックネーム、製品名やブランド名についての情報は持ち合わせていません。一般的に企業の略称やニックネームは、SNSや投資家の間で独自に作られることが多いため、公式な情報としては存在しない場合があります。最新の情報は、金融ニュースやSNSで直接確認することをお勧めします。
66220,６６２２０,ダイヘン,ダイヘン / 66220 / ダイヘン電機 / ダイヘンロボット / ダイヘン溶接機 / ダイヘントランス / ダイヘンパワーエレクトロニクス / ダイヘンインバータ / ダイヘンアーク溶接 / ダイヘン自動化システム
66300,６６３００,ヤーマン,ヤーマン / YA-MAN / 66300 / メディリフト / RFボーテ / フォトプラス / キャビスパ / トルネードEMSリフト / スカルプドライヤー / 美顔器
66320,６６３２０,ＪＶＣケンウッド,JVCケンウッド / JVC / ケンウッド / Victor / ビクター / KENWOOD / JVCKENWOOD / 66320 / エブリオ / ウッドコーン
66380,６６３８０,ミマキエンジニアリング,ミマキエンジニアリング / 66380 / ミマキ / Mimaki / JVシリーズ / CJVシリーズ / UJFシリーズ / TSシリーズ / TXシリーズ / UCJVシリーズ
66440,６６４４０,大崎電気工業,大崎電気工業 / 66440 / 大崎電気 / OEC / OSAKI / スマートメーター / エナジーメーター / オサキメーター / オサキ電気 / OSAKI ELECTRIC
66450,６６４５０,オムロン,オムロン / 66450 / OMRON / オムロンヘルスケア / オムロンソーシアルソリューションズ / オムロンオートモーティブエレクトロニクス / HEMシリーズ / カルディオ / i-CUBE / ココロエンジン
66510,６６５１０,日東工業,日東工業 / 66510 / NITTO / NITTO KOGYO / NK / キュービクル / 配電盤 / 盤用機器 / キャビネット / 制御盤
66520,６６５２０,ＩＤＥＣ,申し訳ありませんが、具体的な企業の略称やニックネーム、製品名、ブランド名についての最新情報を提供することはできません。IDEC株式会社に関連する情報については、公式ウェブサイトや金融ニュース、SNSなどの信頼できる情報源を参照してください。
66740,６６７４０,ジーエス・ユアサ　コーポレーション,ジーエス・ユアサ / GSユアサ / GS YUASA / ジーエス・ユアサ コーポレーション / 66740 / ユアサバッテリー / エコアール / ECO.R / PRODA / ENELOOP
66760,６６７６０,メルコホールディングス,申し訳ありませんが、「メルコホールディングス」（証券コード: 66760）に関する具体的な略称、ニックネーム、製品名やブランド名のリストを提供することはできません。ただし、一般的に企業の略称やニックネームは、会社名の一部や関連するブランド名が使われることが多いです。メルコホールディングスの場合、関連するブランドとして「バッファロー」が知られています。
66780,６６７８０,テクノメディカ,テクノメディカ / 66780 / テクノ / メディカ / テクノメディカ株式会社 / 自動分析装置 / 血液検査機器 / 医療機器メーカー / テクノメディカ製品 / テクノメディカブランド
66990,６６９９０,ダイヤモンドエレクトリックホールディングス,ダイヤモンドエレクトリックホールディングス / 66990 / ダイヤモンド電機 / DEH / ダイヤモンドエレクトリック / ダイエレ / Diamond Electric / Diamond Electric Holdings / ダイヤモンド / ダイヤモンドエレクトリック製品
67010,６７０１０,日本電気,NEC / 日本電気 / 67010 / バリュースター / ラヴィ / VersaPro / Mate / Aterm / Express5800 / iPASOLINK
67020,６７０２０,富士通,富士通 / 67020 / 富士通ゼネラル / FMV / ScanSnap / Lifebook / ESPRIMO / PRIMERGY / SPARC / Arrows
67030,６７０３０,沖電気工業,沖電気工業 / OKI / OKIデータ / OKIプリンター / OKIネットワーク / OKIセミコンダクター / OKI通信システム / OKIエレクトロニクス / OKIソリューション / 67030
67060,６７０６０,電気興業,申し訳ありませんが、「電気興業」（証券コード: 67060）に関する具体的な略称、ニックネーム、製品名やブランド名についての情報は持ち合わせていません。一般的には、企業の略称やニックネームはSNSや金融ニュースで独自に使われることが多く、公式なものではない場合があります。製品やブランド名については、企業の公式ウェブサイトやプレスリリースを確認することをお勧めします。
67070,６７０７０,サンケン電気,サンケン電気 / 67070 / サンケン / Sanken / SK / サンケンパワー / サンケンテクノロジー / サンケンインバーター / サンケンコンバーター / サンケンLED
67180,６７１８０,アイホン,アイホン / アイホン株式会社 / 67180 / AIPHONE / アイホンインターホン / アイホンドアホン / アイホンセキュリティ / アイホンシステム / アイホンコミュニケーション / アイホン製品
67230,６７２３０,ルネサスエレクトロニクス,ルネサスエレクトロニクス / 67230 / ルネサス / Renesas / RXシリーズ / RAシリーズ / RL78シリーズ / RZシリーズ / Synergyプラットフォーム / Renesas Synergy
67240,６７２４０,セイコーエプソン,セイコーエプソン / エプソン / EPSON / 67240 / カラリオ / オフィリオ / スマートキャンバス / プリンタ / プロジェクター / スキャナー
67270,６７２７０,ワコム,ワコム / 67270 / Wacom / Intuos / Cintiq / Bamboo / One by Wacom / Wacom MobileStudio Pro / Wacom Pro Pen / Wacom Inkspace
67280,６７２８０,アルバック,アルバック / ULVAC / 67280 / 真空技術 / 半導体製造装置 / 表面分析装置 / 薄膜製造装置 / 真空ポンプ / スパッタリング装置 / コーティング装置
67300,６７３００,アクセル,アクセル / 67300 / AXELL / アクセル株式会社 / AXIP / AX-Motion / AX-Drive / AX-Graphics / AX-Engine / AX-Compute
67370,６７３７０,ＥＩＺＯ,EIZO / エイゾー / 67370 / FlexScan / ColorEdge / FORIS / RadiForce / DuraVision / CuratOR / Raptor
67400,６７４００,ジャパンディスプレイ,ジャパンディスプレイ / JDI / 67400 / WhiteMagic / FULL ACTIVE / Pixel Eyes / LTPS / IPS-NEO / Rælclear / Xbright
67410,６７４１０,日本信号,日本信号 / 6741 / JNS / 信号機 / 鉄道システム / 自動改札機 / 駐車場システム / セキュリティシステム / 信号制御装置 / 交通管理システム
67420,６７４２０,京三製作所,京三製作所 / 67420 / 京三 / KSK / 京三トランスミッション / 京三信号機 / 京三電機 / 京三システム / 京三エンジニアリング / 京三テクノロジー
67440,６７４４０,能美防災,能美防災 / 67440 / NOMURA / NOMURA FIRE / NOMURA FIRE PROTECTION / NOMURA SYSTEM / NOMURA SAFETY / NOMURA TECHNOLOGY / NOMURA SOLUTIONS / NOMURA PRODUCTS
67450,６７４５０,ホーチキ,ホーチキ / 67450 / HOC / 自動火災報知設備 / 火災報知器 / 防災システム / 火災警報器 / 消防設備 / 防災機器 / 火災探知機
67500,６７５００,エレコム,エレコム / ELECOM / 67500 / エレコムダイレクトショップ / ELECOM Wi-Fi / エレコムモバイルバッテリー / エレコムマウス / エレコムキーボード / エレコムイヤホン / エレコムルーター
67520,６７５２０,パナソニック　ホールディングス,パナソニック / Panasonic / 67520 / パナソニックホールディングス / ナショナル / VIERA / LUMIX / Let's note / eneloop / Gopan
67530,６７５３０,シャープ,シャープ / 67530 / AQUOS / RoBoHoN / Plasmacluster / Cocorobo / Mebius / Galapagos / J-Phone / Papyrus
67540,６７５４０,アンリツ,アンリツ / 67540 / Anritsu / MD8475A / MT8820C / MS2830A / Signal Analyzer / Network Master / Radio Communication Analyzer / Spectrum Analyzer
67550,６７５５０,富士通ゼネラル,富士通ゼネラル / 67550 / FG / ノクリア / nocria / ゼネラル / General / エアコン / 空調機器 / FUJITSU GENERAL
67580,６７５８０,ソニーグループ,ソニー / ソニーグループ / 67580 / プレイステーション / ウォークマン / ブラビア / α（アルファ） / サイバーショット / VAIO（バイオ） / Xperia（エクスペリア）
67620,６７６２０,ＴＤＫ,ＴＤＫ / 67620 / TDKラムダ / TDK Life on Record / TDKコンポーネント / TDKエレクトロニクス / TDKセラミック / TDKマグネティクス / TDKオートモーティブ / TDKセンサーズ
67630,６７６３０,帝国通信工業,申し訳ありませんが、「帝国通信工業」（証券コード: 67630）に関する具体的な略称、ニックネーム、製品名やブランド名についての情報は持ち合わせていません。一般的には、企業の略称やニックネームは業界内での通称やSNSでの使われ方によって異なることがあります。具体的な情報を得るには、最新の金融ニュースやSNSを直接確認することをお勧めします。
67680,６７６８０,タムラ製作所,タムラ製作所 / 67680 / タムラ / Tamura / タムラ電子 / タムラトランス / タムラコンポーネント / タムラオーディオ / タムラエレクトロニクス / タムラテクノロジー
67700,６７７００,アルプスアルパイン,アルプスアルパイン / 67700 / アルプス / Alpine / Alpineブランド / ALPS / Alpine Electronics / ALPINE STYLE / Alpine F#1 Status / Alpine Halo
67790,６７７９０,日本電波工業,日本電波工業 / 日本電波 / ND / NDK / 67790 / 水晶デバイス / 水晶振動子 / 水晶発振器 / フィルタ / タイミングデバイス
67850,６７８５０,鈴木,申し訳ありませんが、「鈴木」（証券コード: 67850）に関する具体的な略称、ニックネーム、製品名やブランド名の情報は持っていません。一般的に企業やブランドに関連する略称やニックネームは、業界内やSNSでの使用状況によって異なることがあります。具体的な情報を得るには、金融ニュースやSNS、企業の公式ウェブサイトなどを直接確認することをお勧めします。
67870,６７８７０,メイコー,メイコー / 67870 / MEIKO / プリント基板 / PCB / メイコーエレクトロニクス / メイコーPCB / メイコーグループ / メイコー製品 / メイコーブランド
67880,６７８８０,日本トリム,日本トリム / 67880 / TRIM / 電解水素水整水器 / トリムイオン / トリムウォーター / トリムボトル / トリムフィルター / トリムサーバー / トリムエコ
67940,６７９４０,フォスター電機,フォスター電機 / 67940 / Foster / フォスター / FOSTEX / フォステクス / フォスターグループ / フォスターオーディオ / フォスターエレクトロニクス / フォスターサウンド
67980,６７９８０,ＳＭＫ,申し訳ありませんが、具体的な企業の略称、ニックネーム、製品名やブランド名についての情報を提供することはできません。ただし、一般的な情報や質問についてはお手伝いできますので、他に何かお手伝いできることがあればお知らせください。
68000,６８０００,ヨコオ,申し訳ありませんが、具体的な企業の略称やニックネーム、製品名、ブランド名を提供することはできません。ただし、一般的に企業の略称やニックネームは、会社名の一部や証券コードを基にしたものが多いです。製品名やブランド名は、企業の公式ウェブサイトやプレスリリースで確認することができます。
68040,６８０４０,ホシデン,ホシデン / 68040 / HOSIDEN / ホシデン株式会社 / ホシデン電子 / ホシデン製品 / ホシデンブランド / HOSIDEN CORPORATION / ホシデンテクノロジー / ホシデンデバイス
68060,６８０６０,ヒロセ電機,ヒロセ電機 / 68060 / ヒロセ / Hirose / コネクタ / HRS / DFシリーズ / FHシリーズ / HRシリーズ / U.FLシリーズ
68070,６８０７０,日本航空電子工業,日本航空電子工業 / JAE / 68070 / コネクタ / 航空電子 / JAEコネクタ / JAEブランド / JAE製品 / JAEテクノロジー / JAEエレクトロニクス
68090,６８０９０,ＴＯＡ,申し訳ありませんが、特定の企業や証券コードに関連する略称、ニックネーム、製品名、ブランド名を具体的にリストアップすることはできません。ただし、一般的に企業に関連する情報としては、企業名、証券コード、主要製品やブランド名、業界での通称などが含まれることがあります。具体的な情報については、公式な企業のウェブサイトや金融情報サービスを参照してください。
68100,６８１００,マクセル,マクセル / 68100 / Maxell / マクセル電池 / マクセルテープ / マクセルディスク / マクセルプロジェクター / マクセルイヤホン / マクセルケーブル / マクセル充電器
68140,６８１４０,古野電気,古野電気 / 68140 / FURUNO / フルノ / NAVnet / GPシリーズ / DRSシリーズ / TZtouch / FARシリーズ / FAXシリーズ
68170,６８１７０,スミダコーポレーション,申し訳ありませんが、「スミダコーポレーション」（証券コード: 68170）に関する具体的な略称、ニックネーム、製品名やブランド名についての情報は持ち合わせていません。一般的には、企業の略称やニックネームはSNSや金融ニュースでの使用状況によって異なることがあります。具体的な情報を得るためには、最新のニュースやSNSの投稿を確認することをお勧めします。
68200,６８２００,アイコム,申し訳ありませんが、特定の企業に関する具体的な略称、ニックネーム、製品名やブランド名をリストアップすることはできません。ただし、一般的に企業の略称やニックネームは、会社名の一部や証券コードを基にしたものが多いです。また、製品名やブランド名は企業の公式ウェブサイトや製品カタログで確認することができます。
68230,６８２３０,リオン,リオン / 68230 / リオン株式会社 / RION / サウンドレベルメーター / 振動計 / オーディオアナライザー / 集音器 / 補聴器 / 環境計測器
68410,６８４１０,横河電機,横河電機 / 68410 / YOKOGAWA / YOKOGAWA Electric / CENTUM / ProSafe / OpreX / DPharp / YS1000 / YHC
68440,６８４４０,新電元工業,新電元工業 / 68440 / 新電元 / SHINDENGEN / パワー半導体 / 電源モジュール / EV充電器 / インバータ / DC-DCコンバータ / 電源ソリューション
68450,６８４５０,アズビル,アズビル / azbil / 山武 / 68450 / savic-net / Actival / Harmonas / Neosys / Valstaff / Smart Valve
68490,６８４９０,日本光電工業,日本光電工業 / 68490 / 日本光電 / Nihon Kohden / パルスオキシメーター / AED / 生体情報モニター / 心電計 / 脳波計 / デフィブリレーター
68500,６８５００,チノー,申し訳ありませんが、「チノー」（証券コード: 68500）に関する具体的な略称、ニックネーム、製品名やブランド名についての情報は持っていません。一般的に、企業の略称やニックネームはSNSや金融ニュースで独自に使われることが多いため、具体的な情報はそれらのプラットフォームで確認するのが良いでしょう。
68550,６８５５０,日本電子材料,日本電子材料 / 68550 / JEM / 日本電子 / JEMCO / プローブカード / テストソケット / 半導体検査装置 / JEMブランド / JEM製品
68560,６８５６０,堀場製作所,堀場製作所 / 68560 / HORIBA / HORIBAグループ / HORIBAテクノサービス / HORIBAインスツルメンツ / HORIBAアドバンスドテクノロジー / HORIBAメディカル / HORIBAサイエンス / HORIBAオートモーティブ
68570,６８５７０,アドバンテスト,アドバンテスト / Advantest / 68570 / V93000 / T2000 / EVA100 / MPT3000 / TAS7500 / T5503 / T5830
68590,６８５９０,エスペック,エスペック / 68590 / ESPEC / 恒温恒湿器 / 環境試験装置 / プラズマクリーナー / バッテリー試験装置 / 冷熱衝撃試験装置 / 信頼性試験装置 / クリーンオーブン
68610,６８６１０,キーエンス,キーエンス / 6861 / KEYENCE / KVシリーズ / IVシリーズ / SRシリーズ / CAシリーズ / FDシリーズ / GTシリーズ / LJシリーズ
68660,６８６６０,日置電機,日置電機 / 68660 / HIOKI / 日置 / クランプメーター / 電力計 / 絶縁抵抗計 / デジタルマルチメーター / メモリハイコーダ / 電圧計
68690,６８６９０,シスメックス,シスメックス / 6869 / Sysmex / シスメックス株式会社 / XNシリーズ / UNシリーズ / CSシリーズ / HISCL / ポケットケム / スタックス
68710,６８７１０,日本マイクロニクス,申し訳ありませんが、「日本マイクロニクス」（証券コード: 68710）に関する具体的な略称、ニックネーム、製品名やブランド名についての情報は持ち合わせていません。一般的な情報としては、企業名や証券コードがそのまま使われることが多いです。具体的な略称や製品名については、公式ウェブサイトや関連するニュースソースをご確認ください。
68750,６８７５０,メガチップス,申し訳ありませんが、「メガチップス」（証券コード: 68750）に関する具体的な略称、ニックネーム、製品名やブランド名のリストを提供することはできません。一般的に、企業の略称や製品名は公式な情報源や企業のウェブサイトで確認することができます。メガチップスの公式な情報を確認することをお勧めします。
68770,６８７７０,ＯＢＡＲＡ　ＧＲＯＵＰ,申し訳ありませんが、「ＯＢＡＲＡ　ＧＲＯＵＰ」（証券コード: 68770）に関する具体的な略称、ニックネーム、製品名やブランド名の情報は私のデータベースには含まれていません。一般的には、企業の略称やニックネームは業界や地域によって異なることがありますので、具体的な情報は企業の公式サイトや金融ニュース、SNSなどで確認することをお勧めします。
68790,６８７９０,ＩＭＡＧＩＣＡ　ＧＲＯＵＰ,申し訳ありませんが、「ＩＭＡＧＩＣＡ　ＧＲＯＵＰ」に関する具体的な略称、ニックネーム、製品名やブランド名のリストを提供することはできません。ただし、一般的に企業名や証券コードがそのまま略称として使われることが多いです。例えば、「IMAGICA」、「68790」などが考えられます。製品やブランド名については、公式ウェブサイトやプレスリリースを参照することを
69020,６９０２０,デンソー,デンソー / 69020 / DENSO / デンソーテクノ / デンソーウェーブ / デンソーエアコン / デンソーラジエーター / デンソーセンサー / デンソーECU / デンソースパークプラグ
69050,６９０５０,コーセル,コーセル / 69050 / COSEL / コーセル株式会社 / スイッチング電源 / ノイズフィルタ / DC-DCコンバータ / 電源モジュール / EMIフィルタ / AC-DCコンバータ
69080,６９０８０,イリソ電子工業,イリソ電子工業 / 69080 / イリソ / IRISO / コネクタ / ボード・ツー・ボードコネクタ / FPCコネクタ / 車載用コネクタ / 電子部品 / 接続ソリューション
69140,６９１４０,オプテックスグループ,オプテックスグループ / 69140 / OPTEX / オプテックス / REDSCAN / OVSシリーズ / OAシリーズ / VXSシリーズ / RLSシリーズ / BGSシリーズ
69150,６９１５０,千代田インテグレ,千代田インテグレ / 69150 / 千代田 / インテグレ / CI / Chiyoda Integre / インテグレ製品 / 千代田ブランド / CI製品 / 千代田インテグレ製品
69200,６９２００,レーザーテック,レーザーテック / 69200 / LST / レーザーテック株式会社 / マスクブランクス / レチクル検査装置 / ウェーハ検査装置 / マスク検査装置 / 半導体検査装置 / レーザー技術
69230,６９２３０,スタンレー電気,スタンレー電気 / 69230 / スタンレー / Stanley / LED / 自動車照明 / ヘッドランプ / テールランプ / スタンレーランプ / スタンレーライト
69250,６９２５０,ウシオ電機,ウシオ電機 / 69250 / ウシオ / Ushio / Care222 / Zylight / Christie / Xenon / Super High Pressure UV Lamps / Epitex
69290,６９２９０,日本セラミック,申し訳ありませんが、「日本セラミック」（証券コード: 69290）に関する具体的な略称、ニックネーム、製品名やブランド名のリストを提供することはできません。ただし、一般的に企業の略称やニックネームは、会社名の一部や証券コードを基にしたものが多いです。具体的な情報については、公式な企業のウェブサイトや金融ニュース、SNSなどで確認することをお勧めします。
69370,６９３７０,古河電池,古河電池 / 69370 / FB / Super Battery / FCP（古河キャパシタパワー） / FCM（古河キャパシタモジュール） / ECHNO / FURUKAWA BATTERY / FBバッテリー / 古河電池株式会社
69410,６９４１０,山一電機,申し訳ありませんが、「山一電機」（証券コード: 69410）に関する具体的な略称、ニックネーム、製品名やブランド名の情報は持ち合わせていません。一般的に、企業の略称やニックネームはSNSや金融ニュースで独自に使われることが多いため、特定の情報源を参照する必要があります。製品やブランド名については、企業の公式ウェブサイトやプレスリリースを確認することをお勧め
69470,６９４７０,図研,図研 / 69470 / CR-5000 / CR-8000 / Design Force / Design Gateway / Board Viewer / DS-CR / Visual BOM / eParts Manager
69510,６９５１０,日本電子,申し訳ありませんが、「日本電子」（証券コード: 69510）に関する具体的な略称、ニックネーム、製品名やブランド名のリストを提供することはできません。ただし、一般的に企業名や証券コード、製品ブランド名が略称やニックネームとして使われることがあります。具体的な情報については、公式の企業サイトや金融ニュース、SNSなどで確認することをお勧めします。
69520,６９５２０,カシオ計算機,カシオ / カシオ計算機 / 69520 / G-SHOCK / BABY-G / PRO TREK / EDIFICE / OCEANUS / CASIO fx / Privia
69540,６９５４０,ファナック,ファナック / FANUC / 6954 / ロボット / CNC / ロボマシン / ロボドリル / ロボショット / ロボカット / ファナックロボット
69580,６９５８０,日本シイエムケイ,日本シイエムケイ / 69580 / CMK / シイエムケイ / CMK Corporation / プリント基板 / PCB / フレキシブル基板 / 高密度実装基板 / 電子部品
69610,６９６１０,エンプラス,申し訳ありませんが、「エンプラス」（証券コード: 69610）に関する具体的な略称、ニックネーム、製品名やブランド名についての情報は持ち合わせていません。一般的に企業の略称やニックネームは、業界やコミュニティによって異なることがありますので、具体的な情報は金融ニュースやSNS、企業の公式発表などをご確認ください。
69620,６９６２０,大真空,"申し訳ありませんが、「大真空」（証券コード: 69620）に関する具体的な略称、ニックネーム、製品名やブランド名の情報は私のデータベースには含まれていません。一般的に企業の略称やニックネームは、業界や投資家の間で非公式に使われることが多いため、公式な情報としては提供できないことがあります。

ただし、一般的な方法として、企業の正式名称や証券コードをそのまま"
69630,６９６３０,ローム,ローム / 69630 / ROHM / LSI / パワーデバイス / SiCデバイス / オペアンプ / センサ / LED / パワーIC
69650,６９６５０,浜松ホトニクス,浜松ホトニクス / 69650 / 浜ホト / Hamamatsu Photonics / 光センサー / フォトダイオード / 光電子増倍管 / CCDカメラ / 光計測機器 / 光学デバイス
69660,６９６６０,三井ハイテック,三井ハイテック / 69660 / MHT / 三井ハイテックモーター / 三井ハイテック金型 / 三井ハイテック電子部品 / 三井ハイテック精密加工 / 三井ハイテック電動車 / 三井ハイテックインバータ / 三井ハイテックパワーエレクトロニクス
69670,６９６７０,新光電気工業,新光電気工業 / 69670 / 新光電気 / Shin-Etsu / SEH / SEI / Shin-Etsu Handotai / Shin-Etsu Chemical / Shin-Etsu Group / Shin-Etsu Electronics
69710,６９７１０,京セラ,京セラ / 6971 / KYOCERA / セラミック / 京セラドーム / 京セラソーラー / 京セラプリンター / 京セラ携帯 / 京セラセラミックナイフ / 京セラファインセラミックス
69760,６９７６０,太陽誘電,太陽誘電 / 69760 / TAIYO YUDEN / タイヨウユウデン / TY / EOMIN / EOMINシリーズ / EOMIN Capacitors / Supercapacitors / Multilayer Ceramic Capacitors
69810,６９８１０,村田製作所,村田製作所 / 6981 / ムラタ / Murata / Murata Manufacturing / GRシリーズ / Murata Boy / Murata Girl / Murata Power Inductor / Murata Ceramic Capacitor
69860,６９８６０,双葉電子工業,双葉電子工業 / 69860 / 双葉電子 / Futaba / FUTABA / FUTABA RC / T7PX / T10J / S-FHSS / T-FHSS
69880,６９８８０,日東電工,日東電工 / 69880 / Nitto / ニットー / ニットーレンズ / ニットーテープ / ニットーフィルム / ニットーマスク / ニットーバリア / ニットーシール
69950,６９９５０,東海理化電機製作所,東海理化 / 東海理化電機 / 69950 / TOKAI RIKA / スマートキー / ステアリングスイッチ / シフター / センサ / セーフティシステム / 自動車部品
69960,６９９６０,ニチコン,ニチコン / 69960 / コンデンサ / EV用充電器 / エナジーデバイス / パワーエレクトロニクス / エコキャップ / フィルムコンデンサ / アルミ電解コンデンサ / ニチコン株式会社
69970,６９９７０,日本ケミコン,日本ケミコン / 69970 / 日ケミ / Nippon Chemi-Con / NCC / アルミ電解コンデンサ / コンデンサ / ケミコン / KEMET (関連会社のブランド) / UCC (United Chemi-Con)
69990,６９９９０,ＫＯＡ,ＫＯＡ / 69990 / KOA株式会社 / KOA / チップ抵抗 / サーミスタ / 電流センサ / ヒューズ / 抵抗器 / 電子部品メーカー
70030,７００３０,三井Ｅ＆Ｓ,三井Ｅ＆Ｓ / MES / 三井造船 / 三井E&Sホールディングス / 三井E&Sエンジニアリング / 三井E&Sマシナリー / 三井E&Sシステム技研 / 三井E&S造船 / 三井E&Sテクノサービス / 三井E&Sパワーシステムズ
70040,７００４０,カナデビア,申し訳ありませんが、「カナデビア」（証券コード: 70040）に関する具体的な略称、ニックネーム、製品名やブランド名についての情報は持っていません。一般的に企業やブランドに関連する情報は、公式ウェブサイトや金融ニュース、SNSなどで確認することができます。
70110,７０１１０,三菱重工業,三菱重工業 / 7011 / MHI / 三菱重工 / 三菱 / パワーシステム / ジェットエンジン / MRJ / H-IIAロケット / ダイヤモンドプリンセス
70120,７０１２０,川崎重工業,川崎重工業 / 70120 / 川重 / カワサキ / Kawasaki / Ninja / Zシリーズ / バルカン / ジェットスキー / ヘリコプター
70130,７０１３０,ＩＨＩ,IHI / 7013 / 石川島播磨重工業 / ジェットエンジン / ターボチャージャー / ボイラー / タービン / プラント / インフラ / エネルギーソリューション
70140,７０１４０,名村造船所,名村造船所 / 70140 / 名村 / 名村造 / NDS / Namura / 造船所 / 船舶 / 名村ドック / 名村シップ
70330,７０３３０,マネジメントソリューションズ,申し訳ありませんが、「マネジメントソリューションズ」（証券コード: 70330）に関する具体的な略称、ニックネーム、製品名やブランド名についての情報は持ち合わせていません。一般的には、企業名や証券コードがそのまま使われることが多いですが、特定の略称やニックネームが存在する場合は、金融ニュースやSNSでの言及を直接確認することをお勧めします。
70340,７０３４０,プロレド・パートナーズ,プロレド・パートナーズ / 70340 / プロレド / PRORED / プロレドパートナーズ / プロレド・グループ / コスト削減コンサル / プロレドAI / プロレド・ソリューション / プロレド・サービス
70380,７０３８０,フロンティア・マネジメント,申し訳ありませんが、「フロンティア・マネジメント」（証券コード: 70380）に関する具体的な略称、ニックネーム、製品名やブランド名についての情報は持ち合わせていません。一般的には、企業名や証券コードそのものが略称として使われることが多いです。具体的な情報を得るには、金融ニュースやSNS、企業の公式発表などを直接ご確認いただくことをお勧めします。
70710,７０７１０,アンビスホールディングス,申し訳ありませんが、アンビスホールディングス（証券コード: 70710）に関する具体的な略称、ニックネーム、製品名やブランド名についての情報は持っていません。一般的には、企業名や証券コードそのものが略称として使われることが多いです。もし特定の情報が必要であれば、公式ウェブサイトや金融ニュース、SNSなどで最新の情報を確認することをお勧めします。
70850,７０８５０,カーブスホールディングス,カーブスホールディングス / 7085 / カーブス / Curves / Curves Japan / カーブスジャパン / カーブスフィットネス / カーブスジム / ウィメンズフィットネス / 女性専用フィットネス
70880,７０８８０,フォーラムエンジニアリング,フォーラムエンジニアリング / 70880 / フォーラム / フォーラムエンジ / FE / フォーラムエンジニアリング株式会社 / フォーラムエンジニア / フォーラムエンジニアリンググループ / フォーラムエンジニアリング製品 / フォーラムエンジニアリングブランド
70920,７０９２０,Ｆａｓｔ　Ｆｉｔｎｅｓｓ　Ｊａｐａｎ,申し訳ありませんが、「Fast Fitness Japan」（証券コード: 70920）に関する具体的な略称、ニックネーム、製品名やブランド名の情報は持っていません。一般的に、企業やブランドに関する略称やニックネームは、SNSや金融ニュースでの使用状況に依存するため、特定の情報源を参照する必要があります。
70950,７０９５０,Ｍａｃｂｅｅ　Ｐｌａｎｅｔ,申し訳ありませんが、具体的な略称、ニックネーム、製品名やブランド名についての情報は持っていません。ただし、一般的に企業名や証券コードがそのまま略称として使われることが多いです。例えば、「Macbee Planet」や「70950」がそのまま使われることがあります。製品やブランド名については、公式な情報源や企業のウェブサイトを確認することをお勧めします。
71020,７１０２０,日本車輌製造,日本車輌製造 / 日車 / 日本車輌 / 日車製 / 日本車輌製造株式会社 / NIPPON SHARYO / NISSHA / N-SHARYO / キハ / モハ
71050,７１０５０,三菱ロジスネクスト,三菱ロジスネクスト / 71050 / ロジスネクスト / 三菱フォークリフト / ニチユ / ユニキャリア / ロジスネクストユニキャリア / ロジスネクストニチユ / 三菱重工フォークリフト / M-Forklift
71280,７１２８０,フルサト・マルカホールディングス,申し訳ありませんが、「フルサト・マルカホールディングス」（証券コード: 71280）に関する具体的な略称、ニックネーム、製品名やブランド名の情報は持っていません。最新の情報については、公式ウェブサイトや金融ニュース、SNSなどでご確認ください。
71300,７１３００,ヤマエグループホールディングス,ヤマエグループホールディングス / 71300 / ヤマエ / ヤマエHD / ヤマエグループ / YGH / ヤマエホールディングス / ヤマエグループHD / ヤマエGHD / ヤマエブランド
71480,７１４８０,ＦＰＧ,FPG / エフピージー / 71480 / フィナンシャル・プロダクト・グループ / FPG証券 / FPGリース / FPG航空機ファンド / FPG不動産 / FPGタックスソリューション / FPGアセットマネジメント
71640,７１６４０,全国保証,全国保証 / 71640 / 全国保証株式会社 / Zenkoku保証 / 全国保証サービス / 全国保証ローン / 全国保証住宅ローン / 全国保証カード / 全国保証サポート / 全国保証プラン
71670,７１６７０,めぶきフィナンシャルグループ,めぶきフィナンシャルグループ / 71670 / めぶきFG / めぶき / Mebuki / 常陽銀行 / 足利銀行 / Joyo Bank / Ashikaga Bank / Mebuki Card
71720,７１７２０,ジャパンインベストメントアドバイザー,ジャパンインベストメントアドバイザー / JIA / 71720 / ジャパンインベストメント / ジャパンインベストメントアド / ジャパンアドバイザー / JIA証券 / JIAグループ / JIAファンド / ジャパンインベストメントファンド
71730,７１７３０,東京きらぼしフィナンシャルグループ,東京きらぼしフィナンシャルグループ / 71730 / きらぼし銀行 / きらぼしFG / きらぼし証券 / きらぼしリース / きらぼしキャピタル / きらぼしアセットマネジメント / きらぼしコンサルティング / きらぼしカード
71800,７１８００,九州フィナンシャルグループ,九州FG / 九州フィナンシャル / 7180 / 九州フィナンシャルグループ / きゅうしゅうフィナンシャル / KFG / きゅうしゅうFG / きゅうしゅうフィナンシャルグループ / 九州FG証券 / 九州FG銀行
71810,７１８１０,かんぽ生命保険,かんぽ生命 / かんぽ / 71810 / かんぽ生命保険 / かんぽの宿 / かんぽの保険 / かんぽの年金 / かんぽの学資保険 / かんぽの医療保険 / かんぽの終身保険
71820,７１８２０,ゆうちょ銀行,ゆうちょ銀行 / ゆうちょ / JPゆうちょ / ゆうちょダイレクト / ゆうちょPay / ゆうちょATM / 71820 / ゆうちょ投信 / ゆうちょカード / ゆうちょ口座
71840,７１８４０,富山第一銀行,富山第一銀行 / 71840 / 富一 / TOYAMA FIRST BANK / TFB / だいちバンク / 富山第一 / 第一銀行 / 富山第一フィナンシャルグループ / 富一バンク
71860,７１８６０,コンコルディア・フィナンシャルグループ,コンコルディア・フィナンシャルグループ / 71860 / CFG / コンコルディア / 横浜銀行 / 東日本銀行 / 横銀 / 東銀 / コンコルディアFG / コンコルディアグループ
71870,７１８７０,ジェイリース,"申し訳ありませんが、具体的な略称やニックネーム、製品名やブランド名についての情報は持っていません。ただし、一般的に企業名や証券コードがそのまま略称として使われることが多いです。ジェイリースの場合、以下のようなものが考えられます。

ジェイリース / 71870 / Jリース / JLease

これらは一般的な例であり、実際の使用状況については最新の情報をご確認ください。"
71890,７１８９０,西日本フィナンシャルホールディングス,申し訳ありませんが、「西日本フィナンシャルホールディングス」（証券コード: 71890）に関する具体的な略称、ニックネーム、製品名やブランド名の情報は私のデータベースには含まれていません。一般的には、企業の略称やニックネームはSNSや金融ニュースで独自に使われることが多く、公式なものではない場合があります。公式な製品名やブランド名については、企業の公式ウェブサイトやプレス
71980,７１９８０,ＳＢＩアルヒ,"申し訳ありませんが、具体的な略称やニックネーム、製品名、ブランド名についての情報は持っていません。ただし、一般的に企業名や証券コードがそのまま略称として使われることが多いです。以下は一般的な例です：

ＳＢＩアルヒ / 71980 / SBI / アルヒ / SBIホールディングス / ARUHI / SBIグループ / アルヒ住宅ローン / SBI住宅ローン / アルヒネット

これらは一般"
71990,７１９９０,プレミアグループ,プレミアグループ / 71990 / プレミア / プレミアファイナンス / プレミアレンディング / プレミアカード / プレミアローン / プレミアサービス / プレミアサポート / プレミアソリューションズ
72010,７２０１０,日産自動車,日産 / 日産自動車 / 7201 / NISSAN / ノート / セレナ / エクストレイル / スカイライン / フェアレディZ / リーフ
72020,７２０２０,いすゞ自動車,いすゞ自動車 / 72020 / いすゞ / ISUZU / エルフ / ギガ / フォワード / ジェミニ / ビークロス / トルーパー
72030,７２０３０,トヨタ自動車,トヨタ / トヨタ自動車 / 7203 / トヨタ車 / レクサス / プリウス / カローラ / ハイエース / ランドクルーザー / クラウン
72050,７２０５０,日野自動車,日野自動車 / 72050 / 日野 / HINO / デュトロ / プロフィア / レンジャー / ポンチョ / セレガ / ブルーリボン
72110,７２１１０,三菱自動車工業,三菱自動車工業 / 72110 / 三菱自動車 / 三菱 / パジェロ / アウトランダー / エクリプスクロス / デリカ / ミラージュ / RVR
72200,７２２００,武蔵精密工業,武蔵精密工業 / 72200 / 武蔵 / Musashi / ムサシ / ムサシセイミツ / Musashi Seimitsu / Musashi Group / Musashiブランド / Musashi製品
72220,７２２２０,日産車体,日産車体 / 72220 / 日産 / Nissan / NV200 / キャラバン / NV350 / パラメディック / アトラス / ピックアップ
72240,７２２４０,新明和工業,新明和工業 / 72240 / 新明和 / ShinMaywa / US-2 / ロータス / アクアライナー / パッカー車 / コンパクトバス / スカイウェーブ
72260,７２２６０,極東開発工業,極東開発工業 / 72260 / 極東 / 極東開発 / 極東工業 / 極東製品 / ダンプトラック / ミキサー車 / 特装車 / 環境機器
72310,７２３１０,トピー工業,"申し訳ありませんが、「トピー工業」に関する具体的な略称、ニックネーム、製品名やブランド名のリストを提供することはできません。ただし、一般的に企業の略称やニックネームは、会社名の一部や証券コードを基にしていることが多いです。トピー工業の場合、以下のようなものが考えられます：

トピー工業 / 72310 / トピー / TOPY / トピーグループ

具体的な製品"
72360,７２３６０,ティラド,ティラド / 72360 / TIRAD / ラジエーター / ヒーターコア / オイルクーラー / EGRクーラー / インタークーラー / 熱交換器 / 自動車部品
72380,７２３８０,曙ブレーキ工業,曙ブレーキ工業 / 72380 / 曙ブレーキ / Akebono / Akebono Brake / 曙 / Akebono Performance / ProACT / EURO / ACT
72390,７２３９０,タチエス,タチエス / 72390 / TACHI-S / タチエスシート / タチエス製品 / TACHI-Sブランド / TACHI-Sシート / タチエスホールディングス / タチエスグループ / タチエス株式会社
72400,７２４００,ＮＯＫ,申し訳ありませんが、具体的な企業の略称やニックネーム、製品名、ブランド名についての詳細なリストを提供することはできません。ただし、一般的に企業の略称やニックネームは、会社名の一部や証券コードを基にしていることが多いです。例えば、「ＮＯＫ株式会社」の場合、「ＮＯＫ」や「72400」といった表現が使われることがあります。製品やブランド名については、企業の公式ウェブサイトやプレス
72410,７２４１０,フタバ産業,フタバ産業 / 72410 / FUTABA / フタバ / FUTABA INDUSTRIAL / フタバマフラー / フタバエキゾースト / FUTABA EXHAUST / フタバテクノロジー / FUTABA TECHNOLOGY
72420,７２４２０,カヤバ,カヤバ / KYB / カヤバ工業 / 72420 / カヤバショック / NewSR / Excel-G / AGX / Lowfer Sports / Ultra SR
72440,７２４４０,市光工業,市光工業 / 72440 / 市光 / Ichikoh / ライト / ヘッドランプ / テールランプ / ミラー / 自動車照明 / 照明システム
72450,７２４５０,大同メタル工業,大同メタル工業 / 72450 / 大同メタル / DAIHO METAL / メタルベアリング / ダイメタル / DAIHO / メタル工業 / 大同 / ベアリング
72460,７２４６０,プレス工業,プレス工業 / 72460 / プレス / プレス工 / プレス工業株式会社 / プレス工業グループ / プレス工業製品 / プレス工業ブランド / プレス工業トラック部品 / プレス工業エンジン部品
72500,７２５００,太平洋工業,"申し訳ありませんが、「太平洋工業」（証券コード: 72500）に関する具体的な略称、ニックネーム、製品名やブランド名の情報は持ち合わせていません。一般的に企業の略称やニックネームは、業界や地域、またはSNS上でのユーザーの間で独自に使われることが多いため、公式なリストとしては存在しないことが多いです。

ただし、一般的な情報として、企業名や証券"
72590,７２５９０,アイシン,アイシン / 72590 / アイシン精機 / アイシンAW / アイシンAI / アイシンシステムズ / アイシンエーアイ / アイシンテクノ / アイシンエンジン / アイシンシート
72610,７２６１０,マツダ,マツダ / 7261 / MAZDA / アテンザ / デミオ / ロードスター / CX-5 / RX-7 / スカイアクティブ / アクセラ
72670,７２６７０,本田技研工業,本田技研工業 / ホンダ / Honda / 72670 / アコード / シビック / CR-V / N-BOX / スーパーカブ / ゴールドウイング
72690,７２６９０,スズキ,スズキ / 7269 / スズキ自動車 / スイフト / アルト / ワゴンR / ジムニー / ハスラー / スペーシア / エスクード
72700,７２７００,ＳＵＢＡＲＵ,スバル / SUBARU / 72700 / レガシィ / インプレッサ / フォレスター / アウトバック / WRX / XV / BRZ
72720,７２７２０,ヤマハ発動機,ヤマハ発動機 / 72720 / ヤマハ / YAMAHA / MTシリーズ / YZFシリーズ / NMAX / TMAX / トリシティ / マジェスティ
72760,７２７６０,小糸製作所,小糸製作所 / 72760 / KOITO / 小糸 / 小糸グループ / 小糸ランプ / 小糸ライト / 小糸ヘッドランプ / 小糸テールランプ / 小糸LED
72780,７２７８０,エクセディ,エクセディ / 72780 / EXEDY / クラッチ / トルクコンバータ / ダンパー / クラッチカバー / クラッチディスク / フライホイール / クラッチブースター
72800,７２８００,ミツバ,ミツバ / 72800 / MITSUBA / ミツバグループ / ミツバ製品 / ミツバモーター / ミツバ電装 / ミツバテクノロジー / ミツバブランド / ミツバパーツ
72820,７２８２０,豊田合成,豊田合成 / 72820 / TG / トヨタ合成 / TOYODA GOSEI / エアバッグ / ウェザーストリップ / ラジエーターグリル / シール製品 / オプティカルレンズ
72830,７２８３０,愛三工業,愛三工業 / 72830 / AISAN / Aisan Industry / フューエルポンプ / エンジン部品 / 燃料供給システム / AISIN / 自動車部品 / Aisan Group
72940,７２９４０,ヨロズ,ヨロズ / 72940 / ヨロズ株式会社 / Yorozu / ヨロズサスペンション / ヨロズアフターマーケット / ヨロズテクノロジー / ヨロズエンジニアリング / ヨロズパーツ / ヨロズインダストリー
72960,７２９６０,エフ・シー・シー,エフ・シー・シー / FCC / 72960 / クラッチ / トランスミッション / 自動車部品 / バイク部品 / クラッチディスク / クラッチカバー / クラッチプレート
73090,７３０９０,シマノ,シマノ / 73090 / SHIMANO / デュラエース / アルテグラ / 105 / シマノステップス / シマノフィッシング / シマノバイシクルコンポーネンツ / シマノスポーツカメラ
73130,７３１３０,テイ・エス　テック,テイ・エス テック / TSテック / 73130 / TS TECH / テイエステック / シートメーカー / 自動車シート / 内装部品 / TSシート / テイエスブランド
73220,７３２２０,三十三フィナンシャルグループ,申し訳ありませんが、「三十三フィナンシャルグループ」（証券コード: 73220）に関する具体的な略称、ニックネーム、製品名やブランド名の情報は私のデータベースには含まれていません。金融機関や企業の略称やニックネームは、地域や文脈によって異なる場合がありますので、具体的な情報は公式な資料やニュースソースを参照することをお勧めします。
73270,７３２７０,第四北越フィナンシャルグループ,第四北越フィナンシャルグループ / 73270 / 第四北越FG / 北越FG / 第四北越 / だいしほくえつ / だいしほくえつFG / だいしFG / ほくえつFG / だいしほくえつフィナンシャル
73370,７３３７０,ひろぎんホールディングス,ひろぎん / ひろぎんHD / 73370 / 広島銀行 / ひろぎん証券 / ひろぎんリース / ひろぎんキャピタル / ひろぎんカード / ひろぎん保険 / ひろぎんアセットマネジメント
73500,７３５００,おきなわフィナンシャルグループ,申し訳ありませんが、「おきなわフィナンシャルグループ」（証券コード: 73500）に関する具体的な略称、ニックネーム、製品名やブランド名の情報は持っていません。一般的には、企業名や証券コードがそのまま使われることが多いですが、詳細な情報については公式な発表や金融ニュース、SNSなどを確認することをお勧めします。
73540,７３５４０,ダイレクトマーケティングミックス,申し訳ありませんが、「ダイレクトマーケティングミックス」（証券コード: 73540）に関する具体的な略称、ニックネーム、製品名やブランド名の情報は私のデータベースには含まれていません。一般的には、企業の略称やニックネームはSNSや金融ニュースで独自に作られることが多いため、最新の情報を確認するにはそれらのプラットフォームを直接参照することをお勧めします。
73580,７３５８０,ポピンズ,申し訳ありませんが、「ポピンズ」（証券コード: 73580）に関する具体的な略称、ニックネーム、製品名やブランド名の情報は持っていません。一般的に企業の略称やニックネームは、SNSや投資家の間で独自に作られることが多いため、特定の情報源やコミュニティで異なる場合があります。具体的な情報を得るには、金融ニュースサイトやSNSでの検索をお勧めします。
73660,７３６６０,ＬＩＴＡＬＩＣＯ,LITALICO / 73660 / リタリコ / LITALICOワークス / LITALICOジュニア / LITALICO発達ナビ / LITALICO仕事ナビ / LITALICOキャリア / LITALICOワンダー / LITALICOライフ
73800,７３８００,十六フィナンシャルグループ,申し訳ありませんが、「十六フィナンシャルグループ」（証券コード: 73800）に関する具体的な略称、ニックネーム、製品名やブランド名の情報は私のデータベースには含まれていません。一般的に、企業の略称やニックネームはメディアや投資家の間で自然発生的に使われることが多いですが、公式なものではない場合もあります。製品やブランド名については、企業の公式ウェブ
73810,７３８１０,北國フィナンシャルホールディングス,申し訳ありませんが、「北國フィナンシャルホールディングス」（証券コード: 73810）に関する略称、ニックネーム、製品名やブランド名についての具体的な情報は持っていません。一般的に、企業の略称やニックネームはSNSや金融ニュースで独自に使われることが多いため、特定の情報源を確認することをお勧めします。
73830,７３８３０,ネットプロテクションズホールディングス,ネットプロテクションズホールディングス / NPホールディングス / NPHD / NP後払い / NP掛け払い / NPカード / NPポイント / NPスマートペイ / NPコネクト / NPペイメント
73840,７３８４０,プロクレアホールディングス,申し訳ありませんが、「プロクレアホールディングス」（証券コード: 73840）に関する具体的な略称、ニックネーム、製品名やブランド名についての情報は持ち合わせていません。一般的には、企業の略称やニックネームはSNSや金融ニュースでの使用状況によって変わることがありますので、最新の情報を確認するにはそれらのプラットフォームを直接参照することをお勧めします。
73880,７３８８０,ＦＰパートナー,FPパートナー / 73880 / ファイナンシャルプランナー / FP / FPパートナー証券 / FPパートナー株式会社 / FPパートナーサービス / FPパートナーアドバイザー / FPパートナーコンサルティング / FPパートナーサポート
73890,７３８９０,あいちフィナンシャルグループ,申し訳ありませんが、現在のところ「あいちフィナンシャルグループ」（証券コード: 73890）に関連する略称、ニックネーム、製品名やブランド名についての具体的な情報は持ち合わせていません。金融機関や企業の略称やニックネームは、一般的にSNSやメディアでの使用状況に依存するため、最新の情報を確認するには、関連するSNSやニュースサイトを直接ご覧になることをお勧めします。
74080,７４０８０,ジャムコ,ジャムコ / 74080 / JAMCO / 航空機内装品 / ギャレー / ラバトリー / プレミアムシート / エンジニアリングサービス / 航空機整備 / 航空機部品
74140,７４１４０,小野建,申し訳ありませんが、「小野建」（証券コード: 74140）に関する具体的な略称、ニックネーム、製品名やブランド名の情報は私のデータベースにはありません。一般的には、企業名や証券コードがそのまま使われることが多いです。具体的な略称やニックネームがある場合は、金融ニュースやSNSでの文脈に依存することが多いです。
74190,７４１９０,ノジマ,ノジマ / 74190 / Nojima / ノジマオンライン / ノジマモバイル / ノジマ電気 / エコノジマ / ノジマポイント / ノジマカード / ノジマサポート
74200,７４２００,佐鳥電機,"申し訳ありませんが、具体的な企業の略称やニックネーム、製品名やブランド名についての詳細な情報は提供できません。ただし、一般的に企業の略称やニックネームは、会社名の一部や証券コードを基にしたものが多いです。例えば、「佐鳥電機」の場合、以下のようなものが考えられます：

佐鳥電機 / 74200 / 佐鳥 / サトリ / サトリ電機 / 佐鳥D / 742"
74210,７４２１０,カッパ・クリエイト,カッパ・クリエイト / 74210 / かっぱ寿司 / かっぱ / かっぱクリエイト / かっぱ寿司チェーン / かっぱ寿司グループ / カッパ / カッパ寿司 / Kappa Sushi
74330,７４３３０,伯東,伯東 / 7433 / Hakuto / ハクトウ / HAKUTO / HAKUTO Electronics / HAKUTO Corporation / HAKUTO Group / HAKUTO Trading / HAKUTO Technology
74380,７４３８０,コンドーテック,コンドーテック / 74380 / KONDO / コンドー / コンドーテック株式会社 / コンドーテック製品 / KONDO TECH / コンドーテックブランド / コンドーテック製造 / コンドーテック商品
74470,７４４７０,ナガイレーベン,ナガイレーベン / 74470 / ナガイ / NAGAILEBEN / 医療用ユニフォーム / ナースウェア / メディカルウェア / 白衣 / 医療衣料 / ナガイブランド
74510,７４５１０,三菱食品,三菱食品 / 74510 / 三菱フード / 三菱食 / MFC / M Foods / 三菱食品グループ / 食品事業 / 食品流通 / 食品卸
74530,７４５３０,良品計画,良品計画 / 無印良品 / MUJI / MUJI passport / MUJI Labo / MUJI to GO / MUJI BOOKS / MUJI HOTEL / MUJI Diner / 74530
74560,７４５６０,松田産業,申し訳ありませんが、松田産業（証券コード: 74560）に関する具体的な略称、ニックネーム、製品名やブランド名のリストを提供することはできません。松田産業に関する情報は、公式ウェブサイトや金融ニュース、SNSなどで確認することをお勧めします。
74580,７４５８０,第一興商,第一興商 / 74580 / DAM / ビッグエコー / カラオケ館 / LIVE DAM / DAM★とも / DAM CHANNEL / DAMとも / カラオケCLUB DAM
74590,７４５９０,メディパルホールディングス,メディパルホールディングス / 74590 / メディパル / MPホールディングス / メディセオ / パルタック / アルフレッサ / メディパック / メディファーム / メディカルパートナーズ
74630,７４６３０,アドヴァングループ,申し訳ありませんが、「アドヴァングループ」（証券コード: 74630）に関する具体的な略称、ニックネーム、製品名やブランド名の情報は持っていません。企業の略称やブランド名は一般的に企業の公式ウェブサイトやプレスリリース、または金融ニュースサイトなどで確認できます。具体的な情報を知りたい場合は、これらの情報源を参照することをお勧めします。
74660,７４６６０,ＳＰＫ,申し訳ありませんが、特定の証券コード「74660」に関連する略称、ニックネーム、製品名やブランド名についての具体的な情報は持っていません。一般的に、企業の略称やブランド名は公式ウェブサイトや金融ニュース、SNSなどで確認することができます。具体的な情報を得るためには、これらの情報源を直接確認することをお勧めします。
74670,７４６７０,萩原電気ホールディングス,萩原電気ホールディングス / 74670 / 萩原電気 / Hagiwara Electric / Hagiwara Holdings / Hagiwara / Hagiwara Group / Hagiwara Electronics / 萩原 / Hagiwara Brand
74750,７４７５０,アルビス,申し訳ありませんが、「アルビス」（証券コード: 74750）に関する具体的な略称、ニックネーム、製品名やブランド名のリストを提供することはできません。ただし、一般的に企業の略称やニックネームは、社名の一部や証券コードを基にしたものが多いです。例えば、「アルビス」そのものや「74750」などが考えられます。具体的な製品やブランド名については、企業の公式ウェブ
74760,７４７６０,アズワン,アズワン / 74760 / AS ONE / アズピュア / アズフィット / アズプロ / アズサポート / アズセーフ / アズクリーン / アズワンショップ
74800,７４８００,スズデン,申し訳ありませんが、スズデン（証券コード: 74800）に関する具体的な略称、ニックネーム、製品名やブランド名についての情報は持ち合わせていません。一般的には、企業名や証券コードがそのまま使われることが多いですが、詳細な情報は公式な資料やニュース、SNSなどで確認することをお勧めします。
74820,７４８２０,シモジマ,シモジマ / 74820 / HEIKO / ラッピング / 包装資材 / ギフト用品 / 店舗用品 / パッケージング / ショップバッグ / ディスプレイ用品
74830,７４８３０,ドウシシャ,ドウシシャ / 74830 / DOSHISHA / ドウシシャコーポレーション / DOSHISHA CORPORATION / mosh! / ルミナス / アイスデリ / ピエリア / ストレージボックス
75040,７５０４０,高速,申し訳ありませんが、「高速」（証券コード: 75040）に関する具体的な略称、ニックネーム、製品名やブランド名の情報は持っていません。一般的に、企業の略称やニックネームはSNSや金融ニュースで独自に使われることが多いため、特定の情報源を参照する必要があります。公式な情報は企業のウェブサイトや金融情報サービスを確認することをお勧めします。
75080,７５０８０,Ｇ‐７ホールディングス,申し訳ありませんが、「Ｇ‐７ホールディングス」（証券コード: 75080）に関する具体的な略称、ニックネーム、製品名やブランド名のリストを提供することはできません。ただし、一般的には企業の略称やブランド名は公式ウェブサイトやプレスリリース、または金融ニュースサイトで確認することができます。
75100,７５１００,たけびし,たけびし / 75100 / 竹菱 / TAKEX / たけびし電機 / 竹菱電機 / たけびしテクノロジー / 竹菱テクノロジー / たけびしソリューション / 竹菱ソリューション
75120,７５１２０,イオン北海道,イオン北海道 / 75120 / イオン / AEON / イオンスーパー / トップバリュ / イオンモール / イオンカード / イオンラウンジ / イオンネットスーパー
75130,７５１３０,コジマ,コジマ / 75130 / コジマ電気 / Kojima / コジマネット / コジマ×ビックカメラ / コジマオリジナル / コジマセレクト / コジマカード / コジマアプリ
75160,７５１６０,コーナン商事,コーナン商事 / 75160 / コーナン / ホームセンターコーナン / コーナンPRO / コーナンオリジナル / コーナンセレクト / ライフレックス / スーパービバホーム / ビバホーム
75180,７５１８０,ネットワンシステムズ,ネットワンシステムズ / 75180 / ネットワン / Net One / NetOne Systems / NetOne / NetOneクラウド / NetOneセキュリティ / NetOneネットワーク / NetOneソリューション
75200,７５２００,エコス,エコス / 75200 / エコスグループ / マルエイ / TAIRAYA / ECO'S / エコスストア / エコスカード / エコスネットスーパー / エコスプライベートブランド
75220,７５２２０,ワタミ,ワタミ / 75220 / 和民 / ミライザカ / 三代目鳥メロ / GOHAN / 炭旬 / TGIフライデーズ / 和み亭 / ワタミファーム
75250,７５２５０,リックス,申し訳ありませんが、具体的な企業の略称、ニックネーム、製品名やブランド名についての情報を提供することはできません。一般的な情報や質問についてはお手伝いできますので、他に知りたいことがあればお知らせください。
75270,７５２７０,システムソフト,申し訳ありませんが、「システムソフト」（証券コード: 75270）に関する具体的な略称、ニックネーム、製品名やブランド名についての情報は持ち合わせていません。一般的に、企業の略称やニックネームはSNSや金融ニュースで独自に使われることが多いため、特定の情報源を確認することをお勧めします。
75320,７５３２０,パン・パシフィック・インターナショナルホールディングス,パン・パシフィック・インターナショナルホールディングス / PPIH / ドンキホーテ / ドンキ / MEGAドンキ / ドイト / アピタ / ピアゴ / 長崎屋 / UDリテール
75370,７５３７０,丸文,申し訳ありませんが、「丸文」（証券コード: 75370）に関する具体的な略称、ニックネーム、製品名やブランド名の情報は持っていません。一般的に、企業の略称やニックネームは金融ニュースやSNSで独自に使われることが多く、公式なものではない場合があります。製品やブランド名についても、企業の公式情報を確認することをお勧めします。
75450,７５４５０,西松屋チェーン,西松屋チェーン / 75450 / 西松屋 / NISHIMATSUYA / Smart Angel / ELFINDOLL / Hot Biscuits / Mikihouse / Smart Angel Baby / Smart Angel Kids
75500,７５５００,ゼンショーホールディングス,ゼンショーホールディングス / 75500 / すき家 / なか卯 / ココス / ビッグボーイ / はま寿司 / 久兵衛屋 / 華屋与兵衛 / いちばん
75520,７５５２０,ハピネット,ハピネット / 75520 / ハピネットグループ / ハピネット・オンライン / ハピネット・トイズ / ハピネット・メディアマーケティング / ハピネット・ピクチャーズ / ハピネット・ゲームズ / ハピネット・エンターテインメント / ハピネット・ホビー
75540,７５５４０,幸楽苑,幸楽苑 / 75540 / 幸楽苑ホールディングス / 幸楽苑ラーメン / 幸楽苑餃子 / 幸楽苑チャーハン / 幸楽苑セット / 幸楽苑定食 / 幸楽苑メニュー / 幸楽苑店舗
75700,７５７００,橋本総業ホールディングス,申し訳ありませんが、「橋本総業ホールディングス」（証券コード: 75700）に関する具体的な略称、ニックネーム、製品名やブランド名の情報は私のデータベースには含まれていません。一般的には、企業の略称やニックネームはSNSや投資家の間で独自に作られることが多いため、公式な情報としては提供されていないことが多いです。公式な製品名やブランド名については、
75750,７５７５０,日本ライフライン,日本ライフライン / 75750 / JLL / ライフライン / JLL製品 / JLLブランド / 日本ライフライン製品 / 日本ライフラインブランド / JLL医療機器 / 日本ライフライン医療機器
75810,７５８１０,サイゼリヤ,サイゼリヤ / サイゼ / 75810 / ミラノ風ドリア / ペペロンチーノ / ガーリックトースト / イタリアンワイン / フォッカチオ / マルゲリータピザ / ランブルスコ
75900,７５９００,タカショー,タカショー / 75900 / Takasho / ガーデンライフスタイル / エバーアートウッド / プライベートガーデン / ガーデンファニチャー / エクステリア / ガーデニング用品 / ランドスケープデザイン
75930,７５９３０,ＶＴホールディングス,申し訳ありませんが、「ＶＴホールディングス」（証券コード: 75930）に関する具体的な略称、ニックネーム、製品名やブランド名の情報は持ち合わせていません。一般的に企業の略称やニックネームは、業界や投資家の間で自然発生的に使われることが多いです。具体的な情報は、金融ニュースやSNS、企業の公式発表などで確認することをお勧めします。
75950,７５９５０,アルゴグラフィックス,申し訳ありませんが、「アルゴグラフィックス」（証券コード: 75950）に関する具体的な略称、ニックネーム、製品名やブランド名についての情報は持っていません。一般的には、会社名や証券コードそのものが略称として使われることが多いです。具体的な情報を得るには、金融ニュースやSNS、公式ウェブサイトなどを直接確認することをお勧めします。
75960,７５９６０,魚力,魚力 / 75960 / 魚力鮮魚 / 魚力寿司 / 魚力海鮮 / 魚力マーケット / 魚力デリカ / 魚力フードサービス / 魚力オンライン / 魚力直営店
75990,７５９９０,ＩＤＯＭ,ＩＤＯＭ / ガリバー / Gulliver / 75990 / ガリバーインターナショナル / ガリバーオート / ガリバー買取 / ガリバーフリマ / ガリバーアウトレット / ガリバーSUV専門店
76000,７６０００,日本エム・ディ・エム,"申し訳ありませんが、「日本エム・ディ・エム」（証券コード: 76000）に関する具体的な略称、ニックネーム、製品名やブランド名の情報は持ち合わせていません。ただし、一般的に企業の略称やニックネームは以下のような形式で使われることがあります：

1. 日本エム・ディ・エム
2. MDM
3. 76000

製品やブランド名については、公式のウェブサイトやプレスリリース"
76050,７６０５０,フジ・コーポレーション,フジ・コーポレーション / 76050 / フジコーポ / タイヤ＆ホイール館フジ / フジスペシャルブランド / フジタイヤ / フジホイール / フジオート / フジオンライン / フジネットショップ
76060,７６０６０,ユナイテッドアローズ,ユナイテッドアローズ / UA / ユナアロ / 76060 / グリーンレーベルリラクシング / ビューティ&ユース / モンキータイム / オデット エ オディール / ジュエルチェンジズ / アナザーエディション
76070,７６０７０,進和,申し訳ありませんが、「進和」（証券コード: 76070）に関する具体的な略称、ニックネーム、製品名やブランド名の情報は持っていません。一般的に企業の略称やニックネームは、SNSや金融ニュースでの使用状況によって変わることがあります。具体的な情報を得るには、最新のニュースやSNSの投稿を確認することをお勧めします。
76090,７６０９０,ダイトロン,申し訳ありませんが、特定の企業に関する詳細な略称やニックネーム、製品名やブランド名を提供することはできません。ただし、一般的に企業の略称やニックネームは、会社名や証券コード、主要な製品やブランド名から派生することが多いです。具体的な情報は、公式な企業のウェブサイトや金融ニュース、SNSなどで確認することをお勧めします。
76110,７６１１０,ハイデイ日高,ハイデイ日高 / 76110 / 日高屋 / ラーメン日高 / 中華食堂日高 / 高菜ラーメン / チャーハン日高 / 日高餃子 / 日高セット / 日高定食
76130,７６１３０,シークス,申し訳ありませんが、具体的な企業や証券コードに関する情報を提供することはできません。ただし、一般的な方法として、企業の略称やニックネームは通常、企業名の一部や証券コードを基にしたものが使われることが多いです。また、製品名やブランド名は企業の公式ウェブサイトやプレスリリースで確認することができます。
76160,７６１６０,コロワイド,コロワイド / 76160 / 甘太郎 / ラパウザ / 牛角 / かっぱ寿司 / いろはにほへと / 三間堂 / かまどか / しゃぶしゃぶ温野菜
76280,７６２８０,オーハシテクニカ,申し訳ありませんが、「オーハシテクニカ」（証券コード: 76280）に関する具体的な略称、ニックネーム、製品名やブランド名の情報は私のデータベースには含まれていません。一般的には、企業の略称やニックネームはSNSや投資家の間で独自に作られることが多いため、公式な情報としては提供されていないことが多いです。製品やブランド名についても、企業の公式ウェ
76300,７６３００,壱番屋,壱番屋 / 76300 / カレーハウスCoCo壱番屋 / CoCo壱 / CoCo壱番 / CoCo壱カレー / CoCo壱番屋 / CoCo壱番屋カレー / CoCo壱番屋フード / CoCo壱番屋レストラン
76370,７６３７０,白銅,白銅 / 76370 / 白銅株式会社 / 銀行用金属製品 / 電子部品用材料 / 精密加工材料 / 銅合金製品 / アルミニウム製品 / ステンレス製品 / 特殊鋼製品
76490,７６４９０,スギホールディングス,スギホールディングス / スギ薬局 / スギドラッグ / スギグループ / スギポイント / スギ調剤 / スギ薬品 / スギプラス / スギ健康サポート / 76490
76790,７６７９０,薬王堂ホールディングス,申し訳ありませんが、「薬王堂ホールディングス」（証券コード: 76790）に関する具体的な略称、ニックネーム、製品名やブランド名の情報は私のデータベースにはありません。一般的には、企業名や証券コードそのものが略称として使われることが多いです。具体的な情報を知りたい場合は、公式の企業ウェブサイトや金融ニュース、SNSなどで確認することをお勧めします。
76830,７６８３０,ダブルエー,申し訳ありませんが、「ダブルエー」（証券コード: 76830）に関する具体的な略称、ニックネーム、製品名やブランド名についての情報は持ち合わせていません。最新の情報は、公式の金融ニュースサイトや企業の公式発表を参照してください。
77010,７７０１０,島津製作所,島津製作所 / 77010 / 島津 / SHIMADZU / Tracera / Nexera / iMScope / MALDImini / UV-1900 / AIM-9000
77020,７７０２０,ＪＭＳ,申し訳ありませんが、特定の企業や証券コードに関する具体的な略称、ニックネーム、製品名やブランド名のリストを提供することはできません。ただし、一般的に企業の略称やニックネームは、企業名の頭文字や主要製品名から派生することが多いです。企業の公式ウェブサイトや金融ニュース、SNSなどで確認することをお勧めします。
77150,７７１５０,長野計器,長野計器 / 77150 / NKS / 圧力計 / 真空計 / デジタル圧力計 / 圧力センサ / 圧力スイッチ / 圧力トランスミッタ / 圧力校正器
77170,７７１７０,ブイ・テクノロジー,ブイ・テクノロジー / 77170 / Vテク / V-Technology / VTech / Vテクノロジー / Vテック / Vテクノ / Vテクノロジーズ / Vテクノロジー株式会社
77180,７７１８０,スター精密,スター精密 / 77180 / Star Micronics / TSPシリーズ / mC-Printシリーズ / SM-Lシリーズ / スターPOS / スター精密プリンター / スター精密レシートプリンター / スター精密カッター
77210,７７２１０,東京計器,東京計器 / 77210 / TKK / トーキョーケイキ / TKK計器 / NAVI-MATE / TKKコンパス / TKKジャイロ / TKKセンサー / TKKマリン
77230,７７２３０,愛知時計電機,愛知時計電機 / 77230 / 愛知時計 / Aichi Tokei / ATC / Aichi Clock / ガスメーター / 水道メーター / 計測機器 / 時計
77250,７７２５０,インターアクション,インターアクション / 77250 / INTERACTION / IA / インターアクション株式会社 / インタラクション / インター / インアク / インタ / インアクション
77290,７７２９０,東京精密,東京精密 / 77290 / TOKYO SEIMITSU / TSK / Accretech / アクレーテク / Wafer Prober / Surface Texture Measuring Instruments / Semiconductor Manufacturing Equipment / Precision Measuring Instruments
77300,７７３００,マニー,申し訳ありませんが、「マニー」（証券コード: 77300）に関する具体的な略称、ニックネーム、製品名やブランド名のリストを提供することはできません。ただし、一般的に企業の略称やニックネームは、社名の一部や製品の特徴に基づいて形成されることが多いです。具体的な情報については、公式の企業ウェブサイトや金融ニュース、SNSなどで確認することをお勧めします。
77310,７７３１０,ニコン,ニコン / 7731 / Nikon / NIKKOR / COOLPIX / Zシリーズ / Fマウント / Dシリーズ / NIKKOR Z / MONARCH
77320,７７３２０,トプコン,トプコン / 77320 / トプコンソキア / トプコンポジショニング / トプコンメディカル / ソキア / トプコンテクノハウス / トプコンアイケア / トプコン3D / トプコンGPS
77330,７７３３０,オリンパス,オリンパス / 77330 / OLYMPUS / OM-D / PEN / Zuiko / Tough / OM System / M.Zuiko / OM-1
77340,７７３４０,理研計器,理研計器 / 77340 / RIKEN KEIKI / ガス検知器 / GXシリーズ / SDシリーズ / OXシリーズ / 気体分析計 / ポータブルガスモニター / 固定式ガス検知器
77350,７７３５０,ＳＣＲＥＥＮホールディングス,ＳＣＲＥＥＮホールディングス / 77350 / ＳＣＲＥＥＮ / スクリーン / SCREEN / SPE（SCREEN Semiconductor Solutions） / FT（SCREEN Finetech Solutions） / GA（SCREEN Graphic Solutions） / PE（SCREEN PE Solutions） / Truepress
77390,７７３９０,キヤノン電子,キヤノン電子 / 77390 / キヤノン / Canon / キヤノンプリンター / キヤノンカメラ / キヤノン複合機 / キヤノンプロジェクター / キヤノンイメージング / キヤノンオフィスソリューションズ
77400,７７４００,タムロン,タムロン / TAMRON / 77400 / SPシリーズ / Diシリーズ / Di IIシリーズ / Di IIIシリーズ / 28-75mm F/2.8 / 17-28mm F/2.8 / 70-180mm F/2.8 / 18-300mm F/3.5-6.3
77410,７７４１０,ＨＯＹＡ,ＨＯＹＡ / 7741 / HOYA / アイシティ / HOYAビジョンケア / HOYAメディカル / HOYAライフケア / HOYAエレクトロニクス / HOYAフォトニクス / HOYAメガネ
77440,７７４４０,ノーリツ鋼機,ノーリツ鋼機 / 77440 / ノーリツ / Noritsu / Noritsu Koki / QSS / EZ Controller / AccuSmart / DDP-621 / Green IV
77450,７７４５０,Ａ＆Ｄホロンホールディングス,申し訳ありませんが、「Ａ＆Ｄホロンホールディングス」（証券コード: 77450）に関する具体的な略称、ニックネーム、製品名やブランド名についての情報は持ち合わせていません。一般的に企業の略称や製品名は公式サイトやプレスリリース、または金融ニュースやSNSで確認することができます。
77470,７７４７０,朝日インテック,朝日インテック / 77470 / Asahi Intecc / PTCAガイドワイヤー / Fielder / SION / ASAHI / Corsair / Caravel / Gladius
77510,７７５１０,キヤノン,キヤノン / 7751 / キャノン / EOS / PIXUS / i-SENSYS / imageRUNNER / PowerShot / IXUS / SELPHY
77520,７７５２０,リコー,リコー / 77520 / RICOH / IMAGIO / GR / THETA / PJ / GELJET / IPSiO / SAVIN
77620,７７６２０,シチズン時計,シチズン時計 / 77620 / シチズン / CITIZEN / アテッサ / プロマスター / エクシード / クロスシー / カンパノラ / レグノ
77800,７７８００,メニコン,メニコン / 77800 / メニコンZ / メニコンプレミオ / メニコンワンデー / メニコンティニュー / メニコンフィット / メニコンソフト / メニコンO2 / メニコンアイスト / メニコンケア
78170,７８１７０,パラマウントベッドホールディングス,パラマウントベッドホールディングス / 78170 / パラマウントベッド / パラマウント / ケアレット / アクティ / インタイム / スカイリフト / パラマウントベッドグループ / パラマウントベッド株式会社
78180,７８１８０,トランザクション,申し訳ありませんが、「トランザクション」（証券コード: 78180）に関する具体的な略称、ニックネーム、製品名やブランド名についての情報は持っていません。一般的には、企業の略称やニックネームはSNSや金融ニュースで使われることがありますが、具体的な情報は公開されている資料やニュースを参照する必要があります。
78200,７８２００,ニホンフラッシュ,ニホンフラッシュ / 78200 / NF / 日本フラッシュ / Nihon Flash / フラッシュドア / Flash Door / フラッシュウォール / Flash Wall / フラッシュインテリア
78210,７８２１０,前田工繊,申し訳ありませんが、「前田工繊」（証券コード: 78210）に関する具体的な略称、ニックネーム、製品名やブランド名についての情報は持ち合わせていません。一般的には、企業の略称やニックネームはSNSや投資家の間で独自に作られることが多いです。製品やブランド名については、企業の公式ウェブサイトやプレスリリースを確認するのが良いでしょう。
78230,７８２３０,アートネイチャー,アートネイチャー / 78230 / アートミクロン / ヘアフォーライフ / ジュリア・オージェ / アートネイチャー・ウィッグ / アートネイチャー・メンズ / アートネイチャー・レディース / アートネイチャー・スカルプケア / アートネイチャー・ヘアケア
78260,７８２６０,フルヤ金属,フルヤ金属 / 78260 / フルヤ / Furuya Metal / PGM製品 / プラチナ製品 / 貴金属加工 / 触媒 / 工業用貴金属 / 高純度金属
78320,７８３２０,バンダイナムコホールディングス,バンダイナムコホールディングス / 78320 / バンダイ / ナムコ / バンナム / ガンダム / 太鼓の達人 / 鉄拳 / パックマン / アイカツ
78390,７８３９０,ＳＨＯＥＩ,ＳＨＯＥＩ / 78390 / ショウエイ / SHOEIヘルメット / J-Force / X-Spirit / GT-Air / Neotec / Glamster / Ex-Zero
78400,７８４００,フランスベッドホールディングス,フランスベッドホールディングス / 78400 / フランスベッド / FBH / フランスベッドメディカルサービス / フランスベッドインテリア / フランスベッド販売 / フランスベッド製造 / フランスベッドリネン / フランスベッドマットレス
78440,７８４４０,マーベラス,マーベラス / 78440 / マベ / MARVELOUS! / 牧場物語 / ルーンファクトリー / 閃乱カグラ / Fate/EXTELLA / 東京喰種 / 一騎当千
78460,７８４６０,パイロットコーポレーション,パイロットコーポレーション / 78460 / パイロット / フリクション / ジュース / カクノ / カスタム / 万年筆 / ボードマスター / ドクターグリップ
78560,７８５６０,萩原工業,萩原工業 / 78560 / 萩原 / HAGIHARA / ターポリン / ポリエチレンシート / エコシート / ハギハラ / 萩原ブルーシート / 萩原テクノファブリック
78600,７８６００,エイベックス,エイベックス / 78600 / avex / エイベックス・グループ / avex trax / エイベックス・エンタテインメント / エイベックス・デジタル / エイベックス・ピクチャーズ / エイベックス・マネジメント / エイベックス・ライブクリエイティブ
78640,７８６４０,フジシールインターナショナル,フジシールインターナショナル / 78640 / フジシール / Fuji Seal / フジシールグループ / スリーブラベル / シュリンクラベル / PAGO / フレキシブルパッケージ / ラベルソリューション
78670,７８６７０,タカラトミー,タカラトミー / 78670 / トミカ / プラレール / リカちゃん / ベイブレード / デュエル・マスターズ / トランスフォーマー / チョロQ / アニア
78680,７８６８０,広済堂ホールディングス,広済堂ホールディングス / 78680 / 広済堂 / Kosaido / Kosaido Holdings / 広済堂出版 / 広済堂グループ / Kosaido Printing / Kosaido Human Development / Kosaido Business Services
78740,７８７４０,レック,申し訳ありませんが、特定の企業やその証券コードに関連する略称、ニックネーム、製品名、ブランド名についての具体的な情報を提供することはできません。ただし、一般的に企業の略称やニックネームは、企業名の一部や特徴的な部分を基にしていることが多いです。企業の公式ウェブサイトや金融ニュース、SNSなどで確認することをお勧めします。
78880,７８８８０,三光合成,"申し訳ありませんが、具体的な企業の略称やニックネーム、製品名、ブランド名についての情報は提供できません。ただし、一般的には以下のような情報が考えられます。

1. 三光合成
2. 証券コード: 78880

これらの情報を元に、金融ニュースやSNSでの言及があるかもしれません。具体的な略称やニックネームについては、企業の公式サイトや金融情報サイトを参照することをお勧"
78930,７８９３０,プロネクサス,申し訳ありませんが、「プロネクサス」（証券コード: 78930）に関する具体的な略称、ニックネーム、製品名やブランド名についての情報は持っていません。一般的に企業の略称やニックネームは、業界や投資家の間で自然発生的に使われることが多いです。具体的な情報を得るには、金融ニュースやSNS、企業の公式発表などを確認することをお勧めします。
79110,７９１１０,ＴＯＰＰＡＮホールディングス,トッパン / トッパンホールディングス / TOPPAN / 79110 / トッパンフォームズ / トッパン印刷 / トッパンパッケージ / トッパンセキュリティ / トッパンデジタル / トッパンエレクトロニクス
79120,７９１２０,大日本印刷,大日本印刷 / DNP / 79120 / DNPフォトルシオ / DNPフォトブック / DNPデジタルソリューション / DNPパッケージング / DNPセキュリティ / DNPディスプレイ / DNPエレクトロニクス
79140,７９１４０,共同印刷,共同印刷 / 79140 / 共同 / 共同印 / KPC / KPCカード / 共同カード / 共同パッケージ / 共同ラベル / 共同メディア
79150,７９１５０,ＮＩＳＳＨＡ,NISSHA / 日写 / 日本写真印刷 / 79150 / IMD（インモールドデコレーション） / タッチセンサー / デジタル印刷 / メディカルデバイス / サーマル転写リボン / フレキシブルプリントサーキット
79170,７９１７０,ＺＡＣＲＯＳ,申し訳ありませんが、具体的な企業の略称やニックネーム、製品名、ブランド名についての情報は提供できません。ただし、一般的に企業の略称やニックネームは、社名の一部や証券コードを基にしていることが多いです。製品やブランド名については、企業の公式ウェブサイトやプレスリリースなどで確認することをお勧めします。
79210,７９２１０,ＴＡＫＡＲＡ　＆　ＣＯＭＰＡＮＹ,申し訳ありませんが、「ＴＡＫＡＲＡ　＆　ＣＯＭＰＡＮＹ」（証券コード: 79210）に関する具体的な略称、ニックネーム、製品名やブランド名についての情報は持っていません。一般的に企業の略称やニックネームは、企業の公式ウェブサイトや金融ニュース、SNSなどで確認することができます。具体的な製品やブランド名についても、企業の公式発表や製品カタログなどを参照する
79250,７９２５０,前澤化成工業,前澤化成工業 / 79250 / 前澤化成 / MAEZAWA / MKS / エムケーエス / マエザワ / 配管資材 / 排水設備 / プラスチック製品
79310,７９３１０,未来工業,"申し訳ありませんが、「未来工業」（証券コード: 79310）に関する具体的な略称、ニックネーム、製品名やブランド名の情報は持ち合わせていません。一般的に企業の略称やニックネームは、業界内や投資家の間で非公式に使われることが多く、公式な情報としては提供されていないことがあります。

ただし、一般的な情報として、企業の証券コードや正式名称はよく使われますので、"
79360,７９３６０,アシックス,アシックス / 79360 / ASICS / タイガー / オニツカタイガー / ゲルカヤノ / ゲルライト / メタラン / ニンバス / フジトラブーカ
79370,７９３７０,ツツミ,ツツミ / 79370 / ジュエリーツツミ / JEWELRY TSUTSUMI / PT900 / K18 / エンゲージリング / マリッジリング / ダイヤモンドジュエリー / ブライダルコレクション
79420,７９４２０,ＪＳＰ,申し訳ありませんが、具体的な企業の略称やニックネーム、製品名、ブランド名をリストアップすることはできません。ただし、一般的に企業の略称やニックネームは、会社名の一部や証券コードを基にしたものが多いです。例えば、「JSP」や「79420」などが考えられます。製品やブランド名については、企業の公式ウェブサイトやプレスリリースを確認することをお勧めします。
79430,７９４３０,ニチハ,ニチハ / 79430 / NICHIHA / NICHIHA SIDING / NICHIHA EXTERIOR / NICHIHA WALL / NICHIHA PANELS / NICHIHA CLADDING / NICHIHA PRODUCTS / NICHIHA SOLUTIONS
79440,７９４４０,ローランド,ローランド / 79440 / Roland / V-Drums / Fantom / JUNO / GO:MIXER / BOSS / AIRA / Aerophone
79470,７９４７０,エフピコ,エフピコ / 79470 / FP Corporation / エフピコパック / エコトレー / エフピコダイレクト / エフピコプラザ / エフピコリサイクル / エフピコエコ / エフピコトレー
79490,７９４９０,小松ウオール工業,小松ウオール工業 / 79490 / 小松ウォール / KOMATSU WALL / パーティション / 間仕切り / ウォールシステム / スライディングウォール / オフィスパネル / モバイルパーティション
79510,７９５１０,ヤマハ,ヤマハ / 79510 / ヤマハ発動機 / ヤマハ楽器 / ヤマハ音響 / ヤマハピアノ / ヤマハギター / ヤマハドラム / ヤマハAV / ヤマハボート
79520,７９５２０,河合楽器製作所,河合楽器製作所 / 79520 / カワイ / KAWAI / カワイピアノ / KAWAIピアノ / カワイ楽器 / KAWAI楽器 / KAWAI電子ピアノ / カワイデジタルピアノ
79550,７９５５０,クリナップ,クリナップ / 79550 / システムキッチン / ステンレスキャビネット / ラクエラ / セントロ / ステディア / バスルーム / 洗面化粧台 / アクリアバス
79560,７９５６０,ピジョン,ピジョン / 79560 / pigeon / ベビーケア / 母乳実感 / スマイルキッズ / マグマグ / ランフィ / ソフトタッチ / ピジョンベビー
79580,７９５８０,天馬,天馬 / 79580 / テンマ / TENMA / ポリテナー / ポリカート / ポリバケツ / ポリコンテナ / ポリラック / ポリパレット
79620,７９６２０,キングジム,キングジム / 79620 / テプラ / ショットノート / ファイルボックス / ポメラ / レザフェス / キングファイル / キングジムノート / クリアーファイル
79650,７９６５０,象印マホービン,象印 / 象印マホービン / ZOJIRUSHI / 79650 / ステンレスボトル / 炊飯ジャー / ホットプレート / 電気ポット / マイコン炊飯器 / スチーム式加湿器
79660,７９６６０,リンテック,リンテック / 79660 / LINTEC / タックペーパー / タックフィルム / セキュリティラベル / 保護フィルム / 粘着製品 / 工業用テープ / 印刷用紙
79700,７９７００,信越ポリマー,信越ポリマー / 79700 / Shin-Etsu Polymer / シンポリ / シンエツポリマー / SE Polymer / シンエツ / 信越 / Shin-Etsu / SEPS
79720,７９７２０,イトーキ,イトーキ / 79720 / ITOKI / スピーナ / カシコチェア / フリップフラップ / CZチェア / エピオスチェア / アルシオ / アクトチェア
79740,７９７４０,任天堂,任天堂 / 7974 / ニンテンドー / Nintendo Switch / スイッチ / ゲームボーイ / ファミコン / スーパーファミコン / Wii / DS
79760,７９７６０,三菱鉛筆,三菱鉛筆 / 79760 / ユニ / ジェットストリーム / クルトガ / ポスカ / ピュアモルト / シグノ / プロッキー / エマルジョン
79790,７９７９０,松風,申し訳ありませんが、具体的な企業や証券コードに関する情報を提供することはできません。一般的な情報や質問についてはお手伝いできますので、他に知りたいことがあればお知らせください。
79810,７９８１０,タカラスタンダード,タカラスタンダード / 79810 / Takara Standard / システムキッチン / ホーローキッチン / ホーローバス / エマージュ / レミュー / トレーシア / ミーナ
79840,７９８４０,コクヨ,コクヨ / 79840 / Campus / ハリナックス / カルカット / ミーティングバッグ / ソフトリングノート / ジブン手帳 / モバイルバッグ / テープカッター
79870,７９８７０,ナカバヤシ,ナカバヤシ / 79870 / ロジカルノート / フエルアルバム / ロアス / Digio2 / ライフスタイルツール / ナカバヤシ文具 / ナカバヤシアルバム / ナカバヤシオフィス用品
79880,７９８８０,ニフコ,ニフコ / 79880 / NIFCO / ファスナー / プラスチック部品 / 自動車部品 / 工業用ファスナー / クリップ / クランプ / コネクター
79890,７９８９０,立川ブラインド工業,立川ブラインド工業 / 79890 / タチカワブラインド / タチカワ / ブラインド / タチカワ製品 / タチカワブランド / タチカワのブラインド / 窓装飾 / インテリアブラインド
79900,７９９００,グローブライド,グローブライド / 79900 / ダイワ / DAIWA / ONOFF / GIII / PRGR / オノフ / プロギア / ダイワ精工
79940,７９９４０,オカムラ,オカムラ / 79940 / オカムラ製作所 / オフィス家具 / コンテッサ / バロン / シルフィー / ライブス / プロユニット / グラビノーバ
79950,７９９５０,バルカー,申し訳ありませんが、「バルカー」（証券コード: 79950）に関する具体的な略称、ニックネーム、製品名やブランド名のリストを提供することはできません。ただし、一般的に企業の略称やニックネームは、社名の一部や製品の特徴に基づいていることが多いです。具体的な情報については、公式な金融ニュースや企業の公式ウェブサイトを参照することをお勧めします。
80010,８００１０,伊藤忠商事,伊藤忠商事 / 8001 / 伊藤忠 / ITOCHU / CTC / ファミリーマート / デサント / コンバース / マルエツ / ユニー
80020,８００２０,丸紅,丸紅 / 80020 / 丸紅株式会社 / MARUBENI / 丸紅グループ / 丸紅商事 / 丸紅エナジー / 丸紅リース / 丸紅プラネット / 丸紅アグリ
80050,８００５０,スクロール,申し訳ありませんが、「スクロール」（証券コード: 80050）に関する具体的な略称、ニックネーム、製品名やブランド名のリストを提供することはできません。ただし、一般的に企業に関連する情報としては、会社名、証券コード、主要ブランド名や製品名が挙げられることがあります。具体的な情報は公式ウェブサイトや金融ニュース、SNSなどで確認することをお勧めします。
80080,８００８０,ヨンドシーホールディングス,ヨンドシー / 4℃ / ヨンドシーホールディングス / 80080 / Canal 4℃ / 4℃ BRIDAL / EAU DOUCE 4℃ / Luria 4℃ / 4℃ HOMME / 4℃ジュエリー
80110,８０１１０,三陽商会,三陽商会 / 80110 / SANYO / バーバリー / マッキントッシュ / アマカ / エポカ / ポール・スチュアート / ブルーレーベル / ブラックレーベル
80120,８０１２０,長瀬産業,申し訳ありませんが、「長瀬産業」（証券コード: 80120）に関する具体的な略称、ニックネーム、製品名やブランド名のリストを提供することはできません。ただし、一般的に企業に関連する略称やブランド名は、企業の公式ウェブサイトや金融ニュース、SNSなどで確認することができます。
80140,８０１４０,蝶理,蝶理 / 80140 / CHORI / 蝶理株式会社 / 蝶理商事 / CHORIグループ / 蝶理テキスタイル / 蝶理化学 / 蝶理マテリアル / 蝶理インターナショナル
80150,８０１５０,豊田通商,豊田通商 / 80150 / TTC / トヨタツーショー / Toyota Tsusho / トヨツー / 豊通 / Toyota Tsusho Corporation / TTS / 豊田通商株式会社
80160,８０１６０,オンワードホールディングス,オンワードホールディングス / 80160 / オンワード / 23区 / 組曲 / 自由区 / any SiS / ICB / J.PRESS / FIELD DREAM
80180,８０１８０,三共生興,申し訳ありませんが、「三共生興」（証券コード: 80180）に関する具体的な略称、ニックネーム、製品名やブランド名についての情報は持ち合わせていません。一般的な情報としては、企業名や証券コードがそのまま使われることが多いです。具体的な略称やブランド名については、公式な情報源や金融ニュース、SNSなどで確認することをお勧めします。
80200,８０２００,兼松,申し訳ありませんが、具体的な企業の略称やニックネーム、製品名、ブランド名についての情報は提供できません。ただし、一般的に企業の略称やニックネームは、会社名の一部や証券コード、またはその企業の代表的な製品やブランド名から派生することが多いです。具体的な情報は、公式な金融ニュースサイトやSNSで確認することをお勧めします。
80220,８０２２０,美津濃,美津濃 / ミズノ / MIZUNO / 80220 / ミズノスポーツ / ウェーブライダー / モレリア / ミズノプロ / ミズノゴルフ / ミズノランニング
80290,８０２９０,ルックホールディングス,ルックホールディングス / 80290 / ルック / LOOK / アルチザン＆アーティスト / マリメッコ / イルビゾンテ / アニエスベー / アンタイトル / アクアスキュータム
80310,８０３１０,三井物産,三井物産 / 8031 / 三井 / 物産 / MBK / Mitsui / Mitsui & Co. / 三井グループ / Mitsui Bussan / Mitsui Trading
80320,８０３２０,日本紙パルプ商事,日本紙パルプ商事 / 80320 / 日紙商 / JPP / 日本紙パルプ / Nippon Paper & Pulp / NPP / 日本紙パルプ商事株式会社 / 日本紙パルプ商事グループ / 日本紙
80350,８０３５０,東京エレクトロン,東京エレクトロン / TEL / 8035 / 東京エレ / テル / TEL製品 / TELブランド / TEL装置 / TELテクノロジー / TELソリューション
80370,８０３７０,カメイ,申し訳ありませんが、具体的な企業の略称やニックネーム、製品名やブランド名についての情報を提供することはできません。ただし、一般的に企業の略称やニックネームは、企業名の一部や証券コードを基にしたものが多いです。例えば、証券コードをそのまま使ったり、企業名の一部を短縮したりすることがあります。具体的な情報については、金融ニュースやSNS、企業の公式ウェブサイトなどを参照してください
80430,８０４３０,スターゼン,スターゼン / 80430 / スターゼンミート / スターゼンフード / スターゼンプロダクツ / スターゼンブランド / スターゼンホールディングス / スターゼンインターナショナル / スターゼンマーケット / スターゼンファーム
80500,８０５００,セイコーグループ,セイコー / セイコーグループ / 80500 / グランドセイコー / アストロン / プレザージュ / プロスペックス / ルキア / クレドール / キネティック
80510,８０５１０,山善,山善 / 80510 / YAMAZEN / ヤマゼン / YAMAZEN SELECT / Yamazen Home / Yamazen Tools / Yamazen Living / Yamazen Kitchen / Yamazen Office
80520,８０５２０,椿本興業,申し訳ありませんが、「椿本興業」（証券コード: 80520）に関する具体的な略称、ニックネーム、製品名やブランド名の情報は持ち合わせていません。一般的に企業の略称やニックネームは、業界や投資家の間で独自に使われることが多く、公式なものではない場合があります。公式な製品名やブランド名については、企業の公式ウェブサイトやプレスリリースなどを参照すること
80530,８０５３０,住友商事,住友商事 / 80530 / 住商 / Sumitomo Corporation / SC / Sumisho / 住友 / Sumitomo / 住友グループ / 住友商事グループ
80560,８０５６０,ＢＩＰＲＯＧＹ,申し訳ありませんが、「ＢＩＰＲＯＧＹ」（証券コード: 80560）に関する具体的な略称、ニックネーム、製品名やブランド名についての情報は持ち合わせていません。一般的には、企業の略称やニックネームはSNSや金融ニュースでの使用状況によって変わることがあります。企業の公式ウェブサイトやプレスリリース、SNSアカウントなどを確認することで、最新の情報を得ることができるか
80570,８０５７０,内田洋行,申し訳ありませんが、「内田洋行」（証券コード: 80570）に関連する略称、ニックネーム、製品名やブランド名の具体的なリストは提供できません。一般的に企業の略称や製品名は、公式ウェブサイトや金融ニュース、SNSなどで確認することができます。
80580,８０５８０,三菱商事,三菱商事 / 8058 / MC / 三菱 / 三菱グループ / Mitsubishi Corporation / 三菱商事株式会社 / MCグループ / 三菱商事グループ / Mitsubishi商事
80590,８０５９０,第一実業,申し訳ありませんが、「第一実業」（証券コード: 80590）に関する具体的な略称、ニックネーム、製品名やブランド名の情報は持ち合わせていません。一般的に企業の略称やニックネームは、業界や地域、SNSでの利用状況によって異なることがあります。具体的な情報は、公式ウェブサイトや関連するニュース記事、SNSの投稿などを参照することをお勧めします。
80600,８０６００,キヤノンマーケティングジャパン,キヤノンMJ / キヤノンマーケティングジャパン / キヤノン / 80600 / PIXUS / EOS / imageRUNNER / imagePRESS / IVY / PowerShot
80610,８０６１０,西華産業,"申し訳ありませんが、「西華産業」（証券コード: 80610）に関する具体的な略称、ニックネーム、製品名やブランド名の情報は私のデータベースには含まれていません。一般的に企業の略称やニックネームは、業界や投資家の間で独自に使われることが多いため、公式な情報としては提供されていないことがあります。

ただし、一般的な情報としては以下のようなものが考えら"
80650,８０６５０,佐藤商事,申し訳ありませんが、具体的な企業の略称やニックネーム、製品名やブランド名についての情報は提供できません。佐藤商事に関する情報は、公式な金融ニュースや企業の公式発表を参照してください。
80700,８０７００,東京産業,申し訳ありませんが、「東京産業」（証券コード: 80700）に関する具体的な略称、ニックネーム、製品名やブランド名についての情報は持ち合わせていません。一般的に企業の略称やニックネームは、業界内や投資家の間で自然発生的に使われることが多いため、公式な情報としては提供されていない場合があります。具体的な情報を得るためには、金融ニュースやSNS、企業の公式発表を
80740,８０７４０,ユアサ商事,ユアサ商事 / 80740 / ユアサ / Yuasa / ユアサグループ / ユアサ商事株式会社 / Yuasa Trading / ユアサトレーディング / ユアサブランド / ユアサ製品
80750,８０７５０,神鋼商事,申し訳ありませんが、「神鋼商事」（証券コード: 80750）に関する具体的な略称、ニックネーム、製品名やブランド名の情報は私のデータベースには含まれていません。一般的には、企業の略称やニックネームは業界や投資家の間で自然発生的に使われることが多く、公式なものではない場合もあります。具体的な情報を得るには、金融ニュースやSNS、企業の公式発表など
80780,８０７８０,阪和興業,阪和興業 / 80780 / 阪和 / HANWA / ハンワ / 鉄鋼 / 金属 / 資源 / エネルギー / トレーディング
80790,８０７９０,正栄食品工業,正栄食品工業 / 80790 / 正栄 / 正栄食品 / ナッツ / ドライフルーツ / ショウエイ / 正栄デリカ / 正栄フーズ / 正栄スイーツ
80810,８０８１０,カナデン,申し訳ありませんが、「カナデン」（証券コード: 80810）に関する具体的な略称、ニックネーム、製品名やブランド名の情報は持っていません。一般的には、企業名や証券コードがそのまま使われることが多いです。具体的な情報を得るには、最新の金融ニュースやSNS、企業の公式ウェブサイトを確認することをお勧めします。
80840,８０８４０,ＲＹＯＤＥＮ,リョーデン / 8084 / RYODEN / 菱電 / 菱電商事 / 菱電グループ / 菱電製品 / 菱電ブランド / 菱電テクノロジー / 菱電エレクトロニクス
80860,８０８６０,ニプロ,ニプロ / 80860 / ニプロ医療機器 / ニプロ製薬 / ニプロダイヤライザー / ニプロカテーテル / ニプロ注射器 / ニプロ血糖測定器 / ニプロ透析 / ニプロヘルスケア
80880,８０８８０,岩谷産業,岩谷産業 / 80880 / イワタニ / Iwatani / カセットフー / カセットコンロ / プリムス / 岩谷 / イワタニ産業 / イワタニカセットガス
80930,８０９３０,極東貿易,申し訳ありませんが、具体的な企業の略称やニックネーム、製品名やブランド名についての情報は提供できません。ただし、一般的に企業の略称やニックネームは、会社名の一部や証券コードを基にしたものが多いです。例えば、「極東貿易」であれば、「極東」や「80930」などが考えられます。製品やブランド名については、企業の公式ウェブサイトやプレスリリースを参照することを
80950,８０９５０,アステナホールディングス,アステナホールディングス / 80950 / アステナ / ASTENA / アステナHD / アステナグループ / アステナ製品 / アステナブランド / アステナのサービス / アステナの技術
80970,８０９７０,三愛オブリ,申し訳ありませんが、「三愛オブリ」（証券コード: 80970）に関する具体的な略称、ニックネーム、製品名やブランド名の情報は持ち合わせていません。一般的に企業の略称やニックネームは、業界やコミュニティによって異なる場合がありますので、具体的な情報は金融ニュースやSNS、企業の公式発表などを参照することをお勧めします。
80980,８０９８０,稲畑産業,申し訳ありませんが、稲畑産業に関する具体的な略称、ニックネーム、製品名やブランド名の情報は持っていません。一般的に企業の略称やニックネームは、業界内や投資家の間で非公式に使われることが多く、公式な情報としては提供されていないことが多いです。公式な情報については、企業の公式ウェブサイトやプレスリリース、金融ニュースなどを参照してください。
81010,８１０１０,ＧＳＩクレオス,申し訳ありませんが、「ＧＳＩクレオス」（証券コード: 81010）に関する具体的な略称、ニックネーム、製品名やブランド名の情報は持ち合わせていません。ただし、一般的に企業名や証券コードがそのまま使われることが多いです。製品やブランド名については、公式ウェブサイトや関連のプレスリリースを確認することをお勧めします。
81030,８１０３０,明和産業,申し訳ありませんが、明和産業（証券コード: 81030）に関する具体的な略称、ニックネーム、製品名やブランド名のリストを提供することはできません。最新の情報については、公式な金融ニュースサイトやSNS、企業の公式ウェブサイトを参照してください。
81110,８１１１０,ゴールドウイン,ゴールドウイン / 81110 / THE NORTH FACE / HELLY HANSEN / C3fit / DANSKIN / ellesse / MXP / Speedo / Goldwin Tech Lab
81130,８１１３０,ユニ・チャーム,ユニ・チャーム / 81130 / ムーニー / ソフィ / チャームナップ / シルコット / ライフリー / マナーウェア / ウェーブ / ナチュラルムーニー
81250,８１２５０,ワキタ,申し訳ありませんが、「ワキタ」（証券コード: 81250）に関する具体的な略称、ニックネーム、製品名やブランド名の情報は提供できません。一般的な情報やニュースを確認するには、金融ニュースサイトやSNSをご覧になることをお勧めします。
81290,８１２９０,東邦ホールディングス,"申し訳ありませんが、「東邦ホールディングス」（証券コード: 81290）に関する具体的な略称、ニックネーム、製品名やブランド名についての情報は持ち合わせていません。ただし、一般的に企業の略称やニックネームは以下のような形式で使われることがあります：

東邦HD / 東邦 / 81290 / 東邦ホールディングス / THHD

製品名やブランド名については、具体的な情報が必要ですので、公式"
81300,８１３００,サンゲツ,サンゲツ / 81300 / SGT / リアテック / ファイン / エクセレクト / リザーブ / フェイス / ストリングス / アクセント
81310,８１３１０,ミツウロコグループホールディングス,ミツウロコグループホールディングス / 81310 / ミツウロコ / ミツウロコHD / ミツウロコグループ / ミツウロコエナジー / ミツウロコフード / ミツウロコプロダクツ / ミツウロコソーラー / ミツウロコガス
81320,８１３２０,シナネンホールディングス,シナネンホールディングス / 8132 / シナネン / シナネンエナジー / シナネンガス / シナネンオイル / シナネン電力 / シナネンエコロジー / シナネン物流 / シナネンリース
81330,８１３３０,伊藤忠エネクス,伊藤忠エネクス / 81330 / エネクス / ENEX / 伊藤忠 / エネクスでんき / エネクスガス / エネクスオイル / エネクスカーライフ / エネクスソーラー
81360,８１３６０,サンリオ,サンリオ / 81360 / ハローキティ / マイメロディ / リトルツインスターズ / シナモロール / ポムポムプリン / ぐでたま / キキララ / サンリオピューロランド
81370,８１３７０,サンワテクノス,サンワテクノス / 81370 / サンワ / テクノス / サンワテクノス株式会社 / SANWA / SANWA TECHNOS / サンワテクノスグループ / サンワテクノス製品 / サンワテクノスブランド
81410,８１４１０,新光商事,申し訳ありませんが、「新光商事」（証券コード: 81410）に関する具体的な略称、ニックネーム、製品名やブランド名の情報は持ち合わせていません。一般的に企業の略称やニックネームは、業界や投資家の間で自然発生的に使われることが多く、公式に定められているわけではないことが多いです。製品やブランド名についても、特定の情報がない場合があります。具体的
81420,８１４２０,トーホー,申し訳ありませんが、「トーホー」（証券コード: 81420）に関する具体的な略称、ニックネーム、製品名やブランド名についての情報は持ち合わせていません。ただし、一般的に企業名や証券コードをそのまま略称として使用することが多いです。具体的な情報については、公式ウェブサイトや金融ニュース、SNSなどで確認することをお勧めします。
81500,８１５００,三信電気,申し訳ありませんが、「三信電気」（証券コード: 81500）に関する具体的な略称、ニックネーム、製品名やブランド名の情報は持っていません。一般的には、会社名や証券コードそのものが略称として使われることが多いです。具体的な製品名やブランド名については、公式ウェブサイトやプレスリリースなどを参照することをお勧めします。
81510,８１５１０,東陽テクニカ,東陽テクニカ / 81510 / TOYO / TOYO Corporation / 東陽 / 東陽テク / 東陽技研 / 東陽製品 / TOYOブランド / TOYOテクニカ
81530,８１５３０,モスフードサービス,モスフードサービス / 81530 / モスバーガー / モス / モスチキン / モスライスバーガー / モスシェイク / モスサラダ / モスドリンク / モスカフェ
81540,８１５４０,加賀電子,加賀電子 / 81540 / 加賀 / KAGA / KAGA ELECTRONICS / KAGA FEI / KAGA SOLUTION / KAGA COMPONENTS / KAGA DEVICES / KAGA SYSTEM
81570,８１５７０,都築電気,申し訳ありませんが、「都築電気」（証券コード: 81570）に関する具体的な略称、ニックネーム、製品名やブランド名の情報は持ち合わせていません。一般的な情報として、企業名や証券コードがそのまま使われることが多いですが、具体的な略称や製品名については公式の情報源や金融ニュース、SNSなどで確認することをお勧めします。
81580,８１５８０,ソーダニッカ,申し訳ありませんが、「ソーダニッカ」（証券コード: 81580）に関する具体的な略称、ニックネーム、製品名やブランド名の情報は私のデータベースには含まれていません。一般的には、企業名や証券コードがそのまま使われることが多いですが、詳細な情報は公式ウェブサイトや金融ニュース、SNSなどで確認することをお勧めします。
81590,８１５９０,立花エレテック,立花エレテック / 81590 / 立花 / エレテック / 立花電機 / ELEC / 立花エレ / TET / 立花テクノ / ELECブランド
81600,８１６００,木曽路,"申し訳ありませんが、「木曽路」（証券コード: 81600）に関連する略称、ニックネーム、製品名やブランド名についての具体的な情報は持っていません。ただし、一般的に企業名や証券コードがそのまま略称として使われることが多いです。以下は一般的な例です：

木曽路 / 81600

具体的な製品名やブランド名については、公式ウェブサイトや関連するニュースソースを確認することをお"
81630,８１６３０,ＳＲＳホールディングス,ＳＲＳホールディングス / 81630 / 和食さと / すし半 / かごの屋 / あいそ家 / 夫婦善哉 / さとしゃぶ / さとすき / さとカフェ
81650,８１６５０,千趣会,千趣会 / 81650 / ベルメゾン / Belle Maison / 千趣会通販 / 千趣会ベルメゾン / ベルメゾンネット / 千趣会カタログ / 千趣会ギフト / 千趣会マンスリークラブ
81670,８１６７０,リテールパートナーズ,リテールパートナーズ / 81670 / マルキョウ / サンリブ / サンク / リテパ / リテール / リテールP / リテールパートナーズグループ / リテールパートナーズホールディングス
81730,８１７３０,上新電機,上新電機 / ジョーシン / Joshin / 81730 / Joshinオリジナル / Joshin web / Joshinカード / Joshinポイント / Joshinアウトレット / Joshinキッズランド
81740,８１７４０,日本瓦斯,日本瓦斯 / 81740 / ニチガス / ガスワン / Gas One / ガスワンショップ / ガスワンカード / ガスワンポイント / ガスワンアプリ / ガスワンリース
81790,８１７９０,ロイヤルホールディングス,ロイヤルホールディングス / 81790 / ロイヤルホスト / 天丼てんや / シズラー / ロイヤルデリ / ロイヤルコーヒーショップ / ロイヤルパークホテル / ロイヤルガーデンカフェ / ロイヤル空港ラウンジ / ロイヤルホールディングス株式会社
81850,８１８５０,チヨダ,チヨダ / 81850 / 東京靴流通センター / セダークレスト / ハイドロテック / フィンコンフォート / シュープラザ / SPORTH / ASBee / クロックスショップ
81940,８１９４０,ライフコーポレーション,ライフコーポレーション / ライフ / LIFE / 8194 / ライフスーパー / ライフストア / ライフカード / ライフポイント / ライフアプリ / ライフネット
82000,８２０００,リンガーハット,リンガーハット / 82000 / 長崎ちゃんぽん / ぎょうざ / 皿うどん / リンガー / Ringer Hut / Nagasaki Champon / Ringer / リンガーハットグループ
82030,８２０３０,ＭｒＭａｘＨＤ,申し訳ありませんが、「ＭｒＭａｘＨＤ」（証券コード: 82030）に関する具体的な略称、ニックネーム、製品名やブランド名の情報は私のデータベースには含まれていません。一般的には、企業名や証券コードがそのまま使われることが多いですが、詳細な情報は公式ウェブサイトや金融ニュース、SNSなどで確認することをお勧めします。
82140,８２１４０,ＡＯＫＩホールディングス,AOKI / AOKIホールディングス / 82140 / ORIHICA / アニヴェルセル / カラオケ館 / 快活CLUB / ブルックスブラザーズ / コムサメン / ジョイフル本田
82170,８２１７０,オークワ,申し訳ありませんが、「オークワ」（証券コード: 82170）に関する具体的な略称、ニックネーム、製品名やブランド名の情報は持ち合わせていません。一般的に企業の略称やニックネームは、SNSや金融ニュースでの使用状況によって変わることが多いため、最新の情報を確認するには、関連するSNSやニュースサイトを直接ご覧になることをお勧めします。
82180,８２１８０,コメリ,コメリ / 82180 / アテーナ / ハード＆グリーン / パワー / コメリカード / コメリプロ / コメリホームセンター / コメリリフォーム / コメリオンラインショップ
82190,８２１９０,青山商事,青山商事 / 82190 / 洋服の青山 / AOYAMA / THE SUIT COMPANY / WHITE THE SUIT COMPANY / UNIVERSAL LANGUAGE / キャラジャ / NEXT BLUE / 青山カード
82270,８２２７０,しまむら,しまむら / 8227 / ファッションセンターしまむら / バースデイ / アベイル / シャンブル / ディバロ / プチプラ / しまコレ / しまパト
82330,８２３３０,高島屋,高島屋 / 82330 / タカシマヤ / Takashimaya / タカシマヤカード / タカシマヤオンラインストア / タカシマヤタイムズスクエア / タカシマヤフードメゾン / タカシマヤローズサークル / タカシマヤスタイル
82370,８２３７０,松屋,松屋 / 82370 / 銀座松屋 / 松屋銀座 / Matsuya / Ginza Matsuya / 銀座本店 / Matsuya Ginza / 銀座デパート / 松屋デパート
82420,８２４２０,エイチ・ツー・オー　リテイリング,エイチ・ツー・オー リテイリング / H2Oリテイリング / 阪急阪神百貨店 / 阪急百貨店 / 阪神百貨店 / 阪急オアシス / イズミヤ / 阪急キッチンエール / デイリーマート / 82420
82440,８２４４０,近鉄百貨店,近鉄百貨店 / 82440 / 近鉄 / Kintetsu / あべのハルカス近鉄本店 / 近鉄パッセ / 近鉄百貨店ネットショップ / 近鉄友の会 / 近鉄百貨店ギフトカード / 近鉄百貨店ポイントカード
82520,８２５２０,丸井グループ,丸井グループ / 8252 / マルイ / OIOI / エポスカード / マルイウェブチャネル / マルイファミリー / エポス / マルコとマルオの7日間 / マルイシティ
82530,８２５３０,クレディセゾン,クレディセゾン / 8253 / セゾンカード / セゾンポイント / セゾンアメックス / セゾンゴールド / セゾンプラチナ / セゾンブルー / セゾンパール / セゾンデジタル
82550,８２５５０,アクシアル　リテイリング,申し訳ありませんが、「アクシアル リテイリング」（証券コード: 82550）に関する具体的な略称、ニックネーム、製品名やブランド名のリストは私のデータベースには含まれていません。一般的に、企業の略称やニックネームはSNSや金融ニュースで独自に作られることが多いため、特定の情報源を参照する必要があります。もし具体的な情報が必要であれば、金融ニュースサイトやSNSでの
82670,８２６７０,イオン,イオン / 8267 / イオンモール / イオンカード / イオン銀行 / イオンスタイル / マックスバリュ / ミニストップ / トップバリュ / グルメシティ
82730,８２７３０,イズミ,イズミ / 82730 / ゆめタウン / ゆめマート / ゆめカード / ゆめタウンアプリ / ゆめオンライン / ゆめタウンデジタルチラシ / ゆめタウンポイント / ゆめタウンセール
82750,８２７５０,フォーバル,申し訳ありませんが、「フォーバル」（証券コード: 82750）に関する具体的な略称、ニックネーム、製品名やブランド名についての情報は持ち合わせていません。金融ニュースやSNSでの通称やブランド名は、一般的に公開されている情報や企業の公式発表に依存します。最新の情報は、企業の公式ウェブサイトや金融ニュースサイト、SNSなどで確認することをお勧めします。
82760,８２７６０,平和堂,申し訳ありませんが、「平和堂」（証券コード: 82760）に関する具体的な略称、ニックネーム、製品名やブランド名のリストを提供することはできません。ただし、一般的に企業の略称やニックネームは、会社名そのものやその一部、または証券コードが使われることが多いです。製品やブランド名については、企業の公式ウェブサイトやプレスリリースなどで確認することをお勧めします。
82780,８２７８０,フジ,フジ / 82780 / フジグループ / フジスーパー / フジネットスーパー / フジカード / フジポイント / フジウォレット / フジアプリ / フジデリカ
82790,８２７９０,ヤオコー,ヤオコー / 8279 / ヤオコーマート / ヤオコーカード / ヤオコーアプリ / ヤオコーキッチン / ヤオコーレシピ / ヤオコーオリジナル / ヤオコーセレクション / ヤオコー食品
82810,８２８１０,ゼビオホールディングス,ゼビオホールディングス / 82810 / スーパースポーツゼビオ / ヴィクトリア / エルブレス / ゴルフパートナー / ゼビオアリーナ / ゼビオスポーツ / ゼビオオンラインストア / ゼビオカード
82820,８２８２０,ケーズホールディングス,ケーズデンキ / ケーズホールディングス / 82820 / K's / K's Holdings / ケーズ / K'sデンキ / ケーズHD / K'sホールディングス / ケーズ電機
82830,８２８３０,ＰＡＬＴＡＣ,申し訳ありませんが、「ＰＡＬＴＡＣ」（証券コード: 82830）に関する具体的な略称、ニックネーム、製品名やブランド名についての情報は持っていません。一般的な情報として、企業名や証券コードがそのまま使われることが多いですが、特定の略称やニックネームがある場合は、金融ニュースやSNSでの使用状況を直接確認することをお勧めします。
82850,８２８５０,三谷産業,申し訳ありませんが、「三谷産業」（証券コード: 82850）に関する具体的な略称、ニックネーム、製品名やブランド名についての情報は持ち合わせていません。一般的に企業の略称やニックネームは、業界や地域、SNSのコミュニティによって異なる場合があります。具体的な情報を得るには、金融ニュースサイトやSNSでの検索をお勧めします。
83040,８３０４０,あおぞら銀行,あおぞら銀行 / 83040 / AOZORA / あおぞらダイレクト / あおぞらネットバンク / あおぞらカード / あおぞらローン / あおぞら投信 / あおぞら証券 / あおぞらプライベートバンク
83060,８３０６０,三菱ＵＦＪフィナンシャル・グループ,MUFG / 三菱UFJ / 三菱UFJ銀行 / 三菱UFJ信託銀行 / 三菱UFJモルガン・スタンレー証券 / 三菱UFJニコス / 三菱UFJリース / 三菱UFJキャピタル / 83060 / 三菱UFJフィナンシャル・グループ
83080,８３０８０,りそなホールディングス,りそなホールディングス / 83080 / りそな銀行 / 埼玉りそな銀行 / 近畿大阪銀行 / りそなグループ / りそなカード / りそなポイント / りそなアプリ / りそなネットバンキング
83090,８３０９０,三井住友トラストグループ,三井住友トラストグループ / SMTB / 三井住友信託銀行 / 住友信託 / Mitsui Trust / Sumitomo Trust / 83090 / 三井住友トラスト・ホールディングス / みずほ信託 / 住信
83160,８３１６０,三井住友フィナンシャルグループ,三井住友フィナンシャルグループ / SMFG / 三井住友FG / 三井住友 / 住友銀行 / SMBC / 三井住友銀行 / 8316 / SMBCグループ / SMBCファイナンス
83310,８３３１０,千葉銀行,千葉銀行 / 83310 / ちばぎん / ちば銀 / Chiba Bank / ちばぎんカード / ちばぎん住宅ローン / ちばぎんビジネスローン / ちばぎんアプリ / ちばぎんネットバンキング
83340,８３３４０,群馬銀行,群馬銀行 / 83340 / 群銀 / GUNMA BANK / ぐんぎん / GUNGIN / 群馬銀行アプリ / 群馬銀行カード / 群馬銀行ローン / 群馬銀行ネットバンキング
83360,８３３６０,武蔵野銀行,"申し訳ありませんが、具体的な略称やニックネーム、製品名やブランド名についての情報は持っていません。ただし、一般的に使われる可能性のあるものをいくつか挙げるとすれば：

武蔵野銀行 / 83360 / 武銀 / Musashino Bank / Musashino / むさしの / むさしの銀行 / Musashino Bk / 武蔵野BK / 武蔵野

これらは一般的な推測に基づ"
83370,８３３７０,千葉興業銀行,千葉興業銀行 / 83370 / 千葉興銀 / CKB / ちばこうぎん / ちば興銀 / Chiba Kogyo Bank / ちばぎん / 千葉銀行 / ちば興業
83380,８３３８０,筑波銀行,筑波銀行 / 83380 / 筑銀 / Tsukuba Bank / つくば銀行 / TKB / つくばフィナンシャルグループ / 筑波FG / つくば証券 / 筑波カード
83410,８３４１０,七十七銀行,七十七銀行 / 77銀行 / 七十七 / 83410 / 七十七フィナンシャルグループ / 七十七ダイレクト / 七十七カード / 七十七ローン / 七十七証券 / 七十七投信
83430,８３４３０,秋田銀行,秋田銀行 / 83430 / 秋銀 / Akita Bank / あきぎん / 秋田銀 / Akita Ginko / 秋田銀行アプリ / 秋田銀行カード / 秋田銀行ローン
83440,８３４４０,山形銀行,山形銀行 / 83440 / 山銀 / Yamagata Bank / やまぎん / Yamagata Ginko / 山形銀 / Yamagata Financial Group / 山形FG / 山形フィナンシャルグループ
83450,８３４５０,岩手銀行,岩手銀行 / 岩銀 / 83450 / 岩手銀 / Iwate Bank / いわぎん / Iwagin / 岩手銀行アプリ / 岩手銀行カード / 岩手銀行ローン
83460,８３４６０,東邦銀行,東邦銀行 / 83460 / 東邦銀 / TOHO / TOHO BANK / とうほう / とうほう銀行 / 東邦 / 東邦フィナンシャル / 東邦カード
83540,８３５４０,ふくおかフィナンシャルグループ,ふくおかフィナンシャルグループ / 83540 / FFG / 福銀 / 福岡銀行 / 熊本銀行 / 親和銀行 / ふくぎん / ふくおかFG / ふくおかフィナンシャル
83580,８３５８０,スルガ銀行,スルガ銀行 / 83580 / SURUGA Bank / スルガ / Suruga / スルガダイレクト / スルガVisaデビットカード / スルガ住宅ローン / スルガカードローン / スルガバンクアプリ
83590,８３５９０,八十二銀行,八十二銀行 / 8359 / 八十二 / 八十二銀 / Hachijuni Bank / Hachijuni / 八十二フィナンシャルグループ / 八十二証券 / 八十二キャピタル / 八十二リース
83600,８３６００,山梨中央銀行,申し訳ありませんが、山梨中央銀行に関する具体的な略称、ニックネーム、製品名やブランド名のリストを提供することはできません。ただし、一般的に金融機関の略称やニックネームは、会社名の一部や証券コードを基にしたものが多いです。例えば、「山梨中央銀行」の場合、「山梨中銀」や「83600」などが考えられます。具体的な製品やブランド名については、公式ウェブサイトや
83610,８３６１０,大垣共立銀行,大垣共立銀行 / OKB / 83610 / OKB大垣共立 / OKBグループ / OKBカード / OKBローン / OKBネットバンキング / OKBスマホアプリ / OKBポイントサービス
83620,８３６２０,福井銀行,福井銀行 / 8362 / 福銀 / Fukui Bank / 福井銀行アプリ / 福井銀行カード / 福井銀行ローン / 福井銀行ネットバンキング / 福井銀行ATM / 福井銀行投資信託
83640,８３６４０,清水銀行,申し訳ありませんが、「清水銀行」（証券コード: 83640）に関する具体的な略称、ニックネーム、製品名やブランド名の情報は持ち合わせていません。一般的に銀行の略称やニックネームは地域や利用者によって異なることが多いため、正確な情報を得るには公式な資料や地元の情報源を確認することをお勧めします。
83660,８３６６０,滋賀銀行,滋賀銀行 / 83660 / 滋銀 / Shiga Bank / しがぎん / しが銀行 / Shiga Ginko / しがバンク / 滋賀バンク / Shigagin
83670,８３６７０,南都銀行,南都銀行 / 83670 / 南都 / ナント / Nanto Bank / ナントカード / ナントダイレクト / ナントアプリ / ナントローン / ナント証券
83680,８３６８０,百五銀行,百五銀行 / 83680 / 百五 / HYPOS / 105BANK / 百五ダイレクト / 百五カード / 百五証券 / 百五リース / 百五ビジネスサポート
83700,８３７００,紀陽銀行,紀陽銀行 / 83700 / 紀陽 / Kiyo Bank / きようぎん / 紀陽フィナンシャルグループ / きようフィナンシャル / Kiyo Financial Group / きようバンク / 紀陽カード
83770,８３７７０,ほくほくフィナンシャルグループ,ほくほくフィナンシャルグループ / 83770 / ほくほくFG / 北陸銀行 / 北海道銀行 / ほくほく証券 / ほくほくカード / ほくほくローン / ほくほく投信 / ほくほく保険
83810,８３８１０,山陰合同銀行,山陰合同銀行 / ごうぎん / 山陰合銀 / さんいんごうぎん / 8381 / 山陰合同 / 合同銀行 / さんいん銀行 / さんいん合銀 / さんいん合同銀行
83860,８３８６０,百十四銀行,百十四銀行 / 114銀行 / 114銀 / 百十四 / 香川銀行 / 114フィナンシャルグループ / 114FG / 83860 / 114カード / 114ローン
83870,８３８７０,四国銀行,四国銀行 / 83870 / 四銀 / Shikoku Bank / しこぎん / 四国銀 / 四国銀行カード / 四国銀行アプリ / 四国銀行ローン / 四国銀行投資信託
83880,８３８８０,阿波銀行,阿波銀行 / 83880 / 阿波銀 / Awa Bank / Awa Gin / 阿波バンク / 阿波フィナンシャル / 阿波ファイナンス / 阿波グループ / 阿波金融
83920,８３９２０,大分銀行,大分銀行 / 83920 / 大銀 / Oita Bank / 大分銀 / 大分銀行カード / 大分銀行アプリ / 大分銀行ローン / 大分銀行ネットバンキング / 大分銀行ATM
83930,８３９３０,宮崎銀行,宮崎銀行 / 83930 / 宮銀 / Miyagin / みやぎん / みやざきぎんこう / Miyazaki Bank / 8393 / みやざきBK / みやざき銀行
83950,８３９５０,佐賀銀行,佐賀銀行 / 83950 / 佐銀 / SAGIN / 佐銀アプリ / 佐銀ネットバンキング / 佐銀カード / 佐銀ローン / 佐銀投資信託 / 佐銀ATM
83990,８３９９０,琉球銀行,琉銀 / 琉球銀行 / 83990 / RYUKIN / 琉銀ネット / 琉球ダイレクト / 琉球カード / 琉球ローン / 琉球ファンド / 琉球証券
84100,８４１００,セブン銀行,セブン銀行 / 84100 / セブンATM / セブンネット銀行 / セブンカード / セブンペイ / セブンマネー / セブンバンク / セブンファイナンス / セブンキャッシュ
84110,８４１１０,みずほフィナンシャルグループ,みずほ / みずほ銀行 / みずほ証券 / みずほ信託銀行 / MHFG / Mizuho / 8411 / みずほダイレクト / みずほマイレージクラブ / みずほプレミアムクラブ
84180,８４１８０,山口フィナンシャルグループ,山口フィナンシャルグループ / YMFG / 山口FG / 84180 / 山口銀行 / もみじ銀行 / 北九州銀行 / YMFGカード / YMFG証券 / YMFGリース
84240,８４２４０,芙蓉総合リース,芙蓉総合リース / 84240 / 芙蓉リース / Fuyo Lease / Fuyo / 芙蓉 / Fuyo Group / 芙蓉総合 / Fuyo Leasing / 芙蓉総合リース株式会社
84250,８４２５０,みずほリース,みずほリース / 84250 / Mizuho Lease / みずほリース株式会社 / Mizuho Leasing / Mizuho Lease Company / Mizuho Lease Ltd. / Mizuho Leasing Company / Mizuho Leasing Ltd. / Mizuho Lease & Finance
84390,８４３９０,東京センチュリー,東京センチュリー / 84390 / TCリース / TCファイナンス / TCオートリース / TCエナジー / TCアセット / TCビジネスサポート / TCキャピタル / TCグローバル
84730,８４７３０,ＳＢＩホールディングス,ＳＢＩ / ＳＢＩホールディングス / 84730 / ＳＢＩ証券 / ＳＢＩネット銀行 / ＳＢＩ損保 / ＳＢＩ生命 / ＳＢＩマネープラザ / ＳＢＩインベストメント / ＳＢＩキャピタル
85110,８５１１０,日本証券金融,日本証券金融 / 85110 / 日証金 / JSF / 証金 / 日証 / 日本証券 / 証券金融 / 日証金レポ / 日証金貸株
85150,８５１５０,アイフル,アイフル / 85150 / AIU / サラ金 / 消費者金融 / かりかえMAX / おまとめMAX / 事業サポートプラン / アイフルカード / てまいらず
85220,８５２２０,名古屋銀行,名古屋銀行 / 名銀 / 85220 / 名銀アプリ / 名銀カード / 名銀ネットバンキング / 名銀ローン / 名銀投信 / 名銀保険 / 名銀ATM
85240,８５２４０,北洋銀行,北洋銀行 / 85240 / 北洋 / HOKUYO / 北洋カード / 北洋ダイレクト / 北洋アプリ / 北洋ローン / 北洋投信 / 北洋証券
85410,８５４１０,愛媛銀行,申し訳ありませんが、愛媛銀行（証券コード: 85410）に関する具体的な略称、ニックネーム、製品名やブランド名についての情報は持ち合わせていません。一般的に、銀行名や証券コードがそのまま使われることが多いですが、具体的な略称やニックネームについては、公式な情報源やSNSでの使用例を確認することをお勧めします。
85440,８５４４０,京葉銀行,京葉銀行 / 85440 / 京葉銀 / 京銀 / Keiyo Bank / けいぎん / けいようぎん / 京葉銀行アプリ / 京葉銀行カード / 京葉銀行ローン
85500,８５５００,栃木銀行,栃木銀行 / 栃銀 / Tochigi Bank / 85500 / とちぎん / Tochigi Ginko / 栃木銀行アプリ / 栃銀カード / 栃銀ローン / 栃銀ネットバンキング
85510,８５５１０,北日本銀行,北日本銀行 / 85510 / 北銀 / KITAGIN / 北日本 / 北日本バンク / 北日本銀行カード / 北日本銀行ローン / 北日本銀行アプリ / 北日本銀行ネットバンキング
85580,８５５８０,東和銀行,東和銀行 / 85580 / Towa Bank / 東和 / Towa / Towa Card / 東和ローン / 東和証券 / 東和ファイナンス / 東和リース
85660,８５６６０,リコーリース,リコーリース / 85660 / リコーリース株式会社 / RICOH LEASING / RICOHリース / リコー / リース事業 / ファイナンスサービス / オートリース / リコーグループ
85700,８５７００,イオンフィナンシャルサービス,イオンフィナンシャルサービス / 85700 / イオンカード / イオン銀行 / WAON / イオン保険サービス / イオンの金融 / イオンファイナンス / イオンマネー / イオンのクレジットカード
85720,８５７２０,アコム,アコム / 85720 / ACOM / アコムマスターカード / アコムACカード / アコムプラス / アコムキャッシング / アコムローン / アコムATM / アコムオンラインサービス
85840,８５８４０,ジャックス,ジャックス / 8584 / ジャックスカード / ジャックスローン / ジャックスペイメント / ジャックスオートローン / ジャックスリース / ジャックスファイナンス / ジャックスポイント / ジャックスプレミアムカード
85850,８５８５０,オリエントコーポレーション,オリエントコーポレーション / オリコ / 85850 / オリコカード / オリコポイント / オリコローン / オリコキャッシュレス / オリコモール / オリコオートリース / オリコクレジット
85910,８５９１０,オリックス,オリックス / ORIX / 85910 / オリックス銀行 / オリックス生命 / オリックス不動産 / オリックスレンタカー / オリックス自動車 / オリックス・バファローズ / オリックス・グループ
85930,８５９３０,三菱ＨＣキャピタル,三菱ＨＣキャピタル / 85930 / 三菱HC / 三菱キャピタル / HCキャピタル / 三菱フィナンシャル / MHCC / 三菱リース / HCリース / 三菱ファイナンス
85950,８５９５０,ジャフコ　グループ,ジャフコ / ジャフコグループ / JAFCO / JAFCOグループ / 85950 / JAFCO Ventures / ジャフコベンチャーズ / ジャフコキャピタル / JAFCO Capital / ジャフコファンド
86000,８６０００,トモニホールディングス,申し訳ありませんが、「トモニホールディングス」（証券コード: 86000）に関する具体的な略称、ニックネーム、製品名やブランド名についての情報は持っていません。一般的に企業の略称やニックネームは、公式なものではなく、SNSや投資家の間で自然発生的に使われることが多いです。具体的な情報を得るには、金融ニュースやSNSを直接確認することをお勧めします。
86010,８６０１０,大和証券グループ本社,大和証券 / 大和 / 大和証券グループ / 86010 / 大和ネクスト銀行 / ダイワファンド / ダイワSMA / ダイワ・アセット・マネジメント / ダイワ・インベストメント / ダイワ・セキュリティーズ
86040,８６０４０,野村ホールディングス,野村ホールディングス / 野村証券 / 野村 / NOMURA / 86040 / 野村アセットマネジメント / 野村総合研究所 / 野村信託銀行 / 野村不動産 / 野村キャピタルマーケット
86090,８６０９０,岡三証券グループ,岡三証券 / 岡三グループ / 岡三オンライン証券 / 岡三アセットマネジメント / 岡三キャピタルパートナーズ / 岡三リサーチ / 岡三フィナンシャルホールディングス / 86090 / 岡三トレード / 岡三ファンド
86130,８６１３０,丸三証券,丸三証券 / 86130 / 丸三 / マルサン / MARUSAN / 丸三ネット / 丸三トレード / 丸三オンライン / 丸三証券アプリ / 丸三証券ネットトレード
86140,８６１４０,東洋証券,東洋証券 / 86140 / 東洋 / 東証 / TOYO / TOYO証券 / 東洋トレード / 東洋インベスト / 東洋ファンド / 東洋アセット
86160,８６１６０,東海東京フィナンシャル・ホールディングス,東海東京フィナンシャル・ホールディングス / 86160 / 東海東京FH / 東海東京証券 / 東海東京 / 東海東京グループ / 東海東京ホールディングス / TTFH / 東海東京フィナンシャル / 東海東京フィナンシャルHD
86220,８６２２０,水戸証券,申し訳ありませんが、「水戸証券」（証券コード: 86220）に関する具体的な略称、ニックネーム、製品名やブランド名の情報は持っていません。一般的に、企業の略称やニックネームはSNSや金融ニュースで独自に使われることが多いため、公式な情報としては確認できない場合があります。公式な情報を得るには、企業の公式ウェブサイトや金融ニュースを直接確認することをお勧めします。
86240,８６２４０,いちよし証券,いちよし証券 / 86240 / いちよし / IY証券 / いちよしネット / いちよしダイレクト / いちよしアセット / いちよしファンド / いちよしリサーチ / いちよしプライベートバンク
86280,８６２８０,松井証券,松井証券 / 86280 / 松井 / ネット証券 / 松井ネットストック / 松井証券ネットストック / 松井証券FX / 松井証券投信 / 松井証券アプリ / 松井証券ロボアドバイザー
86300,８６３００,ＳＯＭＰＯホールディングス,ＳＯＭＰＯホールディングス / SOMPO / SOMPOケア / SOMPOひまわり生命 / SOMPOリスクマネジメント / SOMPOビジネスソリューションズ / SOMPOパートナーズ / SOMPOサステナビリティ / SOMPOデジタルラボ / SOMPO未来研究所
86970,８６９７０,日本取引所グループ,JPX / 日本取引所 / 東証 / 大証 / 86970 / 東京証券取引所 / 大阪取引所 / TSE / OSE / 日本取引所グループ
86980,８６９８０,マネックスグループ,マネックスグループ / 86980 / マネックス証券 / Monex / Monex Boom / マネックスカード / Monex SP Trust / マネックスアクティビストファンド / Monex Crypto Bank / マネックスクリプト
87060,８７０６０,極東証券,申し訳ありませんが、「極東証券」（証券コード: 87060）に関する具体的な略称、ニックネーム、製品名やブランド名の情報は持っていません。一般的に、証券会社の略称やニックネームは公式なものではなく、SNSや金融ニュースでの文脈によって異なる場合があります。公式な情報は会社のウェブサイトや公式発表を参照してください。
87070,８７０７０,岩井コスモホールディングス,岩井コスモホールディングス / 岩井コスモ / 岩井コスモ証券 / 岩井証券 / コスモ証券 / 87070 / 岩井コスモHD / 岩井コスモグループ / 岩井コスモホールディングス株式会社 / 岩井コスモホールディングス証券
87080,８７０８０,アイザワ証券グループ,申し訳ありませんが、「アイザワ証券グループ」（証券コード: 87080）に関する具体的な略称、ニックネーム、製品名やブランド名の情報は持ち合わせていません。一般的に使用されている略称やニックネームがある場合は、金融ニュースやSNS、公式ウェブサイトなどで確認することをお勧めします。
87130,８７１３０,フィデアホールディングス,申し訳ありませんが、フィデアホールディングス（証券コード: 87130）に関する具体的な略称、ニックネーム、製品名やブランド名についての情報は持っていません。一般的には、企業の略称やニックネームは公式なものではなく、SNSや金融ニュースでの文脈に依存することが多いです。公式な製品名やブランド名については、企業の公式ウェブサイトやプレスリリースを参照することをお
87140,８７１４０,池田泉州ホールディングス,池田泉州ホールディングス / 87140 / 池田泉州銀行 / ISホールディングス / IS銀行 / いけしん / いけだしんしゅう / ISHD / 池田泉州 / いけだしんしゅうホールディングス
87150,８７１５０,アニコム　ホールディングス,アニコム / アニコムHD / アニコムホールディングス / 87150 / アニコム損保 / どうぶつ健保 / アニコムパフェ / アニコムクラブ / アニコムペット保険 / アニコムグループ
87250,８７２５０,ＭＳ＆ＡＤインシュアランスグループホールディングス,MS&AD / MS&ADインシュアランス / 三井住友海上 / あいおいニッセイ同和損保 / 三井ダイレクト損保 / 8725 / 三井住友海上火災保険 / あいおいニッセイ同和 / Mitsui Sumitomo Insurance / Aioi Nissay Dowa Insurance
87390,８７３９０,スパークス・グループ,スパークス・グループ / 87390 / スパークス / スパークス・アセット・マネジメント / スパークス・グループ株式会社 / スパークス・グループ株 / スパークス・グループ株式 / スパークス・グループ証券 / スパークス・グループファンド / スパークス・グループ投資信託
87500,８７５００,第一生命ホールディングス,第一生命 / 第一生命HD / 第一生命ホールディングス / 87500 / Dai-ichi Life / だいいち / だいいち生命 / DAI-ICHI / DAI-ICHI LIFE / だいせい
87660,８７６６０,東京海上ホールディングス,東京海上ホールディングス / 87660 / 東京海上日動 / TMNF / 東京海上 / トーキョーマリン / 東京海上グループ / 東京海上アセットマネジメント / 東京海上日動あんしん生命 / 東京海上日動火災保険
87710,８７７１０,イー・ギャランティ,イー・ギャランティ / 87710 / eGuarantee / イーギャラ / eG / イーギャランティ株式会社 / e保証 / イー保証 / eガラ / イーガラ
87930,８７９３０,ＮＥＣキャピタルソリューション,ＮＥＣキャピタルソリューション / 87930 / ＮＥＣキャピタル / ＮＥＣキャピ / キャピタルソリューション / ＮＥＣ / キャピソリ / ＮＥＣソリューション / ＮＥＣキャピタルソリューション株式会社 / NEC Capital Solutions
87950,８７９５０,Ｔ＆Ｄホールディングス,Ｔ＆Ｄホールディングス / 87950 / T&D / 太陽生命 / 大同生命 / T&Dフィナンシャル生命 / T&Dアセットマネジメント / T&D保険グループ / T&Dホールディングス株式会社 / T&Dホールディングスグループ
87980,８７９８０,アドバンスクリエイト,アドバンスクリエイト / 87980 / 保険市場 / 保険市場 for business / 保険市場レディース / 保険市場キッズ / 保険市場シニア / 保険市場ペット / 保険市場ライフ / 保険市場カー
88010,８８０１０,三井不動産,三井不動産 / 88010 / 三井 / Mitsui Fudosan / 三井のリパーク / 三井アウトレットパーク / 三井ガーデンホテル / ららぽーと / 三井ショッピングパーク / 三井ホーム
88020,８８０２０,三菱地所,三菱地所 / 88020 / 三菱地所レジデンス / 三菱地所ホーム / 三菱地所リアルエステートサービス / 三菱地所プロパティマネジメント / 三菱地所コミュニティ / 三菱地所設計 / 三菱地所ハウスネット / 三菱地所アーバンインベストメント
88030,８８０３０,平和不動産,平和不動産 / 88030 / 平和不 / 平和 / 平和不動産リート / 平和不動産投資法人 / 平和不動産アセットマネジメント / 平和不動産グループ / 平和不動産ビル / 平和不動産マンション / 平和不動産オフィス
88040,８８０４０,東京建物,東京建物 / 88040 / 東建 / Brillia / 東京建物不動産販売 / 東京建物アメニティサポート / 東京建物リゾート / 東京建物コミュニティ / 東京建物レジデンシャル / 東京建物オフィス
88180,８８１８０,京阪神ビルディング,申し訳ありませんが、「京阪神ビルディング」（証券コード: 88180）に関する具体的な略称、ニックネーム、製品名やブランド名についての情報は持ち合わせていません。一般的に企業の略称やニックネームは、公式なものではなく、SNSや投資家の間で非公式に使われることが多いです。具体的な情報を得るには、金融ニュースやSNSを直接確認することをお勧めします。
88300,８８３００,住友不動産,住友不動産 / 8830 / スミトモ不動産 / Sumitomo Realty & Development / シティタワー / グランドヒルズ / シティハウス / シティテラス / シティタワーズ / シティレジデンス
88410,８８４１０,テーオーシー,申し訳ありませんが、「テーオーシー」（証券コード: 88410）に関連する略称、ニックネーム、製品名やブランド名についての具体的な情報は持ち合わせていません。一般的に企業名や証券コードがそのまま使われることが多いですが、詳細な略称やニックネームについては、金融ニュースやSNSでの具体的な言及を参照する必要があります。
88480,８８４８０,レオパレス２１,レオパレス２１ / 88480 / レオパレス / レオパ / Leopalace21 / Leopalace / レオネット / レオパレスリゾート / レオパレスセンター / レオパレスパートナーズ
88500,８８５００,スターツコーポレーション,スターツコーポレーション / 88500 / スターツ / STARTS / ピタットハウス / スターツ出版 / スターツホテル / スターツデベロップメント / スターツアメニティー / スターツプロシード
88600,８８６００,フジ住宅,フジ住宅 / 88600 / フジホーム / フジレジデンス / フジマンション / フジハウス / フジタウン / フジヴィラ / フジアパートメント / フジプロパティ
88640,８８６４０,空港施設,申し訳ありませんが、「空港施設」（証券コード: 88640）に関する具体的な略称、ニックネーム、製品名やブランド名の情報は私のデータベースには含まれていません。一般的に企業の略称やニックネームは、金融ニュースやSNSでの使用状況によって変わることがあります。具体的な情報については、最新の金融ニュースやSNSを直接ご確認いただくことをお勧めします。
88690,８８６９０,明和地所,"申し訳ありませんが、特定の企業に関する略称やニックネーム、製品名やブランド名の具体的なリストを提供することはできません。ただし、一般的に企業の略称やニックネームは、会社名の一部や証券コードを基にしたものが多いです。例えば、「明和地所」の場合、以下のようなものが考えられます：

明和地所 / 88690 / 明和 / 地所 / 明和不動産 / 明和マン"
88710,８８７１０,ゴールドクレスト,申し訳ありませんが、「ゴールドクレスト」（証券コード: 88710）に関する具体的な略称、ニックネーム、製品名やブランド名の情報は持っていません。一般的に企業の略称やニックネームは、SNSや金融ニュースでの使用頻度に依存するため、特定の情報源を参照する必要があります。公式な情報や最新のトレンドを確認するには、金融ニュースサイトやSNSを直接ご覧になることをお勧めします。
88760,８８７６０,リログループ,"申し訳ありませんが、「リログループ」（証券コード: 88760）に関する具体的な略称、ニックネーム、製品名やブランド名についての情報は持っていません。ただし、一般的に企業の略称やニックネームは以下のような形式で使われることがあります：

リログループ / 88760 / リロ / Relo / リロケーション / リロネット / リロクラブ / リロエステート / リロバケーション / リロパートナ"
88770,８８７７０,エスリード,"申し訳ありませんが、具体的な略称、ニックネーム、製品名やブランド名についての情報は持っていません。ただし、一般的に企業名や証券コードがそのまま略称として使われることが多いです。エスリードの場合、以下のようなものが考えられます。

エスリード / 88770 / エスリード株式会社 / エスリードマンション / エスリード不動産 / エスリード投資 / エスリード住宅 / エ"
88810,８８８１０,日神グループホールディングス,申し訳ありませんが、「日神グループホールディングス」（証券コード: 88810）に関する具体的な略称、ニックネーム、製品名やブランド名についての情報は持ち合わせていません。一般的に、企業の略称やニックネームはSNSや金融ニュースで独自に使われることが多いため、特定の情報源を参照することをお勧めします。
88920,８８９２０,日本エスコン,日本エスコン / 88920 / エスコン / ESCON / エスコンジャパン / 日本エスコンリート / エスコンアセットマネジメント / エスコンホーム / エスコンプラザ / エスコンタワー
88970,８８９７０,ＭＩＲＡＲＴＨホールディングス,申し訳ありませんが、「ＭＩＲＡＲＴＨホールディングス」（証券コード: 88970）に関する具体的な略称、ニックネーム、製品名やブランド名についての情報は持ち合わせていません。一般的には、企業の略称やニックネームはSNSや金融ニュースでの使用状況によって変わることがありますので、最新の情報を確認するには、公式ウェブサイトやSNS、金融ニュースサイトを参照することをお勧めします
89050,８９０５０,イオンモール,イオンモール / 89050 / イオン / AEON / イオンモール株式会社 / イオンモールショッピングセンター / イオンモールSC / イオンモールプライベートブランド / イオンモールアプリ / イオンモールカード
89180,８９１８０,ランド,申し訳ありませんが、具体的な証券コード「89180」に関連する企業やその略称、ニックネーム、製品名、ブランド名についての情報は持っていません。証券コードや企業名が特定されていない場合、一般的な情報を提供することができません。具体的な企業名やブランド名がわかれば、その情報に基づいてお手伝いできるかもしれません。
89190,８９１９０,カチタス,カチタス / 89190 / KATITAS / リフォーム / 中古住宅再生 / カチタスホーム / カチタスリノベーション / カチタスグループ / カチタスプロジェクト / カチタスサービス
89200,８９２００,東祥,東祥 / 89200 / ホリデイスポーツクラブ / ホリデイ / 東祥株式会社 / 東祥グループ / ホリデイフィットネス / ホリデイジム / 東祥不動産 / 東祥リゾート
89230,８９２３０,トーセイ,トーセイ / 89230 / トーセイ不動産 / トーセイリート / トーセイアセットマネジメント / トーセイホテル / トーセイビルサービス / トーセイ物流 / トーセイ開発 / トーセイプロパティマネジメント
89340,８９３４０,サンフロンティア不動産,サンフロンティア不動産 / 89340 / サンフロ / サンフロンティア / SF不動産 / サンフロン / サンフロンティアR / サンフロンティアリート / サンフロンティアプロパティ / サンフロンティアデベロップメント
89350,８９３５０,ＦＪネクストホールディングス,FJネクスト / FJネクストホールディングス / 89350 / ガーラマンション / ガーラレジデンス / ガーラシティ / ガーラステーション / ガーラプレイス / ガーラヒルズ / ガーラヴィスタ
89990,８９９９０,グランディハウス,申し訳ありませんが、「グランディハウス」（証券コード: 89990）に関する具体的な略称、ニックネーム、製品名やブランド名の情報は持ち合わせていません。一般的には、企業の略称やニックネームはSNSや投資家の間で自然発生的に使われることが多いため、公式な情報としては提供されていないことがあります。具体的な情報を得るには、公式の企業ウェブサイトや金融ニュース、SNSなど
90010,９００１０,東武鉄道,東武鉄道 / 90010 / 東武 / TOBU / 東武グループ / スカイツリーライン / 東武アーバンパークライン / 東武東上線 / 東武ワールドスクウェア / 東武動物公園
90030,９００３０,相鉄ホールディングス,相鉄ホールディングス / 90030 / 相鉄 / Sotetsu / 相鉄線 / 相鉄グループ / 相鉄ローゼン / 相鉄ジョイナス / 相鉄ホテル / 相鉄フレッサイン
90050,９００５０,東急,東急 / 90050 / 東急電鉄 / 東急不動産 / 東急百貨店 / 東急ハンズ / 東急ストア / 東急ホテルズ / 東急プラザ / 東急カード
90060,９００６０,京浜急行電鉄,京急 / 京急電鉄 / 京浜急行 / 京急線 / KEIKYU / 90060 / 京急グループ / 京急バス / 京急ストア / 京急ホテル
90070,９００７０,小田急電鉄,小田急電鉄 / 小田急 / 90070 / 小田急線 / 小田急ロマンスカー / 小田急バス / 小田急トラベル / Odakyu / 小田急百貨店 / 小田急不動産
90080,９００８０,京王電鉄,京王電鉄 / 90080 / 京王 / 京王線 / 京王バス / 京王ストア / 京王プラザホテル / 京王百貨店 / 京王ライナー / 京王パスポートカード
90090,９００９０,京成電鉄,京成電鉄 / 90090 / 京成 / スカイライナー / 京成グループ / 京成バス / 京成カード / 京成ホテル / 京成ストア / 京成タクシー
90100,９０１００,富士急行,富士急行 / 富士急 / 90100 / 富士急ハイランド / 富士山駅 / 富士急バス / 富士急シティバス / 富士急トラベル / 富士急モビリティ / 富士急電鉄
90200,９０２００,東日本旅客鉄道,JR東日本 / 東日本旅客鉄道 / JR東 / 9020 / Suica / 新幹線 / グリーン車 / 駅ナカ / びゅうプラザ / 駅弁
90210,９０２１０,西日本旅客鉄道,JR西日本 / 西日本旅客鉄道 / 90210 / ジェイアール西日本 / JR-WEST / サンダーバード / くろしお / はるか / しらさぎ / みずほ
90220,９０２２０,東海旅客鉄道,JR東海 / 東海旅客鉄道 / 90220 / 東海 / 新幹線 / のぞみ / ひかり / こだま / リニア / JR Central
90230,９０２３０,東京地下鉄,東京メトロ / 東京地下鉄 / Metro / メトロ / 90230 / 東京メトロパス / メトロポイントクラブ / メトロカード / メトロアプリ / メトロニュース
90240,９０２４０,西武ホールディングス,西武ホールディングス / 90240 / 西武HD / 西武鉄道 / プリンスホテル / 西武バス / 西武ライオンズ / 西武園ゆうえんち / 西武プロパティーズ / 西武不動産
90250,９０２５０,鴻池運輸,"申し訳ありませんが、具体的な略称やニックネーム、製品名やブランド名についての情報は持っていません。ただし、一般的に企業の略称やニックネームは、会社名の一部や証券コードを基にしていることが多いです。鴻池運輸の場合、以下のようなものが考えられますが、実際の使用状況は確認が必要です。

鴻池運輸 / 90250 / 鴻池 / Konoike"
90310,９０３１０,西日本鉄道,西日本鉄道 / 西鉄 / 90310 / 西鉄バス / 西鉄電車 / 西鉄グランドホテル / 西鉄ストア / 西鉄イン / 西鉄旅行 / 西鉄ライオンズ
90370,９０３７０,ハマキョウレックス,ハマキョウレックス / 90370 / ハマキョウ / レックス / ハマキョウレックス株式会社 / Hamakyorex / HREX / ハマレ / ハマキョウ物流 / ハマキョウサービス
90390,９０３９０,サカイ引越センター,サカイ引越センター / 90390 / サカイ / サカイ引越 / 引越のサカイ / サカイの引越 / サカイの引越便 / サカイ便 / パンダマーク / パンダ引越
90410,９０４１０,近鉄グループホールディングス,近鉄 / 近鉄グループ / 近鉄HD / 近鉄ホールディングス / 90410 / 近鉄電車 / 近鉄百貨店 / 近鉄不動産 / 近鉄バス / 近鉄ホテル
90420,９０４２０,阪急阪神ホールディングス,阪急阪神ホールディングス / 90420 / 阪急電鉄 / 阪神電鉄 / 阪急百貨店 / 阪神百貨店 / 阪急バス / 阪神バス / 宝塚歌劇団 / エイチ・ツー・オー リテイリング
90440,９０４４０,南海電気鉄道,南海電鉄 / 南海 / 南海電気鉄道 / 90440 / ラピート / サザン / こうや / りんかん / なんばCITY / なんばパークス
90450,９０４５０,京阪ホールディングス,京阪ホールディングス / 90450 / 京阪電鉄 / 京阪 / 京阪グループ / 京阪電気鉄道 / 京阪バス / 京阪ホテルズ / 京阪モール / 京阪百貨店
90460,９０４６０,神戸電鉄,神戸電鉄 / 90460 / 神鉄 / 神戸電 / Kobe Electric Railway / 神鉄バス / 神鉄不動産 / 神鉄グループ / 神鉄沿線 / 神鉄ライナー
90480,９０４８０,名古屋鉄道,名鉄 / 名古屋鉄道 / 名鉄電車 / 名鉄バス / 名鉄グループ / 名鉄百貨店 / 名鉄ホテル / 名鉄不動産 / 90480 / 名鉄ミュースカイ
90520,９０５２０,山陽電気鉄道,山陽電気鉄道 / 山陽電鉄 / 山陽電鉄グループ / SANYO / SANYO Electric Railway / 90520 / 山陽バス / 山陽タクシー / 山陽不動産 / 山陽電鉄ホテル
90640,９０６４０,ヤマトホールディングス,ヤマトホールディングス / ヤマト運輸 / クロネコヤマト / クロネコメンバーズ / 宅急便 / 宅急便コンパクト / らくらくメルカリ便 / ネコポス / ヤマト便 / 90640
90650,９０６５０,山九,山九 / 90650 / サンキュー / SANKYU / 山九株式会社 / 山九物流 / 山九エンジニアリング / 山九プラント / 山九トランスポート / 山九ロジスティクス
90660,９０６６０,日新,申し訳ありませんが、「日新」（証券コード: 90660）に関する具体的な略称、ニックネーム、製品名やブランド名の情報は提供できません。一般的に、企業の略称やニックネームは公式な情報源や業界内での通称として知られていることが多いですが、具体的なリストは公開されている情報を確認する必要があります。公式な企業サイトや金融ニュース、SNSなどで最新の情報を確認することをお勧めします
90680,９０６８０,丸全昭和運輸,丸全昭和運輸 / 90680 / 丸全 / 昭和運輸 / MZS / 丸全グループ / 丸全昭和 / 丸全物流 / 丸全ネットワーク / 丸全サービス
90690,９０６９０,センコーグループホールディングス,センコーグループホールディングス / 90690 / センコー / SENKO / SENKOグループ / センコーロジスティクス / センコートランスポート / センコーエクスプレス / センコーサプライチェーン / センコー物流
90700,９０７００,トナミホールディングス,トナミホールディングス / 90700 / トナミ / トナミ運輸 / トナミ物流 / トナミエクスプレス / トナミグループ / トナミトランスポート / トナミロジスティクス / トナミサービス
90720,９０７２０,ニッコンホールディングス,ニッコンホールディングス / 90720 / 日コン / Nikkon / 日本梱包運輸倉庫 / ニッコン / Nikkon Holdings / 日梱 / 日梱HD / ニッコンHD
90750,９０７５０,福山通運,福山通運 / 90750 / 福通 / 福山 / FUKUYAMA / 福山エクスプレス / 福山物流 / 福山トラック / 福山運輸 / 福山サービス
90760,９０７６０,セイノーホールディングス,セイノーホールディングス / 90760 / 西濃運輸 / カンガルー便 / カンガルー急便 / カンガルー特急便 / カンガルー航空便 / カンガルーミニ便 / カンガルーロジ / カンガルー引越便
90810,９０８１０,神奈川中央交通,神奈川中央交通 / 90810 / 神奈中 / Kanachu / 神奈中バス / Kanachu Bus / 神奈中タクシー / Kanachu Taxi / 神奈中観光 / Kanachu Kanko
90900,９０９００,ＡＺ−ＣＯＭ丸和ホールディングス,申し訳ありませんが、「ＡＺ−ＣＯＭ丸和ホールディングス」に関する具体的な略称、ニックネーム、製品名やブランド名についての情報は持ち合わせていません。一般的には、企業の略称やニックネームは業界やSNSでの使用状況によって異なることがあります。公式な情報やSNSでのトレンドを確認することをお勧めします。
91010,９１０１０,日本郵船,日本郵船 / NYK / 日本郵船株式会社 / 91010 / 郵船 / NYK Line / NYKグループ / NYKクルーズ / NYKロジスティクス / NYKオートロジスティクス
91040,９１０４０,商船三井,商船三井 / MOL / 91040 / 商船 / 三井 / 商船三井フェリー / MOL ACE / MOL Ferry / MOL Logistics / MOL Tech
91070,９１０７０,川崎汽船,川崎汽船 / 91070 / K-Line / 川汽 / Kライン / KAWASAKI KISEN / カワサキキセン / K-LINE LOGISTICS / BLUE HIGHWAY LINE / K-LINE AMERICA
91100,９１１００,ＮＳユナイテッド海運,申し訳ありませんが、「ＮＳユナイテッド海運」（証券コード: 91100）に関する具体的な略称、ニックネーム、製品名やブランド名についての情報は持ち合わせていません。一般的に企業の略称やニックネームは、業界や投資家の間で独自に使われることが多いため、公式な情報源や金融ニュース、SNSなどで確認することをお勧めします。
91190,９１１９０,飯野海運,飯野海運 / 91190 / 飯野 / IINO / IINO LINES / IINO KAIUN / IINO MARINE / 飯野グループ / 飯野商船 / 飯野物流
91420,９１４２０,九州旅客鉄道,JR九州 / 九州旅客鉄道 / 91420 / 九州新幹線 / ソニック / かもめ / ゆふいんの森 / ななつ星 / つばめ / みずほ
91430,９１４３０,ＳＧホールディングス,SGホールディングス / SGHD / 91430 / 佐川急便 / SGフィルダー / SGリアルティ / SGモータース / SGシステム / SGエクスプレス / SGムービング
91470,９１４７０,ＮＩＰＰＯＮ　ＥＸＰＲＥＳＳホールディングス,ＮＩＰＰＯＮ　ＥＸＰＲＥＳＳ / 日本通運 / 日通 / NIPPON EXPRESS / NXHD / NXグループ / NXロジスティクス / NX物流 / NXトランスポート / NXソリューションズ
91610,９１６１０,ＩＤ＆Ｅホールディングス,申し訳ありませんが、「ＩＤ＆Ｅホールディングス」（証券コード: 91610）に関する具体的な略称、ニックネーム、製品名やブランド名についての情報は持っていません。お手数ですが、最新の情報は公式ウェブサイトや金融ニュース、SNSなどでご確認ください。
92010,９２０１０,日本航空,日本航空 / JAL / 日航 / 9201 / ジャル / JALカード / JALマイレージバンク / JALパック / JALエクスプレス / JALスカイ
92020,９２０２０,ＡＮＡホールディングス,ＡＮＡ / 全日空 / 全日本空輸 / ANAホールディングス / 92020 / ANAマイレージクラブ / ANAカード / ANAスカイ / ANAプレミアムクラス / ANAウイングス
92160,９２１６０,ビーウィズ,申し訳ありませんが、「ビーウィズ」（証券コード: 92160）に関する具体的な略称、ニックネーム、製品名やブランド名の情報は持っていません。最新の情報については、金融ニュースやSNS、企業の公式発表などを参照してください。
92290,９２２９０,サンウェルズ,申し訳ありませんが、具体的な企業の略称やニックネーム、製品名、ブランド名についての情報は提供できません。一般的には、企業の略称やニックネームはSNSや金融ニュースでの使用状況に依存しますので、公式な情報源やSNSでの使用例を確認することをお勧めします。
92470,９２４７０,ＴＲＥホールディングス,申し訳ありませんが、「ＴＲＥホールディングス」（証券コード: 92470）に関する具体的な略称、ニックネーム、製品名やブランド名についての情報は持ち合わせていません。最新の情報については、公式な発表や金融ニュース、SNSなどで確認してください。
92480,９２４８０,人・夢・技術グループ,申し訳ありませんが、「人・夢・技術グループ」（証券コード: 92480）に関する具体的な略称、ニックネーム、製品名やブランド名の情報は持っていません。会社名や証券コード以外の情報を提供することはできません。最新の情報は、公式な金融ニュースやSNS、企業の公式発表を参照してください。
92600,９２６００,西本Ｗｉｓｍｅｔｔａｃホールディングス,西本Ｗｉｓｍｅｔｔａｃホールディングス / 92600 / 西本 / Wismettac / Nishimoto / Nishimoto Trading / アジアフード / Nishimoto Wismettac / Nishimoto Group / Nishimoto Holdings
92620,９２６２０,シルバーライフ,シルバーライフ / 92620 / 配食のふれ愛 / まごころ弁当 / まごころケア食 / シルバーライフ弁当 / ふれ愛 / まごころ / ケア食 / 配食サービス
92670,９２６７０,Ｇｅｎｋｙ　ＤｒｕｇＳｔｏｒｅｓ,ゲンキー / Genky / Genky DrugStores / 92670 / ゲンキードラッグ / ゲンキー薬局 / ゲンキー店舗 / ゲンキーオンライン / ゲンキー商品 / ゲンキーブランド
92730,９２７３０,コーア商事ホールディングス,"申し訳ありませんが、「コーア商事ホールディングス」（証券コード: 92730）に関する具体的な略称、ニックネーム、製品名やブランド名の情報は持っていません。一般的に使われる可能性のあるものとしては、以下のようなものが考えられますが、実際の使用状況については確認が必要です。

コーア商事 / コーアHD / 92730 / コーア / コーアホールディングス"
92740,９２７４０,ＫＰＰグループホールディングス,申し訳ありませんが、「ＫＰＰグループホールディングス」に関する具体的な略称、ニックネーム、製品名やブランド名の情報は私のデータベースには含まれていません。一般的には、企業の略称やニックネームはSNSや金融ニュースで独自に使われることが多いため、具体的な情報はそれらのプラットフォームで確認することをお勧めします。また、企業の公式ウェブサイトやプレスリリースで
92780,９２７８０,ブックオフグループホールディングス,ブックオフ / BOOKOFF / ブックオフグループ / ブックオフコーポレーション / 92780 / ハードオフ / オフハウス / モードオフ / ガレージオフ / ブックオン
92790,９２７９０,ギフトホールディングス,申し訳ありませんが、「ギフトホールディングス」（証券コード: 92790）に関する具体的な略称、ニックネーム、製品名やブランド名の情報は私のデータベースには含まれていません。一般的に、企業の略称やブランド名は公式ウェブサイトや金融ニュース、SNSなどで確認することができます。
93010,９３０１０,三菱倉庫,三菱倉庫 / 93010 / 三菱倉 / MITSUBISHI LOGISTICS / MLC / MITSUBISHI WAREHOUSE / みつくら / 三菱ロジスティクス / 三菱倉庫株式会社 / MLCグループ
93020,９３０２０,三井倉庫ホールディングス,三井倉庫ホールディングス / 93020 / 三井倉庫 / Mitsui-Soko / MSK / Mitsui-Soko Holdings / 三井倉庫HD / Mitsui-Soko Group / 三井倉庫グループ / Mitsui-Soko Logistics
93030,９３０３０,住友倉庫,住友倉庫 / 93030 / 住倉 / Sumitomo Warehouse / SWC / 住友倉庫ロジスティクス / 住友倉庫トランスポート / 住友倉庫シッピング / 住友倉庫インターナショナル / 住友倉庫サービス
93040,９３０４０,澁澤倉庫,澁澤倉庫 / 93040 / 澁澤 / 澁澤ロジスティクス / 澁澤物流 / 澁澤トランスポート / 澁澤倉庫グループ / 澁澤ネットワーク / 澁澤サービス / 澁澤ソリューション
93050,９３０５０,ヤマタネ,申し訳ありませんが、特定の企業やその関連情報についての詳細なリストを提供することはできません。ただし、一般的に企業の略称やニックネームは、企業名そのものやその一部、証券コード、製品名やブランド名などが使われることがあります。具体的な情報については、公式な金融ニュースサイトや企業の公式発表を参照することをお勧めします。
93080,９３０８０,乾汽船,乾汽船 / 93080 / 乾 / 乾汽 / 乾汽船株式会社 / K-Line / Kライン / 乾汽船グループ / 乾汽船株 / 乾汽船株式
93100,９３１００,日本トランスシティ,"申し訳ありませんが、「日本トランスシティ」に関する具体的な略称、ニックネーム、製品名やブランド名の情報は私のデータベースには含まれていません。一般的には、企業名や証券コードがそのまま使われることが多いです。以下に考えられるものを挙げますが、実際の使用状況は確認が必要です。

日本トランスシティ / 93100 / NTC / トランスシティ / 日本トランス"
93190,９３１９０,中央倉庫,申し訳ありませんが、「中央倉庫」（証券コード: 93190）に関する具体的な略称、ニックネーム、製品名やブランド名についての情報は持ち合わせていません。一般的に企業の略称やニックネームは、業界や投資家の間で自然発生的に使われることが多く、公式に定められているものではない場合があります。具体的な情報を得るには、金融ニュースやSNS、企業の公式発表などを直接
93240,９３２４０,安田倉庫,安田倉庫 / 93240 / 安田 / YASUDA / YASUDA倉庫 / 安田ロジスティクス / YASUDA LOGISTICS / 安田物流 / YASUDA倉庫サービス / 安田トランスポート
93320,９３３２０,ＮＩＳＳＯホールディングス,申し訳ありませんが、「ＮＩＳＳＯホールディングス」（証券コード: 93320）に関する具体的な略称、ニックネーム、製品名やブランド名の情報は持っていません。一般的に企業の略称やニックネームは、業界や地域、SNSのユーザーによって異なることがあります。具体的な情報は、公式ウェブサイトや金融ニュース、SNSなどで確認することをお勧めします。
93360,９３３６０,大栄環境,申し訳ありませんが、「大栄環境」（証券コード: 93360）に関する具体的な略称、ニックネーム、製品名やブランド名の情報は持っていません。一般的には、企業名や証券コードそのものが略称として使われることが多いです。具体的な情報は、公式ウェブサイトや金融ニュース、SNSなどで確認することをお勧めします。
93410,９３４１０,ＧＥＮＯＶＡ,申し訳ありませんが、具体的な企業や証券コードに関する最新の情報やニックネーム、略称、製品名、ブランド名については、私のデータベースには含まれていません。最新の情報は、金融ニュースサイトや公式の企業発表をご確認ください。
93470,９３４７０,日本管財ホールディングス,申し訳ありませんが、「日本管財ホールディングス」（証券コード: 93470）に関する具体的な略称、ニックネーム、製品名やブランド名の情報は持っていません。一般的には、企業名や証券コードがそのまま使われることが多いですが、特定の略称やニックネームがある場合は、金融ニュースやSNSでの使用状況を確認する必要があります。
93640,９３６４０,上組,上組 / 93640 / KAMIGUMI / カミグミ / 上組株式会社 / 上組ロジスティクス / KAMIGUMI LOGISTICS / 上組グループ / KAMIGUMI GROUP / 上組倉庫サービス
93690,９３６９０,キユーソー流通システム,キユーソー流通システム / 93690 / キユーソー / KRS / キユーソー物流 / キユーソーシステム / キユーソーグループ / キユーソーサービス / キユーソー運輸 / キユーソーロジスティクス
93810,９３８１０,エーアイテイー,エーアイテイー / AIT / 93810 / AITロジスティクス / AIT物流 / AITトランスポート / AITサービス / AITネットワーク / AITソリューション / AITグローバル
93840,９３８４０,内外トランスライン,申し訳ありませんが、「内外トランスライン」に関する具体的な略称、ニックネーム、製品名やブランド名の情報は持っていません。一般的に、企業名や証券コードがそのまま使われることが多いですが、特定の略称やニックネームがある場合は、金融ニュースやSNSでの使用例を直接確認することをお勧めします。
93860,９３８６０,日本コンセプト,申し訳ありませんが、「日本コンセプト」（証券コード: 93860）に関する具体的な略称、ニックネーム、製品名やブランド名についての情報は持っていません。一般的に、企業の略称やニックネームはSNSや金融ニュースで独自に使われることが多いため、具体的な情報はそれらの媒体を直接確認することで得られるかもしれません。
94010,９４０１０,ＴＢＳホールディングス,ＴＢＳ / 東京放送 / TBSHD / TBSホールディングス / TBSテレビ / TBSラジオ / TBSチャンネル / BS-TBS / TBSオンデマンド / 赤坂サカス
94040,９４０４０,日本テレビホールディングス,"日本テレビホールディングスに関連する略称やニックネーム、製品名、ブランド名は以下の通りです。

日テレ / NTV / 日本テレビ / 日テレHD / 日本テレビHD / 94040 / Hulu Japan / 日テレオンデマンド / BS日テレ / 日テレジータス"
94050,９４０５０,朝日放送グループホールディングス,朝日放送 / ABC / 朝日放送グループ / ABCテレビ / ABCラジオ / 94050 / 朝日放送HD / ABCホールディングス / 朝日放送グループHD / ABCグループ
94090,９４０９０,テレビ朝日ホールディングス,テレビ朝日ホールディングス / テレ朝 / EX / テレビ朝日 / 朝日 / 9409 / ANN / 六本木ヒルズ / ドラえもん / 報道ステーション
94120,９４１２０,スカパーＪＳＡＴホールディングス,スカパーＪＳＡＴホールディングス / 94120 / スカパー / JSAT / スカパーJSAT / スカパーJSATホールディングス / スカパー！ / スカパー！プレミアムサービス / スカパー！オンデマンド / JCSAT
94130,９４１３０,テレビ東京ホールディングス,テレビ東京ホールディングス / テレ東 / TXHD / テレビ東京 / テレ東HD / テレビ東京グループ / テレビ東京ネットワーク / テレビ東京ビジネス / テレビ東京メディア / テレビ東京エンタープライズ
94160,９４１６０,ビジョン,申し訳ありませんが、具体的な企業の略称やニックネーム、製品名やブランド名についての最新の情報を提供することはできません。ただし、一般的に企業の略称やニックネームは、会社名の一部や証券コードを基にしたものが多いです。例えば、「ビジョン」という会社であれば、「ビジョン」、「94160」、「ビジョン社」などが考えられます。製品やブランド名については、公式ウェブサイトやプレスリリ
94180,９４１８０,Ｕ−ＮＥＸＴ　ＨＯＬＤＩＮＧＳ,Ｕ−ＮＥＸＴ / U-NEXT / 94180 / U-NEXT HOLDINGS / U-NEXTポイント / U-NEXTカード / U-NEXTストア / U-NEXTアプリ / U-NEXTビデオ / U-NEXTブック
94240,９４２４０,日本通信,日本通信 / 94240 / b-mobile / 日本通信SIM / b-mobile S / b-mobile X / b-mobile プリペイド / b-mobile 月額 / b-mobile データ通信 / b-mobile 音声通話
94320,９４３２０,日本電信電話,NTT / 日本電信電話 / 94320 / NTTグループ / NTTドコモ / NTTコミュニケーションズ / NTTデータ / NTT東日本 / NTT西日本 / NTTファシリティーズ
94330,９４３３０,ＫＤＤＩ,KDDI / au / UQモバイル / auひかり / au PAY / auじぶん銀行 / auカブコム証券 / 94330 / auスマートパス / au WALLET
94340,９４３４０,ソフトバンク,ソフトバンク / 94340 / ソフバン / ソフトバンクグループ / ソフトバンクモバイル / Y!mobile / PayPay / Yahoo! JAPAN / LINE / Zホールディングス
94350,９４３５０,光通信,光通信 / 94350 / Hikari Tsushin / HT / Hikari / 光 / Hikari Telecom / 光ネット / Hikari Business / 光サービス
94380,９４３８０,エムティーアイ,エムティーアイ / 94380 / MTI / music.jp / ルナルナ / カラダメディカ / 母子モ / dヘルスケア / ヘルスケアパートナー / ルナルナ ベビー
94490,９４４９０,ＧＭＯインターネットグループ,GMOインターネットグループ / GMO / GMOクリック証券 / GMOペイメントゲートウェイ / GMOクラウド / GMOアドパートナーズ / GMOメディア / GMO TECH / GMOコイン / GMOあおぞらネット銀行
94500,９４５００,ファイバーゲート,ファイバーゲート / 94500 / FG / ファイバー / ゲート / FG Wi-Fi / ファイバーゲートWi-Fi / FGネットワーク / ファイバーゲートネットワーク / FGソリューション
94680,９４６８０,ＫＡＤＯＫＡＷＡ,KADOKAWA / カドカワ / 94680 / 角川書店 / 角川グループ / 角川文庫 / 角川映画 / ドワンゴ / ニコニコ動画 / ファミ通
94700,９４７００,学研ホールディングス,学研 / 学研ホールディングス / 94700 / 学研プラス / 学研教育出版 / 学研ステイフル / 学研メディカル秀潤社 / 学研教室 / 学研図書 / 学研の図鑑
94740,９４７４０,ゼンリン,ゼンリン / 94740 / ZENRIN / ゼンリン地図 / 住宅地図 / ZENRIN DataCom / ZENRIN Store / ZENRIN Map Design / ZENRIN GIS / ZENRIN Navi
95010,９５０１０,東京電力ホールディングス,東京電力 / 東電 / TEPCO / 東京電力ホールディングス / 9501 / TEPCOエナジーパートナー / TEPCOパワーグリッド / TEPCOカスタマーサービス / TEPCOホームテック / TEPCOトレーディング
95020,９５０２０,中部電力,中部電力 / 95020 / 中電 / Chubu Electric / カテエネ / でんきの科学館 / 中部電力ミライズ / 中部電力パワーグリッド / 中部電力エナジーソリューション / 中部電力キャピタル
95030,９５０３０,関西電力,関西電力 / 関電 / 9503 / KEPCO / はぴeみる電 / はぴeポイント / はぴeプラン / はぴeライフ / はぴeスマイル / はぴeエコ
95040,９５０４０,中国電力,中国電力 / 95040 / 中電 / エネルギア / EnerGia / ちゅうでん / 中国電 / 中国電力ネットワーク / エネルギア・コミュニケーションズ / エネルギア・ソリューション・アンド・サービス
95050,９５０５０,北陸電力,北陸電力 / 95050 / 北電 / 北陸電 / Hokuriku Electric / ほくでん / 北陸電力ネットワーク / ほくリンク / ほくでんエナジー / ほくでんガス
95060,９５０６０,東北電力,東北電力 / 95060 / 東北電 / Tohoku Electric / Tohoku Power / 東北電力ネットワーク / 東北電力エナジーサポート / 東北電力フロンティア / 東北電力ソリューション / 東北電力グリーンエナジー
95070,９５０７０,四国電力,四国電力 / 95070 / 四電 / よんでん / 四国電 / 四国電力株式会社 / よんでんエナジーサービス / よんでんグリーンパワー / よんでんライフサポート / よんでんスマートエナジー
95080,９５０８０,九州電力,九州電力 / 95080 / 九電 / Kyuden / でんきの九電 / ひまわりでんき / でんきの安心 / 九州エナジー / 九州電力送配電 / 九州電力リビング
95090,９５０９０,北海道電力,北海道電力 / 95090 / 北電 / ほくでん / ほくでんエナジーサービス / ほくでんガス / ほくでんネットワーク / ほくでんグリーンエナジー / ほくでん電気 / ほくでんスマートメーター
95110,９５１１０,沖縄電力,沖縄電力 / 95110 / 沖電 / OKIDEN / 沖縄電 / 沖縄電力株式会社 / 沖縄電力グループ / 沖縄電力ホールディングス / 沖縄電力エナジーソリューション / 沖縄電力サービス
95130,９５１３０,電源開発,J-POWER / 電源開発 / 95130 / Jパワー / 電開 / J-POWERグループ / J-POWER電力 / J-POWERエナジー / J-POWERプロジェクト / J-POWERインフラ
95140,９５１４０,エフオン,申し訳ありませんが、具体的な企業の略称やニックネーム、製品名やブランド名についての最新情報を提供することはできません。ただし、一般的に企業の略称やニックネームは、会社名の一部や証券コードを基にしたものが多いです。例えば、「エフオン」や「9514」などが考えられます。詳細な情報は、金融ニュースやSNS、企業の公式ウェブサイトなどで確認することをお勧めします。
95170,９５１７０,イーレックス,イーレックス / 95170 / eREX / イーレックス株式会社 / eREXグループ / eREX電力 / eREXエネルギー / eREXソリューション / eREXプロジェクト / eREXサービス
95190,９５１９０,レノバ,レノバ / RENOVA / 9519 / レノバ株式会社 / レノバエナジー / レノバソーラー / レノバウィンド / レノババイオマス / レノバプロジェクト / レノバグリーン
95310,９５３１０,東京瓦斯,東京ガス / 東京瓦斯 / TG / 東ガス / 9531 / myTOKYOGAS / エネファーム / ガスパッチョ / ピピッとコンロ / ガスミュージアム
95320,９５３２０,大阪瓦斯,大阪瓦斯 / 大ガス / Daigas / Daigasグループ / Daigasエネルギー / Daigasネットワーク / Daigasリビング / Daigasガスアンドパワー / Daigasエンジニアリング / 95320
95330,９５３３０,東邦瓦斯,東邦瓦斯 / 95330 / 東邦ガス / Toho Gas / ガスパッチョ / ガスワン / ガスファン / エコジョーズ / ガスコンロ / ガスヒートポンプ
95340,９５３４０,北海道瓦斯,北海道瓦斯 / 9534 / 北ガス / Hokkaido Gas / 北海道ガス / 北ガスエナジー / ガスワン / ガスプラス / 北ガス電気 / 北ガス都市ガス
95350,９５３５０,広島ガス,広島ガス / 95350 / HIROGAS / ひろガス / 広ガス / ガスパル / ガスワン / エネファーム / ガスファンヒーター / ガスコンロ
95360,９５３６０,西部ガスホールディングス,西部ガスホールディングス / 95360 / 西部ガス / 西ガス / 西部ガスエナジー / 西部ガス都市開発 / 西部ガスリビング / 西部ガスグループ / 西部ガス電力 / 西部ガスネットワーク
95430,９５４３０,静岡ガス,静岡ガス / 95430 / 静ガス / エネリア / ガスパル / 静岡ガスグループ / 静岡ガスエネルギー / 静岡ガスリビング / 静岡ガス都市開発 / 静岡ガスサービス
95510,９５５１０,メタウォーター,申し訳ありませんが、「メタウォーター」（証券コード: 95510）に関する具体的な略称、ニックネーム、製品名やブランド名についての情報は持ち合わせていません。一般的には、企業名や証券コードがそのまま使われることが多いです。最新の情報については、金融ニュースやSNS、企業の公式ウェブサイトなどを参照してください。
95520,９５５２０,Ｍ＆Ａ総研ホールディングス,申し訳ありませんが、「Ｍ＆Ａ総研ホールディングス」（証券コード: 95520）に関する具体的な略称、ニックネーム、製品名やブランド名についての情報は持っていません。一般的に使用されている略称やニックネームがある場合は、金融ニュースやSNSでの言及を確認することをお勧めします。
96000,９６０００,アイネット,申し訳ありませんが、「アイネット」（証券コード: 96000）に関する具体的な略称、ニックネーム、製品名やブランド名の情報は持ち合わせていません。一般的に企業の略称やニックネームは、SNSや金融ニュースでの使用頻度に依存するため、特定の情報源を参照することをお勧めします。
96010,９６０１０,松竹,申し訳ありませんが、「松竹」（証券コード: 96010）に関する具体的な略称、ニックネーム、製品名やブランド名のリストを提供することはできません。ただし、一般的に企業の略称やニックネームは、企業名そのものやその一部、または業界内での通称などが使われることがあります。松竹に関連する製品やブランド名については、映画や演劇関連の作品名やイベント名が該当する可能性
96020,９６０２０,東宝,東宝 / 96020 / ゴジラ / シネマシティ / TOHOシネマズ / 東宝スタジオ / 東宝ミュージカル / 東宝レコード / 東宝アニメーション / 東宝映画
96030,９６０３０,エイチ・アイ・エス,HIS / エイチ・アイ・エス / H.I.S. / 96030 / ハウステンボス / クラブツーリズム / 変なホテル / スカイウォーカー / HISモバイル / HISクーポン
96050,９６０５０,東映,東映 / 96050 / 東映アニメーション / スーパー戦隊シリーズ / 仮面ライダーシリーズ / ドラゴンボール / ワンピース / プリキュアシリーズ / 東映チャンネル / 東映ビデオ
96120,９６１２０,ラックランド,ラックランド / 9612 / ラック / LAC / ラックランド株式会社 / ラックランドグループ / LACLAND / ラックランドホールディングス / ラックランドプロジェクト / ラックランドサービス
96130,９６１３０,ＮＴＴデータグループ,NTTデータ / NTTデータグループ / 96130 / NTT DATA / NTTデータソリューションズ / BizXaaS / Cotoha / iQuattro / WinActor / NTTデータイントラマート
96160,９６１６０,共立メンテナンス,共立メンテナンス / 96160 / ドーミーイン / ドーミー / 共立リゾート / リゾートホテル / 学生会館 / ビジネスホテル / Kyoritsu Maintenance / Dormy Inn
96190,９６１９０,イチネンホールディングス,イチネンホールディングス / 96190 / イチネン / イチネンHD / イチネンホールディングス株式会社 / イチネングループ / イチネンリース / イチネンケミカルズ / イチネンオート / イチネンプロダクツ
96210,９６２１０,建設技術研究所,建設技術研究所 / CTI / 96210 / 建技 / 建設技研 / CTIグループ / CTIホールディングス / CTIエンジニアリング / CTIソリューション / CTIプロジェクト
96220,９６２２０,スペース,スペース / 96220 / スペースマーケティング / スペースデザイン / スペースプロジェクト / スペースプランニング / スペースイベント / スペースソリューション / スペースコンサルティング / スペースクリエイティブ
96270,９６２７０,アインホールディングス,アインホールディングス / 96270 / アインファーマシーズ / アイン薬局 / アインズ&トルペ / アインメディオ / アインメディカルシステム / アインヘルスケア / アインライフサポート / アインビューティー
96280,９６２８０,燦ホールディングス,申し訳ありませんが、「燦ホールディングス」（証券コード: 96280）に関する具体的な略称、ニックネーム、製品名やブランド名の情報は持っていません。一般的には、企業の略称やニックネームはSNSや金融ニュースで使われることがありますが、具体的な情報は企業の公式発表や関連するメディアの報道を参照する必要があります。
96290,９６２９０,ピー・シー・エー,PCA / ピー・シー・エー / 96290 / PCA会計 / PCA給与 / PCA商魂 / PCA商管 / PCAクラウド / PCA医療 / PCA社会保険
96320,９６３２０,スバル興業,スバル興業 / 96320 / スバル興 / スバ興 / SUBARU興業 / スバルシネマ / スバル劇場 / スバル道路 / スバルパーキング / スバルサービス
96440,９６４４０,タナベコンサルティンググループ,タナベコンサルティンググループ / タナベ / TCG / 96440 / タナベコンサル / タナベグループ / タナベコンサルティング / タナベコンサルティングG / タナベCG / タナベコンサルティンググループ株式会社
96580,９６５８０,ビジネスブレイン太田昭和,ビジネスブレイン太田昭和 / BBS / BBSO / 96580 / ビジネスブレイン / 太田昭和 / BBSグループ / BBSソリューション / BBSサービス / BBSプロダクト
96630,９６６３０,ナガワ,申し訳ありませんが、具体的な企業や証券コードに関する詳細な情報を提供することはできません。ただし、一般的な方法として、企業の略称やニックネームは通常、企業名の一部や頭文字、製品名、ブランド名などから派生することがあります。具体的な情報は、金融ニュースやSNS、企業の公式ウェブサイトなどで確認することをお勧めします。
96720,９６７２０,東京都競馬,東京都競馬 / 96720 / TCK / 東京シティ競馬 / 大井競馬場 / 東京メガイルミ / トゥインクルレース / 東京トゥインクルファンファーレ / 大井オートレース / 東京シティ競馬場
96780,９６７８０,カナモト,カナモト / 96780 / カナモト株式会社 / Kanamoto / カナモトレンタル / カナモト建機 / カナモトサービス / カナモトグループ / カナモトネットワーク / カナモトソリューション
96820,９６８２０,ＤＴＳ,申し訳ありませんが、具体的な企業の略称やニックネーム、製品名、ブランド名をリストアップすることはできません。ただし、一般的に企業の略称やニックネームは、会社名の一部や証券コード、製品名などから派生することが多いです。具体的な情報をお求めの場合は、公式な金融情報サイトや企業の公式発表を参照してください。
96840,９６８４０,スクウェア・エニックス・ホールディングス,スクウェア・エニックス / スクエニ / スクエア / エニックス / SQUARE ENIX / スクウェア・エニックス・ホールディングス / 96840 / ファイナルファンタジー / ドラゴンクエスト / キングダムハーツ
96920,９６９２０,シーイーシー,シーイーシー / 96920 / CEC / CECソリューション / CECテクノロジー / CECサービス / CECシステム / CECイノベーション / CECプロダクト / CECネットワーク
96970,９６９７０,カプコン,カプコン / 96970 / バイオハザード / モンスターハンター / ストリートファイター / ロックマン / デビルメイクライ / 戦国BASARA / 鬼武者 / 逆転裁判
96990,９６９９０,ニシオホールディングス,申し訳ありませんが、「ニシオホールディングス」（証券コード: 96990）に関する具体的な略称、ニックネーム、製品名やブランド名の情報は私のデータベースには含まれていないようです。一般的に企業の略称やブランド名は、公式ウェブサイトや金融ニュース、SNSなどで確認することができます。
97020,９７０２０,アイ・エス・ビー,申し訳ありませんが、具体的な企業の略称やニックネーム、製品名やブランド名についての情報を提供することはできません。ただし、一般的に企業の略称やニックネームは、会社名の一部や証券コードを基にしたものが多いです。例えば、「アイ・エス・ビー」なら「ISB」や「97020」などが考えられます。具体的な情報については、公式な情報源や金融ニュース、SNSなどをご確認ください。
97060,９７０６０,日本空港ビルデング,申し訳ありませんが、「日本空港ビルデング」（証券コード: 97060）に関する具体的な略称、ニックネーム、製品名やブランド名の情報は持ち合わせていません。一般的に企業の略称やニックネームは、公式なものではなく、SNSや投資家の間で独自に使われることが多いため、特定の情報を提供することは難しいです。公式な情報については、企業のウェブサイトや公式発表をご
97150,９７１５０,トランス・コスモス,トランス・コスモス / 97150 / transcosmos / TC / DECAds / e-Contact / Social Gear / Hataractive / transcosmos analytics / transcosmos online communications
97160,９７１６０,乃村工藝社,乃村工藝社 / 97160 / ノムラ / NOMURA / ノムコー / 乃村 / NOMURA Co. / Ltd. / NOMURA GROUP / ノムラグループ / NOMURA DESIGN
97190,９７１９０,ＳＣＳＫ,ＳＣＳＫ / 9719 / SCSK株式会社 / Minoriソリューション / ProActive / USiZE / CELF / SkyVisualEditor / Biz∫ / PrimeCloud
97220,９７２２０,藤田観光,申し訳ありませんが、「藤田観光」（証券コード: 97220）に関する具体的な略称、ニックネーム、製品名やブランド名の情報は持ち合わせていません。ただし、一般的に企業名や証券コードがそのまま使われることが多いです。藤田観光が運営するホテルや施設のブランド名としては、ホテル椿山荘東京やワシントンホテルなどがあります。
97260,９７２６０,ＫＮＴ−ＣＴホールディングス,ＫＮＴ−ＣＴホールディングス / 97260 / 近鉄グループ / 近ツー / 近畿日本ツーリスト / クラブツーリズム / KNT / KNT-CT / 近鉄観光 / 近鉄旅行
97290,９７２９０,トーカイ,申し訳ありませんが、「トーカイ」（証券コード: 97290）に関する具体的な略称、ニックネーム、製品名やブランド名の情報は私のデータベースには含まれていません。一般的な情報として、企業名や証券コードそのものが略称として使われることがありますが、具体的な製品名やブランド名については企業の公式サイトや最新の金融ニュースを参照することをお勧めします。
97350,９７３５０,セコム,セコム / 97350 / SECOM / ホームセキュリティ / セコムホームサービス / セコムショップ / セコムあんしんサービス / セコム医療システム / セコムトラストシステムズ / セコム損害保険
97390,９７３９０,ＮＳＷ,申し訳ありませんが、具体的な企業の略称やニックネーム、製品名、ブランド名についての詳細な情報を提供することはできません。ただし、一般的に企業の略称やニックネームは、会社名の一部や証券コードを基にしたものが多いです。例えば、証券コードをそのまま使ったり、会社名の頭文字を取ったりすることがあります。企業の公式ウェブサイトや金融ニュース、SNSなどで確認することをお勧めします
97400,９７４００,セントラル警備保障,セントラル警備保障 / 97400 / セントラル / 中央警備 / セントラルセキュリティ / セントラルガード / セントラルサービス / セントラルプロテクション / セントラルシステム / セントラルソリューション
97420,９７４２０,アイネス,申し訳ありませんが、「アイネス」（証券コード: 97420）に関する具体的な略称、ニックネーム、製品名やブランド名の情報は私のデータベースには含まれていません。一般的には、企業名や証券コードそのものが略称として使われることが多いです。具体的な情報を知りたい場合は、公式の企業サイトや金融ニュースサイト、SNSなどで最新情報を確認することをお勧めします。
97430,９７４３０,丹青社,丹青社 / 97430 / Tanseisha / タンセイ / 空間デザイン / 展示会デザイン / 商業施設デザイン / インテリアデザイン / 文化施設デザイン / イベントプロデュース
97440,９７４４０,メイテックグループホールディングス,申し訳ありませんが、「メイテックグループホールディングス」（証券コード: 97440）に関する具体的な略称、ニックネーム、製品名やブランド名についての情報は持っていません。一般的に企業の略称やニックネームは、業界内や投資家の間で自然発生的に使われることが多いです。具体的な情報を得るには、金融ニュースやSNS、企業の公式発表などを参照することをお
97460,９７４６０,ＴＫＣ,申し訳ありませんが、具体的な証券コードや企業名に関連する略称、ニックネーム、製品名やブランド名を提供することはできません。ただし、一般的に企業の略称や製品名は公式ウェブサイトや金融ニュース、SNSなどで確認することができます。
97490,９７４９０,富士ソフト,富士ソフト / 97490 / FUJISOFT / PALRO / moreNOTE / moreReception / moreNOTE for Business / moreNOTE for Education / moreNOTE for Medical / moreNOTE for Government
97550,９７５５０,応用地質,応用地質 / 97550 / GEO / Geo-Cloud / Geo-Pit / Geo-Graph / Geo-Map / Geo-Drone / Geo-Scan / Geo-Data
97570,９７５７０,船井総研ホールディングス,船井総研ホールディングス / 97570 / 船井総研 / FSG / 船井 / 総研 / 船井ホールディングス / 船井グループ / 船井コンサルティング / 船井総研HD
97590,９７５９０,ＮＳＤ,申し訳ありませんが、「ＮＳＤ」（証券コード: 97590）に関連する略称、ニックネーム、製品名やブランド名についての具体的な情報は提供できません。一般的に、企業の略称や製品名は公式な情報源や企業のウェブサイトで確認することができます。
97660,９７６６０,コナミグループ,コナミグループ / KONAMI / コナミ / 97660 / ウイニングイレブン / 遊戯王 / メタルギア / ビートマニア / パワプロ / ときめきメモリアル
97690,９７６９０,学究社,学究社 / 97690 / さなる / サナル / サナル予備校 / サナル進学塾 / サナル模試 / サナルオンライン / サナル英語 / サナル数学
97870,９７８７０,イオンディライト,イオンディライト / 97870 / イオンディライト株式会社 / イオン / Delight / イオンディライトサービス / イオンディライトプロパティ / イオンディライトセキュリティ / イオンディライトクリーン / イオンディライトファシリティ
97880,９７８８０,ナック,申し訳ありませんが、具体的な企業の略称やニックネーム、製品名やブランド名についての情報は提供できません。ただし、一般的に企業の略称やニックネームは、会社名の一部や証券コード、製品名などから派生することが多いです。企業の公式ウェブサイトや金融ニュース、SNSなどで確認することをお勧めします。
97900,９７９００,福井コンピュータホールディングス,福井コンピュータホールディングス / 97900 / 福井コンピュータ / FCHD / TREND-ONE / TREND-CORE / TREND-FIELD / TREND-POINT / TREND-ROAD / TREND-CAD
97930,９７９３０,ダイセキ,"申し訳ありませんが、「ダイセキ」（証券コード: 97930）に関する具体的な略称、ニックネーム、製品名やブランド名の情報は私のデータベースには含まれていません。一般的に企業の略称やニックネームは、業界や投資家の間で非公式に使われることが多いため、公式なリストは存在しないことがあります。

ただし、一般的な情報として、企業の略称やニックネームは、"
97950,９７９５０,ステップ,申し訳ありませんが、「ステップ」（証券コード: 97950）に関する具体的な略称、ニックネーム、製品名やブランド名についての情報は持ち合わせていません。企業の略称やブランド名は一般的に公開されている情報から取得する必要があります。公式な情報源や金融ニュース、SNSなどで確認することをお勧めします。
98240,９８２４０,泉州電業,泉州電業 / 98240 / 泉州 / SENSHU / SENSHU ELECTRIC / 泉州ケーブル / SENSHU CABLE / 泉州電線 / 泉州ワイヤー / SENSHU WIRE
98280,９８２８０,Ｇｅｎｋｉ　Ｇｌｏｂａｌ　Ｄｉｎｉｎｇ　Ｃｏｎｃｅｐｔｓ,申し訳ありませんが、「Ｇｅｎｋｉ　Ｇｌｏｂａｌ　Ｄｉｎｉｎｇ　Ｃｏｎｃｅｐｔｓ」（証券コード: 98280）に関する具体的な略称、ニックネーム、製品名やブランド名の情報は持ち合わせていません。この企業に関する情報は、最新のニュースや公式ウェブサイトなどで確認することをお勧めします。
98300,９８３００,トラスコ中山,トラスコ中山 / 98300 / トラスコ / TRUSCO / トラスコオレンジブック / オレンジブック / トラスコプロツール / プロツール / トラスコブランド / トラスコ製品
98310,９８３１０,ヤマダホールディングス,ヤマダホールディングス / ヤマダ電機 / ヤマダ / LABI / テックランド / 家電住まいる館 / ヤマダアウトレット / ヤマダウェブコム / ヤマダモバイル / 9831
98320,９８３２０,オートバックスセブン,オートバックスセブン / 98320 / オートバックス / AUTOBACS / スーパーオートバックス / AUTOBACS CARS / AUTOBACS EXPRESS / AUTOBACS QUALITY / AUTOBACS GARAGE / AUTOBACS SEVEN
98370,９８３７０,モリト,申し訳ありませんが、「モリト」（証券コード: 98370）に関する具体的な略称、ニックネーム、製品名やブランド名の情報は私のデータベースにはありません。一般的には、企業の略称やニックネームは公式なものではなく、SNSや投資家の間で独自に使われることが多いため、特定の情報を提供することが難しい場合があります。公式な情報を確認するには、企業の公式ウェブサイトや金融ニュース
98420,９８４２０,アークランズ,申し訳ありませんが、具体的な企業の略称やニックネーム、製品名、ブランド名についての情報は提供できません。ただし、一般的に企業の略称やニックネームは、企業名の一部や証券コードを基にしたものが使われることが多いです。例えば、「アークランズ」の場合、「アーク」や「98420」などが考えられます。具体的な製品やブランド名については、公式ウェブサイトやプレスリリースをご確認
98430,９８４３０,ニトリホールディングス,ニトリ / ニトリホールディングス / 98430 / デコホーム / ニトリネット / Nクール / Nウォーム / ニトリモール / ニトリルーム / ニトリデザイン
98500,９８５００,グルメ杵屋,グルメ杵屋 / 98500 / 杵屋 / 杵屋レストラン / 杵屋製麺所 / そじ坊 / そば処杵屋 / うどんの杵屋 / 杵屋カフェ / グルメ杵屋ホールディングス
98560,９８５６０,ケーユーホールディングス,申し訳ありませんが、「ケーユーホールディングス」（証券コード: 98560）に関する具体的な略称、ニックネーム、製品名やブランド名の情報は持っていません。一般的に、企業の略称やニックネームはSNSや金融ニュースで独自に使われることが多いため、特定の情報源を確認することをお勧めします。
98610,９８６１０,吉野家ホールディングス,吉野家 / 吉野家ホールディングス / 98610 / 牛丼 / 吉野家の牛丼 / 吉野家HD / 吉野家グループ / 吉野家チェーン / 吉野家の味 / 吉野家のどんぶり
98690,９８６９０,加藤産業,加藤産業 / 98690 / カンピー / KATO / 加藤 / KATO SANGYO / カンピージャム / カンピー缶詰 / カンピー食品 / KANPY
98800,９８８００,イノテック,申し訳ありませんが、特定の企業や証券コードに関連する略称、ニックネーム、製品名、ブランド名についての具体的な情報は提供できません。一般的に、企業の略称やニックネームはSNSや金融ニュースで使われることがありますが、それらは文脈や時期によって変わることがあります。企業の公式ウェブサイトや金融情報提供サービスを参照することで、最新の情報を得ることができます。
98820,９８８２０,イエローハット,イエローハット / 98820 / イエローハットグループ / Yellow Hat / イエローハットオートサービス / イエローハットタイヤ / イエローハットオイル / イエローハットバッテリー / イエローハットカー用品 / イエローハットメンテナンス
98870,９８８７０,松屋フーズホールディングス,松屋フーズホールディングス / 98870 / 松屋 / 松乃家 / 松八 / 松弁 / マイカリー食堂 / 松屋カフェ / 松屋デリ / 松屋製麺所
98890,９８８９０,ＪＢＣＣホールディングス,申し訳ありませんが、「ＪＢＣＣホールディングス」（証券コード: 98890）に関する具体的な略称、ニックネーム、製品名やブランド名のリストは提供できません。一般的に企業の略称やブランド名は公式な情報源や企業の公式サイトで確認することができます。公式な情報を参照することをお勧めします。
98960,９８９６０,ＪＫホールディングス,申し訳ありませんが、「ＪＫホールディングス」（証券コード: 98960）に関する具体的な略称、ニックネーム、製品名やブランド名についての情報は持っていません。一般的には、企業の略称やニックネームはSNSや金融ニュースでの使用に依存するため、特定の情報源や文脈に基づいて異なる場合があります。具体的な情報を得るには、公式な企業のウェブサイトや金融ニュースの情報源を確認
99000,９９０００,サガミホールディングス,申し訳ありませんが、「サガミホールディングス」（証券コード: 99000）に関する具体的な略称、ニックネーム、製品名やブランド名の情報は持ち合わせていません。一般的に企業の略称やブランド名は、公式ウェブサイトやプレスリリース、SNSなどで確認することができます。
99020,９９０２０,日伝,申し訳ありませんが、「日伝」（証券コード: 99020）に関する具体的な略称、ニックネーム、製品名やブランド名についての情報は持ち合わせていません。一般的な情報やニュースで使用される可能性のある名称をリストアップすることはできませんが、公式な情報源や金融ニュース、SNSでの言及を確認することをお勧めします。
99280,９９２８０,ミロク情報サービス,ミロク情報サービス / MJS / 99280 / 財務応援 / MJSLINK / MJSLINK NX-Plus / MJSLINK NX-I / MJSLINK NX / MJSLINK NX-ERP / MJSLINK NX-Cloud
99320,９９３２０,杉本商事,申し訳ありませんが、具体的な企業の略称やニックネーム、製品名、ブランド名についての情報は提供できません。ただし、一般的な方法として、企業の略称やニックネームは、会社名の一部や証券コードを基にしたものが多いです。例えば、「杉本商事」であれば、「杉本」や「99320」などが考えられます。具体的な情報は、公式な金融ニュースやSNS、企業の公式ウェブサイトなどで確認すること
99340,９９３４０,因幡電機産業,因幡電機産業 / 99340 / 因幡電機 / 因幡 / INABA / INABA DENKI / 因幡電工 / 因幡電産 / 因幡電機産業株式会社 / 因幡電機グループ
99360,９９３６０,王将フードサービス,王将フードサービス / 99360 / 餃子の王将 / 王将 / 餃子 / 王将ラーメン / 王将チャーハン / 王将セット / 王将弁当 / 王将定食
99460,９９４６０,ミニストップ,ミニストップ / 99460 / MINISTOP / ソフトクリーム / ハロハロ / Xフライドポテト / おにぎり / パフェ / コーヒー / フィッシュ＆チップス
99480,９９４８０,アークス,アークス / 99480 / ラルズ / フクハラ / ユニバース / 東光ストア / 道北アークス / 道南ラルズ / スーパーアークス / ビッグハウス
99560,９９５６０,バローホールディングス,申し訳ありませんが、「バローホールディングス」（証券コード: 99560）に関する具体的な略称、ニックネーム、製品名やブランド名の情報は持っていません。一般的に企業名や証券コードがそのまま使われることが多いですが、詳細な情報については公式ウェブサイトや関連するニュースソースを参照してください。
99600,９９６００,東テク,申し訳ありませんが、「東テク」（証券コード: 99600）に関する具体的な略称、ニックネーム、製品名やブランド名についての情報は持っていません。一般的に企業の略称やニックネームは、SNSや金融ニュースでの使用状況に依存するため、特定の情報源を参照する必要があります。企業の公式ウェブサイトや金融情報サービスを確認することをお勧めします。
99620,９９６２０,ミスミグループ本社,ミスミグループ本社 / 99620 / MISUMI / ミスミ / VONA / Meviy / WOS / QCT / FA工場 / MISUMIブランド
99740,９９７４０,ベルク,申し訳ありませんが、「ベルク」（証券コード: 99740）に関する具体的な略称、ニックネーム、製品名やブランド名についての情報は持ち合わせていません。一般的に企業名や証券コードがそのまま使われることが多いですが、具体的な略称やニックネームについては、金融ニュースやSNSでの使用状況を直接確認することをお勧めします。
99790,９９７９０,大庄,申し訳ありませんが、「大庄」（証券コード: 99790）に関する具体的な略称、ニックネーム、製品名やブランド名のリストは提供できません。ただし、一般的に企業の略称やニックネームは、会社名そのものや証券コード、またはその企業が展開する主要なブランドや製品名が使われることが多いです。具体的な情報は、公式な企業のウェブサイトや金融ニュース、SNSなどで確認することをお
99830,９９８３０,ファーストリテイリング,ファーストリテイリング / 99830 / ユニクロ / GU / プリンセス タム・タム / セオリー / コントワー・デ・コトニエ / プラステ / ユニクロU / ユニクロキッズ / ユニクロマタニティ
99840,９９８４０,ソフトバンクグループ,ソフトバンクグループ / ソフトバンク / SB / SBG / 99840 / ソフバン / ソフトバンクビジョンファンド / ペッパー / Yahoo! JAPAN / PayPay
99870,９９８７０,スズケン,申し訳ありませんが、「スズケン」（証券コード: 99870）に関する具体的な略称、ニックネーム、製品名やブランド名についての情報は持っていません。一般的には、企業名や証券コードそのものが使われることが多いですが、具体的な略称やブランド名については企業の公式情報や金融ニュース、SNSなどで確認することをお勧めします。
99890,９９８９０,サンドラッグ,申し訳ありませんが、「サンドラッグ」（証券コード: 99890）に関する具体的な略称、ニックネーム、製品名やブランド名のリストを提供することはできません。ただし、一般的に企業やブランドに関連する情報は、公式ウェブサイトや金融ニュース、SNSなどで確認することができます。
99900,９９９００,サックスバー　ホールディングス,申し訳ありませんが、「サックスバー ホールディングス」（証券コード: 99900）に関する具体的な略称、ニックネーム、製品名やブランド名の情報は持ち合わせていません。一般的には、企業の略称やニックネームはSNSや金融ニュースで使われることがありますが、具体的な情報は公開されている資料やニュースを参照する必要があります。
99910,９９９１０,ジェコス,申し訳ありませんが、「ジェコス」（証券コード: 99910）に関する具体的な略称、ニックネーム、製品名やブランド名の情報は持っていません。一般的に、企業の略称やニックネームはSNSや金融ニュースで独自に使われることが多いため、特定の情報源を確認することをお勧めします。
99970,９９９７０,ベルーナ,ベルーナ / 99970 / ベルーナネット / ベルーナグルメ / ベルーナワイン / ベルーナカタログ / ベルーナショッピング / ベルーナトラベル / ベルーナファッション / ベルーナホーム
