ticker,ticker_fullwidth,company_name,variants,sector17_code,sector17,company_name_variants,product_names
13010,１３０１０,極洋,極洋 / 極洋株式会社 / 極洋フーズ / 極洋シーフーズ / 極洋水産 / 極洋冷凍食品 / 極洋ブランド / 極洋サーモン / 極洋マグロ,1.0,食品,,
13320,１３３２０,ニッスイ,ニッスイ / 日本水産 / 1332 / シーフード / 海の幸 / ちくわ / かまぼこ / おさかなソーセージ / アラスカポラック / 海鮮丼の素,1.0,食品,,
13330,１３３３０,マルハニチロ,マルハニチロ / マルハ / ニチロ / アクリブランド / ラ・カンティーヌ / あけぼの / 海のあじわい / さば水煮 / いわし蒲焼,1.0,食品,,
13750,１３７５０,雪国まいたけ,雪国まいたけ / 雪国しめじ / 雪国えのき / 雪国きのこ / 雪国ブランド / 雪国食品 / 雪国まいたけプレミアム / 雪国まいたけ極 / 雪国まいたけ有機,1.0,食品,,
13760,１３７６０,カネコ種苗,カネコ種苗 / カネコ / カネコシード / カネコブランド / カネコの種 / カネコの苗 / カネコ農業 / カネコ園芸 / カネコグリーン,1.0,食品,,
13770,１３７７０,サカタのタネ,サカタのタネ / サカタシード / タネのサカタ / サカタブランド / 花のサカタ / 野菜のサカタ / ガーデンメイト / サカタプロダクト,1.0,食品,,
13790,１３７９０,ホクト,ホクト / きのこ / ぶなしめじ / えのき / まいたけ / たもぎたけ / ホクトプレミアム / きのこで菌活 / きのこレシピ,1.0,食品,,
14140,１４１４０,ショーボンドホールディングス,ショーボンド / ショーボンドHD,3.0,建設・資材,,
14170,１４１７０,ミライト・ワン,,3.0,建設・資材,,
14190,１４１９０,タマホーム,タマホーム / タマ / タマホーム株式会社 / 大安心の家 / 木のぬくもりの家 / タマホームの家 / タマホームのリフォーム / タマホームの注文住宅 / タマホームの分譲住宅,3.0,建設・資材,,
14350,１４３５０,ｒｏｂｏｔ　ｈｏｍｅ,ロボットホーム / robot home / ロボホーム / Rホーム / R-home / Rホームシステム / R-home AI / R-home IoT / R-home Security,17.0,不動産,,
15140,１５１４０,住石ホールディングス,住石ホールディングス / 住石 / 住石HD / 住石ホールディングス株式会社 / 住石グループ / 住友石炭 / 住友石炭鉱業 / 住石ブランド / 住石製品,2.0,エネルギー資源,,
15150,１５１５０,日鉄鉱業,日鉄鉱業 / 日鉄鉱 / Nittetsu Mining / 日鉄鉱業株式会社 / Nittetsu / Nittetsu Kougyou / 日鉄鉱業グループ / Nittetsu Mining Co. / Ltd. / 日鉄鉱業製品,2.0,エネルギー資源,,
15180,１５１８０,三井松島ホールディングス,三井松島ホールディングス / 三井松島 / 松島 / MMHD / 三井松島HD / 三井松島ホールディングス株式会社 / Mitsui Matsushima Holdings / Mitsui Matsushima / MM Holdings,10.0,情報通信・サービスその他,,
16050,１６０５０,ＩＮＰＥＸ,INPEX / 国際石油開発帝石 / インペックス / INPEXエネルギー / INPEXオイル / INPEXガス / INPEXプロジェクト / INPEX開発 / INPEXリソース,2.0,エネルギー資源,,
16620,１６６２０,石油資源開発,石油資源開発 / JAPEX / 石油資源 / 石油開発 / JAPEX石油 / JAPEX開発 / 石油資源開発株式会社 / JAPEX株式会社 / 石油資源開発(株),2.0,エネルギー資源,,
16630,１６６３０,Ｋ＆Ｏエナジーグループ,Ｋ＆Ｏエナジー / Ｋ＆ＯエナジーG,2.0,エネルギー資源,,
167A0,１６７A０,リョーサン菱洋ホールディングス,リョーサン菱洋 / リョーサン菱洋HD,13.0,商社・卸売,,
17160,１７１６０,第一カッター興業,第一カッター興業 / ダイイチカッター / カッター興業 / DCK / カッター工業 / 第一カッター / ダイイチ / カッター / カッターサービス,3.0,建設・資材,,
17190,１７１９０,安藤・間,,3.0,建設・資材,,
17200,１７２００,東急建設,東急建設 / Tokyu Construction / 東急コン / Tokyu Kensetsu / 東急建 / 東急建設株式会社 / 東急建設グループ / 東急,3.0,建設・資材,,
17210,１７２１０,コムシスホールディングス,コムシスホールディングス / コムシス / COMSYS / コムシスHD / コムシスホールディングス株式会社 / コムシスグループ / コムシスネットワーク / コムシスソリューション / コムシスエンジニアリング,3.0,建設・資材,,
17260,１７２６０,ビーアールホールディングス,ビーアール / ビーアールHD,3.0,建設・資材,,
17620,１７６２０,高松コンストラクショングループ,高松コンストラクション / 高松コンストラクションG,3.0,建設・資材,,
17660,１７６６０,東建コーポレーション,東建コーポレーション / ホームメイト / ホームメイト・リサーチ / ホームメイト・ネット / ホームメイト・ショップ / ホームメイト・レジデンス / ホームメイト・オフィス,3.0,建設・資材,,
17800,１７８００,ヤマウラ,,3.0,建設・資材,,
17860,１７８６０,オリエンタル白石,オリエンタル白石 / オリ白 / オリエンタル / OWS / オリエンタルホワイトストーン / 白石 / オリホク / オリエンタル建設 / オリエンタル技研,3.0,建設・資材,,
18010,１８０１０,大成建設,大成建設 / TAISEI / 大成 / TAISEI CORPORATION / 大成グループ / 大成建設株式会社 / TAISEI建設 / 大成プロジェクト / TAISEIブランド,3.0,建設・資材,,
18020,１８０２０,大林組,大林組 / 大林 / OBAYASHI / OBAYASHI CORPORATION / 大林グループ / 大林建設 / 大林プロジェクト / 大林技術 / 大林エンジニアリング,3.0,建設・資材,,
18030,１８０３０,清水建設,清水建設 / 清水 / シミケン / 清建 / Shimizu Corporation / ピルコム / ピルコム工法 / シミズ / SHIMIZU,3.0,建設・資材,,
18080,１８０８０,長谷工コーポレーション,長谷工 / 長谷工コーポレーション / HASEKO / HASEKOグループ / 長谷工マンション / 長谷工の家 / 長谷工不動産 / 長谷工リフォーム / 長谷工コミュニティ,3.0,建設・資材,,
18100,１８１００,松井建設,松井,3.0,建設・資材,,
18120,１８１２０,鹿島建設,鹿島建設 / 鹿島 / 鹿島建 / KAJIMA / 鹿島グループ / 鹿島技術研究所 / 鹿島プロジェクト / 鹿島ブランド / 鹿島の家,3.0,建設・資材,,
18130,１８１３０,不動テトラ,不動テトラ / テトラ / 不動 / 不動テ / テトラ工法 / テトラブロック / テトラポッド / 不動テトラ工法 / 不動テトラ製品,3.0,建設・資材,,
18150,１８１５０,鉄建建設,鉄建建設 / 鉄建 / 鉄建グループ / 鉄建ブランド / 鉄建プロジェクト / 鉄建技術 / 鉄建ソリューション / 鉄建インフラ,3.0,建設・資材,,
18200,１８２００,西松建設,西松建設 / 西松 / NIPPO / NIPPOコーポレーション / 西松グループ / 西松建設株式会社 / 西松建設グループ / 西松建設工業 / 西松建設プロジェクト,3.0,建設・資材,,
18210,１８２１０,三井住友建設,三井住友建設 / 三住建 / SMCC / Mitsui Sumitomo Construction / 三井住友 / 住友建設 / 三住 / Mitsui Construction / Sumitomo Construction,3.0,建設・資材,,
18220,１８２２０,大豊建設,大豊建設 / 大豊 / 大豊建 / 大豊建設株式会社 / DAIHO CORPORATION / DAIHO建設 / 大豊ブランド / 大豊プロジェクト,3.0,建設・資材,,
18330,１８３３０,奥村組,奥村組 / 1833 / 奥村 / OKUMURA / オクムラ / 奥村建設 / 奥村グループ / 奥村土木 / 奥村技術 / 奥村プロジェクト,3.0,建設・資材,,
18350,１８３５０,東鉄工業,東鉄工業 / TTK / 東鉄工 / 東鉄工業株式会社 / 東鉄グループ / 東鉄製品 / 東鉄ブランド / 東鉄工業製品 / 東鉄,3.0,建設・資材,,
18520,１８５２０,淺沼組,淺沼組 / 淺沼 / Asanuma / 淺沼建設 / 淺沼工務店 / 淺沼グループ / 淺沼プロジェクト / 淺沼デザイン / 淺沼技術,3.0,建設・資材,,
18600,１８６００,戸田建設,戸田建設 / 戸田 / TODA / 戸田建 / 戸田グループ / TODA Corporation / 戸田建設株式会社 / TODA建設 / TODAグループ,3.0,建設・資材,,
18610,１８６１０,熊谷組,熊谷組 / 熊谷 / KUMAGAI / 熊谷建設 / 熊谷グループ / KUMAGAI GUMI / 熊谷組株式会社 / 熊谷組建設 / KUMAGAI CONSTRUCTION,3.0,建設・資材,,
18700,１８７００,矢作建設工業,矢作建設工業 / 矢作 / 矢作建設 / YKK / 矢作工業 / 矢作ブランド / 矢作製品 / 矢作プロジェクト / 矢作グループ,3.0,建設・資材,,
18710,１８７１０,ピーエス・コンストラクション,,3.0,建設・資材,,
18730,１８７３０,日本ハウスホールディングス,日本ハウスホールディングス / 日本ハウス / 日本ハウスHD / JHHD / 日本ハウスグループ / 日本ハウスホールディングス株式会社 / 日本ハウスブランド / 日本ハウスの家 / 日本ハウスの住宅,3.0,建設・資材,,
18780,１８７８０,大東建託,大東建託 / DK SELECT / いい部屋ネット / 大東 / Daito / Daito Trust / Daito Kentaku / いい部屋 / DKマンション,17.0,不動産,,
18790,１８７９０,新日本建設,新日本,3.0,建設・資材,,
18820,１８８２０,東亜道路工業,東亜道路工業 / 東亜道路 / TOA / TOA ROAD / トアロード / トア / トア工業 / トア道路 / トアブランド,3.0,建設・資材,,
18840,１８８４０,日本道路,,3.0,建設・資材,,
18850,１８８５０,東亜建設工業,東亜建設工業 / 東亜建設 / 東亜コンストラクション / 東亜建 / 東亜工業 / 東亜建設工業株式会社 / 東亜建設工,3.0,建設・資材,,
18870,１８８７０,日本国土開発,日本国土開発 / 日国 / 日本国土 / 国土開発 / JDC / ジャパンデベロップメント / 国土 / 日本国土開発株式会社,3.0,建設・資材,,
18880,１８８８０,若築建設,若築,3.0,建設・資材,,
18900,１８９００,東洋建設,東洋建設 / TOYO / 東洋コンストラクション / TOYO Construction / 東洋建 / 東洋建設株式会社 / 東洋建設グループ / 東洋,3.0,建設・資材,,
18930,１８９３０,五洋建設,五洋建設 / 五洋 / Penta-Ocean / 五洋コンストラクション / 五洋建 / POC / 五洋マリン / 五洋技術 / 五洋プロジェクト,3.0,建設・資材,,
18980,１８９８０,世紀東急工業,"世紀東急 / 東急工業 / STK / 世紀 / 工業 / 世紀東急建設 / 東急建設

具体的な製品名やブランド名については、企業の公式",3.0,建設・資材,,
18990,１８９９０,福田組,,3.0,建設・資材,,
19110,１９１１０,住友林業,住友林業 / 住林 / Sumirin / フォレストワン / フォレストメゾン / フォレストガーデン / フォレストヒルズ / フォレストヴィラ / フォレストウッド,3.0,建設・資材,,
19250,１９２５０,大和ハウス工業,大和ハウス工業 / 大和ハウス / ダイワハウス / DAIWA HOUSE / Dハウス / DAIWA LIVING / D's SMART / xevo,3.0,建設・資材,,
19260,１９２６０,ライト工業,ライト工業 / LITE / ライトグループ / ライトテクノロジー / ライトソリューション / ライトエンジニアリング / ライトコンストラクション / ライトインフラ / ライト,3.0,建設・資材,,
19280,１９２８０,積水ハウス,積水ハウス / セキスイハウス / シャーメゾン / グリーンファースト / ビエナ / セキスイツーユーホーム / セキスイイズム / セキスイシャーメゾン,3.0,建設・資材,,
19290,１９２９０,日特建設,日特建設 / 日特 / NITTOC / NITTOC建設 / 日特工法 / NITTOCブランド / 日特ソリューション / 日特技術 / 日特プロジェクト,3.0,建設・資材,,
19300,１９３００,北陸電気工事,北陸電気工事 / 北電工 / HEC / 北陸電工 / Hokudenko / 北陸電気 / 北陸電工事 / 北陸電気工事株式会社 / 北陸電気工事(株),3.0,建設・資材,,
19340,１９３４０,ユアテック,ユアテック / ユアテック株式会社 / YURATEC / ユアテックグループ / ユアテック電設 / ユアテックエンジニアリング / ユアテックソリューション / ユアテックサービス / ユアテックプロジェクト,3.0,建設・資材,,
19380,１９３８０,日本リーテック,,3.0,建設・資材,,
19390,１９３９０,四電工,四電工 / 四国電力工事 / 四国電工 / 四国電力工事株式会社 / 四国電工株式会社 / 四電工グループ / 四電工ネットワーク / 四電工サービス,3.0,建設・資材,,
19410,１９４１０,中電工,中電工 / 中電工グループ / 中電工ネットワーク / 中電工サービス / 中電工エンジニアリング / 中電工ソリューション / 中電工プロジェクト,3.0,建設・資材,,
19420,１９４２０,関電工,関電工 / KANDENKO / 関電工株式会社 / KANDENKO Co. / Ltd. / 電気工事 / 通信工事 / 空調設備 / 照明設備,3.0,建設・資材,,
19440,１９４４０,きんでん,きんでん / Kinden / KND / Kinden Corporation / 近電 / 近畿電気工事 / Kinden Group / Kinden Electric / Kinden Holdings,3.0,建設・資材,,
19450,１９４５０,東京エネシス,,3.0,建設・資材,,
19460,１９４６０,トーエネック,トーエネック / TOENEC / トーエネック株式会社 / トーエネックグループ / トーエネック電設 / トーエネックエンジニアリング / トーエネックソリューション / トーエネックサービス / トーエネックプロジェクト,3.0,建設・資材,,
19490,１９４９０,住友電設,住友電設 / 住電設 / Sumitomo Densetsu / 住友電工 / Sumiden / 住友電設株式会社,3.0,建設・資材,,
19500,１９５００,日本電設工業,日本電設工業 / 日電工 / 日本電設 / 電設工 / 日本電設工業株式会社 / 日電設 / 日本電設工業株,3.0,建設・資材,,
19510,１９５１０,エクシオグループ,エクシオ / エクシオG,3.0,建設・資材,,
19520,１９５２０,新日本空調,新日本空調 / 新日空 / SNA / エアテック / クリーンエアシステム / 空調ソリューション / HVACソリューション / 環境技術 / 空調設備,3.0,建設・資材,,
19590,１９５９０,九電工,九電工 / 九電工グループ / 九電工エンジニアリング / 九電工サービス / 九電工ソリューション / 九電工テクノロジー / 九電工プロジェクト,3.0,建設・資材,,
19610,１９６１０,三機工業,三機工業 / 三機 / Sanki / 三機空調 / 三機設備 / 三機エンジニアリング / 三機システム / 三機テクノロジー / 三機ソリューション,3.0,建設・資材,,
19630,１９６３０,日揮ホールディングス,日揮ホールディングス / 日揮 / JGC / JGCホールディングス / JGCグループ / 日揮グループ / 日揮エンジニアリング / JGCエンジニアリング / 日揮プロジェクト / 日揮HD,3.0,建設・資材,,
19640,１９６４０,中外炉工業,中外炉工業 / 中外炉 / チュウガイロ / 中外炉エンジニアリング / 中外炉技術 / 中外炉製品 / 中外炉ブランド / 中外炉ソリューション / 中外炉サービス,3.0,建設・資材,,
19680,１９６８０,太平電業,,3.0,建設・資材,,
19690,１９６９０,高砂熱学工業,高砂熱学工業 / 高砂熱学 / TAKASAGO / 高砂エンジニアリング / 高砂技術 / 高砂製品 / 高砂ブランド / 高砂システム,3.0,建設・資材,,
19730,１９７３０,ＮＥＣネッツエスアイ,ＮＥＣネッツエスアイ / ネッツエスアイ / NEC Nets SI / NECネッツ / ネッツSI / NEC NSI / NECネットワーク / ネットワークソリューション / NECコミュニケーション,,,,
19750,１９７５０,朝日工業社,,3.0,建設・資材,,
19760,１９７６０,明星工業,明星,3.0,建設・資材,,
19790,１９７９０,大氣社,大氣社 / ダイキ / 空調設備 / クリーンルーム / HVAC / エアコン / 産業設備,3.0,建設・資材,,
19800,１９８００,ダイダン,ダイダン / ダイダン株式会社 / Daidan / ダイダン工業 / ダイダン設備 / ダイダンテクノロジー / ダイダンエンジニアリング / ダイダンソリューション / ダイダンプロジェクト,3.0,建設・資材,,
19820,１９８２０,日比谷総合設備,日比谷総合設備 / 日比谷設備 / Hibiya Engineering / Hibiya / Hibiya SE / 日比谷 / Hibiya総合 / Hibiya設備 / Hibiyaエンジニアリング,3.0,建設・資材,,
20010,２００１０,ニップン,ニップン / 日本製粉 / オーマイ / REGALO / アマニ / ニップンアマニ / ニップンウェルナ / ニップンフーズ / ニップンプレミアム,1.0,食品,,
20020,２００２０,日清製粉グループ本社,日清製粉グループ本社 / 日清製粉 / 日清フーズ / マ・マー / オーマイ / 日清ファルマ / 日清製粉ウェルナ / 日清ペットフード / 日清製粉プレミックス,1.0,食品,,
20030,２００３０,日東富士製粉,日東富士製粉 / 日東富士 / ニットーフーズ / ニットーミックス / ニットー / 富士製粉 / ニットー製粉 / 日東製粉 / ニットー富士,1.0,食品,,
20040,２００４０,昭和産業,昭和産業 / SHOWA / 昭和天ぷら粉 / 昭和の小麦粉 / 昭和の油 / 昭和のパスタ / 昭和のパン粉 / 昭和のホットケーキミックス / 昭和の調味料 / 昭和,1.0,食品,,
20530,２０５３０,中部飼料,中部飼料 / 中飼 / フィードワングループ / フィードワンホールディングス / フィードワンペット / フィードワンアクア / フィードワンバイオ,1.0,食品,,
20600,２０６００,フィード・ワン,フィード・ワン / フィード・ワンホールディングス / アニマルフィード / アクアフィード / ペットフード / 飼料 / フィードワンフーズ,1.0,食品,,
21080,２１０８０,日本甜菜製糖,日本甜菜製糖 / ビート糖 / スズラン印 / 北海道ビート / てんさい糖 / スズランブランド / ビートシュガー / 甜菜糖 / 北海道産糖,1.0,食品,,
21090,２１０９０,ＤＭ三井製糖ホールディングス,ＤＭ三井製糖ホールディングス / 三井製糖 / スプーン印 / パールエース / 角砂糖 / グラニュー糖 / 三井糖 / 三井砂糖 / みついさとう / ＤＭ三井製糖 / ＤＭ三井製糖HD,1.0,食品,,
21170,２１１７０,ウェルネオシュガー,ウェルネオシュガー / ウェルシュガー / ネオシュガー / ウェルネオ / ウェルシュ / ネオシュ / ウェルネ / ウェル / ネオ,1.0,食品,,
21200,２１２００,ＬＩＦＵＬＬ,LIFULL / ライフル / HOME'S / LIFULL介護 / LIFULL引越し / LIFULL不動産 / LIFULL住まい / LIFULLインテリア,10.0,情報通信・サービスその他,,
21210,２１２１０,ＭＩＸＩ,ミクシィ / mixi / モンスト / モンスターストライク / XFLAG / FamilyAlbum / モンパス / モンストスタジアム / モンストグランプリ,10.0,情報通信・サービスその他,,
21240,２１２４０,ジェイエイシーリクルートメント,ジェイエイシーリクルートメント / JACリクルートメント / JAC / JAC Recruitment / ジェイエイシー / JACジャパン / JACグループ / ジェイエイシー・ジャパン / JAC International,10.0,情報通信・サービスその他,,
21270,２１２７０,日本Ｍ＆Ａセンターホールディングス,日本M&Aセンターホールディングス / M&Aセンター / 日本M&A / JMAC / M&Aホールディングス / 日本M&Aセンターホールディングス株式会社 / M&Aセンターホールディングス / 日本M&Aセンター / M&AセンターHD / 日本Ｍ＆Ａセンター / 日本Ｍ＆ＡセンターHD,10.0,情報通信・サービスその他,,
21300,２１３００,メンバーズ,,10.0,情報通信・サービスその他,,
21460,２１４６０,ＵＴグループ,UTグループ / UTホールディングス / UTエンジニアリング / UTテクノロジー / UTコンストラクション / UTファクトリー / UTパートナーズ / UTキャリア / 証券コード21460 / ＵＴ / ＵＴG,10.0,情報通信・サービスその他,,
21480,２１４８０,アイティメディア,アイティメディア / ITmedia / アイティメディア株式会社 / ITmedia News / ITmedia Mobile / ITmedia ビジネスオンライン / ITmedia エンタープライズ / ITmedia マーケティング / ねとらぼ,10.0,情報通信・サービスその他,,
21500,２１５００,ケアネット,ケアネット / ケアネット株式会社 / CareNet / CareNet.com / ケアネットニュース / ケアネットマガジン / ケアネットTV / ケアネットセミナー / ケアネットアカデミー,10.0,情報通信・サービスその他,,
21530,２１５３０,Ｅ・Ｊホールディングス,Ｅ・Ｊ / Ｅ・ＪHD,10.0,情報通信・サービスその他,,
21540,２１５４０,オープンアップグループ,オープンアップ / オープンアップG,10.0,情報通信・サービスその他,,
21570,２１５７０,コシダカホールディングス,コシダカホールディングス / カラオケまねきねこ / まねきねこ / ひとりカラオケ専門店ワンカラ / ワンカラ / コシダカ / コシダカHD / コシダカグループ / まねきねこアプリ,10.0,情報通信・サービスその他,,
21680,２１６８０,パソナグループ,パソナ / パソナグループ / Pasona / Pasona Group / パソナキャリア / パソナテック / パソナフォーチュン / パソナHRソリューション / パソナアーバンファーム / パソナG,10.0,情報通信・サービスその他,,
21700,２１７００,リンクアンドモチベーション,リンクアンドモチベーション / LMI / Link and Motivation / モチベーションクラウド / エンゲージメントサーベイ / モチベーションカンパニー / リンクアンドカンパニー / モチベーションアカデミー / リンクアンドリーダーシップ,10.0,情報通信・サービスその他,,
21750,２１７５０,エス・エム・エス,エス・エム・エス / SMS / カイポケ / 介護のほんね / 看護のお仕事 / ナース専科 / イーキャリアFA / 介護求人ナビ / 介護ワーカー,10.0,情報通信・サービスその他,,
21810,２１８１０,パーソルホールディングス,パーソル / PERSOL / パーソルHD / パーソルホールディングス / テンプスタッフ / doda / ミイダス / パーソルキャリア / パーソルプロセス&テクノロジー,10.0,情報通信・サービスその他,,
21930,２１９３０,クックパッド,クックパッド / クック / クックパッド株式会社 / Cookpad / クックパッドレシピ / クックパッドアプリ / クックパッドマート / クックパッドストア / クックパッドダイエット,10.0,情報通信・サービスその他,,
22010,２２０１０,森永製菓,森永製菓 / チョコボール / ミルクキャラメル / ハイチュウ / ダース / 森永ビスケット / 森永ホットケーキミックス,1.0,食品,,
22040,２２０４０,中村屋,中村屋 / 中村屋カレー / 月餅 / あんまん / 肉まん / 中村屋レトルト / 中村屋スパイス / 中村屋パン / 中村屋スイーツ,1.0,食品,,
22060,２２０６０,江崎グリコ,江崎グリコ / グリコ / ポッキー / プリッツ / アーモンドチョコレート / カプリコ / ビスコ / パピコ / ジャイアントコーン,1.0,食品,,
22070,２２０７０,名糖産業,名糖産業 / 名糖 / メイトー / スティックカフェオレ / スティックコーヒー / 名糖プリン / 名糖チョコレート / 名糖ミルク / 名糖アイスクリーム,1.0,食品,,
22090,２２０９０,井村屋グループ,井村屋グループ / 井村屋 / あずきバー / やわもちアイス / クリームチーズデザート / 井村屋の肉まん / 井村屋のあんまん / 井村屋の中華まん / 井村屋のたい焼き / 井村屋G,1.0,食品,,
22110,２２１１０,不二家,不二家 / ペコちゃん / ミルキー / カントリーマアム / ルックチョコレート / ホームパイ / ポップキャンディ / ネクター / 不二家レストラン,1.0,食品,,
22120,２２１２０,山崎製パン,山崎製パン / ヤマザキ / 山パン / ランチパック / ダブルソフト / ロイヤルブレッド / 超芳醇 / ゴールドシリーズ / まるごとソーセージ,1.0,食品,,
22170,２２１７０,モロゾフ,モロゾフ / モロゾフチョコレート / モロゾフプリン / モロゾフケーキ / モロゾフスイーツ / モロゾフギフト / モロゾフデザート / モロゾフカフェ / モロゾフブランド,1.0,食品,,
22200,２２２００,亀田製菓,亀田製菓 / 亀田 / 亀田の柿の種 / ハッピーターン / ぽたぽた焼 / 亀田のあられ / サラダホープ / 亀田のまがりせんべい / 亀田の海苔ピーパック,1.0,食品,,
22220,２２２２０,寿スピリッツ,寿スピリッツ / 寿製菓 / 砂糖の国のケーキ屋さん / 夢菓房たから / 風雅堂 / 寿庵 / 夢菓房寿 / 夢菓房 / 寿製菓のどら焼き,1.0,食品,,
22290,２２２９０,カルビー,カルビー / ポテトチップス / じゃがりこ / かっぱえびせん / サッポロポテト / フルグラ / Jagabee / ピザポテト / じゃがビー,1.0,食品,,
22640,２２６４０,森永乳業,森永乳業 / MOW / ピノ / 森永ビヒダスヨーグルト / 森永アロエヨーグルト / 森永牛乳 / 森永乳業株式会社,1.0,食品,,
22660,２２６６０,六甲バター,六甲バター / Q・B・B / チーズデザート / ベビーチーズ / チーズフォンデュ / スライスチーズ / ナチュラルチーズ / プロセスチーズ / チーズキューブ,1.0,食品,,
22670,２２６７０,ヤクルト本社,ヤクルト / ヤクルト本社 / Yakult / ヤクルトレディ / ヤクルト400 / ヤクルト1000 / ミルミル / ソフール / ビフィーネ,1.0,食品,,
22690,２２６９０,明治ホールディングス,明治ホールディングス / 2269 / 明治 / Meiji / 明治乳業 / 明治製菓 / 明治ザバス / 明治ブルガリアヨーグルト / 明治ミルクチョコレート / 明治アーモンドチョコレート / 明治HD,1.0,食品,,
22700,２２７００,雪印メグミルク,雪印メグミルク / 雪印 / メグミルク / 雪印バター / 雪印コーヒー / 雪印チーズ / 雪印ヨーグルト / 雪印スキムミルク / 雪印北海道バター,1.0,食品,,
22810,２２８１０,プリマハム,プリマハム / プリマ / プリマハムグループ / 香薫 / 匠の膳 / 直火焼 / 旨包 / こだわりの味 / プリマヘルシー,1.0,食品,,
22820,２２８２０,日本ハム,日本ハム / 日ハム / シャウエッセン / 森の薫り / 彩りキッチン / 美ノ国 / アンティエ / 石窯工房 / チキチキボーン,1.0,食品,,
22880,２２８８０,丸大食品,丸大食品 / 丸大ハム / 燻製屋 / 煌彩 / うす塩仕立て / 旨味工房 / 丸大フーズ / 丸大 / 丸大食品グループ,1.0,食品,,
22920,２２９２０,Ｓ　Ｆｏｏｄｓ,Ｓ　Ｆｏｏｄｓ / エスフーズ / こてっちゃん / 牛匠 / ふらんす亭 / 焼肉一番 / こてっちゃん鍋 / こてっちゃん焼肉 / こてっちゃんホルモン,1.0,食品,,
22940,２２９４０,柿安本店,柿安本店 / 柿安 / 柿安ダイニング / 柿安精肉店 / 柿安料亭 / 柿安グルメフーズ / 柿安しぐれ煮 / 柿安牛めし / 柿安デリカ,1.0,食品,,
22960,２２９６０,伊藤ハム米久ホールディングス,伊藤ハム米久ホールディングス / 伊藤ハム / 米久 / アルトバイエルン / グランドアルトバイエルン / 朝のフレッシュ / ラ・ピッツァ / 美味安心 / 旨包ボリュームリッチ / 伊藤ハム米久 / 伊藤ハム米久HD,1.0,食品,,
23010,２３０１０,学情,学情 / あさがくナビ / Re就活 / あさがくチャレンジ / あさがくインターンシップ / あさがく就職エージェント / あさがく転職エージェント / あさがくキャリア / あさがく就活イベント,10.0,情報通信・サービスその他,,
23050,２３０５０,スタジオアリス,スタジオアリス / スタアリ / アリス / スタジオアリス七五三 / スタジオアリスベビー / スタジオアリスフォト / アリスの写真館 / スタジオアリス成人式 / スタジオアリスフォトブック,10.0,情報通信・サービスその他,,
23070,２３０７０,クロスキャット,クロスキャット / クロス / クロキャ / CrossCat / CC / クロスキャット株式会社 / クロスキャット証券 / クロスキャット株 / クロスキャット製品,10.0,情報通信・サービスその他,,
23170,２３１７０,システナ,システナ / Systena / Systena Corporation / Systenaグループ / Systena製品 / Systenaサービス / Systenaソリューション / Systenaブランド / Systenaテクノロジー,10.0,情報通信・サービスその他,,
23250,２３２５０,ＮＪＳ,,10.0,情報通信・サービスその他,,
23260,２３２６０,デジタルアーツ,デジタルアーツ / i-FILTER / m-FILTER / FinalCode / ARS / D-SPA / DigitalArts@Cloud / i-フィルター / m-フィルター,10.0,情報通信・サービスその他,,
23270,２３２７０,日鉄ソリューションズ,NTTソリューションズ / NS Solutions / NSSOL / NSソリューションズ / 日鉄ソリューションズ株式会社 / NSフィールド / NSクラウド / NSセキュリティ,10.0,情報通信・サービスその他,,
23310,２３３１０,綜合警備保障,ALSOK / 綜合警備保障 / ALSOKガードマン / ALSOKホームセキュリティ / ALSOKマン / ALSOKシステム / ALSOKセキュリティ / ALSOKサービス,10.0,情報通信・サービスその他,,
23350,２３３５０,キューブシステム,キューブシステム / CUBE SYSTEM / キューブ / Cube / Cube System / キューブシステム株式会社 / Cubeシステム / Cubeシステム株式会社 / CUBE SYSTEM INC.,10.0,情報通信・サービスその他,,
23370,２３３７０,いちご,いちご / いちごグループ / Ichigo / いちごオフィス / いちごホテル / いちごリート / いちごエナジー / いちご不動産 / いちごアセット,17.0,不動産,,
23530,２３５３０,日本駐車場開発,日本駐車場開発 / NPD / 日本駐車場 / 駐車場開発 / パーク24 / 駐車場ビジネス / 駐車場ソリューション / 日本パーキング / NPDグループ,17.0,不動産,,
23590,２３５９０,コア,,10.0,情報通信・サービスその他,,
23710,２３７１０,カカクコム,カカクコム / 価格.com / 食べログ / 価格ナビ / 価格比較 / カカク / kakaku.com / Tabelog / 価格情報,10.0,情報通信・サービスその他,,
23720,２３７２０,アイロムグループ,アイロムグループ / アイロム / IROM / IROMグループ / アイロムHD / アイロムホールディングス / アイロムバイオサイエンス / セルシード / アイロムCRO / アイロムG,,,,
23740,２３７４０,セントケア・ホールディング,セントケア・ホールディング / セントケア / セントケアグループ / セントケアサービス / セントケアホーム / セントケア訪問介護 / セントケアデイサービス / セントケア福祉用具 / セントケアリハビリテーション,10.0,情報通信・サービスその他,,
23780,２３７８０,ルネサンス,ルネサンス / ルネ / Renaissance / ルネサンススポーツクラブ / ルネサンスジム / ルネサンスフィットネス / ルネサンスプール / ルネサンススタジオ / ルネサンスウェルネス,10.0,情報通信・サービスその他,,
23790,２３７９０,ディップ,ディップ / バイトル / はたらこねっと / バイトルPRO / ディップAI / ディップソリューション / ディップキャリア / ディップリサーチ,10.0,情報通信・サービスその他,,
23840,２３８４０,ＳＢＳホールディングス,ＳＢＳホールディングス / ＳＢＳグループ / ＳＢＳロジコム / ＳＢＳトランスポート / ＳＢＳフレイトサービス / ＳＢＳゼンツウ / ＳＢＳリコーロジスティクス / ＳＢＳサポートログ / ＳＢＳスタッフ / ＳＢＳ / ＳＢＳHD,12.0,運輸・物流,,
23890,２３８９０,デジタルホールディングス,デジタル / デジタルHD,10.0,情報通信・サービスその他,,
23950,２３９５０,新日本科学,新日本科学 / 新日科 / SNBL / サイエンス / CROサービス / トキシコロジー / バイオアナリシス / 医薬品開発 / 動物実験,10.0,情報通信・サービスその他,,
24130,２４１３０,エムスリー,エムスリー / m3 / 2413 / M3 CARE NETWORK / QOLサーベイ / M3 Career / AskDoctors / M3.com / MR君 / 医療従事者向け情報サービス,10.0,情報通信・サービスその他,,
24290,２４２９０,ワールドホールディングス,ワールドホールディングス / ワールドHD / ワールド / WORLD / WHD / ワールドホールディングスグループ / ワールドホールディングス株式会社 / ワールドホールディングス株,10.0,情報通信・サービスその他,,
24320,２４３２０,ディー・エヌ・エー,ディー・エヌ・エー / DeNA / Mobage / モバゲー / 横浜DeNAベイスターズ / ベイスターズ / DeNAトラベル / Anyca / MyCODE,10.0,情報通信・サービスその他,,
24330,２４３３０,博報堂ＤＹホールディングス,博報堂ＤＹホールディングス / 博報堂 / 博報堂DY / 博報堂DYHD / HAKUHODO / HAKUHODO DY / HAKUHODO DY HOLDINGS / 博報堂DYグループ / 博報堂ブランド / 博報堂ＤＹ / 博報堂ＤＹHD,10.0,情報通信・サービスその他,,
24400,２４４００,ぐるなび,ぐるなび / ぐるなびレストラン / GURUNAVI / ぐるなびデリバリー / ぐるなびウエディング / ぐるなび海外 / ぐるなびギフトカード / ぐるなびプレミアム / ぐるなび会員サービス,10.0,情報通信・サービスその他,,
24450,２４４５０,タカミヤ,,10.0,情報通信・サービスその他,,
24610,２４６１０,ファンコミュニケーションズ,ファンコミュニケーションズ / A8.net / nend / adcrops / nex8 / A8フェスティバル / A8キャンパス / A8セルフバック,10.0,情報通信・サービスその他,,
24620,２４６２０,ライク,ライク / LIKE / ライクキッズ / ライクスタッフィング / ライクキャリア / ライクIT / ライクアカデミー / ライクライフ / ライクメディカル,10.0,情報通信・サービスその他,,
24710,２４７１０,エスプール,,10.0,情報通信・サービスその他,,
24750,２４７５０,ＷＤＢホールディングス,ＷＤＢ / ＷＤＢHD,10.0,情報通信・サービスその他,,
24770,２４７７０,手間いらず,手間いらず / TEMA / 手間いらず.NET / 手間いらず.com / 手間いらずPro / 手間いらずBiz / 手間いらずLite / 手間いらずクラウド / 手間いらず予約システム,10.0,情報通信・サービスその他,,
24890,２４８９０,アドウェイズ,アドウェイズ / ADWAYS / アドウェイズ株式会社 / ADWAYS INC. / PartyTrack / AppDriver / Smart-C / AppBroadCast / JANet,10.0,情報通信・サービスその他,,
24910,２４９１０,バリューコマース,バリューコマース / VC / バリュコマ / バリュコ / バリュー / バリュ / バリューコマース株式会社 / バリューコマースアフィリエイト / バリューコマースマーケティング,10.0,情報通信・サービスその他,,
24920,２４９２０,インフォマート,,10.0,情報通信・サービスその他,,
25010,２５０１０,サッポロホールディングス,サッポロホールディングス / サッポロビール / 黒ラベル / ヱビス / サッポロラガー / サッポロクラシック / サッポロプレミアム / ポッカサッポロ / サッポロライオン / サッポロ / サッポロHD,1.0,食品,,
25020,２５０２０,アサヒグループホールディングス,アサヒビール / アサヒ飲料 / スーパードライ / クリアアサヒ / ウィルキンソン / カルピス / 三ツ矢サイダー / アサヒグループホールディングス / アサヒグループ / アサヒグループHD,1.0,食品,,
25030,２５０３０,キリンホールディングス,キリンホールディングス / キリンビール / 一番搾り / キリンラガー / キリンレモン / 麒麟 / キリン氷結 / キリンファイア / キリン午後の紅茶 / キリン / キリンHD,1.0,食品,,
250A0,２５０A０,シマダヤ,シマダヤ食品 / シマダヤラーメン / シマダヤうどん / シマダヤそば / シマダヤ冷凍食品 / シマダヤ,1.0,食品,,
25310,２５３１０,宝ホールディングス,宝ホールディングス / 宝酒造 / タカラ / 焼酎ハイボール / タカラ缶チューハイ / タカラ焼酎 / タカラレジェンド / タカラバンブー / 宝 / 宝HD,1.0,食品,,
25330,２５３３０,オエノンホールディングス,オエノンホールディングス / 福徳長酒類 / 大関 / 白鶴 / 菊正宗 / 月桂冠 / 黄桜 / 日本盛 / オエノン / オエノンHD,1.0,食品,,
25400,２５４００,養命酒製造,養命酒製造 / 養命酒 / 養命酒製造株式会社 / Yomeishu / 薬用養命酒 / 養命酒製造（株） / 養命酒製造株式会社（25400） / 養命酒製造（証券コード: 25400） / 養命酒製造（株）（25400）,1.0,食品,,
256A0,２５６A０,飛島ホールディングス,飛島 / 飛島HD,3.0,建設・資材,,
25790,２５７９０,コカ・コーラ　ボトラーズジャパンホールディングス,コカ・コーラ ボトラーズジャパンホールディングス / コカ・コーラ / ジョージア / 綾鷹 / い・ろ・は・す / ファンタ / アクエリアス / スプライト / ミニッツメイド / コカ・コーラ　ボトラーズジャパン / コカ・コーラ　ボトラーズジャパンHD,1.0,食品,,
25850,２５８５０,ライフドリンク　カンパニー,ライフドリンク カンパニー / ライフドリンク / LDC / ライフウォーター / ドリンクカンパニー / LDCウォーター / ライフドリンク製品 / ライフドリンクブランド,1.0,食品,,
25870,２５８７０,サントリー食品インターナショナル,サントリー食品インターナショナル / サントリー / BOSS / 伊右衛門 / サントリー天然水 / C.C.レモン / ペプシ / オランジーナ / リプトン,1.0,食品,,
25900,２５９００,ダイドーグループホールディングス,ダイドー / ダイドードリンコ / DyDo / ダイドーブレンド / ミスティオ / ダイドーグループ / ダイドーコーヒー / ダイドー自販機 / ダイドーグループHD,1.0,食品,,
25930,２５９３０,伊藤園,伊藤園 / お〜いお茶 / 健康ミネラルむぎ茶 / TULLY'S COFFEE / TEAS' TEA / Relaxジャスミンティー / ビタミン野菜 / 充実野菜 / 毎日1杯の青汁,1.0,食品,,
25940,２５９４０,キーコーヒー,キーコーヒー / KEY COFFEE / ドリップオン / スペシャルブレンド / トアルコ トラジャ / グランドテイスト / カフェオレベース / インスタントコーヒー / コーヒーバッグ,1.0,食品,,
26020,２６０２０,日清オイリオグループ,日清オイリオグループ / 日清オイリオ / ボスコ / ヘルシーリセッタ / 日清キャノーラ油 / 日清サラダ油 / 日清オリーブオイル / 日清べに花油 / 日清マヨドレ / 日清オイリオG,1.0,食品,,
26070,２６０７０,不二製油グループ本社,不二製油グループ本社 / 不二製油 / FUJI OIL / フジオイルグループ / フジオイルホールディングス / フジオイルブランド / ソヤファーム / リッチェル,1.0,食品,,
26130,２６１３０,Ｊ−オイルミルズ,Ｊ−オイルミルズ / AJINOMOTO OIL MILLS / J-オイル / J-オイルミルズ / AJINOMOTO OIL / かどや製油 / かどや / J-オイル製品,1.0,食品,,
262A0,２６２A０,インターメスティック,,14.0,小売,,
26590,２６５９０,サンエー,サンエー / サンエースーパー / サンエーマート / サンエー食品館 / サンエーショッピングタウン / サンエー衣料館 / サンエードラッグ / サンエー電器 / サンエーギフトカード,14.0,小売,,
26640,２６６４０,カワチ薬品,カワチ薬品 / カワチ / Kawachi / Kawachi Pharmacy / カワチドラッグ / カワチ薬局 / カワチグループ / カワチポイントカード / カワチオンラインショップ,14.0,小売,,
26700,２６７００,エービーシー・マート,エービーシー・マート / ABCマート / ABC MART / ホーキンス / バンズ / ノースフェイス / ニューバランス / アディダス,14.0,小売,,
26740,２６７４０,ハードオフコーポレーション,ハードオフコーポレーション / リカーオフ / ホビーオフ / ハードオフネットモール,14.0,小売,,
26760,２６７６０,高千穂交易,,13.0,商社・卸売,,
26780,２６７８０,アスクル,アスクル / ASKUL / LOHACO / アスクルカタログ / アスクルダイレクト / アスクルオンラインショップ / アスクルサービス / アスクルオフィス用品 / アスクル配送,14.0,小売,,
26810,２６８１０,ゲオホールディングス,ゲオ / ゲオホールディングス / GEOモバイル / GEOショップ / GEOレンタル / GEOオンライン / GEOセール / GEOマーケット / ゲオHD,14.0,小売,,
26850,２６８５０,アダストリア,アダストリア / グローバルワーク / ニコアンド / ローリーズファーム / スタディオクリップ / ジーナシス / レプシィム / バビロン / アパートバイローリーズ / ヘザー,14.0,小売,,
268A0,２６８A０,リガク・ホールディングス,リガク・ / リガク・HD,9.0,電機・精密,,
26920,２６９２０,伊藤忠食品,伊藤忠食品 / 伊藤忠フーズ / ITOCHU Foods / CF / 伊藤忠グループ / 伊藤忠食品株式会社 / 伊藤忠食品ブランド,13.0,商社・卸売,,
26950,２６９５０,くら寿司,くら寿司 / くら / Kura Sushi / 無添くら寿司 / くらランチ / くらポン / くら寿司アプリ / くら寿司モバイルオーダー / くら寿司デリバリー,14.0,小売,,
26980,２６９８０,キャンドゥ,キャンドゥ / Can★Do / キャンドゥ100円ショップ / キャンドゥストア / キャンドゥプラス / CanDo / キャンドゥオンラインショップ / キャンドゥセレクト / キャンドゥコスメ,14.0,小売,,
27260,２７２６０,パルグループホールディングス,パルグループホールディングス / PAL GROUP / 3COINS / CIAOPANIC / mysty woman / KASTANE / WHO'S WHO gallery / PAL CLOSET / GALLARDAGALANTE / パルグループ / パルグループHD,14.0,小売,,
27300,２７３００,エディオン,エディオン / エディオンネットショップ / エディオンカード / エディオンポイント / エディオンアプリ / エディオンモバイル / エディオン電気 / エディオンウォーター / エディオンリフォーム,14.0,小売,,
27330,２７３３０,あらた,,13.0,商社・卸売,,
27340,２７３４０,サーラコーポレーション,,14.0,小売,,
27370,２７３７０,トーメンデバイス,,13.0,商社・卸売,,
27420,２７４２０,ハローズ,,14.0,小売,,
27490,２７４９０,ＪＰホールディングス,ＪＰ / ＪＰHD,10.0,情報通信・サービスその他,,
27520,２７５２０,フジオフードグループ本社,フジオフードグループ本社 / フジオフード / まいどおおきに食堂 / 串家物語 / かっぽうぎ / つるまる / えびのや / さち福や / まいどおおきに,14.0,小売,,
27530,２７５３０,あみやき亭,あみやき亭 / あみやき / 焼肉亭 / あみやきグループ / あみやきチェーン / あみやき亭ホールディングス / あみやき亭レストラン / あみやき亭メニュー / あみやき亭ランチ,14.0,小売,,
27600,２７６００,東京エレクトロン　デバイス,東京エレクトロン デバイス / TED / 東京エレデバ / TEDネットワーク / TEDソリューション / TEDサポート / TEDプロダクト / TEDサービス / TEDテクノロジー,13.0,商社・卸売,,
27670,２７６７０,円谷フィールズホールディングス,円谷フィールズホールディングス / 円谷プロ / ウルトラマン / フィールズ / 円谷 / 円谷プロダクション / ウルトラシリーズ / 円谷HD / 円谷ホールディングス / 円谷フィールズ / 円谷フィールズHD,13.0,商社・卸売,,
27680,２７６８０,双日,双日 / 2768 / 双日株式会社 / Sojitz / Sojitz Pla-Net / Sojitz Machinery / Sojitz Logistics / Sojitz Aerospace / Sojitz Foods / Sojitz Infinity,13.0,商社・卸売,,
27840,２７８４０,アルフレッサ　ホールディングス,アルフレッサHD / アルフレッサホールディングス / アルフレッサグループ / アルフレッサファーマ / アルフレッサメディカルサービス / アルフレッサヘルスケア / アルフレッサ物流 / アルフレッサファーマシー / アルフレッサ　 / アルフレッサ　HD,13.0,商社・卸売,,
27910,２７９１０,大黒天物産,,14.0,小売,,
27920,２７９２０,ハニーズホールディングス,ハニーズホールディングス / ハニーズ / HONEYS / GLACIER / CINEMA CLUB / COLZA / VIE RICHE / C･O･L･Z･A / ハニーズクラブカード / ハニーズHD,14.0,小売,,
28010,２８０１０,キッコーマン,キッコーマン / キッコーマンしょうゆ / デルモンテ / 万上 / マンズワイン / いつでも新鮮 / うちのごはん / しぼりたて生しょうゆ / だしわりぽん酢,1.0,食品,,
28020,２８０２０,味の素,味の素 / アミノバイタル / クノール / Cook Do / パルスイート / HON-DASHI / JINO / Glyna,1.0,食品,,
28040,２８０４０,ブルドックソース,ブルドックソース / ブルドック / ブルドックソース株式会社 / 中濃ソース / ウスターソース / とんかつソース / お好みソース / たこ焼きソース / ブルドックブランド,1.0,食品,,
28090,２８０９０,キユーピー,キユーピー / アヲハタ / ディフェ / キユーピー3分クッキング / キユーピーコーワ / キユーピーハーフ / キユーピードレッシング,1.0,食品,,
28100,２８１００,ハウス食品グループ本社,ハウス食品グループ本社 / ハウス食品 / バーモントカレー / こくまろカレー / フルーチェ / ウコンの力 / うまかっちゃん / カレーマルシェ / プライムバーモント,1.0,食品,,
28110,２８１１０,カゴメ,カゴメ / トマトジュース / 野菜生活 / ケチャップ / 野菜一日これ一本 / トマトケチャップ / 野菜ジュース / カゴメトマト / カゴメソース,1.0,食品,,
28150,２８１５０,アリアケジャパン,アリアケジャパン / アリアケ / アリアケスープ / アリアケだし / アリアケ調味料 / アリアケ食品 / アリアケブランド / アリアケ製品 / アリアケフード,1.0,食品,,
28190,２８１９０,エバラ食品工業,エバラ食品工業 / エバラ / 黄金の味 / 焼肉のたれ / すき焼のたれ / しゃぶしゃぶごまだれ / 浅漬けの素 / キムチ鍋の素 / プチッと鍋 / エバラ食品,1.0,食品,,
285A0,２８５A０,キオクシアホールディングス,キオクシアホールディングス / キオクシア / Kioxia / BiCS FLASH / XGシリーズ / BGシリーズ / EXCERIA / UFS / SSD / キオクシアHD,9.0,電機・精密,,
28710,２８７１０,ニチレイ,ニチレイ / ニチレイフーズ / アセロラドリンク / 本格炒め炒飯 / 氷温熟成 / レディミール / ニチレイロジグループ / ニチレイアグリ / ニチレイバイオサイエンス,1.0,食品,,
28740,２８７４０,横浜冷凍,横浜冷凍 / 2874 / ヨコレイ / YRF / 横冷 / 横浜冷凍株式会社 / 横浜冷凍グループ / 横浜冷凍物流 / 横浜冷凍食品 / 横浜冷凍ストレージ,13.0,商社・卸売,,
28750,２８７５０,東洋水産,東洋水産 / マルちゃん / 赤いきつね / 緑のたぬき / ごつ盛り / 麺づくり / 昔ながらの中華そば / でかまる / ホットヌードル,1.0,食品,,
28820,２８８２０,イートアンドホールディングス,イートアンドホールディングス / 大阪王将 / 羽根つき餃子 / ぷるもち水餃子 / 大阪王将羽根つき餃子 / 大阪王将ぷるもち水餃子 / 大阪王将冷凍食品 / 大阪王将ラーメン / 大阪王将炒飯 / イートアンド / イートアンドHD,1.0,食品,,
28840,２８８４０,ヨシムラ・フード・ホールディングス,ヨシムラ・フード・ホールディングス / ヨシムラフード / YFH / 吉村フード / 吉村HD / 吉村ホールディングス / 吉村食品 / 吉村グループ / 吉村ブランド / ヨシムラ・フード・ / ヨシムラ・フード・HD,1.0,食品,,
28970,２８９７０,日清食品ホールディングス,日清食品ホールディングス / 日清 / カップヌードル / チキンラーメン / 出前一丁 / ラ王 / 日清焼そばU.F.O. / どん兵衛 / 麺職人 / 日清食品 / 日清食品HD,1.0,食品,,
29080,２９０８０,フジッコ,フジッコ / おまめさん / フジッコワカメ / カスピ海ヨーグルト / フジッコ煮豆 / フジッコ昆布 / フジッコ佃煮 / フジッコおかず / フジッコデザート,1.0,食品,,
29100,２９１００,ロック・フィールド,ロック・フィールド / RF1 / 神戸コロッケ / サラダデリ / グリーンサラダ / デリカテッセン / お惣菜 / フレッシュデリ / デリカフーズ,1.0,食品,,
29140,２９１４０,日本たばこ産業,JT / 日本たばこ / 日本たばこ産業 / メビウス / セブンスター / ピアニッシモ / キャメル / ウィンストン / プルームテック,1.0,食品,,
29150,２９１５０,ケンコーマヨネーズ,ケンコーマヨネーズ / ケンコー / ケンコーマヨ / デリシャス / サラダマヨ / ケンコーサラダ / ケンコーデリカ,1.0,食品,,
29180,２９１８０,わらべや日洋ホールディングス,わらべや日洋ホールディングス / わらべや / 日洋 / わらべや日洋 / わらべや弁当 / 日洋食品 / わらべやデリカ / わらべやフーズ / わらべやブランド / わらべや日洋HD,1.0,食品,,
29220,２９２２０,なとり,なとり / おつまみ / チーズ鱈 / ジャッキーカルパス / いか天 / ほたて貝柱 / さきいか / ピリ辛さきいか / つまみ種,1.0,食品,,
29290,２９２９０,ファーマフーズ,ファーマフーズ / ニューモ / 卵殻膜 / GABA / サプリメント / 健康食品 / 育毛剤 / 美容サプリ / 機能性食品,1.0,食品,,
29300,２９３００,北の達人コーポレーション,北の達人コーポレーション / 北の達人 / カイテキオリゴ / ミネルヴァ / ザ・プラセンタ / アイキララ / ヒアロディープパッチ / クリアネオ / メイクル,4.0,素材・化学,,
29310,２９３１０,ユーグレナ,ユーグレナ / ミドリムシ / euglena / グリーンオイル / バイオジェット燃料 / ユーグレナ・ファーム / one / サステオ / リバイブエナジー,1.0,食品,,
29330,２９３３０,紀文食品,紀文食品 / 紀文 / 紀文の豆乳 / 紀文のはんぺん / 紀文のちくわ / 紀文のかまぼこ / 紀文のこんにゃく / 紀文のつみれ / 紀文のごま豆腐,1.0,食品,,
29350,２９３５０,ピックルスホールディングス,ピックルスホールディングス / ご飯がススム / キムチの素 / ピックルス / きゅうりのキューちゃん / こくうま / ピリ辛キムチ / 旨辛白菜 / ピックルスコーポレーション / ピックルスHD,1.0,食品,,
29750,２９７５０,スター・マイカ・ホールディングス,スター・マイカ・ホールディングス / スターマイカ / スターマイカHD / スターマイカホールディングス / スターマイカグループ / スターマイカリート / スターマイカ不動産 / スターマイカ投資 / スターマイカアセット / スター・マイカ・ / スター・マイカ・HD,17.0,不動産,,
29800,２９８００,ＳＲＥホールディングス,ＳＲＥ / ＳＲＥHD,17.0,不動産,,
30010,３００１０,片倉工業,片倉工業 / カタクラ / Katakura / シルク / Katakura Silk / 片倉シルク / Katakura Industries / 片倉インダストリーズ / Katakura Brand / 片倉,4.0,素材・化学,,
30020,３００２０,グンゼ,グンゼ / GUNZE / BODY WILD / Tuche / SABRINA / YG / KIREILABO / COOLMAGIC / HOTMAGIC,4.0,素材・化学,,
30030,３００３０,ヒューリック,ヒューリック / Hulic / ヒューリックタワー / ヒューリックレジデンス / ヒューリックホテル / ヒューリック不動産 / ヒューリックオフィス / ヒューリックプライム / ヒューリックリート,17.0,不動産,,
30230,３０２３０,ラサ商事,ラサ,13.0,商社・卸売,,
30280,３０２８０,アルペン,アルペン / Alpen / スポーツデポ / ゴルフ5 / アルペンアウトドアーズ / アルペンマウンテンズ / アルペンプロジェクト / アルペンシューズ / アルペンバイク,14.0,小売,,
30310,３０３１０,ラクーンホールディングス,ラクーンホールディングス / スーパーデリバリー / コレカ / SD export / Paid / トラスト / SD factory / SD connect / SD import / ラクーン / ラクーンHD,10.0,情報通信・サービスその他,,
30340,３０３４０,クオールホールディングス,クオールホールディングス / クオール / クオール薬局 / QOL / クオールグループ / クオールファーマシー / クオールメディカル / クオールヘルスケア / クオールサービス / クオールHD,14.0,小売,,
30360,３０３６０,アルコニックス,アルコニックス / ALCONIX / アルコニックス株式会社 / ALCONIXグループ / アルミ製品 / 金属加工 / 資源リサイクル / 電子材料 / 化学品,13.0,商社・卸売,,
30380,３０３８０,神戸物産,神戸物産 / 3038 / 業務スーパー / 業スー / 業務用食品 / 神戸クック / 神戸クック・ワールドビュッフェ / 業務スーパー・プロ / 業務スーパー・エコ / 業務スーパー・プレミアム,13.0,商社・卸売,,
30400,３０４００,ソリトンシステムズ,ソリトンシステムズ / Soliton / Soliton Systems / InfoTrace / NetAttest / Smart-telecaster / FileZen / SecureDesktop / CloudDisk,10.0,情報通信・サービスその他,,
30460,３０４６０,ジンズホールディングス,ジンズ / JINS / ジンズホールディングス / JINS MEME / JINS SCREEN / JINS PAINT / JINS SWITCH / JINS BRAIN / JINS VIOLET+ / ジンズHD,14.0,小売,,
30480,３０４８０,ビックカメラ,ビックカメラ / ビック / ビックポイント / ビックカメラ.com / ビックアウトレット / ビックトイズ / ビック酒販 / ビックドラッグ / ビックパソコン館,14.0,小売,,
30500,３０５００,ＤＣＭホールディングス,DCM / DCMホールディングス / DCMカーマ / DCMダイキ / DCMホーマック / ケーヨーデイツー / ホームセンターDCM / DCMブランド / DCMオンラインショップ / ＤＣＭ / ＤＣＭHD,14.0,小売,,
30530,３０５３０,ペッパーフードサービス,ペッパーフードサービス / いきなりステーキ / ペッパーランチ / ペッパーランチダイナー / ワイルドステーキ / ステーキくに / ペッパーキング / ペッパーフード / ペッパーランチエクスプレス,14.0,小売,,
30640,３０６４０,ＭｏｎｏｔａＲＯ,MonotaRO / モノタロウストア / MonotaRO Pro / モノタロウプラス / MonotaRO Select / モノタロウダイレクト / MonotaRO Tools / モノタロウエクスプレス,14.0,小売,,
30760,３０７６０,あい　ホールディングス,あいホールディングス / AI Holdings / アイホールディングス / AIH / アイエイチ / アイ・ホールディングス / あいHD / AI Holdings Group / アイホールディングス株式会社 / あい　 / あい　HD,13.0,商社・卸売,,
30860,３０８６０,Ｊ．フロント　リテイリング,Ｊ．フロント　リテイリング / 大丸 / 松坂屋 / 大丸松坂屋百貨店 / パルコ / GINZA SIX / JFR / 大丸心斎橋店 / 松坂屋名古屋店,14.0,小売,,
30870,３０８７０,ドトール・日レスホールディングス,ドトール / 日レス / ドトール・日レスホールディングス / ドトールコーヒー / エクセルシオールカフェ / カフェ・ラ・ミル / ドトール珈琲農園 / ドトールバリューカード / ドトールコーヒーショップ / ドトール・日レス / ドトール・日レスHD,14.0,小売,,
30880,３０８８０,マツキヨココカラ＆カンパニー,マツキヨココカラ＆カンパニー / マツキヨ / ココカラファイン / Matsukiyo / MatsukiyoLAB / ココカラ / MatsukiyoC / マツキヨPB / ココカラPB,14.0,小売,,
30910,３０９１０,ブロンコビリー,ブロンコビリー / ブロンコ / ビリー / ステーキハウス / 炭焼きステーキ / ハンバーグ / サラダバー / ファミリーレストラン / グリルメニュー,14.0,小売,,
30920,３０９２０,ＺＯＺＯ,ZOZO / ZOZOTOWN / ZOZOスーツ / ZOZOマット / ZOZOGLASS / スタートトゥデイ / WEAR / ZOZOテクノロジーズ / ZOZOBASE,14.0,小売,,
30930,３０９３０,トレジャー・ファクトリー,トレジャー・ファクトリー / トレファク / トレファクスタイル / トレファクスポーツ / トレファクマーケット / トレファクアウトドア / トレファクプラス / トレファクオンライン / トレファクリユース,14.0,小売,,
30970,３０９７０,物語コーポレーション,物語コーポレーション / 焼肉きんぐ / 丸源ラーメン / 寿司・しゃぶしゃぶ ゆず庵 / 焼肉一番かるび / 焼肉一番カルビ / 焼肉一番カルビホルモン / 焼肉一番カルビ本舗 / 焼肉一番カルビ家,14.0,小売,,
30990,３０９９０,三越伊勢丹ホールディングス,三越伊勢丹 / 三越 / 伊勢丹 / 三越伊勢丹HD / MIカード / 三越伊勢丹オンラインストア / エムアイカード / 三越伊勢丹グループ / ISETAN,14.0,小売,,
31010,３１０１０,東洋紡,東洋紡 / 東紡 / テイボー / ボーイング / エアロカバー / セルバックス / アクアリフト / トレシー / エスモンド,4.0,素材・化学,,
31030,３１０３０,ユニチカ,ユニチカ / UNITIKA / テトロン / エコロン / バイオミメティクス / ナイロン / ポリエステル / セルロースナノファイバー / スパンドール,4.0,素材・化学,,
31040,３１０４０,富士紡ホールディングス,富士紡ホールディングス / フジボウ / FUJIBO / フジボウテキスタイル / フジボウケミカル / フジボウフィルター / フジボウメディカル / フジボウエレクトロニクス / フジボウライフサイエンス / 富士紡 / 富士紡HD,4.0,素材・化学,,
31050,３１０５０,日清紡ホールディングス,日清紡ホールディングス / 日清紡 / Nisshinbo / エコテクノ / ブレーキ / プレシジョン / テキスタイル / マイクロデバイス / 日清紡HD,9.0,電機・精密,,
31060,３１０６０,倉敷紡績,倉敷紡績 / クラボウ / Kurabo / Kurabo Industries / クラボウテキスタイル / クラボウバイオ / クラボウマテリアル / クラボウケミカル / クラボウエンジニアリング,4.0,素材・化学,,
31070,３１０７０,ダイワボウホールディングス,ダイワボウホールディングス / ダイワボウ / 大和紡 / 大和紡ホールディングス / ダイワボウ情報システム / ダイワボウノイ / ダイワボウエンジニアリング / ダイワボウポリテック / ダイワボウプログレス / ダイワボウHD,13.0,商社・卸売,,
31090,３１０９０,シキボウ,シキボウ / シキボウ株式会社 / Shikibo / アルファゲル / エアロシルバー / エアロフレッシュ / シキボウマスク / シキボウフィルター,4.0,素材・化学,,
31100,３１１００,日東紡績,日東紡績 / 日東紡 / ニットーボー / NITTOBO / セロファン / ニットーボーファイバー / ニットーボーテキスタイル / ニットーボーケミカル,3.0,建設・資材,,
31160,３１１６０,トヨタ紡織,トヨタ紡織 / TB / TOYOTA BOSHOKU / レクサスシート / カローラシート / 自動車内装 / シートクッション / インテリアコンポーネント,6.0,自動車・輸送機,,
31320,３１３２０,マクニカホールディングス,マクニカ / マクニカHD,13.0,商社・卸売,,
31340,３１３４０,Ｈａｍｅｅ,Hamee / iFace / Hameeストア / ネクストエンジン / Hameeコマース / Hameeスマホアクセサリー / Hameeデザイン / Hameeオンラインショップ / Hameeモバイル,14.0,小売,,
31390,３１３９０,ラクト・ジャパン,,13.0,商社・卸売,,
31410,３１４１０,ウエルシアホールディングス,ウエルシアホールディングス / ウエルシア / ウエルシア薬局 / ウエルシアグループ / ウエルシアHD / 3141 / ハピコム / ウエルシアダイレクト / ウエルシアポイント / ウエルシアアプリ,14.0,小売,,
31480,３１４８０,クリエイトＳＤホールディングス,クリエイトＳＤホールディングス / クリエイトSD / クリエイト / SDホールディングス / クリエイト薬局 / クリエイトストア / クリエイトドラッグ / クリエイトショップ / クリエイトファーマシー / クリエイトＳＤ / クリエイトＳＤHD,14.0,小売,,
31500,３１５００,グリムス,グリムス / グリムス株式会社 / 蓄電池 / スマートハウス / エネルギーマネジメント / 再生可能エネルギー,11.0,電気・ガス,,
31510,３１５１０,バイタルケーエスケー・ホールディングス,バイタルケーエスケー・ホールディングス / バイタルネット / ケーエスケー / VITAL / VITAL KSK / バイタル / バイタルネット株式会社 / ケーエスケー株式会社 / バイタルケーエスケー・ / バイタルケーエスケー・HD,13.0,商社・卸売,,
31530,３１５３０,八洲電機,八洲,13.0,商社・卸売,,
31540,３１５４０,メディアスホールディングス,メディアス / メディアスHD,13.0,商社・卸売,,
31560,３１５６０,レスター,,13.0,商社・卸売,,
31670,３１６７０,ＴＯＫＡＩホールディングス,TOKAIホールディングス / TOKAI / トーカイ / TOKAIグループ / おいしい水の宅配便 / ピュアウォーター / TOKAIでんき / TOKAIガス / TOKAIケーブルネットワーク / ＴＯＫＡＩ / ＴＯＫＡＩHD,13.0,商社・卸売,,
31760,３１７６０,三洋貿易,三洋貿易 / 三洋 / Sanyo Trading / 三洋トレーディング / Sanyo Boueki / Sanyo Boeki / 三洋貿易株式会社 / Sanyo Trading Co. / Ltd.,13.0,商社・卸売,,
31790,３１７９０,シュッピン,シュッピン / MAP CAMERA / KASYAPA / GMT / KINGDOM NOTE / STAY246 / CROWN GEAR / シュッピン株式会社 / 出品,14.0,小売,,
31800,３１８００,ビューティガレージ,ビューティガレージ / BG / ビューティガレージ株式会社 / BGショップ / BGプロ / BGスタジオ / ビューティガレージオンライン / BGマーケット / BGサロン,13.0,商社・卸売,,
31820,３１８２０,オイシックス・ラ・大地,オイシックス / ラ・大地 / Oisix / 大地を守る会 / らでぃっしゅぼーや / Oisix ra daichi / オイシックス・ラ・大地 / Kit Oisix / Vegeel,14.0,小売,,
31830,３１８３０,ウイン・パートナーズ,,13.0,商社・卸売,,
31860,３１８６０,ネクステージ,ネクステージ / ネクステ / NEXTAGE / カーバンク / カーチョイス / ネクステージオート / ネクステージプラス / ネクステージセレクト / ネクステージプレミアム,14.0,小売,,
31910,３１９１０,ジョイフル本田,ジョイ本 / Joyful Honda / ジョイフル / JH / ジョイフルホンダ / Joyful / ジョイ,14.0,小売,,
31930,３１９３０,エターナルホスピタリティグループ,エターナルホスピタリティ / エターナルホスピタリティG,14.0,小売,,
31960,３１９６０,ホットランド,ホットランド / 銀だこ / 築地銀だこ / 銀のあん / コールドストーン / コールド・ストーン・クリーマリー / 銀のあんクロワッサンたい焼 / 銀だこハイボール酒場 / 銀だこキッチン,14.0,小売,,
31970,３１９７０,すかいらーくホールディングス,すかいらーくホールディングス / ガスト / バーミヤン / しゃぶ葉 / ジョナサン / 夢庵 / グラッチェガーデンズ / 藍屋 / とんから亭 / すかいらーく / すかいらーくHD,14.0,小売,,
31980,３１９８０,ＳＦＰホールディングス,ＳＦＰ / ＳＦＰHD,14.0,小売,,
31990,３１９９０,綿半ホールディングス,綿半HD / 綿半ホールディングス / 綿半,14.0,小売,,
32010,３２０１０,日本毛織,日本毛織 / ニッケ / NIKKE / ニッケグループ / ニッケテキスタイル / ニッケホームプロダクツ / ニッケライフ / ニッケファブリック / ニッケアパレル,4.0,素材・化学,,
32210,３２２１０,ヨシックスホールディングス,ヨシックスホールディングス / や台ずし / や台や / ニパチ / これや / や台半兵ヱ / これやこの / や台ずし本舗 / ヨシックス / ヨシックスHD,14.0,小売,,
32220,３２２２０,ユナイテッド・スーパーマーケット・ホールディングス,ユナイテッド・スーパーマーケット・ホールディングス / USMH / マルエツ / カスミ / マックスバリュ関東 / ユナイテッド / スーパーマーケット / Uスーパーマーケット / ユナイテッド・スーパーマーケット・ / ユナイテッド・スーパーマーケット・HD,14.0,小売,,
32310,３２３１０,野村不動産ホールディングス,野村不動産ホールディングス / プラウド / オフィスビル / GEMS / PMO / PROUD FLAT / PROUD CITY / PROUD TOWER / 野村不動産 / 野村不動産HD,17.0,不動産,,
32320,３２３２０,三重交通グループホールディングス,三重交通グループ / 三重交通グループHD,17.0,不動産,,
32450,３２４５０,ディア・ライフ,ディア・ライフ / ディア / DL / Dear Life / ディアライフ / D-Life / ディア・プロジェクト / ディア・レジデンス / ディア・オフィス,17.0,不動産,,
32520,３２５２０,地主,,17.0,不動産,,
32540,３２５４０,プレサンスコーポレーション,プレサンス / プレサンスコーポレーション / プレサンスマンション / プレサンスシリーズ / プレサンスロジスティクス / プレサンスレジデンス / プレサンスオフィス / プレサンスホテル / プレサンスリゾート,,,,
32670,３２６７０,フィル・カンパニー,フィル・カンパニー / フィル / フィルパーキング / フィル・パーク / フィル・スタイル / フィル・デザイン / フィル・プロジェクト / フィル・ビル / フィル・スペース,3.0,建設・資材,,
32760,３２７６０,ＪＰＭＣ,,17.0,不動産,,
32840,３２８４０,フージャースホールディングス,フージャースホールディングス / フージャース / フージャースHD / フージャースグループ / フージャース不動産 / フージャースマンション / フージャース住宅 / フージャース開発 / フージャースプロジェクト,17.0,不動産,,
32880,３２８８０,オープンハウスグループ,オープンハウス / オープンハウスグループ / OHG / 証券コード: 32880 / オープンレジデンシア / オープンハウスデベロップメント / オープンハウスアーキテクト / オープンハウス不動産 / オープンハウスプロパティ / オープンハウスリート / オープンハウスG,17.0,不動産,,
32890,３２８９０,東急不動産ホールディングス,東急不動産ホールディングス / 東急不 / Tokyu Fudosan Holdings / Tokyu Land Corporation / 東急コミュニティー / 東急リバブル / 東急ステイ / 東急不動産 / 東急不動産HD,17.0,不動産,,
32910,３２９１０,飯田グループホールディングス,飯田グループホールディングス / 飯田GHD / 飯田グループ / IIDA / IIDAグループ / 飯田ホールディングス / 飯田HD / 飯田 / IIDA HD / 飯田グループHD,17.0,不動産,,
33020,３３０２０,帝国繊維,帝国繊維 / 帝繊 / 帝国繊維株式会社 / 帝国 / 帝国繊維(株) / 帝国繊維グループ / 帝国繊維製品 / 帝国繊維ブランド / 帝国繊維の防災用品 / 証券コード: 33020,4.0,素材・化学,,
33150,３３１５０,日本コークス工業,日本コークス工業 / 日コークス / JFEコークス / コークス / 日本コークス / コークス工業 / 日コ / コークス製品,2.0,エネルギー資源,,
33190,３３１９０,ゴルフダイジェスト・オンライン,GDO / ゴルフダイジェスト・オンライン / ゴルフダイジェスト / GDOショップ / GDOゴルフ場予約 / GDOスコア管理 / GDOゴルフレッスン / GDOゴルフニュース / GDOポイント,14.0,小売,,
33280,３３２８０,ＢＥＥＮＯＳ,ＢＥＥＮＯＳ / テンポス / ショッピン / セカイモン / フリル / ビーノス,14.0,小売,,
33330,３３３３０,あさひ,,14.0,小売,,
33410,３３４１０,日本調剤,日本調剤 / Nihon Chouzai / 調剤薬局 / おくすり手帳Link / 調剤薬局事業 / 医薬品製造事業 / 医療モール事業 / ヘルスケア事業 / 日本調剤ファーマシー,14.0,小売,,
33490,３３４９０,コスモス薬品,コスモス薬品 / 3349 / コスモス / COSMOS / コスモスドラッグ / コスモス薬局 / コスモスグループ / コスモスストア / コスモスチェーン / コスモスファーマシー,14.0,小売,,
33600,３３６００,シップヘルスケアホールディングス,シップヘルスケアホールディングス / SHIP / シップ / シップヘルスケア / SHIP Healthcare / メディカルサプライ / メディカルロジスティクス / メディカルエンジニアリング / メディカルサービス / シップヘルスケアHD,13.0,商社・卸売,,
33710,３３７１０,ソフトクリエイトホールディングス,ソフトクリエイトホールディングス / ソフトクリエイト / SCHD / ソフクリ / EC-CUBE / e-Store / CROSS MALL / CROSS POINT / CROSS STAFF / ソフトクリエイトHD,10.0,情報通信・サービスその他,,
33820,３３８２０,セブン＆アイ・ホールディングス,セブン＆アイ / セブンイレブン / イトーヨーカドー / そごう / 西武 / デニーズ / ロフト / アリオ / セブンプレミアム / セブン＆アイ・ / セブン＆アイ・HD,14.0,小売,,
33870,３３８７０,クリエイト・レストランツ・ホールディングス,クリエイト・レストランツ・ホールディングス / クリレス / クリエイトレストランツ / しゃぶ菜 / 磯丸水産 / かごの屋 / デザート王国 / クリエイト・レストランツ・ / クリエイト・レストランツ・HD,14.0,小売,,
33880,３３８８０,明治電機工業,明治電機,13.0,商社・卸売,,
33910,３３９１０,ツルハホールディングス,ツルハホールディングス / ツルハ / ツルハドラッグ / くすりのツルハ / ツルハグループ / くすりの福太郎 / ドラッグストア / ツルハポイント / ツルハカード / ツルハHD,14.0,小売,,
33950,３３９５０,サンマルクホールディングス,サンマルクホールディングス / サンマルクカフェ / チョコクロ / サンマルク / バイキングレストラン / サンマルクグループ / サンマルクレストラン / サンマルクベーカリー / サンマルクカフェカード / サンマルクHD,14.0,小売,,
33970,３３９７０,トリドールホールディングス,トリドールホールディングス / 丸亀製麺 / トリドール / TORIDOLL / 讃岐うどん / まるがめ / まるがめ製麺 / トリドールHD / トリドールグループ,14.0,小売,,
34010,３４０１０,帝人,帝人 / Teijin / テイジン / ナノフロント / ソロテックス / ベルオアシス / レクシーファ / エコサークル / テイジンフロンティア,4.0,素材・化学,,
34020,３４０２０,東レ,東レ / トレリナ / セオα / ルミラー / トレカ / トレヨン / トレフィル / トレシー,4.0,素材・化学,,
34050,３４０５０,クラレ,クラレ / クラレグループ / クラレファイバー / クラレプラスチックス / クラレケミカル / セプトン / エバール,4.0,素材・化学,,
34070,３４０７０,旭化成,旭化成 / 旭化成ホームズ / ヘーベルハウス / サランラップ / セルガイア / リフォームヘーベル / ジュノ / フォルティス,4.0,素材・化学,,
34150,３４１５０,ＴＯＫＹＯ　ＢＡＳＥ,TOKYO BASE / トウキョウベース / TOKYO BASE CO. / LTD. / STUDIOUS / UNITED TOKYO / PUBLIC TOKYO / CITYSHOP / THE RERACS,14.0,小売,,
34210,３４２１０,稲葉製作所,稲葉,3.0,建設・資材,,
34310,３４３１０,宮地エンジニアリンググループ,宮地エンジニアリンググループ / 宮地エンジ / MEG / 宮地エンジニアリング / 宮地グループ / 宮地 / MEGグループ / 宮地製品 / 宮地ブランド / 宮地エンジニアリングG,3.0,建設・資材,,
34330,３４３３０,トーカロ,トーカロ / TOCALO / トーカロ株式会社 / トーカロコーティング / プラズマコーティング / サーマルスプレー / トーカロ技術 / トーカロ製品 / トーカロブランド,3.0,建設・資材,,
34360,３４３６０,ＳＵＭＣＯ,SUMCO / サムコ / ウェーハ / シリコンウェーハ / SUMCO TECHXIV / SUMCO Phoenix Corporation / SUMCO USA Corporation / SUMCO Europe Sales,3.0,建設・資材,,
34430,３４４３０,川田テクノロジーズ,,3.0,建設・資材,,
34450,３４４５０,ＲＳ　Ｔｅｃｈｎｏｌｏｇｉｅｓ,,3.0,建設・資材,,
34570,３４５７０,Ａｎｄ　Ｄｏホールディングス,Ａｎｄ　Ｄｏ / Ａｎｄ　ＤｏHD,17.0,不動産,,
34580,３４５８０,シーアールイー,シーアールイー / CRE / CREロジスティクス / CRE倉庫 / CRE不動産 / CRE物流 / CRE開発 / CRE投資 / CREグループ,,,,
34650,３４６５０,ケイアイスター不動産,ケイアイスター不動産 / ケイアイ / KIスター / ケイアイスター / KI / ケイアイホーム / ケイアイハウス / ケイアイ不動産 / KI不動産,17.0,不動産,,
34750,３４７５０,グッドコムアセット,,17.0,不動産,,
34800,３４８００,ジェイ・エス・ビー,,17.0,不動産,,
34820,３４８２０,ロードスターキャピタル,ロードスターキャピタル / RSC / ロードスター不動産 / キャピタル / ロードスター投資 / ロードスターアセット / ロードスターグループ / ロードスターサービス,17.0,不動産,,
34980,３４９８０,霞ヶ関キャピタル,霞ヶ関キャピタル / K-Cap / 霞キャピ / K-Capital / 霞ヶ関 / 霞キャ / KGC / 霞ヶ関不動産 / K-Cap不動産,17.0,不動産,,
35390,３５３９０,ＪＭホールディングス,ＪＭ / ＪＭHD,14.0,小売,,
35430,３５４３０,コメダホールディングス,コメダホールディングス / コメダ珈琲店 / シロノワール / コメダ / コメダHD / コメダコーヒー / コメダブレンド / コメダのモーニング / コメダのサンドイッチ,13.0,商社・卸売,,
35460,３５４６０,アレンザホールディングス,アレンザホールディングス / アレンザ / ALENZA / アレンザグループ / アレンザHD / アレンザホールディングス株式会社 / ALENZA Holdings / アレンザブランド,14.0,小売,,
35470,３５４７０,串カツ田中ホールディングス,串カツ田中 / 串カツ田中HD / 串カツ / 田中 / 串カツ田中ホールディングス / 串カツ田中グループ / 串カツ田中株式会社 / 串カツ田中チェーン / 串カツ田中ブランド,14.0,小売,,
35480,３５４８０,バロックジャパンリミテッド,バロックジャパンリミテッド / MOUSSY / SLY / RODEO CROWNS / AZUL BY MOUSSY / BLACK BY MOUSSY / SHEL'TTER / STACCATO,14.0,小売,,
35490,３５４９０,クスリのアオキホールディングス,クスリのアオキ / アオキHD / アオキホールディングス / AOKI / アオキ / クスリのアオキホールディングス / ドラッグアオキ / アオキ薬局 / AOKIグループ / クスリのアオキHD,14.0,小売,,
35610,３５６１０,力の源ホールディングス,力の源ホールディングス / 一風堂 / Ippudo / 力の源 / Chikara no Moto / 博多一風堂 / Hakata Ippudo / からか麺 / Karaka-men / 白丸元味 / Shiromaru Motoaji / 力の源HD,14.0,小売,,
35630,３５６３０,ＦＯＯＤ　＆　ＬＩＦＥ　ＣＯＭＰＡＮＩＥＳ,ＦＯＯＤ ＆ ＬＩＦＥ ＣＯＭＰＡＮＩＥＳ / スシロー / あきんどスシロー / 京樽 / 海鮮三崎港 / スシロー To Go / スシローコノミ / スシローキッチン / スシローアプリ,14.0,小売,,
35650,３５６５０,アセンテック,,13.0,商社・卸売,,
35690,３５６９０,セーレン,セーレン / VONOS / エステル / セーレンフィルム / セーレンテック / セーレンファブリック / セーレンプロテクション / セーレンインターナショナル,4.0,素材・化学,,
35800,３５８００,小松マテーレ,小松マテーレ / KOMATSU MATERE / マテーレ / クレハロン / セリオ / テクノファイン / エコテックス / スパイバー,4.0,素材・化学,,
35910,３５９１０,ワコールホールディングス,ワコール / ワコールホールディングス / Wacoal / スタディオファイブ / サルート / ウイング / アンフィ / パルファージュ / ラゼ / ワコールHD,4.0,素材・化学,,
35930,３５９３０,ホギメディカル,ホギメディカル / ホギ / HOGY / ホギメディ / メディカル / ホギ製品 / ホギブランド / ホギの医療用品 / ホギのディスポーザブル製品,4.0,素材・化学,,
36080,３６０８０,ＴＳＩホールディングス,ＴＳＩホールディングス / ナノ・ユニバース / ジャーナルスタンダード / ナチュラルビューティーベーシック / ロペ / フレディ＆グロスター / アーバンリサーチ / エディフィス / ＴＳＩ / ＴＳＩHD,4.0,素材・化学,,
36120,３６１２０,ワールド,ワールド / ワールドコーポレーション / ワールドファッション / ワールドオンライン / ワールドストア / ワールドブランド / ワールドリテール / ワールドプロダクツ,4.0,素材・化学,,
36260,３６２６０,ＴＩＳ,,10.0,情報通信・サービスその他,,
36320,３６３２０,グリーホールディングス,グリー / グリーホールディングス / GREE / GREEプラットフォーム / GREEゲーム / GREEマーケット / GREE広告 / GREEメディア / GREEエンターテインメント / グリーHD,10.0,情報通信・サービスその他,,
36330,３６３３０,ＧＭＯペパボ,ＧＭＯペパボ / カラーミーショップ / ロリポップ / ヘテムル / minne / JUGEM / ムームードメイン / SUZURI / ペパボクラウド,10.0,情報通信・サービスその他,,
36350,３６３５０,コーエーテクモホールディングス,コーエーテクモホールディングス / コーエー / テクモ / KOEI / TECMO / 信長の野望 / 三國志 / デッド オア アライブ / 仁王 / コーエーテクモ / コーエーテクモHD,10.0,情報通信・サービスその他,,
36360,３６３６０,三菱総合研究所,,10.0,情報通信・サービスその他,,
36490,３６４９０,ファインデックス,,10.0,情報通信・サービスその他,,
36550,３６５５０,ブレインパッド,ブレインパッド / BrainPad / データサイエンス / アナリティクス / データ活用 / AIソリューション / データマイニング / ビッグデータ / データ分析,10.0,情報通信・サービスその他,,
36560,３６５６０,ＫＬａｂ,KLab / ラブライブ！スクールアイドルフェスティバル / ブレイブソード×ブレイズソウル / キャプテン翼 ～たたかえドリームチーム～ / BLEACH Brave Souls / うたの☆プリンスさまっ♪ Shining Live / Lapis Re:LiGHTs / 魔法使いと黒猫のウィズ / KLabGames,10.0,情報通信・サービスその他,,
36570,３６５７０,ポールトゥウィンホールディングス,ポールトゥウィンホールディングス / ポールトゥウィン / PIT / PITホールディングス / ポールトゥウィン・ピットクルーホールディングス / ポールトゥウィン・ピットクルー / PITCREW / ポールトゥウィンHD,10.0,情報通信・サービスその他,,
36590,３６５９０,ネクソン,ネクソン / メイプルストーリー / アラド戦記 / マビノギ / カートライダー / サドンアタック / FIFAオンライン / V4 / ブルーアーカイブ / アクション対魔忍,10.0,情報通信・サービスその他,,
36600,３６６００,アイスタイル,アイスタイル / @cosme / アットコスメ / istyle / istyle株式会社 / @cosme SHOPPING / @cosme STORE / @cosme BEAUTY DAY / @cosme TOKYO,10.0,情報通信・サービスその他,,
36610,３６６１０,エムアップホールディングス,エムアップ / エムアップHD,10.0,情報通信・サービスその他,,
36620,３６６２０,エイチーム,エイチーム / Ateam / ヴァルキリーコネクト / 少女☆歌劇 レヴュースタァライト -Re LIVE- / 三国大戦スマッシュ！ / ユニゾンリーグ / ラルーン / ナビクル / 引越し侍 / スマートフォンゲーム,10.0,情報通信・サービスその他,,
36630,３６６３０,セルシス,セルシス / CLIP STUDIO PAINT / CLIP STUDIO / クリスタ / CLIP STUDIO ASSETS / CLIP STUDIO TABMATE / CLIP STUDIO MODELER / CLIP STUDIO COORDINATE / CLIP STUDIO PAINT EX,10.0,情報通信・サービスその他,,
36650,３６６５０,エニグモ,エニグモ / BUYMA / エニグモ株式会社 / ENIGMO / バイマプラットフォーム / BUYMA公式 / バイママーケット / BUYMAアプリ,10.0,情報通信・サービスその他,,
36680,３６６８０,コロプラ,コロプラ / 白猫プロジェクト / 黒猫のウィズ / クイズRPG 魔法使いと黒猫のウィズ / 白猫テニス / ドラゴンプロジェクト / アリス・ギア・アイギス / DQウォーク / バトルガール ハイスクール,10.0,情報通信・サービスその他,,
36730,３６７３０,ブロードリーフ,ブロードリーフ / Broadleaf / BL / Carpod / メカニックサポート / Parts Station / Repair Shop System / BL Cloud / BL Parts Order System,10.0,情報通信・サービスその他,,
36760,３６７６０,デジタルハーツホールディングス,DIGITAL HEARTS / DIGITAL HEARTS HOLDINGS / デジハ / デジハHD / デジタルハーツHD / デジタルハーツホールディングス株式会社 / DIGITAL HEARTS Co. / Ltd. / デジタルハーツ,10.0,情報通信・サービスその他,,
36780,３６７８０,メディアドゥ,メディアドゥ / Media Do / MD / Media Do Holdings / MyAnimeList / Flier / Pubridge / Media Do Tech Tokushima / Media Do International,10.0,情報通信・サービスその他,,
36790,３６７９０,じげん,じげん / 株式会社じげん / 転職EX / 転職ナビ / 転職会議 / 住まいEX / 自動車EX,10.0,情報通信・サービスその他,,
36810,３６８１０,ブイキューブ,,10.0,情報通信・サービスその他,,
36870,３６８７０,フィックスターズ,フィックスターズ / Fixstars / Accel / F3 / FDX / FFS / フィックスターズ・テクノロジーズ / フィックスターズ・ソリューション / フィックスターズ・プロダクツ,10.0,情報通信・サービスその他,,
36880,３６８８０,ＣＡＲＴＡ　ＨＯＬＤＩＮＧＳ,"ＣＡＲＴＡ　ＨＯＬＤＩＮＧＳ / カルタHD / VOYAGE GROUP / Zucks / Fluct / ECナビ / AdStir / Hike

これらは、ＣＡＲＴＡ　ＨＯＬＤＩＮＧＳに関連する可能性のある略称やブランド名です。",10.0,情報通信・サービスその他,,
36940,３６９４０,オプティム,オプティム / Optimal Biz / Optimal Remote / Optimal Second Sight / Optimal Vision / Optimal IoT / Optimal AI Camera / Optimal Smart Agriculture / Optimal Smart Construction,10.0,情報通信・サービスその他,,
36960,３６９６０,セレス,セレス / Moppy（モッピー） / ポイントサイト / ポイント交換 / 仮想通貨 / 暗号資産 / 投資情報 / FinTech / デジタルマーケティング,10.0,情報通信・サービスその他,,
36970,３６９７０,ＳＨＩＦＴ,SHIFT / シフト / SHIFT社 / SHIFT株式会社 / ソフトウェアテスト / テスト自動化 / ソフトウェア品質保証 / SHIFTグループ / SHIFTテクノロジー,10.0,情報通信・サービスその他,,
37080,３７０８０,特種東海製紙,,4.0,素材・化学,,
37410,３７４１０,セック,,10.0,情報通信・サービスその他,,
37620,３７６２０,テクマトリックス,テクマトリックス / TechMatrix / ProTech / FastHelp / FastAnswer / FastSeries / WebSAM / TechMatrix Cloud / TechMatrix Security,10.0,情報通信・サービスその他,,
37630,３７６３０,プロシップ,プロシップ / ProPlus / ProPlus Cloud / ProPlus ERP / ProPlus BI / ProPlus HR / ProPlus CRM / ProPlus SCM / ProPlus Financials,10.0,情報通信・サービスその他,,
37650,３７６５０,ガンホー・オンライン・エンターテイメント,ガンホー / ガンホー・オンライン・エンターテイメント / パズドラ / ラグナロクオンライン / TEPPEN / サモンズボード / ケリ姫スイーツ / パズドラバトル / ガンホーゲームズ,10.0,情報通信・サービスその他,,
37690,３７６９０,ＧＭＯペイメントゲートウェイ,GMO-PG / PGマルチペイメントサービス / PGマルチペイメント / GMO-PG決済 / PG決済 / GMOペイメント / GMO決済 / GMOペイメントゲートウェイ株式会社,10.0,情報通信・サービスその他,,
37710,３７７１０,システムリサーチ,,10.0,情報通信・サービスその他,,
37740,３７７４０,インターネットイニシアティブ,インターネットイニシアティブ / IIJ / IIJmio / IIJ GIO / IIJセキュアMXサービス / IIJクラウド / IIJモバイル / IIJファイアウォール / IIJ VPN,10.0,情報通信・サービスその他,,
37780,３７７８０,さくらインターネット,さくらインターネット / さくらのクラウド / さくらのVPS / さくらのレンタルサーバ / さくらのメールボックス / さくらのSSL / さくらのドメイン / さくらの専用サーバ / さくらのIoT,10.0,情報通信・サービスその他,,
37880,３７８８０,ＧＭＯグローバルサイン・ホールディングス,GMOグローバルサイン / グローバルサイン / GlobalSign / GMOサイン / GMOトラストログイン / GMOデジタル証明書 / ＧＭＯグローバルサイン・ / ＧＭＯグローバルサイン・HD,10.0,情報通信・サービスその他,,
38170,３８１７０,ＳＲＡホールディングス,ＳＲＡ / ＳＲＡHD,10.0,情報通信・サービスその他,,
38340,３８３４０,朝日ネット,朝日ネット / ASAHIネット / ASAHIネット光 / ASAHIモバイル / ASAHIネットLTE / ASAHIネットWiMAX / ASAHIネットIPv6 / ASAHIネット固定IP / ASAHIネットメール,10.0,情報通信・サービスその他,,
38350,３８３５０,ｅＢＡＳＥ,ｅＢＡＳＥ / eBASE / イーベース / eBASEプロ / eBASEプラットフォーム / eBASEソリューション / eBASE製品管理 / eBASEデータ管理 / eBASEクラウド,10.0,情報通信・サービスその他,,
38360,３８３６０,アバントグループ,アバント / アバントG,10.0,情報通信・サービスその他,,
38370,３８３７０,アドソル日進,アドソル日進 / AD-SOL / AD-SOL NISSIN / アドソル / NISSIN / アドソル日進株式会社 / AD-SOL Innovation / AD-SOL IoT / AD-SOL Security,10.0,情報通信・サービスその他,,
38430,３８４３０,フリービット,,10.0,情報通信・サービスその他,,
38440,３８４４０,コムチュア,,10.0,情報通信・サービスその他,,
38530,３８５３０,アステリア,アステリア / Gravio / Platio / Warp / ASTERIA Warp / ASTERIA Warp Core / ASTERIA Warp Enterprise / ASTERIA Warp Cloud / ASTERIA Warp DataSpider,10.0,情報通信・サービスその他,,
38540,３８５４０,アイル,,10.0,情報通信・サービスその他,,
38610,３８６１０,王子ホールディングス,王子ホールディングス / 王子製紙 / 王子 / Oji Holdings / Oji Paper / 王子ネピア / Oji Group / 王子HD,4.0,素材・化学,,
38630,３８６３０,日本製紙,日本製紙 / 日本製紙クレシア / クリネックス / スコッティ / プレミアムソフト / エコロジーパルプ / パルプモールド / パルプライナー,4.0,素材・化学,,
38650,３８６５０,北越コーポレーション,北越コーポレーション / 北越パルプ / 北越製紙 / Hokuetsu / Hokuetsu Paper / Hokuetsu Corporation / Hokuetsu Kishu Paper / 北越紀州製紙,4.0,素材・化学,,
38800,３８８００,大王製紙,大王製紙 / アテント / エルモア / グーン / エリエールプラスウォーター / エリエール贅沢保湿 / エリエールトイレットティシュー / エリエールキッチンタオル,4.0,素材・化学,,
39010,３９０１０,マークラインズ,ML / マーク / マーライン / マークラインズ株式会社 / マークラインズジャ,10.0,情報通信・サービスその他,,
39020,３９０２０,メディカル・データ・ビジョン,メディカル・データ・ビジョン / MDV / Medical Data Vision / MDVプラットフォーム / EVE / MDVコンパス / MDVアナリティクス / MDVデータベース / MDVレポート,10.0,情報通信・サービスその他,,
39030,３９０３０,ｇｕｍｉ,gumi / gumi Inc. / ブレイブフロンティア / ファントム オブ キル / 誰ガ為のアルケミスト / クリスタル オブ リユニオン / ブレイドエクスロード / アイドルファンタジー / ラストイデア,10.0,情報通信・サービスその他,,
39150,３９１５０,テラスカイ,テラスカイ / SkyOnDemand / SkyEditor / SkyAuto / SkyVisual / SkySync / SkyGateway / SkyAI,10.0,情報通信・サービスその他,,
39160,３９１６０,デジタル・インフォメーション・テクノロジー,,10.0,情報通信・サービスその他,,
39210,３９２１０,ネオジャパン,,10.0,情報通信・サービスその他,,
39220,３９２２０,ＰＲ　ＴＩＭＥＳ,ＰＲ　ＴＩＭＥＳ / プレスリリース / PRタイムズ / PRニュース / プレス配信 / ニュースリリース / 広報支援 / PRプラットフォーム,10.0,情報通信・サービスその他,,
39230,３９２３０,ラクス,ラクス / 楽楽精算 / 楽楽明細 / 楽楽販売 / 楽楽勤怠 / 楽楽労務 / 楽楽経費 / 楽楽給与 / 楽楽人事,10.0,情報通信・サービスその他,,
39250,３９２５０,ダブルスタンダード,,10.0,情報通信・サービスその他,,
39260,３９２６０,オープンドア,オープンドア / Travelko / オープンドア株式会社 / オープンドア株 / オープンドア証券 / オープンドア銘柄 / オープンドア株式 / オープンドア株価,10.0,情報通信・サービスその他,,
39320,３９３２０,アカツキ,アカツキ / Akatsuki / アカツキゲームス / 八月のシンデレラナイン / ドラゴンボールZ ドッカンバトル / サウザンドメモリーズ / ロマンシング サガ リ・ユニバース / アカツキライブエンターテインメント / アカツキファンド,10.0,情報通信・サービスその他,,
39370,３９３７０,Ｕｂｉｃｏｍホールディングス,Ｕｂｉｃｏｍ / ＵｂｉｃｏｍHD,10.0,情報通信・サービスその他,,
39390,３９３９０,カナミックネットワーク,カナミックネットワーク / カナミック / Kanamic / Kanamic Cloud / Kanamic Healthcare / カナミッククラウド / カナミックヘルスケア / Kanamic Network / カナミックネットワーク株式会社,10.0,情報通信・サービスその他,,
39410,３９４１０,レンゴー,レンゴー / Rengo / トライウォール / ハートボックス / スマートパック / レンゴーパック / レンゴー物流 / レンゴーリサイクル / レンゴーエコシステム,4.0,素材・化学,,
39460,３９４６０,トーモク,トーモク / トーモク株式会社 / TOMOKU / トーモクパック / トーモクボックス / トーモクダンボール / トーモクパッケージ / トーモク物流 / トーモクエコ,4.0,素材・化学,,
39500,３９５００,ザ・パック,ザ・パック / THE PACK / パックボックス / パックペーパー / パックフィルム / パックラップ / パックテープ / パックバッグ,4.0,素材・化学,,
39620,３９６２０,チェンジホールディングス,チェンジ / チェンジHD,10.0,情報通信・サービスその他,,
39640,３９６４０,オークネット,オークネット / オークネットオークション / オークネットモータース / オークネットマーケットプレイス / オークネットグローバル / オークネットメディア / オークネットソリューション / オークネットリサーチ / オークネットサポート,10.0,情報通信・サービスその他,,
39780,３９７８０,マクロミル,マクロミル / Macromill / HUT / BrandDataBank / AIRsMEMBERS / D-Profile / SurveyMonkey / M-Cube,10.0,情報通信・サービスその他,,
39830,３９８３０,オロ,オロ / ZAC / ZAC Enterprise / ZAC Enterprise Cloud / ZAC Enterprise on AWS / ZAC Enterprise on Azure / ZAC Enterprise on GCP / ZAC ERP / ZAC Cloud,10.0,情報通信・サービスその他,,
39840,３９８４０,ユーザーローカル,ユーザーローカル / User Local / ユーザーローカルAI / Social Insight / User Insight / AIアナリスト / ユーザーローカルチャットボット / ユーザーローカルレポート / ユーザーローカルダッシュボード,10.0,情報通信・サービスその他,,
39930,３９９３０,ＰＫＳＨＡ　Ｔｅｃｈｎｏｌｏｇｙ,PKSHA / PKSHA Technology / PKSHA Tech / PKSHA AI / PKSHA Security / PKSHA Mobility / PKSHA Finance / PKSHA Insight / PKSHA Robotics,10.0,情報通信・サービスその他,,
39940,３９９４０,マネーフォワード,マネーフォワード / 3994 / マネフォ / Money Forward / MFクラウド / マネーフォワードME / MF家計簿 / マネーフォワードクラウド / MF経費 / マネーフォワード確定申告,10.0,情報通信・サービスその他,,
40040,４００４０,レゾナック・ホールディングス,レゾナック / レゾナックHD / レゾナックホールディングス / レゾナックグループ / レゾナック化学 / レゾナックテクノロジー / レゾナックマテリアル / レゾナックエレクトロニクス / レゾナックインダストリー / レゾナック・ / レゾナック・HD,4.0,素材・化学,,
40050,４００５０,住友化学,住友化学 / 4005 / スミカ / SUMIKA / OLYSET / MEGURI / SUMIFLON / SUMIKASUPER / SUMIPEX,4.0,素材・化学,,
40080,４００８０,住友精化,住友精化 / Sumitomo Seika / SEIKA / AQUA KEEP / AQUA CARRIER / SUMIKAGEL / SUMIFILM / SUMIFLO,4.0,素材・化学,,
40210,４０２１０,日産化学,日産化学 / 日産化 / ニッサンケミカル / サンケミ / トリフミン / ラウンドアップ / ペンタキュア / アグリノーム / サンフード,4.0,素材・化学,,
40220,４０２２０,ラサ工業,ラサ工業 / ラサ / RASA / ラサケミカル / ラサセラミックス / ラサファインケミカル / ラサマテリアル / ラサテクノロジー / ラサプロダクツ,4.0,素材・化学,,
40230,４０２３０,クレハ,クレハ / Kureha / クレラップ / NEWクレラップ / クレハシート / クレハエコ / クレハフィルム / クレハケミカル / クレハプラスチック,4.0,素材・化学,,
40250,４０２５０,多木化学,多木化学 / 多木 / TAKI / TAKICHEM / タキケミカル / タキ肥料 / タキの肥料 / タキの化学製品 / タキの農業資材,4.0,素材・化学,,
40270,４０２７０,テイカ,,4.0,素材・化学,,
40280,４０２８０,石原産業,石原産業 / ISK / いしはら / チタン酸バリウム / ルチル / クリスタル / クリスタルチタン / クリスタルパール / クリスタルホワイト / 石原,4.0,素材・化学,,
40410,４０４１０,日本曹達,日本曹達 / 日曹 / Nisso / ソーダ / ソーダ工業 / ニッソー / ニッソーケミカル / NISSO BASACOTE / NISSO HI-CHLON / NISSO PESTICIDE,4.0,素材・化学,,
40420,４０４２０,東ソー,Tosoh / バイオサイエンス / ゼオライト / クロルアルカリ / ポリウレタン / エチレンアミン / エチレンジアミン / ポバール,4.0,素材・化学,,
40430,４０４３０,トクヤマ,トクヤマ / セメント / シリカ / ポバール / トクヤマデンタル / トクヤマシリコーン / トクヤマセラミックス / トクヤマケミカル,4.0,素材・化学,,
40440,４０４４０,セントラル硝子,セントラル硝子 / 中央硝子 / セントラルガラス / Central Glass / セントラル化学 / セントラルエレクトロニクス / セントラルケミカル / セントラルマテリアルズ,4.0,素材・化学,,
40450,４０４５０,東亞合成,東亞合成 / アロンアルフア / アロンタイト / アロンテープ / アロンフィックス / アロンメルト / アロンボンド / アロンセラミック / アロンコート,4.0,素材・化学,,
40460,４０４６０,大阪ソーダ,大阪ソーダ / OSKソーダ / ダイセルグループ / アクリル酸エステル / メタクリル酸エステル / ソーダ灰 / 硫酸ソーダ / 塩化ビニル樹脂,4.0,素材・化学,,
40470,４０４７０,関東電化工業,関東電化工業 / 関電化 / フッ素化学製品 / 電解製品 / フッ化水素 / 化学品メーカー / 電子材料 / 関東電化,4.0,素材・化学,,
40530,４０５３０,Ｓｕｎ　Ａｓｔｅｒｉｓｋ,サンアスタリスク / Sun* / Sun Asterisk / サンアス / 4053 / Sun* Inc. / Sun* Startups / Sun* Ventures / Sun* Academy / Sun* Lab,10.0,情報通信・サービスその他,,
40610,４０６１０,デンカ,デンカ / 4061 / デンカ株式会社 / デンカセラミックス / デンカポリマー / デンカエラストマー / デンカプレミアム / デンカアドバンス / デンカケミカル / デンカバイオテクノロジー,4.0,素材・化学,,
40620,４０６２０,イビデン,イビデン / IBIDEN / イビデン株式会社 / イビデンセラミックス / イビデンエレクトロニクス / イビデンフィルター / イビデンパッケージング / イビデンエンジニアリング / イビデンマテリアルズ,9.0,電機・精密,,
40630,４０６３０,信越化学工業,信越化学工業 / 信越化学 / シンエツ / シリコーン / ポリ塩化ビニル / シリコーンオイル / シリコーンゴム / シリコーン樹脂,4.0,素材・化学,,
40640,４０６４０,日本カーバイド工業,日本カーバイド工業 / カーバイド / カーバイド工業 / 日本カーバイド / カーバイド製品 / カーバイドブランド / カーバイド化学 / カーバイドテクノロジー / カーバイドソリューション,4.0,素材・化学,,
40710,４０７１０,プラスアルファ・コンサルティング,プラスアルファ・コンサルティング / Talent Palette / Customer Ring / POSITIVE / Visual Mining Studio / HRモンスター / アルファ / PAC / プラスアルファ,10.0,情報通信・サービスその他,,
40720,４０７２０,電算システムホールディングス,電算システムホールディングス / 電算システム / DSH / Densan System / DSHD / Densan / 電算 / Densan System Holdings / 電算システムHD,10.0,情報通信・サービスその他,,
40780,４０７８０,堺化学工業,堺化学工業 / 堺化学 / Sakai Chemical / サカイケミカル / Sakai / サカイ化学 / サカイ工業 / Sakai Kogyo,4.0,素材・化学,,
40820,４０８２０,第一稀元素化学工業,第一稀元素化学工業 / DKK / 第一稀元素 / 稀元素化学 / DKKブランド / ジルコニウム化合物 / セラミックス材料 / 触媒製品 / 電池材料 / 第一稀元素化学,4.0,素材・化学,,
40880,４０８８０,エア・ウォーター,エア・ウォーター / エアウォーター / AWI / エアウォーターグループ / エアウォーター・エナジー / エアウォーター・アグリ＆フード / エアウォーター・メディカル / エアウォーター・マテリアル / エアウォーター・ロジスティクス,4.0,素材・化学,,
40910,４０９１０,日本酸素ホールディングス,日本酸素ホールディングス / 日本酸素 / NSHD / 日酸 / NIPPON SANSO / MATHESON / Thermos（サーモス） / VSU（バーチャル・シンガル・ユニット） / ECOCYL（エコシル） / 日本酸素HD,4.0,素材・化学,,
40920,４０９２０,日本化学工業,日本化学,4.0,素材・化学,,
40950,４０９５０,日本パーカライジング,日本パーカライジング / パーカ / パーカライジング / パーカテクノロジー / パーカプロセス / パーカコート / パーカフィニッシュ / パーカシール / パーカガード,4.0,素材・化学,,
40970,４０９７０,高圧ガス工業,高圧ガス工業 / 高圧ガス / KOG / KOGAS / アルゴン / 酸素 / 窒素 / 液化ガス / 工業ガス,4.0,素材・化学,,
40990,４０９９０,四国化成ホールディングス,四国化成 / 四国化成ホールディングス / シコク / シコク化成 / アルファルト / パレットクリート / エコクリーン / セラミックコート / ガーデンエクステリア / 四国化成HD,4.0,素材・化学,,
41000,４１０００,戸田工業,戸田,4.0,素材・化学,,
41090,４１０９０,ステラ　ケミファ,ステラ ケミファ / ステラ / ケミファ / ステラケミファ / ステラケミカル / ステラ化学 / Stella Chemifa / Stella / Chemifa,4.0,素材・化学,,
41120,４１１２０,保土谷化学工業,保土谷化学工業 / 保土谷 / Hodogaya / タフラム / タフガード / タフブレンド / タフコート / タフライト / タフシール / 保土谷化学,4.0,素材・化学,,
41140,４１１４０,日本触媒,日本触媒 / Nippon Shokubai / アクリル酸 / エタノールアミン / イオノマー / アクリルポリマー / スーパー吸収性ポリマー (SAP) / カタリスト / アクリル樹脂,4.0,素材・化学,,
41160,４１１６０,大日精化工業,大日精化工業 / 大日精 / サンフラワー / サンカラー / サンコート / サンペイント / サンプリント / サンフィルム / 大日精化,4.0,素材・化学,,
41180,４１１８０,カネカ,カネカ / カネカグループ / カネカケミカル / カネカバイオテクノロジー / カネカソーラー / カネカフード / カネカヘルスケア / カネカエコソリューション / カネカエレクトロニクス,4.0,素材・化学,,
41510,４１５１０,協和キリン,協和キリン / キリンファーマ / ノーベルファーマ / ポテリジオ / クレナフィン / アコアラン / ニュープロパッチ / アムジェンコラボ / キリン製薬,5.0,医薬品,,
41800,４１８００,Ａｐｐｉｅｒ　Ｇｒｏｕｐ,Ａｐｐｉｅｒ　Ｇｒｏｕｐ / Appier / AiDeal / CrossX / AIXON / Appier AI / Appierプラットフォーム / Appierソリューション / Appierテクノロジー,10.0,情報通信・サービスその他,,
41820,４１８２０,三菱瓦斯化学,三菱瓦斯化学 / 4182 / MGC / 三菱ガス / ノバペックス / イノベーションパーク / ルミフィルム / セルブレン / アピコート / ペルメック,4.0,素材・化学,,
41830,４１８３０,三井化学,三井化学 / 4183 / Mitsui Chemicals / ミツイケミカル / Tafmer / Milastomer / Admer / Lucant / Apel / Stabio,4.0,素材・化学,,
41860,４１８６０,東京応化工業,東京応化工業 / TOK / 東応 / TOS / フォトレジスト / TARC / ARC / プラズマエッチング / CMPスラリー / 東京応化,4.0,素材・化学,,
41870,４１８７０,大阪有機化学工業,大阪有機化学工業 / 大阪有機 / OYC / オーガニックケミカル / 有機化学 / OYCインク / オーガニックインク / 大阪有機インク / 有機化学工業 / 大阪有機化学,4.0,素材・化学,,
41880,４１８８０,三菱ケミカルグループ,三菱ケミカルグループ / MCC / ダイアペット / ルミフィル / ケミカルシート / アクアリカ / レイテックス / フォルティモ / シアノン / 三菱ケミカル / 三菱ケミカルG,4.0,素材・化学,,
41890,４１８９０,ＫＨネオケム,ＫＨネオケム / ネオケム / KHNC / ネオケム製品 / KH化学 / KHネオケム製品 / ネオケムブランド / KHブランド / ネオケム化学,4.0,素材・化学,,
41940,４１９４０,ビジョナル,ビジョナル / VISIONAL / Vorkers / キャリコネ / HRMOS / AMBI / サンカク / ICHIGO,10.0,情報通信・サービスその他,,
42020,４２０２０,ダイセル,ダイセル / トウロン / ダイフレックス / ダイパック / ダイアミロン / ダイエン / ダイセルエボニック / ダイセルポリマー,4.0,素材・化学,,
42030,４２０３０,住友ベークライト,住友ベークライト / Sumitomo Bakelite / ベークライト / SBH / ベーク / ベークライト樹脂 / スミベ / SUMIBE / ベークライト製品,4.0,素材・化学,,
42040,４２０４０,積水化学工業,積水化学工業 / 積水 / セキスイ / セキスイハイム / セキスイメディカル / セキスイインダストリー / セキスイエコ / セキスイプラスチック / 積水化学,4.0,素材・化学,,
42050,４２０５０,日本ゼオン,日本ゼオン / ゼオン / ZEONEX / ZEONOR / ZEOCOAT / ZEOSIL / ZEOFORM / ZEOFLARE / ZEOSOFT,4.0,素材・化学,,
42060,４２０６０,アイカ工業,アイカ工業 / アイカ / アイカボンド / セラール / アイカメラミン / アイカポリエステル / アイカラミネート / アイカフローリング / アイカコーティング,4.0,素材・化学,,
42080,４２０８０,ＵＢＥ,UBE / 宇部興産 / 宇部 / 宇部マテリアルズ / 宇部ケミカル / 宇部セメント / 宇部プラスチック / 宇部建材 / 宇部エンジニアリング,4.0,素材・化学,,
42120,４２１２０,積水樹脂,積水樹脂 / セキスイ / セキスイ樹脂 / SEKISUI / スマートメッシュ / エスロン / エスロンパイプ / エスロンテープ / エスロンフィルム,4.0,素材・化学,,
42160,４２１６０,旭有機材,旭有機材 / 旭有機材工業 / Asahi Organic Materials / アサヒユウキザイ / AOC / ユウキザイ / Asahi Kasei,4.0,素材・化学,,
42180,４２１８０,ニチバン,ニチバン / セロテープ / バトルウィン / ケアリーヴ / ロイヒ / テープのニチバン / ナイスタック / マイタック / メディカルテープ,4.0,素材・化学,,
42200,４２２００,リケンテクノス,リケンテクノス / RIKEN / RIKEN TECHNOS / リケンフィルム / リケンシート / リケンパイプ / リケンコンパウンド / リケンマテリアル,4.0,素材・化学,,
42210,４２２１０,大倉工業,大倉工業 / オークラ / OKURA / オークラプラスチック / オークラフィルム / オークラシート / オークラテック / オークラパネル / オークラエコ / 大倉,4.0,素材・化学,,
42280,４２２８０,積水化成品工業,積水化成品工業 / セキスイケミカル / セキスイフォーム / ピオセラン / セキスイエアロセル / セキスイエコロン / セキスイパッケージ / セキスイフォームライト / セキスイプロテクター / 積水化成品,4.0,素材・化学,,
42290,４２２９０,群栄化学工業,群栄化学工業 / 群栄化学 / 群栄 / GSI Creos / Creos / グンエイ / グンエイケミカル / グンエイ化学 / 群栄ブランド,4.0,素材・化学,,
42460,４２４６０,ダイキョーニシカワ,ダイキョーニシカワ / ダイキョー / ニシカワ / DAIKYO / NISHIKAWA / DK / DAIKYO NISHIKAWA / ダイキョーニシカワ株式会社 / DAIKYO NISHIKAWA CORPORATION,4.0,素材・化学,,
42490,４２４９０,森六ホールディングス,森六 / 森六HD,4.0,素材・化学,,
42510,４２５１０,恵和,,4.0,素材・化学,,
42720,４２７２０,日本化薬,日本化薬 / ニチカ / ニチカ薬品 / パルナック / ニチカプラス / ニチカジェル / ニチカクリーム / ニチカテープ / ニチカスプレー,4.0,素材・化学,,
42750,４２７５０,カーリット,,4.0,素材・化学,,
42860,４２８６０,ＣＬホールディングス,ＣＬ / ＣＬHD,10.0,情報通信・サービスその他,,
42900,４２９００,プレステージ・インターナショナル,プレステージ・インターナショナル / プレイン / プレインサポート / プレインアシスト / プレインサービス / プレインケア / プレインプロテクト / プレインソリューション / プレインネットワーク,10.0,情報通信・サービスその他,,
42980,４２９８０,プロトコーポレーション,プロトコーポレーション / Goo-net / グーネット / グーバイク / GooBike / グーピット / GooPit / グーオク / GooAuction,10.0,情報通信・サービスその他,,
42990,４２９９０,ハイマックス,,10.0,情報通信・サービスその他,,
43010,４３０１０,アミューズ,アミューズ / AMUSE / アミュ / アミューズエンタテインメント / アミューズミュージック / アミューズモデル / アミューズアーティスト / アミューズプロダクション,10.0,情報通信・サービスその他,,
43070,４３０７０,野村総合研究所,NRI / 野村総研 / Nomura Research Institute / NRIセキュア / NRIデジタル / NRIプロセスイノベーション / NRIシステムテクノ / NRIネットコム,10.0,情報通信・サービスその他,,
43100,４３１００,ドリームインキュベータ,ドリームインキュベータ / DI / ドリーム / インキュベータ / Dream Incubator / DI社 / Dream Incubator Inc. / DIグループ / ドリームインキュベータ株式会社,10.0,情報通信・サービスその他,,
43180,４３１８０,クイック,クイック / QUICK / QUICK情報 / QUICK端末 / QUICKニュース / QUICKリサーチ / QUICKデータ / QUICKマーケット / QUICKファイナンス,10.0,情報通信・サービスその他,,
43230,４３２３０,日本システム技術,日本システム技術 / JAST / ALADIN / BankNeo / BankNeo-FX / BankNeo-Plus / BankNeo-Global / BankNeo-Cloud / BankNeo-API,10.0,情報通信・サービスその他,,
43240,４３２４０,電通グループ,電通 / 電通グループ / Dentsu / Dentsu Group / Dentsu Japan Network / Dentsu Inc. / Dentsu Aegis Network / Dentsu Digital / Dentsu Creative / 電通G,10.0,情報通信・サービスその他,,
43260,４３２６０,インテージホールディングス,インテージホールディングス / インテージ / インテージリサーチ / インテージヘルスケア / インテージコンサルティング / i-SSP / SRI+ / インテージネットワーク / インテージHD,10.0,情報通信・サービスその他,,
43310,４３３１０,テイクアンドギヴ・ニーズ,テイクアンドギヴ・ニーズ / T&G / T&Gニーズ / T&Gウェディング / ゲストハウスウェディング / T&Gプロデュース / T&Gリゾート / T&Gプランニング,10.0,情報通信・サービスその他,,
43330,４３３３０,東邦システムサイエンス,,10.0,情報通信・サービスその他,,
43370,４３３７０,ぴあ,ぴあ / チケットぴあ / PIA / ぴあステーション / ぴあスポット / ぴあリザーブ / ぴあプレミアム / ぴあアリーナMM / ぴあフェス,10.0,情報通信・サービスその他,,
43430,４３４３０,イオンファンタジー,イオンファンタジー / モーリーファンタジー / PALO / イオンキッズーナ / イオンファンタジーランド / イオンファンタジーアドベンチャー / イオンファンタジーキッズ / イオンファンタジーゲーム / イオンファンタジーパーク,10.0,情報通信・サービスその他,,
43440,４３４４０,ソースネクスト,ソースネクスト / POCKETALK / 筆王 / 筆まめ / ZEROウイルスセキュリティ / 超字幕 / B's Recorder / いきなりPDF / 特打,10.0,情報通信・サービスその他,,
43450,４３４５０,シーティーエス,,10.0,情報通信・サービスその他,,
43500,４３５００,メディカルシステムネットワーク,メディカルシステムネットワーク / メディネット / MSNW / メディカルネット / メディカルシステム / メディカルシステムネット / メディカルシステムネットワークホールディングス / メディカルシステムネットワークグループ / メディカルシステムネットワーク株式会社,14.0,小売,,
43620,４３６２０,日本精化,日本精化 / ニッセイカ / セイカ / ケミカル / パフューム / 化粧品原料 / 工業薬品,4.0,素材・化学,,
43680,４３６８０,扶桑化学工業,扶桑化学工業 / 扶桑化学 / Fuso Chemical / フソウケミカル / フソウ / フソーカガク / フソーケミカル / フソーカガクコウギョウ,4.0,素材・化学,,
43690,４３６９０,トリケミカル研究所,トリケミカル研究所 / トリケミ / トリケム / Tri-Chemical / トリケミカル / トリケ / トリケミカルラボ / Tri-Chem,4.0,素材・化学,,
43730,４３７３０,シンプレクス・ホールディングス,シンプレクス・ / シンプレクス・HD,10.0,情報通信・サービスその他,,
43820,４３８２０,ＨＥＲＯＺ,HEROZ / HEROZ AI / 将棋ウォーズ / ポケウォーカー / HEROZ Kishin / HEROZ Analytics / HEROZ Cloud / HEROZ Insight / HEROZ Chess,10.0,情報通信・サービスその他,,
43840,４３８４０,ラクスル,ラクスル / 4384 / Raksul / ノバセル / ジャストプリント / ハコベル / ラクスルプリント / ラクスル広告 / ラクスル物流 / ラクスルマーケティング,10.0,情報通信・サービスその他,,
43850,４３８５０,メルカリ,メルカリ / メルペイ / メルカリショップス / メルカリチャンネル / メルカリ便 / メルカリNOW / メルカリステーション / メルカリメゾンズ / メルカリUS,10.0,情報通信・サービスその他,,
43900,４３９００,アイ・ピー・エス,,10.0,情報通信・サービスその他,,
43960,４３９６０,システムサポートホールディングス,システムサポート / システムサポートHD,10.0,情報通信・サービスその他,,
44010,４４０１０,ＡＤＥＫＡ,ＡＤＥＫＡ / アデカ / ADEKAクリーンエイド / ADEKAノンフロント / ADEKAクリーンエイドECO / ADEKAクリーンエイドEX / ADEKAクリーンエイドS / ADEKAクリーンエイドF / ADEKAクリーンエイドG,4.0,素材・化学,,
44030,４４０３０,日油,日油 / NOF / ニチユオイル / ニチユケミカル / ニチユバイオ / ニチユフード / ニチユコスメ / ニチユマテリアル,4.0,素材・化学,,
44100,４４１００,ハリマ化成グループ,ハリマ化成グループ / ハリマ / ハリマ化成 / ハリマグループ / ハリマケミカル / ロジン / ターペンタイン / ピッチ / ハリマエステル / ハリマ化成G,4.0,素材・化学,,
44200,４４２００,イーソル,,10.0,情報通信・サービスその他,,
44320,４４３２０,ウイングアーク１ｓｔ,ウイングアーク１ｓｔ / MotionBoard / Dr.Sum / SVF / WingArc / ウイングアーク / モーションボード / ドクターサム / エスブイエフ,10.0,情報通信・サービスその他,,
44330,４４３３０,ヒト・コミュニケーションズ・ホールディングス,ヒト・コミュニケーションズ・ / ヒト・コミュニケーションズ・HD,10.0,情報通信・サービスその他,,
44340,４４３４０,サーバーワークス,サーバーワークス / サバワ / サーバーワークス株式会社 / Cloud Automator / AWS導入支援 / クラウドインテグレーション / サーバーワークスのクラウドサービス / サーバーワークスのAWSソリューション / サーバーワークスのクラウド管理サービス,10.0,情報通信・サービスその他,,
44430,４４４３０,Ｓａｎｓａｎ,Sansan / 名刺管理 / Eight / Sansan名刺 / Sansanアプリ / Sansanソリューション / Sansanクラウド / Sansanプラットフォーム / Sansanサービス,10.0,情報通信・サービスその他,,
44490,４４４９０,ギフティ,ギフティ / giftee / eギフト / eGift / ギフティプレモ / giftee for Business / ギフティギフト / ギフティカード / ギフティモール / ギフティポイント,10.0,情報通信・サービスその他,,
44520,４４５２０,花王,花王 / 4452 / ビオレ / メリーズ / アタック / キュレル / ソフィーナ / ロリエ / エッセンシャル / ニベア,4.0,素材・化学,,
44610,４４６１０,第一工業製薬,第一工業製薬 / ダイコー / DKS / アクアフェアリー / アクアフェアリーリチウム / エコノール / エコノールシリーズ / アクアフェアリー燃料電池 / ダイコーケミカルズ / 第一工業,4.0,素材・化学,,
44620,４４６２０,石原ケミカル,石原ケミカル / ISHIHARA / イシハラケミカル / 石ケミ / IC / イシハラ / 石原 / ケミカル / ISHIHARA CHEMICAL,4.0,素材・化学,,
44710,４４７１０,三洋化成工業,三洋化成,4.0,素材・化学,,
44800,４４８００,メドレー,"MEDLEY / CLINICS / JobMedley / MEDLEY HR / MEDLEY AI / MEDLEY CARE / MEDLEY HEALTH / MEDLEY TECH

これらは一般的な",10.0,情報通信・サービスその他,,
44810,４４８１０,ベース,,10.0,情報通信・サービスその他,,
44830,４４８３０,ＪＭＤＣ,ＪＭＤＣ / JMDC / JMDC株式会社 / 医療ビッグデータ / JMDCデータ / JMDCアナリティクス / JMDCヘルスケア / JMDCクラウド / JMDCソリューション,10.0,情報通信・サービスその他,,
45020,４５０２０,武田薬品工業,武田薬品工業 / 4502 / タケダ / エンタイビオ / ニンラーロ / アルニラム / アドセトリス / デクスリンサス / アジルバ / エンブレル / 武田薬品,5.0,医薬品,,
45030,４５０３０,アステラス製薬,アステラス製薬 / XTANDI / Prograf / Vesicare / Mycamine / Evrenzo / XOSPATA / Betanis / Suglat / アステラス,5.0,医薬品,,
45060,４５０６０,住友ファーマ,住友ファーマ / 住友製薬 / Sumitomo Pharma / ラツーダ / ラツーダ錠 / メマリー / メマリー錠 / アプティオ / トルバプタン,5.0,医薬品,,
45070,４５０７０,塩野義製薬,塩野義製薬 / シオノギ / イナビル / ゾフルーザ / ピーエムエス / アクトス / ロナセン / フルナーゼ / 塩野義,5.0,医薬品,,
45160,４５１６０,日本新薬,日本新薬 / ニッシン / ニッシンファーマ / トランサミン / リンデロン / アルピニー / エスタック / ナシビン / ニトロール,5.0,医薬品,,
45190,４５１９０,中外製薬,中外製薬 / アクテムラ / ヘムライブラ / ガザイバ / ロゼウム / アバスチン / テセントリク / エディロール / 中外,5.0,医薬品,,
45210,４５２１０,科研製薬,科研製薬 / ケミファ / ケミファ製薬 / ケミファグループ / ケミファ製品 / ケミファブランド / ケミファ薬品 / ケミファ医薬 / ケミファテクノロジー / 科研,5.0,医薬品,,
45230,４５２３０,エーザイ,エーザイ / アリセプト / ルネスタ / ハラヴェン / メチコバール / パリエット / デニスマブ / レンビマ / ベレンゾン,5.0,医薬品,,
45260,４５２６０,理研ビタミン,理研ビタミン / リケンのノンオイル / わかめスープ / リケンのふえるわかめちゃん / ドレッシング / リケンのわかめラーメン / リケンの素材力 / リケンのスープ,1.0,食品,,
45270,４５２７０,ロート製薬,ロート製薬 / メンソレータム / 肌ラボ / オバジ / デ・オウ / ロートCキューブ / ロートジー / ロートリセ / エピステーム / ロート,5.0,医薬品,,
45280,４５２８０,小野薬品工業,小野薬品工業 / オプジーボ / オノアクト / オノン / フィコンパ / エベレンゾ / グラセプター / オノファゴ / オノプロクト / 小野薬品,5.0,医薬品,,
45300,４５３００,久光製薬,久光製薬 / サロンパス / フェイタス / アレグラFX / ラブ / エアサロンパス / モーラス / ナボリン / パップ / 久光,5.0,医薬品,,
45340,４５３４０,持田製薬,持田製薬 / 持田 / モチダ / フレディ / フレディCC / アトラント / アトラントクリーム / フレディメディカル / フレディスキンケア,5.0,医薬品,,
45360,４５３６０,参天製薬,参天製薬 / サンテ / サンテFX / サンテドウ / サンテ40 / サンテPC / サンテメディカル / サンテピュア / サンテアルフレッシュ / 参天,5.0,医薬品,,
45380,４５３８０,扶桑薬品工業,扶桑薬品工業 / 扶桑薬品 / Fuso Pharmaceutical / アクアセル / アクアセルAG / アクアセルフォーム / アクアセルフォームAG / アクアセルフォームAG+,5.0,医薬品,,
45400,４５４００,ツムラ,ツムラ / ツムラ漢方 / バスクリン / ツムラのくすり / ツムラ製薬 / 漢方薬 / ツムラの漢方 / ツムラの健康食品 / ツムラの入浴剤,5.0,医薬品,,
45430,４５４３０,テルモ,テルモ / TERUMO / カテーテル / シリンジ / 血糖測定器 / デジタル体温計 / セーフティーニードル / ハートシート / オキシフロー,9.0,電機・精密,,
45440,４５４４０,Ｈ．Ｕ．グループホールディングス,Ｈ．Ｕ．グループホールディングス / H.U.グループ / エイチ・ユー・グループ / 富士レビオ / SRL / 株式会社エスアールエル / 株式会社富士レビオ / プレシジョン・システム・サイエンス / PSS / Ｈ．Ｕ．グループ / Ｈ．Ｕ．グループHD,10.0,情報通信・サービスその他,,
45470,４５４７０,キッセイ薬品工業,キッセイ薬品工業 / キッセイ / Kissei / グルファスト / ピオグリタゾン / アクトス / エビリファイ / アジルバ / キッセイ薬品,5.0,医薬品,,
45480,４５４８０,生化学工業,生化学工業 / バイオケミカル / ヒアルロン酸 / アルツ / アルツディスポ / ジュリア / バイオロン / ヒアレイン / バイオシン / 生化学,5.0,医薬品,,
45490,４５４９０,栄研化学,栄研化学 / 栄研 / Eiken / Eiken Chemical / ラピッドテスト / フェカルカルプロテクチン / プロカルシトニン / イムノクロマト法 / 微生物検査,5.0,医薬品,,
45510,４５５１０,鳥居薬品,鳥居薬品 / トリヤク / トリヤク製薬 / トリヤクファーマ / トリヤクヘルス / トリヤクメディカル / トリヤク製品 / トリヤクブランド / トリヤク薬品,5.0,医薬品,,
45520,４５５２０,ＪＣＲファーマ,JCRファーマ / JCR / テムセル / グロウジェクト / メルクロン / アイソレックス / エリスロポエチン / アルプロスタジル / エポエチンアルファ,5.0,医薬品,,
45530,４５５３０,東和薬品,,5.0,医薬品,,
45540,４５５４０,富士製薬工業,富士製薬工業 / 富士製薬 / 富士薬 / フジセイ / フジ製薬 / フジ薬 / フジメディカル / フジファーマ / フジヘルスケア,5.0,医薬品,,
45590,４５５９０,ゼリア新薬工業,ゼリア新薬工業 / ヘパリーゼ / コンドロイチン / アロパノール / プレフェミン / アサコール / プロマック / ゼリア / 新薬 / ゼリア新薬,5.0,医薬品,,
45650,４５６５０,ネクセラファーマ,,5.0,医薬品,,
45680,４５６８０,第一三共,第一三共 / 4568 / DAIICHI SANKYO / オルメテック / ネキシウム / ラニナミビル / エフィエント / モルヌピラビル / ルラシドン,5.0,医薬品,,
45690,４５６９０,杏林製薬,杏林製薬 / キョーリン / キョーリン製薬 / MUCODYNE（ムコダイン） / CLARITH（クラリス） / KYORIN / キョーリン製薬ホールディングス / キョーリン製薬工業 / キョーリン製薬グループ / 杏林,5.0,医薬品,,
45740,４５７４０,大幸薬品,大幸薬品 / 正露丸 / セイロガン / クレベリン / クレベ＆アンド / パブロン / セイロガン糖衣A / セイロガン糖衣 / セイロガン細粒,5.0,医薬品,,
45770,４５７７０,ダイト,,5.0,医薬品,,
45780,４５７８０,大塚ホールディングス,大塚ホールディングス / 大塚製薬 / ポカリスエット / オロナミンC / カロリーメイト / SOYJOY / ボンカレー / ネイチャーメイド / クリスタルガイザー / 大塚 / 大塚HD,5.0,医薬品,,
45870,４５８７０,ペプチドリーム,ペプチドリーム / ペプチド / PD / ペプドリ / PDR / ペプチドリーム株式会社 / PeptiDream / ペプチスター / ペプチバリュー,5.0,医薬品,,
46110,４６１１０,大日本塗料,,4.0,素材・化学,,
46120,４６１２０,日本ペイントホールディングス,日本ペイントホールディングス / 日本ペイント / ニッペ / NIPPON PAINT / NIPPE / パーフェクトトップ / ファインウレタン / ハイポン / 日本ペイントHD,4.0,素材・化学,,
46130,４６１３０,関西ペイント,関西ペイント / カンペ / アクア / レビオス / アレス / パワーシリコン / セラMフッ素 / アクアシリコン,4.0,素材・化学,,
46170,４６１７０,中国塗料,中国塗料 / チュウツ / チュウゴクトリョウ / チュウトリ / チュウト / チュウゴクペイント / チュウペ / チュウゴク塗料 / チュウゴクブランド,4.0,素材・化学,,
46200,４６２００,藤倉化成,藤倉化成 / フジクラ / フジクラケミカル / フジクラグループ / フジクラコーティング / フジクラペイント,4.0,素材・化学,,
46260,４６２６０,太陽ホールディングス,太陽ホールディングス / 太陽インク / 太陽 / 太陽HD / 太陽ホールディングス株式会社 / 太陽インキ / 太陽グループ / 太陽インクス / 太陽化学,4.0,素材・化学,,
46310,４６３１０,ＤＩＣ,大日本インキ化学工業 / DIC株式会社 / DICグループ / DICカラー / DICインク / DIC樹脂 / DICフィルム / DICコーティング / DICピグメント,4.0,素材・化学,,
46330,４６３３０,サカタインクス,サカタインクス / INX / サカタインク / サカタインクス株式会社 / サカタインクスグループ / サカタインクス製品 / サカタインクスブランド / サカタインクスインク,4.0,素材・化学,,
46340,４６３４０,ａｒｔｉｅｎｃｅ,,4.0,素材・化学,,
46410,４６４１０,アルプス技研,アルプス技研 / アルプス / ALPS / 技研 / Alps Giken / Alps技研 / Alps Engineering / AGK / アルプスエンジニアリング,10.0,情報通信・サービスその他,,
46510,４６５１０,サニックス,サニックス / SANIX / 太陽光発電システム / リサイクル事業 / エネルギーサービス / 環境保全,10.0,情報通信・サービスその他,,
46580,４６５８０,日本空調サービス,日本空調サービス / 日空 / 日本空調 / 空調サービス / NKSサービス / 日本空調システム / 空調メンテナンス / 日空サービス,10.0,情報通信・サービスその他,,
46610,４６６１０,オリエンタルランド,オリエンタルランド / OLC / 東京ディズニーランド / 東京ディズニーシー / ディズニーリゾート / TDR / ディズニーホテル / イクスピアリ / 舞浜アンフィシアター,10.0,情報通信・サービスその他,,
46620,４６６２０,フォーカスシステムズ,フォーカスシステムズ / フォーカス / フォーカスシス / FCS / フォーカスシステムズ株式会社 / フォーカスシステムズ株 / フォーカスシステムズグループ / フォーカスシステムズ製品 / フォーカスブランド,10.0,情報通信・サービスその他,,
46650,４６６５０,ダスキン,ダスキン / ミスタードーナツ / ミスド / ダスキンメリーメイド / ダスキンレントオール / ダスキンヘルスレント / ダスキンユニフォームサービス / ダスキンライフケア / ダスキンケアサービス,10.0,情報通信・サービスその他,,
46660,４６６６０,パーク２４,パーク２４ / タイムズ / タイムズカー / タイムズパーキング / タイムズクラブ / タイムズカープラス / タイムズレンタカー / タイムズカーシェア / タイムズビジネスサービス,17.0,不動産,,
46680,４６６８０,明光ネットワークジャパン,明光ネットワークジャパン / 明光義塾 / 明光 / Meiko / Meiko Gijuku / 明光ネット / 明光ネットワーク / 明光ネットジャパン / 明光塾,10.0,情報通信・サービスその他,,
46710,４６７１０,ファルコホールディングス,ファルコ / ファルコHD,10.0,情報通信・サービスその他,,
46740,４６７４０,クレスコ,クレスコ / CRESCO / クレスコ株式会社 / Cresco / Cresco Tech / Cresco Solutions / Cresco IT / Cresco Services / Cresco Innovations,10.0,情報通信・サービスその他,,
46760,４６７６０,フジ・メディア・ホールディングス,フジ・メディア・ホールディングス / フジテレビ / FNN / FNS / フジサンケイグループ / フジHD / フジメディア / フジネットワーク / フジ・メディア・ / フジ・メディア・HD,10.0,情報通信・サービスその他,,
46800,４６８００,ラウンドワン,ラウンドワン / ラウワン / ROUND1 / スポッチャ / ボウリング / カラオケ / ゲームセンター / ビリヤード,10.0,情報通信・サービスその他,,
46810,４６８１０,リゾートトラスト,リゾートトラスト / 4681 / エクシブ / サンメンバーズ / ベイコート倶楽部 / トラスティ / ホテルトラスティ / ホテルラフォーレ / ラグーナベイコート倶楽部 / セントレアホテル,10.0,情報通信・サービスその他,,
46840,４６８４０,オービック,オービック / OBIC7 / OBIC / OBIC Business Consultant / OBIC7 Enterprise / OBIC7 HR / OBIC7 Accounting / OBIC7 Sales / OBIC7 Manufacturing,10.0,情報通信・サービスその他,,
46860,４６８６０,ジャストシステム,ジャストシステム / 一太郎 / ATOK / ジャストホーム / ジャストスマイル / 花子 / JUST Office / JUST PDF / ジャストジャンプ,10.0,情報通信・サービスその他,,
46870,４６８７０,ＴＤＣソフト,,10.0,情報通信・サービスその他,,
46890,４６８９０,ＬＩＮＥヤフー,LINEヤフー / ZHD / LINE / ヤフー / LINE証券 / LINE Pay / Zフィナンシャル,10.0,情報通信・サービスその他,,
46940,４６９４０,ビー・エム・エル,,10.0,情報通信・サービスその他,,
47040,４７０４０,トレンドマイクロ,トレンドマイクロ / ウイルスバスター / Trend Micro / ウイルスバスタークラウド / Deep Security / Apex One / OfficeScan / InterScan / Smart Protection Network,10.0,情報通信・サービスその他,,
47090,４７０９０,ＩＤホールディングス,ＩＤ / ＩＤHD,10.0,情報通信・サービスその他,,
47140,４７１４０,リソー教育,リソー教育 / TOMEIKAI / Shingakai / Meimonkai / TOMEI / TOMAS / TOMAS Gym / TOMAS English / TOMAS Science,10.0,情報通信・サービスその他,,
47160,４７１６０,日本オラクル,日本オラクル / Oracle Cloud / Oracle Database / Oracle ERP / Oracle Fusion / Oracle NetSuite / Oracle Java / Oracle Analytics / Oracle Autonomous Database,10.0,情報通信・サービスその他,,
47180,４７１８０,早稲田アカデミー,,10.0,情報通信・サービスその他,,
47190,４７１９０,アルファシステムズ,アルファシステムズ / アルファ / Alpha Systems / ALPHA / アルファシステムズ株式会社 / Alpha / ALPHA SYSTEMS / アルファソフト / アルファテクノロジー,10.0,情報通信・サービスその他,,
47220,４７２２０,フューチャー,フューチャー / FUTURE / フューチャーアーキテクト / FA / Future Architect / フューチャー株式会社 / フューチャーグループ / フューチャーソリューション / フューチャーイノベーション,10.0,情報通信・サービスその他,,
47250,４７２５０,ＣＡＣ　Ｈｏｌｄｉｎｇｓ,ＣＡＣ / ＣＡＣホールディングス / ＣＡＣグループ / CAC Holdings / CAC HD / CAC株式会社 / CAC製品 / CACサービス / CACブランド,10.0,情報通信・サービスその他,,
47320,４７３２０,ユー・エス・エス,ユー・エス・エス / USS / USSオークション / USSネットワーク / USSグループ / USS中古車オークション / USSジャパン / USSサービス / USSプラットフォーム,10.0,情報通信・サービスその他,,
47330,４７３３０,オービックビジネスコンサルタント,オービックビジネスコンサルタント / OBC / 勘定奉行 / 給与奉行 / 商奉行 / 奉行シリーズ / OBC奉行 / 奉行V / 奉行クラウド,10.0,情報通信・サービスその他,,
47430,４７４３０,アイティフォー,,10.0,情報通信・サービスその他,,
47450,４７４５０,東京個別指導学院,東京個別指導学院 / 東京個別 / 個別指導 / TKG / ベネッセグループ / 個別指導学院 / 東京個別学院 / 個別指導塾 / 個別指導スクール,10.0,情報通信・サービスその他,,
47460,４７４６０,東計電算,,10.0,情報通信・サービスその他,,
47510,４７５１０,サイバーエージェント,サイバーエージェント / 4751 / AbemaTV / Ameba / Amebaブログ / WINTICKET / AbemaNews / Abemaビデオ / Abemaラジオ / Abemaプレミアム,10.0,情報通信・サービスその他,,
47550,４７５５０,楽天グループ,楽天 / 楽天市場 / 楽天銀行 / 楽天証券 / 楽天モバイル / 楽天トラベル / 楽天G,10.0,情報通信・サービスその他,,
47630,４７６３０,クリーク・アンド・リバー社,クリーク・アンド・リバー社 / C&R社 / クリーク社 / CREEK / C&R / C&R Creative / C&R Solutions / C&R Media / C&R Entertainment,10.0,情報通信・サービスその他,,
47650,４７６５０,ＳＢＩグローバルアセットマネジメント,SBIアセット / グローバルアセット / SBI資産管理 / SBI投資 / グローバル,10.0,情報通信・サービスその他,,
47670,４７６７０,テー・オー・ダブリュー,テー・オー・ダブリュー / TOW / テーオーダブリュー / TOW株式会社 / TOW Co. / Ltd. / TOWグループ / TOWイベント / TOWプロジェクト / TOWマーケティング,10.0,情報通信・サービスその他,,
47680,４７６８０,大塚商会,大塚商会 / たのめーる / SMILE / AlphaOffice / ActiBook / eValue NS / CACHATTO / TOSMART / TACTICIAN,10.0,情報通信・サービスその他,,
47760,４７７６０,サイボウズ,サイボウズ / kintone / Garoon / サイボウズ Office / Cybozu Live / サイボウズデイズ / Cybozu KUN / サイボウズスタートアップ / Cybozu.com,10.0,情報通信・サービスその他,,
47920,４７９２０,山田コンサルティンググループ,山田コンサルティング / 山田コンサルティングG,10.0,情報通信・サービスその他,,
48010,４８０１０,セントラルスポーツ,セントラルスポーツ / セントラルフィットネス / セントラルウェルネス / セントラルキッズ / セントラルスイミング / セントラルジム / セントラルヨガ / セントラルダンス,10.0,情報通信・サービスその他,,
48090,４８０９０,パラカ,,17.0,不動産,,
48120,４８１２０,電通総研,,10.0,情報通信・サービスその他,,
48130,４８１３０,ＡＣＣＥＳＳ,ACCESS / アクセス / NetFront / NetFront Browser / NetFront Agent / NetFront FlexUI / NetFront Living Connect / ACCESS Twine / PUBLUS,10.0,情報通信・サービスその他,,
48190,４８１９０,デジタルガレージ,デジタルガレージ / DG / デジガレ / DG Lab / Kaizen Platform / Open Network Lab / DG Ventures / DGフィナンシャルテクノロジー / DGコミュニケーションズ,10.0,情報通信・サービスその他,,
48200,４８２００,イーエムシステムズ,,10.0,情報通信・サービスその他,,
48250,４８２５０,ウェザーニューズ,ウェザーニューズ / WNI / ウェザーニュース / ウェザーニュースタッチ / SOLiVE24 / ウェザーニュースLiVE / ウェザーニュースアプリ / ウェザーニュースキャスター / ウェザーニュースチャンネル,10.0,情報通信・サービスその他,,
48260,４８２６０,ＣＩＪ,,10.0,情報通信・サービスその他,,
48280,４８２８０,ビジネスエンジニアリング,,10.0,情報通信・サービスその他,,
48390,４８３９０,ＷＯＷＯＷ,WOWOW / WOW / ワウワウ / 4839 / WOWOWオンデマンド / WOWOWプライム / WOWOWライブ / WOWOWシネマ / WOWOWメンバーズオンデマンド / WOWOWステージ,10.0,情報通信・サービスその他,,
48450,４８４５０,スカラ,,10.0,情報通信・サービスその他,,
48480,４８４８０,フルキャストホールディングス,フルキャストホールディングス / フルキャスト / FCホールディングス / フルキャストグループ / フルキャストHD / フルキャストサービス / フルキャストジョブ / フルキャストワーク,10.0,情報通信・サービスその他,,
48490,４８４９０,エン・ジャパン,エン・ジャパン / エン転職 / AMBI / エン派遣 / エンエージェント / エンカレッジ / エンジニアHub / エン転職ウーマン,10.0,情報通信・サービスその他,,
48800,４８８００,セルソース,セルソース / セルソ / セルソース株式会社 / セルソースジャパン / セルソースバイオ / セルソースメディカル / セルソーステクノロジー / セルソースラボ / セルソースプロダクト,5.0,医薬品,,
48860,４８８６０,あすか製薬ホールディングス,あすか製薬 / あすか製薬HD,5.0,医薬品,,
48870,４８８７０,サワイグループホールディングス,サワイグループホールディングス / サワイ / Sawai / SAV / サワイ製薬 / SAVAY / SAVAYブランド / サワイジェネリック / サワイファーマ / サワイグループ / サワイグループHD,5.0,医薬品,,
49010,４９０１０,富士フイルムホールディングス,富士フイルム / 富士フイルムホールディングス / FUJIFILM / アスタリフト / インスタントカメラ チェキ / Xシリーズ / フジノン / フジカラー / フジフィルム / 富士フイルムHD,4.0,素材・化学,,
49020,４９０２０,コニカミノルタ,コニカミノルタ / コニカ / ミノルタ / bizhub / Accurio / Planetarium / SpectraMagic / AeroDR / MOBOTIX,9.0,電機・精密,,
49110,４９１１０,資生堂,資生堂 / SHISEIDO / マキアージュ / エリクシール / アネッサ / クレ・ド・ポー ボーテ / ウィノア / dプログラム / ベネフィーク,4.0,素材・化学,,
49120,４９１２０,ライオン,ライオン / クリニカ / システマ / チェックアップ / デントヘルス / Ban / ソフラン / キレイキレイ / トップ,4.0,素材・化学,,
49140,４９１４０,高砂香料工業,高砂香料工業 / Takasago / タカサゴ / 高砂香料,4.0,素材・化学,,
49170,４９１７０,マンダム,マンダム / ギャツビー / ルシード / バリアリペア / ビフェスタ / ピアー / ウーノ / セルフカット / マンダムコーポレーション,4.0,素材・化学,,
49190,４９１９０,ミルボン,ミルボン / MILBON / オルディーブ / プラーミア / ジェミールフラン / クロナ / ヴィラロドラ / エルジューダ / インフェノム,4.0,素材・化学,,
49220,４９２２０,コーセー,コーセー / 雪肌精 / ジルスチュアート / コスメデコルテ / アディクション / ヴィセ / エスプリーク / ファシオ / プレディア,4.0,素材・化学,,
49230,４９２３０,コタ,,4.0,素材・化学,,
49270,４９２７０,ポーラ・オルビスホールディングス,ポーラ・オルビスホールディングス / ポーラ / オルビス / POLA / ORBIS / THREE / アペックス / ディセンシア / ジュリーク / ポーラ・オルビス / ポーラ・オルビスHD,4.0,素材・化学,,
49280,４９２８０,ノエビアホールディングス,ノエビア / ノエビアホールディングス / ノエビア化粧品 / サナ / ノエビアグループ / ノエビアスタジオ / ノエビアファーム / ノエビアメディカル / ノエビアリゾート / ノエビアHD,4.0,素材・化学,,
49310,４９３１０,新日本製薬,新日本製薬 / パーフェクトワン / パーフェクトワン薬用ホワイトニングジェル / パーフェクトワンクレンジングバーム / パーフェクトワンモイスチャージェル / パーフェクトワンリンクルストレッチジェル / パーフェクトワンCCクリーム / パーフェクトワン薬用リンクルストレッチジェル / パーフェクトワン薬用リンクルストレッチジェルEX / 新日本,4.0,素材・化学,,
49330,４９３３０,Ｉ−ｎｅ,Ｉ−ｎｅ / BOTANIST / SALONIA / SKINCARE LOUNGE BY BOTANIST / YOLU / LIPOWER / LUMIELINA / REFLE / HAIR RECIPE,4.0,素材・化学,,
49360,４９３６０,アクシージア,アクシージア / AGtheory / Beauty Eyes / Venus Recipe / White Aminos / Enzyme Diet / AG Drink / AG Eyes / AG Drink EX,4.0,素材・化学,,
49510,４９５１０,エステー,エステー / 消臭力 / ムシューダ / ドライペット / 消臭センサー / かおりムシューダ / 脱臭炭 / 消臭プラグ / 消臭スプレー,4.0,素材・化学,,
49560,４９５６０,コニシ,ボンド / ボンド木工用 / ボンドG17,4.0,素材・化学,,
49580,４９５８０,長谷川香料,長谷川香料 / 長谷川 / HASEGAWA / 香料メーカー,4.0,素材・化学,,
49670,４９６７０,小林製薬,小林製薬 / ブルーレット / サワデー / 熱さまシート / のどぬ〜る / アイスノン / トイレその後に / ケシミンクリーム / ナイシトール / 小林,4.0,素材・化学,,
49680,４９６８０,荒川化学工業,荒川化学工業 / 荒川化学 / Arakawa Chemical / アラカワ / アラカワケミカル / アラカワ化学 / ピネックス / アラカワバイオ / アラカワポリマー,4.0,素材・化学,,
49710,４９７１０,メック,メック / MEC / メック株式会社 / MEC Company Ltd. / BPS / V-Bond / MCF,4.0,素材・化学,,
49730,４９７３０,日本高純度化学,,4.0,素材・化学,,
49740,４９７４０,タカラバイオ,タカラバイオ / Takara / Takara Bio / Clontech / TaKaRa / TaKaRa Bio / PrimeSTAR / In-Fusion / SMARTer,4.0,素材・化学,,
49750,４９７５０,ＪＣＵ,JCU / メッキ薬品 / 表面処理技術 / エレクトロニクス材料 / 環境対応型製品 / プリント基板用薬品 / 電子部品用薬品 / 工業用薬品 / 環境保護技術,4.0,素材・化学,,
49790,４９７９０,ＯＡＴアグリオ,ＯＡＴアグリオ / オーエーティーアグリオ / OAT / アグリオ / OATアグリオ / OAT Agrio / アグリオ製品 / 植物保護剤,4.0,素材・化学,,
49800,４９８００,デクセリアルズ,デクセリアルズ / Dexerials / アニソル / アニソルフィルム / アニソルテープ / アニソルコート / アニソルシート / アニソルバリア / アニソルプロテクト,4.0,素材・化学,,
49850,４９８５０,アース製薬,アース製薬 / アースジェット / バスロマン / モンダミン / サラテクト / アースノーマット / アースガーデン / アース虫よけネット / アースおすだけノーマット / アース,4.0,素材・化学,,
49920,４９９２０,北興化学工業,北興化学工業 / 北興化 / HOKKO / ホッコー / アグリサイエンス / 殺虫剤 / 除草剤 / 北興化学,4.0,素材・化学,,
49940,４９９４０,大成ラミック,"TAISEI LAMICK / ラミック / パウチ / フィルム / 包装材 / ラミネート / 食品包装 / 液体包装

これらは一般的な用",4.0,素材・化学,,
49960,４９９６０,クミアイ化学工業,クミアイ化学工業 / クミアイ / KUMIAI / KUMIAI CHEMICAL / アグリスター / アグリパートナー / アグリプロ / クミアイ化学,4.0,素材・化学,,
49970,４９９７０,日本農薬,日本農薬 / 日農 / ニチノー / ニチノーケミカル / ニチノーグリーン / ニチノーガード / ニチノープロテクト,4.0,素材・化学,,
50110,５０１１０,ニチレキグループ,ニチレキ / ニチレキG,2.0,エネルギー資源,,
50130,５０１３０,ユシロ化学工業,ユシロ化学工業 / ユシロ / Yushiro / YK化学 / ユシロケミカル / Yushiro Chemical / ユシロオイル / Yushiro Oil / ユシロケミカルプロダクツ / ユシロ化学,2.0,エネルギー資源,,
50170,５０１７０,富士石油,富士石油 / 富士石油株式会社 / フジセキ / フジペトロ / フジ石油 / フジ石油製品 / フジブランド / フジオイル製品,2.0,エネルギー資源,,
50190,５０１９０,出光興産,出光興産 / 出光 / IDEMITSU / アポロステーション / ゼプロ / ダフニ / エコパワー / 出光カード / シェルティス,2.0,エネルギー資源,,
50200,５０２００,ＥＮＥＯＳホールディングス,ＥＮＥＯＳ / ENEOS / ＥＮＥＯＳホールディングス / 5020 / ＪＸＴＧ / JXTG / エネオスカード / エッソ / モービル / ゼネラル / ＥＮＥＯＳHD,2.0,エネルギー資源,,
50210,５０２１０,コスモエネルギーホールディングス,コスモエネルギーホールディングス / コスモ / コスモ石油 / コスモエネ / コスモエネルギー / コスモガソリン / コスモザカード / コスモアースコンシャスアクト / コスモスマートビークル / コスモエネルギーHD,2.0,エネルギー資源,,
50320,５０３２０,ＡＮＹＣＯＬＯＲ,ＡＮＹＣＯＬＯＲ / にじさんじ / NIJISANJI / ANYCOLOR Inc. / ANYCOLOR株式会社 / バーチャルライバー / VTuber / エニーカラー / ANYCOLOR,10.0,情報通信・サービスその他,,
50740,５０７４０,テスホールディングス,テス / テスHD,3.0,建設・資材,,
50760,５０７６０,インフロニア・ホールディングス,インフロニア・ / インフロニア・HD,3.0,建設・資材,,
51010,５１０１０,横浜ゴム,横浜ゴム / YOKOHAMA / ヨコハマタイヤ / ADVAN / GEOLANDAR / BluEarth / iceGUARD / PARADA / DNA S.drive,6.0,自動車・輸送機,,
51050,５１０５０,ＴＯＹＯ　ＴＩＲＥ,ＴＯＹＯ　ＴＩＲＥ / トーヨータイヤ / TOYO TIRES / PROXES / OPEN COUNTRY / NANOENERGY / TRANPATH / OBSERVE / DELVEX,6.0,自動車・輸送機,,
51080,５１０８０,ブリヂストン,ブリヂストン / BS / ブリジストン / ブリヂ / ブリヂストンタイヤ / POTENZA（ポテンザ） / TURANZA（トランザ） / ALENZA（アレンザ） / ECOPIA（エコピア）,6.0,自動車・輸送機,,
51100,５１１００,住友ゴム工業,住友ゴム工業 / ダンロップ / ファルケン / エナセーブ / ル・マン / ビューロ / スタッドレスタイヤ / ゼクシオ / スリクソン / 住友ゴム,6.0,自動車・輸送機,,
51210,５１２１０,藤倉コンポジット,藤倉コンポジット / 藤倉 / フジクラ / フジコン / フジクラコンポジット,6.0,自動車・輸送機,,
51220,５１２２０,オカモト,オカモト / オカモトコンドーム / ゼロゼロスリー / ゼロワン / オカモトラテックス / オカモトゴム / オカモトプロダクツ / オカモト産業 / オカモトグループ,6.0,自動車・輸送機,,
51420,５１４２０,アキレス,アキレスシューズ / アキレスソール / アキレスシート / アキレスボード / アキレスフォーム / アキレスプラスチック / アキ,4.0,素材・化学,,
51850,５１８５０,フコク,フコクゴム / フコク株式会社 / フコクタイヤ / フコクラバー / フコク製品 / フコクブランド / フコ,6.0,自動車・輸送機,,
51860,５１８６０,ニッタ,,6.0,自動車・輸送機,,
51910,５１９１０,住友理工,住友理工 / SRI / Sumitomo Riko / TRI / エスアールアイ / ダンパー / ホース / 防振ゴム,6.0,自動車・輸送機,,
51920,５１９２０,三ツ星ベルト,,6.0,自動車・輸送機,,
51950,５１９５０,バンドー化学,バンドー化学 / バンドー / BANDO / バンドーケミカル / バンドーテック / バンドーベルト / バンドープロダクツ / バンドーシール / バンドーエンジニアリング,6.0,自動車・輸送機,,
52010,５２０１０,ＡＧＣ,ＡＧＣ / 旭硝子 / AGCグループ / AGCテクノグラス / AGCセラミックス / AGCエレクトロニクス / AGCケミカルズ / AGCガラス / AGCディスプレイ,3.0,建設・資材,,
52020,５２０２０,日本板硝子,日本板硝子 / NSG / 日本板硝子株式会社 / NSGグループ / Pilkington / スーパートップ / クリアフィット / クリアビュー / クリスタルビュー / ソーラーコントロール,3.0,建設・資材,,
52080,５２０８０,有沢製作所,有沢,4.0,素材・化学,,
52140,５２１４０,日本電気硝子,日本電気硝子 / NEG / 日本電硝 / 電気硝子 / ネグ / EAGLE XG / EAGLE XG Slim / EAGLE XG Slim II / EAGLE XG Slim III,3.0,建設・資材,,
52180,５２１８０,オハラ,オハラ / OHARA / オハラガラス / アイサイト / アイサイトガラス / アイサイトレンズ / オハラレンズ / オハラ製品 / オハラブランド,3.0,建設・資材,,
52320,５２３２０,住友大阪セメント,住友大阪セメント / 住セ / 大阪セメント / 住友セメント / スミトモセメント / スミセ / セメントくん / パワーセメント / スーパーセメント,3.0,建設・資材,,
52330,５２３３０,太平洋セメント,太平洋セメント / 太セメ / PACIFIC / パシフィックセメント / 太平洋 / 太平洋ブランド / パシセメ / 太平洋ポルトランドセメント / 太平洋スラグセメント,3.0,建設・資材,,
52620,５２６２０,日本ヒューム,,3.0,建設・資材,,
52690,５２６９０,日本コンクリート工業,日本コンクリート工業 / 5269 / JCI / プレキャストコンクリート / PCポール / 電柱 / コンクリート製品 / プレストレストコンクリート / PCa製品 / 日本コンクリート,3.0,建設・資材,,
52730,５２７３０,三谷セキサン,,3.0,建設・資材,,
52880,５２８８０,アジアパイルホールディングス,アジアパイルホールディングス / アジアパイル / APH / パイル / アジアパイルHD / アジアパイルホールディングス株式会社 / アジアパイルグループ / アジアパイル製品 / アジアパイルブランド,3.0,建設・資材,,
53010,５３０１０,東海カーボン,東海カーボン / トーカイ / TOKAI CARBON / カーボンブラック / カーボン製品 / カーボンブラシ / 黒鉛電極 / トーカイカーボン / 東海カーボン株式会社,3.0,建設・資材,,
53020,５３０２０,日本カーボン,日カ / カーボン / Nippon Carbon / NC / グラファイト製品,3.0,建設・資材,,
53100,５３１００,東洋炭素,,3.0,建設・資材,,
53310,５３３１０,ノリタケ,ノリタケ / ノリタケカンパニーリミテド / Noritake / ノリタケ食器 / ノリタケボーンチャイナ / ノリタケカンパニー / ノリタケセラミックス / ノリタケテーブルウェア / ノリタケグラインディングホイール,3.0,建設・資材,,
53320,５３３２０,ＴＯＴＯ,TOTO / 東陶機器 / ウォシュレット / ネオレスト / GGシリーズ / シンラ / サザナ / ピュアレスト / ハイブリッドエコロジーシステム / セフィオンテクト,3.0,建設・資材,,
53330,５３３３０,日本碍子,日本碍子 / NGK Insulators / NAS電池 / NOxセンサー / DPF（ディーゼル微粒子フィルター） / HONEYCERAM / EnerCera,3.0,建設・資材,,
53340,５３３４０,日本特殊陶業,日本特殊陶業 / NGKスパークプラグ / NTK / NTKテクニカルセラミックス / スパークプラグ / イリジウムIX / プレミアムRX / O2センサー,3.0,建設・資材,,
53440,５３４４０,ＭＡＲＵＷＡ,,3.0,建設・資材,,
53510,５３５１０,品川リフラクトリーズ,品川リフラクトリーズ / 品川耐火 / SHINAGAWA / REF / 品川 / シナガワ / 耐火物 / シナガワリフ / 品川製品,3.0,建設・資材,,
53520,５３５２０,黒崎播磨,黒崎播磨 / 黒崎 / 播磨 / KROSAKI / KROSAKI HARIMA / Krosaki Harima Corporation / スピネル / アルミナ / マグネシア,3.0,建設・資材,,
53570,５３５７０,ヨータイ,,3.0,建設・資材,,
53840,５３８４０,フジミインコーポレーテッド,,3.0,建設・資材,,
53930,５３９３０,ニチアス,ニチアス / NICHIAS / パイプカバー / セラミックファイバー / フレキシブルダクト / 耐火材 / 断熱材 / ガスケット / シール材,3.0,建設・資材,,
54010,５４０１０,日本製鉄,日本製鉄 / 日鉄 / NSSMC / 新日鉄住金 / 新日鉄 / 5401 / 日鉄ステンレス / 日鉄エンジニアリング,7.0,鉄鋼・非鉄,,
54060,５４０６０,神戸製鋼所,神戸製鋼所 / 神鋼 / Kobelco / コベルコ / コベルコ建機 / コベルコ鋼管 / コベルコマテリアル / コベルコエコソリューション / コベルコパワー,7.0,鉄鋼・非鉄,,
54080,５４０８０,中山製鋼所,中山製鋼所 / 中山鋼 / ナカヤマ / 中山スチール / ナカヤマ製品 / 中山ブランド / 中山鋼材 / 中山製品,7.0,鉄鋼・非鉄,,
54100,５４１００,合同製鐵,合同製鐵 / 5410 / 合鉄 / GODO / Godo Steel / 合同製鉄 / 合同 / Godo / 合同スチール / 合同鉄,7.0,鉄鋼・非鉄,,
54110,５４１１０,ＪＦＥホールディングス,JFEホールディングス / JFEスチール / JFEエンジニアリング / JFE商事 / JFEスチール株式会社 / JFEエンジニアリング株式会社 / JFE商事株式会社 / JFEスチール製品 / ＪＦＥ / ＪＦＥHD,7.0,鉄鋼・非鉄,,
54230,５４２３０,東京製鐵,,7.0,鉄鋼・非鉄,,
54400,５４４００,共英製鋼,共英製鋼 / 共英 / Kyoei Steel / KS / KSブランド / Kyoei / 鉄鋼製品 / Kyoei Steel Group,7.0,鉄鋼・非鉄,,
54440,５４４４０,大和工業,大和工業 / Yamato Kogyo / ヤマト / 鉄鋼製品 / Yamato Steel / Yamato Brand / 大和,7.0,鉄鋼・非鉄,,
54450,５４４５０,東京鐵鋼,,7.0,鉄鋼・非鉄,,
54490,５４４９０,大阪製鐵,大阪製鐵 / 大阪鉄 / 大鉄 / OSAKA STEEL / 大阪製鉄 / 鉄鋼製品 / 鉄筋コンクリート用棒鋼,7.0,鉄鋼・非鉄,,
54510,５４５１０,淀川製鋼所,淀川製鋼所 / ヨドコウ / ヨド / Yodoko / YODO / ヨド物置 / ヨド倉庫 / ヨドガレージ / ヨドコウスチール,7.0,鉄鋼・非鉄,,
54610,５４６１０,中部鋼鈑,中部鋼鈑 / 中鋼 / Chubu Steel Plate / CSP / 鋼鈑 / 鋼板 / スチールプレート / 中部鋼,7.0,鉄鋼・非鉄,,
54630,５４６３０,丸一鋼管,丸一鋼管 / 丸一 / マルイチ / MARUICHI / MARUICHI STEEL TUBE / マルイチパイプ / 丸一パイプ / MARUICHI PIPE / MARUICHI TUBE,7.0,鉄鋼・非鉄,,
54640,５４６４０,モリ工業,モリ,7.0,鉄鋼・非鉄,,
54710,５４７１０,大同特殊鋼,大同特殊鋼 / 5471 / Daido Steel / DSR / DSRブランド / ダイドースチール / 大同鋼 / 大同特鋼 / Daido Special Steel,7.0,鉄鋼・非鉄,,
54800,５４８００,日本冶金工業,日本冶金工業 / 日冶 / YAKIN / NAS 36 / NAS 64 / NAS 254 / NAS 354 / NAS 444 / 日本冶金,7.0,鉄鋼・非鉄,,
54810,５４８１０,山陽特殊製鋼,山陽特殊製鋼 / 山陽特鋼 / Sanyo Special Steel / サンヨー / 特鋼 / HYPER / Sanyo Steel / Sanyo Seiko,,,,
54820,５４８２０,愛知製鋼,愛知製鋼 / 愛鋼 / Aichi Steel / Aichi / Aichi Seiko / スチール / 磁石製品,7.0,鉄鋼・非鉄,,
55410,５５４１０,大平洋金属,大平洋金属 / 5541 / 太平洋金属 / PAMCO / パムコ / フェロニッケル / ニッケル製品 / 鉄鋼材料 / 鉱石事業 / 環境リサイクル,7.0,鉄鋼・非鉄,,
55630,５５６３０,新日本電工,,7.0,鉄鋼・非鉄,,
56020,５６０２０,栗本鐵工所,栗本鐵工所 / 栗本 / クレモナ / クレモナロープ / クレモナホース / KURIMOTO / Kurimoto Iron Works / Kurimoto Group / Kurimoto Brand,7.0,鉄鋼・非鉄,,
56310,５６３１０,日本製鋼所,日本製鋼所 / JSW / 日鋼 / 日本製鋼 / 日製鋼 / 日本製鋼所M&E / Hitz / 日鋼プラント / 日鋼機械,8.0,機械,,
56320,５６３２０,三菱製鋼,三菱製鋼 / 三菱スチール / MKK / ミツビシスチール / ミツビシ製鋼 / スチールプロダクツ / スプリング製品 / 特殊鋼,7.0,鉄鋼・非鉄,,
56590,５６５９０,日本精線,日本精線 / NAS線 / NASストランド / NASワイヤ / NASケーブル / NASフィラメント / NASチューブ,7.0,鉄鋼・非鉄,,
56980,５６９８０,エンビプロ・ホールディングス,エンビプロ・ / エンビプロ・HD,7.0,鉄鋼・非鉄,,
57020,５７０２０,大紀アルミニウム工業所,,7.0,鉄鋼・非鉄,,
57030,５７０３０,日本軽金属ホールディングス,日本軽金属ホールディングス / 日軽金 / NLM / 日軽 / 日本軽金属 / Nikkei Metal / Nikkei Aluminium / Nikkei Panel System / Nikkei MC Aluminium / 日本軽金属HD,7.0,鉄鋼・非鉄,,
57060,５７０６０,三井金属鉱業,三井金属鉱業 / 三井金属 / Mitsui Kinzoku / MKC / パウダーテック / ケミカルズ / メタルズ / アドバンストマテリアルズ / エンジニアリング,7.0,鉄鋼・非鉄,,
57070,５７０７０,東邦亜鉛,東邦亜鉛 / TOHO ZINC / ジンク / 亜鉛 / TOHO / 東邦亜鉛株式会社 / 東邦亜鉛グループ,7.0,鉄鋼・非鉄,,
57110,５７１１０,三菱マテリアル,三菱マテリアル / MMC / 三菱マテ / ダイヤメタル / ネオジム磁石 / アルミ缶 / セメント / マテリアル / 三菱マテリアルグループ,7.0,鉄鋼・非鉄,,
57130,５７１３０,住友金属鉱山,住友金属鉱山 / 住友鉱 / SMM / 5713 / SUMITOMO METAL MINING / ニッケル / パワー半導体材料,7.0,鉄鋼・非鉄,,
57140,５７１４０,ＤＯＷＡホールディングス,ＤＯＷＡホールディングス / ＤＯＷＡ / DOWAエコシステム / DOWAメタル / DOWAハイテック / DOWAエレクトロニクス / DOWAサーモテック / DOWAメタルテック / DOWA環境ソリューション / ＤＯＷＡHD,7.0,鉄鋼・非鉄,,
57150,５７１５０,古河機械金属,古河機械金属 / 古河機金 / 古河鉱業 / フルカワ / フルカワマシナリー / フルカワメタル / フルカワグループ / フルカワブランド,7.0,鉄鋼・非鉄,,
57260,５７２６０,大阪チタニウムテクノロジーズ,大阪チタニウムテクノロジーズ / 大チタ / OT / 高純度チタン / チタン合金 / チタン素材,7.0,鉄鋼・非鉄,,
57270,５７２７０,東邦チタニウム,東邦チタニウム / 東チタ / TOHO / Tohotitanium / チタンインゴット / TTP,7.0,鉄鋼・非鉄,,
57410,５７４１０,ＵＡＣＪ,ＵＡＣＪ / アルミニウム / アルミ板 / アルミ箔 / アルミ押出製品 / UACJグループ / UACJ製品 / UACJブランド / UACJホールディングス,7.0,鉄鋼・非鉄,,
57570,５７５７０,ＣＫサンエツ,,7.0,鉄鋼・非鉄,,
58010,５８０１０,古河電気工業,古河電工 / 古河電気工業 / FEC / FITEL / ケーブル / 古河電気,7.0,鉄鋼・非鉄,,
58020,５８０２０,住友電気工業,住友電工 / スミトモ / オプティカルファイバー / エレクトロニクスワイヤー / 自動車用ワイヤーハーネス / 住友電気,7.0,鉄鋼・非鉄,,
58030,５８０３０,フジクラ,フジクラ / FJK / フジクラケーブル / フジクラ光ファイバー / フジクラ電線 / フジクラコネクタ / フジクラエレクトロニクス / フジクラネットワーク,7.0,鉄鋼・非鉄,,
58050,５８０５０,ＳＷＣＣ,SWCC / 昭和電線ホールディングス / SWCC昭和電線 / SWCCグループ / SWCCケーブル / SWCCエナジー / SWCCシステム / SWCCテクノロジー / SWCC製品 / SWCCブランド,7.0,鉄鋼・非鉄,,
58210,５８２１０,平河ヒューテック,平河ヒューテック / 平河 / ヒューテック / HIRAKAWA / HIRAKAWA HUTECH / 光ファイバーケーブル / 通信ケーブル / ケーブルソリューション,7.0,鉄鋼・非鉄,,
58300,５８３００,いよぎんホールディングス,いよぎん / いよぎんHD,15.0,銀行,,
58310,５８３１０,しずおかフィナンシャルグループ,しずおかフィナンシャル / しずおかフィナンシャルG,15.0,銀行,,
58320,５８３２０,ちゅうぎんフィナンシャルグループ,ちゅうぎんフィナンシャル / ちゅうぎんフィナンシャルG,15.0,銀行,,
58380,５８３８０,楽天銀行,楽天銀行 / 楽天バンク / 楽天ウォレット / 楽天ペイ / 楽天市場 / 楽天証券 / 楽天,15.0,銀行,,
58440,５８４４０,京都フィナンシャルグループ,京都フィナンシャル / 京都フィナンシャルG,15.0,銀行,,
58510,５８５１０,リョービ,リョービ / RYOBI / リョービグループ / リョービ電動工具 / リョービ建機 / リョービ精密 / リョービ鋳造 / リョービ印刷機 / リョービ製品,7.0,鉄鋼・非鉄,,
58570,５８５７０,ＡＲＥホールディングス,ＡＲＥ / ＡＲＥHD,7.0,鉄鋼・非鉄,,
59010,５９０１０,東洋製罐グループホールディングス,東洋製罐グループホールディングス / 東洋製罐 / TOYO SEIKAN / TSKG / ボトル缶 / スチール缶 / アルミ缶 / キャップ / PETボトル / 東洋製罐グループ / 東洋製罐グループHD,3.0,建設・資材,,
59020,５９０２０,ホッカンホールディングス,ホッカンホールディングス / 北海製罐 / HOKKAN / ホッカン / ホッカンHD / 北海 / 北海ホールディングス / ホッカンパッケージ / ホッカンボトリング,3.0,建設・資材,,
59090,５９０９０,コロナ,,3.0,建設・資材,,
59110,５９１１０,横河ブリッジホールディングス,横河ブリッジ / 横河ブリッジHD,3.0,建設・資材,,
59290,５９２９０,三和ホールディングス,三和 / 三和HD,3.0,建設・資材,,
59300,５９３００,文化シヤッター,文化シヤッター / 文化シャッター / BUNKA / シャッター / 文化シヤ / 文化 / BUNKA SHUTTER / 文化シヤッター工業 / 文化シャッター工業,3.0,建設・資材,,
59320,５９３２０,三協立山,三協立山 / 三協アルミ / タテヤマアドバンス / 三協 / 立山 / 三協立山アルミ / 三協アルミニウム / 三協サッシ / タテヤマ,3.0,建設・資材,,
59330,５９３３０,アルインコ,アルインコ / ALINCO / アルミはしご / フィットネス機器 / DIY用品 / 建設機材 / トランシーバー / ホームエクササイズ / アルミ足場,3.0,建設・資材,,
59380,５９３８０,ＬＩＸＩＬ,LIXIL / リクシル / INAX / トステム / 新日軽 / サンウエーブ / TOEX / GROHE / American Standard / DXV,3.0,建設・資材,,
59430,５９４３０,ノーリツ,ノーリツ / NORITZ / ユパティオ / システムバス / ユニットバス / 温水暖房システム,3.0,建設・資材,,
59460,５９４６０,長府製作所,長府製作所 / 長府 / CHOFU / ボイラー / 給湯器 / ヒートポンプ / ふろ給湯器,3.0,建設・資材,,
59470,５９４７０,リンナイ,リンナイ / Rinnai / デリシア / グリル / マイクロバブルバスユニット / ユッコ,3.0,建設・資材,,
59490,５９４９０,ユニプレス,ユニプレス / UNIPRES / プレス部品 / 車体部品 / シャーシ部品 / サスペンション部品 / ボディ部品 / 金型製品,6.0,自動車・輸送機,,
59570,５９５７０,日東精工,日東精工 / NITTO SEIKO / NITTOSEIKO / NITTO SEIKO CO. / LTD. / NITTO FASTENERS / NITTO TOOLS / NITTO SYSTEMS / NITTO AUTOMATION,3.0,建設・資材,,
59590,５９５９０,岡部,,3.0,建設・資材,,
59700,５９７００,ジーテクト,ジーテクト / G-TEKT / Gテクト / Gテク / G-TKT / Gテクノロジー / G-TEC / G-TECH / Gテック,3.0,建設・資材,,
59750,５９７５０,東プレ,東プレ / TOPRE / トープレ / 東プレキーボード / REALFORCE / 東プレエアコンプレッサー / 東プレプレス機 / 東プレ自動車部品 / 東プレ冷凍機,3.0,建設・資材,,
59760,５９７６０,高周波熱錬,高周波熱錬 / 高周波 / HIGHTEMP / HIGHTEMP工業 / 高周波工業 / HIGHTEMP製品 / 高周波製品 / 熱錬技術 / 高周波ブランド,3.0,建設・資材,,
59810,５９８１０,東京製綱,東京製綱 / 東綱 / TOKYO ROPE / トーアロープ / トーアワイヤ / トーアケーブル / トーアネット / トーアスチール / トーアファイバー,3.0,建設・資材,,
59850,５９８５０,サンコール,,3.0,建設・資材,,
59880,５９８８０,パイオラックス,パイオラックス / PIOLAX / パイオ / ピオラックス / エンジニアリングプラスチック / 精密部品,3.0,建設・資材,,
59890,５９８９０,エイチワン,エイチワン / H-ONE / H1 / H-One / エイチワン株式会社 / H-ONE Corporation / H-ONEブランド / H-ONE製品 / H-ONEテクノロジー,3.0,建設・資材,,
59910,５９９１０,日本発條,日本発條 / 日発 / ニッパツ / NHK SPRING / 精密部品 / ばね,3.0,建設・資材,,
59920,５９９２０,中央発條,中央発條 / CHKK / 中央ばね / CHUOH SPRING / バネ / 精密部品,3.0,建設・資材,,
60050,６００５０,三浦工業,三浦,8.0,機械,,
60130,６０１３０,タクマ,,8.0,機械,,
60280,６０２８０,テクノプロ・ホールディングス,テクノプロ・ホールディングス / テクノプロ / テクノプログループ / TechnoPro / テクノプロエンジニアリング / テクノプロIT / テクノプロR&D / TechnoPro Construction / TechnoPro Design / テクノプロ・ / テクノプロ・HD,10.0,情報通信・サービスその他,,
60350,６０３５０,アイ・アールジャパンホールディングス,アイ・アールジャパン / IRジャパン / IRJ / アイアール / 6035 / アイ・アールジャパンHD / IRJHD / アイ・アール / IRホールディングス / IRジャパンホールディングス,10.0,情報通信・サービスその他,,
60360,６０３６０,ＫｅｅＰｅｒ技研,ＫｅｅＰｅｒ技研 / キーパー / キーパーコーティング / ダイヤモンドキーパー / クリスタルキーパー / ピュアキーパー / Wダイヤモンドキーパー / EXキーパー / キーパープロショップ,10.0,情報通信・サービスその他,,
60470,６０４７０,Ｇｕｎｏｓｙ,グノシー / Gunosy / Gunosyニュース / グノシーアプリ / グノシーQ / グノシー広告 / Gunosy Ads / グノシーマーケット / Gunosyマーケティング,10.0,情報通信・サービスその他,,
60500,６０５００,イー・ガーディアン,イー・ガーディアン / E-Guardian / EG / イーガ / イーガーディアン株式会社 / ソーシャルガーディアン / サイバーガーディアン / セキュリティガーディアン / モニタリングガーディアン,10.0,情報通信・サービスその他,,
60550,６０５５０,ジャパンマテリアル,ジャパンマテリアル / JM / ジャパンマテ / Jマテ / JMテクノロジー / JMソリューション / JMプロダクツ / JMサービス / JMインダストリー,10.0,情報通信・サービスその他,,
60580,６０５８０,ベクトル,ベクトル / アドベンチャー / ストラテジックPR / ベクトルスタジオ / ベクトルデザイン / ベクトルデジタル / ベクトルエージェンシー / ベクトルコミュニケーションズ,10.0,情報通信・サービスその他,,
60620,６０６２０,チャーム・ケア・コーポレーション,チャーム / チャームケア / チャームケアコーポレーション,10.0,情報通信・サービスその他,,
60700,６０７００,キャリアリンク,キャリアリンク / CL / キャリリンク / キャリアリンク株式会社 / キャリアリンクグループ / キャリアリンクサービス / キャリアリンクソリューション / キャリアリンクプロジェクト / キャリアリンクネットワーク,10.0,情報通信・サービスその他,,
60710,６０７１０,ＩＢＪ,IBJ / アイビー / アイビーエス / IBJメンバーズ / IBJ婚活 / IBJパーティー / IBJ証券コード60710 / IBJ結婚相談所 / IBJウェディング / IBJネット婚活,10.0,情報通信・サービスその他,,
60730,６０７３０,アサンテ,,10.0,情報通信・サービスその他,,
60780,６０７８０,バリューＨＲ,バリューHR / バリューカフェテリア / バリュー健康保険組合 / バリューEAP / バリューウェルネス / バリュークラウド / バリューHRポータル / バリューサポート / バリューHRカード,10.0,情報通信・サービスその他,,
60800,６０８００,Ｍ＆Ａキャピタルパートナーズ,M&Aキャピタル / M&Aキャピタルパートナーズ / 6080 / M&A CP / M&A Capital Partners / エムアンドエーキャピタル / M&A / M&Aパートナーズ / M&Aキャピ / M&AキャピタルP,10.0,情報通信・サービスその他,,
60820,６０８２０,ライドオンエクスプレスホールディングス,ライドオンエクスプレスホールディングス / 証券コード: 6082 / 銀のさら / 釜寅 / ファインダイン / 宅配寿司 / 宅配釜飯 / デリバリー / 持ち帰り寿司 / ライドオン / RIDE ON EXPRESS / ライドオンエクスプレス / ライドオンエクスプレスHD,10.0,情報通信・サービスその他,,
60880,６０８８０,シグマクシス・ホールディングス,シグマクシス・ / シグマクシス・HD,10.0,情報通信・サービスその他,,
60890,６０８９０,ウィルグループ,ウィルグループ / WILL GROUP / ウィル / WILL / ウィルグループ株式会社 / WILL GROUP Inc. / WILLグループ / ウィルグループHD / ウィルホールディングス / ウィルG,10.0,情報通信・サービスその他,,
60950,６０９５０,メドピア,メドピア / MedPeer / メドピ / メドピアグループ / MedPeer Lab / MedPeer Career / MedPeer Partners / MedPeer Academy / MedPeer Community,10.0,情報通信・サービスその他,,
60980,６０９８０,リクルートホールディングス,リクルート / リクルートホールディングス / リクナビ / ホットペッパー / ゼクシィ / スーモ / タウンワーク / indeed / リクルートエージェント / リクルートHD,10.0,情報通信・サービスその他,,
60990,６０９９０,エラン,,10.0,情報通信・サービスその他,,
61010,６１０１０,ツガミ,ツガミ / TSUGAMI / プレシジョンマシン / CNC旋盤 / 自動旋盤 / 精密加工機械 / ターニングセンター / マシニングセンター,8.0,機械,,
61030,６１０３０,オークマ,オークマ / Okuma / オークママシン / GENOS / MBシリーズ / MUシリーズ / MULTUS / LBシリーズ / VTMシリーズ,8.0,機械,,
61040,６１０４０,芝浦機械,芝浦機械 / TOSHIBA MACHINE / TMロボット / EC-SXシリーズ / ISシリーズ / THLシリーズ / THシリーズ,8.0,機械,,
61130,６１１３０,アマダ,アマダ / アマダホールディングス / AMADA / アマダマシンツール / アマダプレスシステム / アマダミヤチ / アマダエンジニアリング / アマダオートメーション / アマダソフトウェア,8.0,機械,,
61180,６１１８０,アイダエンジニアリング,アイダエンジニアリング / 6118 / アイダ / AIDA / AIDAプレス / アイダプレス / サーボプレス / プレス機械 / フォーミングシステム / 金型技術,8.0,機械,,
61340,６１３４０,ＦＵＪＩ,,8.0,機械,,
61350,６１３５０,牧野フライス製作所,牧野フライス製作所 / マキノ / Makino / aシリーズ / EDAFシリーズ / EDGEシリーズ / Fシリーズ / 牧野フライス,8.0,機械,,
61360,６１３６０,オーエスジー,オーエスジー / OSG / タップ / ドリル / エンドミル / スレッドミル / 超硬工具 / 切削工具 / 精密工具,8.0,機械,,
61400,６１４００,旭ダイヤモンド工業,旭ダイヤモンド工業 / 旭ダイヤ / ADK / ダイヤモンドツール / 研磨工具 / 旭ダイヤモンド / ダイヤモンドブレード / 旭ダイヤモンド工業株式会社 / ダイヤモンドホイール,8.0,機械,,
61410,６１４１０,ＤＭＧ森精機,ＤＭＧ森精機 / DMG / 森精機 / DMG MORI / CELOS / LASERTEC / NHXシリーズ / NLXシリーズ / DMUシリーズ,8.0,機械,,
61430,６１４３０,ソディック,ソディック / Sodick / ソディック製品 / ソディックマシン / ソディック放電加工機 / ソディック射出成形機 / ソディックワイヤーカット / ソディック3Dプリンター / ソディックCNC,8.0,機械,,
61460,６１４６０,ディスコ,ディスコ / DISCO / ダイサー / グラインダー / 精密加工装置 / ウェハプロセッサ,8.0,機械,,
61510,６１５１０,日東工器,日東工器 / 日東 / クイックカプラ / ジェットタッカ / パワープレス / マイクロバブルジェネレータ / エアツール,8.0,機械,,
61570,６１５７０,日進工具,日進工具 / NS TOOL / NSエンドミル / NSアルファ / NSメガ / NSハイスピード / NSマイクロ / NSカッター / NSドリル,8.0,機械,,
61670,６１６７０,冨士ダイス,冨士ダイス / 富士ダイス / FUJIDICE / ダイス / 超硬工具 / ワイヤーダイス / ダイヤモンド工具 / 超硬合金製品 / 精密工具,8.0,機械,,
61780,６１７８０,日本郵政,日本郵政 / JP / 郵便局 / ゆうパック / 郵政グループ / 郵便事業 / 日本郵政グループ,10.0,情報通信・サービスその他,,
61830,６１８３０,ベルシステム２４ホールディングス,ベルシステム２４ホールディングス / ベルシステム24 / ベル24 / ベルシス / ベルHD / 6183 / BELL24 / BELL SYSTEM24 / BELL24HD / BELL SYSTEM24HD / ベルシステム２４ / ベルシステム２４HD,10.0,情報通信・サービスその他,,
61840,６１８４０,鎌倉新書,鎌倉新書 / 鎌倉 / Kamakura Shinsho / 終活ねっと / お坊さん便 / いい葬儀 / いい仏壇 / いいお墓 / シニアライフサポート,10.0,情報通信・サービスその他,,
61910,６１９１０,エアトリ,エアトリ / エアトリ旅行 / エアトリホテル / エアトリツアー / エアトリ航空券 / エアトリレンタカー / エアトリバケーション / エアトリポイント / エアトリクーポン,10.0,情報通信・サービスその他,,
61940,６１９４０,アトラエ,アトラエ / Green / wevox / yenta / TalentBase / Atrae / アトラエ株式会社 / アトラエ証券,10.0,情報通信・サービスその他,,
61960,６１９６０,ストライク,,10.0,情報通信・サービスその他,,
61970,６１９７０,ソラスト,ソラスト / ソラストケア / ソラストメディカル / ソラストアカデミー / ソラスト訪問介護 / ソラストデイサービス / ソラスト保育 / ソラスト介護 / ソラスト医療事務,10.0,情報通信・サービスその他,,
61990,６１９９０,セラク,セラク / Seraku / 農業IoT / グリーンIT / i-Reporter / CareQube / SmartBee / Cloudia / Field Service Management,10.0,情報通信・サービスその他,,
62000,６２０００,インソース,,10.0,情報通信・サービスその他,,
62010,６２０１０,豊田自動織機,豊田自動織機 / トヨタ自動織機 / TOYOTA INDUSTRIES / フォークリフト / 繊維機械 / エアコン / 物流機器 / 環境機器,6.0,自動車・輸送機,,
62090,６２０９０,リケンＮＰＲ,,8.0,機械,,
62220,６２２２０,島精機製作所,島精機製作所 / 島精機 / SHIMA SEIKI / WHOLEGARMENT / SDS-ONE APEX / MACH2XS / SWGシリーズ / SIPシリーズ / P-CAM,8.0,機械,,
62350,６２３５０,オプトラン,オプトラン / OPTORUN / オプトコート / オプトフィルム / オプトシステム / オプトプロセス / オプトテクノロジー / オプトマシン / オプトデバイス,8.0,機械,,
62370,６２３７０,イワキ,,8.0,機械,,
62380,６２３８０,フリュー,フリュー / プリクラ / ガールズトレンド研究所 / フリューゲーム / フリューエンターテインメント / フリューアミューズメント / フリューグッズ / フリューアプリ / フリューキャラクター,8.0,機械,,
62400,６２４００,ヤマシンフィルタ,ヤマシンフィルタ / ヤマシン / YAMASHIN / ヤマシンフィルター / ヤマシンフィルターマスク / ナノフィルター / ナノフィルターマスク / ヤマシンナノフィルター / ヤマシンナノフィルターマスク,8.0,機械,,
62470,６２４７０,日阪製作所,日阪製作所 / HISAKA / HISAKAブランド / プレート式熱交換器 / HISAKA製品 / HISAKAテクノロジー / HISAKAソリューション / 日阪,8.0,機械,,
62500,６２５００,やまびこ,,8.0,機械,,
62540,６２５４０,野村マイクロ・サイエンス,野村マイクロ・サイエンス / NMS / ノムラマイクロ / マイクロサイエンス / AQUA / Pure Water,8.0,機械,,
62580,６２５８０,平田機工,平田機工 / Hirata / 平田 / Hirata Robotics / Hirata Automation / 平田ロボティクス / 平田オートメーション / Hirata Group / Hirata Engineering,8.0,機械,,
62620,６２６２０,ＰＥＧＡＳＵＳ,,8.0,機械,,
62640,６２６４０,マルマエ,,8.0,機械,,
62660,６２６６０,タツモ,,8.0,機械,,
62680,６２６８０,ナブテスコ,ナブテスコ / Nabtesco / RV減速機 / TS減速機 / GMシリーズ / NABCO / T-SMART / G7シリーズ / ナブコ,8.0,機械,,
62690,６２６９０,三井海洋開発,三井海洋開発 / MODEC / FPSO / TLP / FSO / FLNG / MVシリーズ / 海洋プラント / 浮体式生産設備,8.0,機械,,
62720,６２７２０,レオン自動機,レオン自動機 / レオン / LEON / レオン自販機 / 自動販売機メーカー / レオン製品 / レオンブランド / レオン機械 / 自動機メーカー,8.0,機械,,
62730,６２７３０,ＳＭＣ,SMC / エスエムシー / SMC株式会社 / エアシリンダー / 空気圧機器 / 空圧機器 / 流体制御機器,8.0,機械,,
62770,６２７７０,ホソカワミクロン,ホソカワミクロン / ホソカワ / ミクロン / HOSOKAWA / Micron / ACM / Mikro / Nauta,8.0,機械,,
62780,６２７８０,ユニオンツール,ユニオンツール / UNION / ユニオン / ユニオンツール株式会社 / UNION TOOL / ユニオンカッター / ユニオンドリル / ユニオンエンドミル,8.0,機械,,
62790,６２７９０,瑞光,,8.0,機械,,
62820,６２８２０,オイレス工業,オイレス工業 / 6282 / OILES / オイレスベアリング / オイレスブッシュ / オイレススライド / オイレスダンパー / オイレスシール / オイレスガイド / オイレステクノロジー / オイレス,8.0,機械,,
62840,６２８４０,日精エー・エス・ビー機械,日精エー・エス・ビー機械 / ASB / 日精ASB / ASB機械 / ASBマシン / PETボトル成形機 / ブロー成形機 / ASBシリーズ,8.0,機械,,
62870,６２８７０,サトーホールディングス,サトーホールディングス / SATO / CLNX / PW208 / TH2 / NXシリーズ / Argox / DataLase / SATOプリンター / サトー / サトーHD,8.0,機械,,
62890,６２８９０,技研製作所,技研製作所 / GIKEN / サイレントパイラー / プレス工法 / GIKEN SEISAKUSHO / Silent Piler / G-Pile / Giken / Giken Silent Piler / 技研,8.0,機械,,
62910,６２９１０,日本エアーテック,,8.0,機械,,
62930,６２９３０,日精樹脂工業,日精樹脂工業 / NISSEI PLASTIC / NEXシリーズ / FNXシリーズ / NEX-IV / NEX-Ⅲ / NEX-ⅢT / NEX-ⅢV / 日精樹脂,8.0,機械,,
62980,６２９８０,ワイエイシイホールディングス,ワイエイシイホールディングス / YAC / ワイエイシイ / YACホールディングス / YACグループ / ワイエイシイグループ / YACブランド / ワイエイシイ製品 / YAC製品 / ワイエイシイHD,8.0,機械,,
63010,６３０１０,小松製作所,小松製作所 / コマツ / KOMATSU / 6301 / KOMTRAX / PC200 / DANTOTSU / WAシリーズ / HBシリーズ / iMC / 小松,8.0,機械,,
63020,６３０２０,住友重機械工業,住友重機械工業 / 住重 / Sumitomo Heavy Industries / SHI / サムヒ / サムヘビー / サム重 / サム重工 / サム工 / 住友重機械,8.0,機械,,
63050,６３０５０,日立建機,日立建機 / HITACHI / ZAXIS / EXシリーズ / ホイールローダー / リジッドダンプトラック,8.0,機械,,
63060,６３０６０,日工,日工 / NIKKO / アスファルトプラント / コンクリートプラント / リサイクルプラント / 環境プラント / 日工マシナリー / 日工テクノロジー,8.0,機械,,
63090,６３０９０,巴工業,巴工業 / 巴フィルター / 巴ポンプ / 巴バルブ / 巴エンジニアリング / 巴化工 / 巴システム / 巴テクノロジー / 巴,8.0,機械,,
63100,６３１００,井関農機,井関農機 / ISEKI / イセキ / トラクタ / 農機具 / ブルーアース,8.0,機械,,
63150,６３１５０,ＴＯＷＡ,ＴＯＷＡ / トーワ / TOWA / パッケージング装置 / 封止装置 / モールディング装置 / 精密機器メーカー,8.0,機械,,
63170,６３１７０,北川鉄工所,北川鉄工所 / KITAGAWA / 北川チャック / 北川バイス / 北川ロボット / 北川製品 / 北川ブランド / 北川機械 / 北川工具,8.0,機械,,
63230,６３２３０,ローツェ,ローツェ / ローツェ株式会社 / ローツェグループ / ローツェ製品 / ローツェブランド / ローツェテクノロジー / ローツェシステム / ローツェソリューション / ローツェエンジニアリング,8.0,機械,,
63260,６３２６０,クボタ,クボタ / Kubota / トラクター / 水処理 / エンジン / 建設機械 / アグリソリューション,8.0,機械,,
63280,６３２８０,荏原実業,荏原実業 / EBARA / 荏原ポンプ / 荏原空調 / 荏原環境 / 荏原製品 / 荏原ブランド / 荏原技術,8.0,機械,,
63300,６３３００,東洋エンジニアリング,TOYO,3.0,建設・資材,,
63310,６３３１０,三菱化工機,,8.0,機械,,
63320,６３３２０,月島ホールディングス,月島 / 月島HD,8.0,機械,,
63330,６３３３０,帝国電機製作所,帝国電機製作所 / 帝国電機 / テイコク / テイコクポンプ / テイコク製品 / テイコクブランド / テイコク技術 / テイコク品質 / テイコクイノベーション,8.0,機械,,
63390,６３３９０,新東工業,新東工業 / Sinto / 新東 / Sintoグループ / Sintoマシン / Sintoキャスト / Sintoエンジニアリング / Sintoテクノロジー / Sintoソリューション,8.0,機械,,
63400,６３４００,澁谷工業,澁谷工業 / 澁谷 / Shibuya / 澁谷マシン / 澁谷ロボティクス / 澁谷エンジニアリング / 澁谷テクノロジー / 澁谷オートメーション / 澁谷パッケージング,8.0,機械,,
63450,６３４５０,アイチ　コーポレーション,アイチコーポレーション / アイチ / AICHI / スカイマスター / 高所作業車 / 作業車 / バケット車 / AICHIブランド / アイチ製品,8.0,機械,,
63490,６３４９０,小森コーポレーション,小森コーポレーション / コモリ / KOMORI / Lithrone / Enthrone / Impremia / System G / System 38 / Lithrone GX,8.0,機械,,
63510,６３５１０,鶴見製作所,鶴見,8.0,機械,,
63580,６３５８０,酒井重工業,酒井重,8.0,機械,,
63610,６３６１０,荏原製作所,荏原製作所 / Ebara / Ebara Pumps / Ebara Chillers / Ebara Compressors / Ebara Fans / Ebara Precision Machinery / Ebara Environmental Plant / 荏原,8.0,機械,,
63630,６３６３０,酉島製作所,酉島製作所 / 酉島 / トリシマ / トリシマポンプ / トリシマ製品 / トリシマブランド / 酉島ポンプ / 酉島製品 / 酉島ブランド,8.0,機械,,
63640,６３６４０,北越工業,北越工業 / AIRMAN / エアマン / 北越ブルー / 建機 / 北越工業株式会社 / 北越,8.0,機械,,
63670,６３６７０,ダイキン工業,ダイキン工業 / ダイキン / エアコン / うるさら / ストリーマ / フーハ / アルミック / デシカント,8.0,機械,,
63680,６３６８０,オルガノ,オルガノ / ORGANO / オルガノ株式会社 / 水処理装置 / 純水装置 / 水処理薬品 / 水質分析サービス,8.0,機械,,
63690,６３６９０,トーヨーカネツ,トーヨーカネツ / トーヨーカネツ工業 / Toyo Kanetsu / トーヨーカネツプラント / トーヨーカネツ物流 / トーヨーカネツエンジニアリング / トーヨーカネツタンク,8.0,機械,,
63700,６３７００,栗田工業,栗田工業 / 栗田 / Kurita / クリーンウォーター / アクアシステム / 水処理ソリューション / Kurita Water Industries / KURITA / 水環境管理,8.0,機械,,
63710,６３７１０,椿本チエイン,椿本チエイン / TSUBAKI / 椿本 / チエイン / Tsubaki Chain / 椿本チェーン / Tsubaki Power Transmission / Tsubaki Conveyor / Tsubaki Automotive,8.0,機械,,
63760,６３７６０,日機装,日機装 / Nikkiso / メディカルポンプ / ダイアフラムポンプ / エアロスペース / 医療機器 / 精密機器 / ポンプソリューション,9.0,電機・精密,,
63780,６３７８０,木村化工機,木村化工機 / 木村 / キムラケミカル / 化工機 / KKK / Kimura Chemical / Kimura / 化工 / 木村機械,8.0,機械,,
63790,６３７９０,レイズネクスト,,3.0,建設・資材,,
63810,６３８１０,アネスト岩田,アネスト岩田 / ANEST IWATA / 岩田 / アネスト / スプレーガン / コーティング機器 / 塗装機器,8.0,機械,,
63830,６３８３０,ダイフク,ダイフク / DAIFUKU / FA&DA / AS/RS / Cleanroom Automation / Conveyor Systems / Material Handling Systems / Automated Storage / Logistics Solutions,8.0,機械,,
63870,６３８７０,サムコ,,8.0,機械,,
63950,６３９５０,タダノ,タダノ / クレーン / ラフテレーンクレーン / オールテレーンクレーン / トラッククレーン / グローブクレーン / デマグ / Tadano / Faun,8.0,機械,,
64060,６４０６０,フジテック,フジテック / フジテックエレベーター / フジテックエスカレーター / FJTEC / フジテックグループ / フジテックホールディングス / フジテックリフト / フジテックサービス / フジテックインターナショナル,8.0,機械,,
64070,６４０７０,ＣＫＤ,ＣＫＤ / CKD株式会社 / CKD / CKD機器 / CKD自動化機器 / CKDエンジニアリング / CKDバルブ / CKDシリンダー / CKDフィルタ / CKDコンポーネント,8.0,機械,,
64120,６４１２０,平和,PGM / アクアガーデン / ゴルフ場運営 / パチンコ / パチスロ / ゴルフ用品 / ゴルフレッスン,8.0,機械,,
64130,６４１３０,理想科学工業,理想科学工業 / リソー / RISO / デュプロ / オルフィス / コムカラー / RISOGRAPH / EZシリーズ / 理想科学,8.0,機械,,
64170,６４１７０,ＳＡＮＫＹＯ,ＳＡＮＫＹＯ / フィーバー / CRシリーズ / パチンコ / パチスロ / ジェイビー / ビスティ / フィーバー機 / デジパチ,8.0,機械,,
64180,６４１８０,日本金銭機械,日本金銭機械 / JCM / 日本金銭 / JCMグループ / JCMホールディングス / JCMブランド / JCM製品 / JCMテクノロジー / JCMソリューションズ,8.0,機械,,
64190,６４１９０,マースグループホールディングス,マースグループ / マースグループHD,8.0,機械,,
64200,６４２００,フクシマガリレイ,フクシマガリレイ / フクシマ / ガリレイ / 福島冷機 / フクシマ冷機 / フクシマガリレイ株式会社 / 福島ガリレイ / フクシマ冷蔵庫 / ガリレイ冷機,8.0,機械,,
64300,６４３００,ダイコク電機,ダイコク電機 / 大黒 / DK-SIS / VEGASIA / BiGMO PREMIUM / DK-EXCEL / DK-ALERT / DK-COUNT / DK-NEO / ダイコク,8.0,機械,,
64320,６４３２０,竹内製作所,竹内製作所 / TAKEUCHI / タケウチ / クローラーローダー / 建設機械 / コンパクトトラックローダー / TLシリーズ / TBシリーズ / 竹内,8.0,機械,,
64360,６４３６０,アマノ,アマノ / タイムレコーダー / クリーンシステム / セキュリティゲート / AMANO / 時間管理システム / 駐車場管理システム / バイオメトリクス,8.0,機械,,
64400,６４４００,ＪＵＫＩ,ＪＵＫＩ / ジューキ / JUKIミシン / JUKI工業用ミシン / JUKI家庭用ミシン / JUKIソーイングマシン / JUKIオーバーロックミシン / JUKI刺繍機 / JUKI自動機械,8.0,機械,,
64450,６４４５０,ジャノメ,ジャノメ / Janome / ジャノメミシン / Janome Sewing Machine / メモリークラフト / Memory Craft / センサークラフト / Sensor Craft / ホライゾン / Horizon,8.0,機械,,
64480,６４４８０,ブラザー工業,ブラザー工業 / ブラザー / Brother / P-touch / DCP / HL / ScanNCut / プリビオ,9.0,電機・精密,,
64540,６４５４０,マックス,,8.0,機械,,
64550,６４５５０,モリタホールディングス,モリタホールディングス / モリタ / モリタ消防 / モリタエコノス / モリタミュージアム / モリタテクノス / モリタスチール / モリタエンジニアリング / モリタリサーチ / モリタHD,6.0,自動車・輸送機,,
64570,６４５７０,グローリー,グローリー / GLORY / グローリー株式会社 / G-BOS / GFS-2200 / RBG-300 / UW-Fシリーズ / CI-10 / Vertera,8.0,機械,,
64580,６４５８０,新晃工業,新晃,8.0,機械,,
64590,６４５９０,大和冷機工業,大和冷機工業 / 大和冷機 / ダイワレイキ / DRK / クールキーパー / フリーザー / 冷凍ストッカー / 冷蔵ショーケース / 冷凍機,8.0,機械,,
64600,６４６００,セガサミーホールディングス,セガサミーホールディングス / セガ / サミー / SEGA / Sammy / セガサミー / セガグループ / サミーグループ / セガゲームス / サミー遊技機 / セガサミーHD,8.0,機械,,
64630,６４６３０,ＴＰＲ,TPR / トピー工業 / トピーグループ / トピー製品 / トピーのホイール / トピーの鉄鋼 / トピーの自動車部品 / トピーの建設機械部品,8.0,機械,,
64640,６４６４０,ツバキ・ナカシマ,ツバキ・ナカシマ / Tsubaki Nakashima / ボールベアリング / 転がり軸受 / 精密部品 / 軸受 / 精密機器 / Tsubaki,8.0,機械,,
64650,６４６５０,ホシザキ,ホシザキ / ホシザキ電機 / ホシザキ製氷機 / ホシザキ冷蔵庫 / ホシザキ食洗機 / ホシザキ厨房機器 / HOSHIZAKI / ホシザキ製品 / ホシザキブランド,8.0,機械,,
64700,６４７００,大豊工業,大豊,8.0,機械,,
64710,６４７１０,日本精工,日本精工 / NSK / 6471 / 精工 / NSKベアリング / モーション&コントロール / 精工製品 / NSKリニア / 精工ブランド,8.0,機械,,
64720,６４７２０,ＮＴＮ,ＮＴＮ / 6472 / ドライブシャフト / 精密機器 / 産業機械 / グリーンパワー / スマートモビリティ,8.0,機械,,
64730,６４７３０,ジェイテクト,ジェイテクト / JTEKT / トヨタ工機 / KOYO / Koyoベアリング / TORSEN / DAIHATSU / JTEKTステアリングシステム / JTEKTマシンツール,8.0,機械,,
64740,６４７４０,不二越,不二越 / NACHI / ナチ / ナチスチール / ナチベアリング / ナチロボット / ナチ工具 / ナチ油圧 / ナチマシン,8.0,機械,,
64790,６４７９０,ミネベアミツミ,ミネベアミツミ / ミネベア / ミツミ / NMB / myonic / Paradox Engineering / NMB Minebea UK Ltd / NMB Technologies Corporation / MinebeaMitsumi Inc.,9.0,電機・精密,,
64800,６４８００,日本トムソン,,8.0,機械,,
64810,６４８１０,ＴＨＫ,THK / 6481 / LMガイド / ボールねじ / アクチュエータ / クロスローラリング / リニアモーション / FA機器 / 精密機器,8.0,機械,,
64820,６４８２０,ユーシン精機,ユーシン精機 / ユーシン / Yushin / Yushin Precision Equipment / ハンドリングロボット / 取出ロボット / 自動化システム / Yushin Robotics / Yushin Automation,8.0,機械,,
64850,６４８５０,前澤給装工業,前澤給装,8.0,機械,,
64860,６４８６０,イーグル工業,イーグル工業 / EKK / Eagle Industry / メカニカルシール / 流体機器 / ポンプ / イーグル,8.0,機械,,
64900,６４９００,ＰＩＬＬＡＲ,,8.0,機械,,
64980,６４９８０,キッツ,キッツ / KITZ / KITZバルブ / KITZグループ / KITZエンジニアリングサービス / KITZメタルワークス / KITZバタフライバルブ / KITZステンレスバルブ / KITZ青銅バルブ,8.0,機械,,
65010,６５０１０,日立製作所,日立製作所 / Hitachi / Lumada / Vantara / HiRAC / Hitachi Astemo / Hitachi Rail / Hitachi Energy / 日立,9.0,電機・精密,,
65030,６５０３０,三菱電機,三菱電機 / MELCO / 霧ヶ峰 / DIATONE / REAL / VISEL / iNSTICK / Mr. Slim / 三菱,9.0,電機・精密,,
65040,６５０４０,富士電機,富士電機 / 富士電 / Fuji Electric / FDK / FRENIC / MICREX / FRENIC-VG / FRENIC-Ace / FRENIC-MEGA / 富士,9.0,電機・精密,,
65060,６５０６０,安川電機,安川電機 / YASKAWA / 安川 / サーボモータ / ロボット / モーションコントローラ / ドライブ,9.0,電機・精密,,
65070,６５０７０,シンフォニアテクノロジー,シンフォニアテクノロジー / シンフォニア / SYMPHONY / 精密機器 / FAシステム,9.0,電機・精密,,
65080,６５０８０,明電舎,明電舎 / 明電 / Meiden / Meiden Group / Meiden Motor / Meiden Drive / Meiden Transformer / Meiden Switchgear / Meiden System,9.0,電機・精密,,
65160,６５１６０,山洋電気,山洋電気 / サンヨー電機 / SANYO DENKI / SANUPS / SANMOTION / SANACE / COOLING SYSTEMS / POWER SYSTEMS / SERVO SYSTEMS,9.0,電機・精密,,
65170,６５１７０,デンヨー,デンヨー / デンヨー株式会社 / Denyo / 溶接機 / デンヨー発電機 / デンヨー溶接機 / デンヨーコンプレッサー,9.0,電機・精密,,
65230,６５２３０,ＰＨＣホールディングス,ＰＨＣホールディングス / PHC / パナソニックヘルスケア / バイオメディカ / アークレイ / ドクターズトイ / インフルエンザ迅速診断キット / 血糖値測定器 / ＰＨＣ / ＰＨＣHD,9.0,電機・精密,,
65250,６５２５０,ＫＯＫＵＳＡＩ　ＥＬＥＣＴＲＩＣ,ＫＯＫＵＳＡＩ　ＥＬＥＣＴＲＩＣ / コクサイ / コクサイエレクトリック / KOKUSAI / KOKUSAI ELECTRIC / KOKUSAI ELECTRIC CORPORATION / KOKUSAI製品 / KOKUSAIブランド / KOKUSAIテクノロジー,9.0,電機・精密,,
65260,６５２６０,ソシオネクスト,ソシオネクスト / Socionext / ソシオ / SoC / SCX / SynQuacer / Milbeaut / SC2A11 / SC2000,9.0,電機・精密,,
65320,６５３２０,ベイカレント,ベイカレント / 6532 / ベイカレ / BayCurrent / BayCurrent Consulting / BCC / ベイカレント・コンサルティング / ベイカ / BayC / BayC Consulting,10.0,情報通信・サービスその他,,
65330,６５３３０,Ｏｒｃｈｅｓｔｒａ　Ｈｏｌｄｉｎｇｓ,オーケストラHD / オーケストラホールディングス / Orchestra Holdings / OH / オーケストラ / Orchestra / オーケストラグループ / Orchestra Group / オーケストラブランド,10.0,情報通信・サービスその他,,
65350,６５３５０,アイモバイル,アイモバイル / i-mobile / アイモバ / i-mobile Ad Network / i-mobile Affiliate / i-mobile for SP / i-mobile for PC / i-mobile Video Ads / i-mobile DSP,10.0,情報通信・サービスその他,,
65390,６５３９０,ＭＳ−Ｊａｐａｎ,ＭＳ−Ｊａｐａｎ / エムエスジャパン / MSJ / MS-Japan / 人材紹介 / 人材サービス / 転職支援 / キャリアサポート / 専門職紹介,10.0,情報通信・サービスその他,,
65440,６５４４０,ジャパンエレベーターサービスホールディングス,ジャパンエレベーターサービスホールディングス / JES / ジャパンエレベーター / エレベーターサービス / JESホールディングス / ジャパンエレベーターサービス / ジャパンエレベーターホールディングス / エレベーターホールディングス / ジャパンエレベータサービス / ジャパンエレベーターサービスHD,10.0,情報通信・サービスその他,,
65600,６５６００,エル・ティー・エス,,10.0,情報通信・サービスその他,,
65640,６５６４０,ミダックホールディングス,ミダック / ミダックHD,10.0,情報通信・サービスその他,,
65710,６５７１０,キュービーネットホールディングス,キュービーネットホールディングス / QBハウス / キュービーネット / QB / キュービー / QBカット / キュービーネットHD / キュービーネットホールディングス株式会社 / QBプレミアムカット,10.0,情報通信・サービスその他,,
65720,６５７２０,オープングループ,オープン / OG / オープンG / オープングループ製品 / オープングループサービス / オープングループブランド / オープングループSNS,10.0,情報通信・サービスその他,,
65840,６５８４０,三櫻工業,三櫻工業 / 6584 / 三櫻 / サクラ / SAKURA / 三櫻ホース / 三櫻チューブ / 三櫻ラジエーター / 三櫻インダストリー / 三櫻エンジニアリング,6.0,自動車・輸送機,,
65860,６５８６０,マキタ,マキタ / Makita / マキタ電動工具 / マキタバッテリー / マキタ掃除機 / マキタドリル / マキタチェーンソー / マキタインパクトドライバー / マキタ充電式工具,8.0,機械,,
65880,６５８８０,東芝テック,東芝テック / TEC / REGIUS / e-STUDIO / B-FV4D / B-EX4T / B-EP4DL / SurePOS / ST-A10,9.0,電機・精密,,
65900,６５９００,芝浦メカトロニクス,芝浦メカトロニクス / メカトロ / Shibaura Mechatronics / SMT / 芝浦メカ / Shibaura / 芝メカ,9.0,電機・精密,,
65920,６５９２０,マブチモーター,マブチモーター / Mabuchi / マブチ / Mabuchi Motor / Mabuchiモーター / Mabuchi製品 / Mabuchiブランド / Mabuchi DCモーター / Mabuchi小型モーター,9.0,電機・精密,,
65940,６５９４０,ニデック,ニデック / 日本電産 / 6594 / Nidec / Nidec Motor / Nidec Servo / Nidec Copal / Nidec Sankyo / Nidec Shimpo / Nidec Techno Motor,9.0,電機・精密,,
66150,６６１５０,ユー・エム・シー・エレクトロニクス,ユー・エム・シー・エレクトロニクス / UMCエレクトロニクス / UMC / ユーエムシー / UMCグループ / UMC電子 / ユー・エム・シー製品 / UMCブランド / ユー・エム・シー技術,9.0,電機・精密,,
66160,６６１６０,トレックス・セミコンダクター,トレックス・セミコンダクター / Torex / セミコン / トレックスIC / パワーマネジメントIC / DC/DCコンバータ / LDOレギュレータ / MOSFET,9.0,電機・精密,,
66170,６６１７０,東光高岳,,9.0,電機・精密,,
66190,６６１９０,ダブル・スコープ,ダブル・スコープ / W-SCOPE / ダブスコ / WSCOPE / ダブルス / W-SCOPE Korea / セパレーター / リチウムイオン電池用セパレーター,9.0,電機・精密,,
66200,６６２００,宮越ホールディングス,宮越 / 宮越HD,17.0,不動産,,
66220,６６２２０,ダイヘン,ダイヘン / ダイヘン電機 / ダイヘンロボット / ダイヘン溶接機 / ダイヘントランス / ダイヘンパワーエレクトロニクス / ダイヘンインバータ / ダイヘンアーク溶接 / ダイヘン自動化システム,9.0,電機・精密,,
66300,６６３００,ヤーマン,ヤーマン / YA-MAN / メディリフト / RFボーテ / フォトプラス / キャビスパ / トルネードEMSリフト / スカルプドライヤー / 美顔器,9.0,電機・精密,,
66320,６６３２０,ＪＶＣケンウッド,JVCケンウッド / JVC / ケンウッド / Victor / ビクター / KENWOOD / JVCKENWOOD / エブリオ / ウッドコーン,9.0,電機・精密,,
66380,６６３８０,ミマキエンジニアリング,ミマキエンジニアリング / ミマキ / Mimaki / JVシリーズ / CJVシリーズ / UJFシリーズ / TSシリーズ / TXシリーズ / UCJVシリーズ,9.0,電機・精密,,
66440,６６４４０,大崎電気工業,大崎電気工業 / 大崎電気 / OEC / OSAKI / スマートメーター / エナジーメーター / オサキメーター / オサキ電気 / OSAKI ELECTRIC,9.0,電機・精密,,
66450,６６４５０,オムロン,オムロン / OMRON / オムロンヘルスケア / オムロンソーシアルソリューションズ / オムロンオートモーティブエレクトロニクス / HEMシリーズ / カルディオ / i-CUBE / ココロエンジン,9.0,電機・精密,,
66510,６６５１０,日東工業,日東工業 / NITTO KOGYO / NK / キュービクル / 配電盤 / 盤用機器 / キャビネット / 制御盤 / 日東,9.0,電機・精密,,
66520,６６５２０,ＩＤＥＣ,,9.0,電機・精密,,
66740,６６７４０,ジーエス・ユアサ　コーポレーション,ジーエス・ユアサ / GSユアサ / GS YUASA / ジーエス・ユアサ コーポレーション / ユアサバッテリー / エコアール / ECO.R / PRODA / ENELOOP,9.0,電機・精密,,
66760,６６７６０,メルコホールディングス,メルコ / メルコHD,9.0,電機・精密,,
66780,６６７８０,テクノメディカ,テクノメディカ / テクノ / メディカ / テクノメディカ株式会社 / 自動分析装置 / 血液検査機器 / テクノメディカ製品 / テクノメディカブランド,9.0,電機・精密,,
66990,６６９９０,ダイヤモンドエレクトリックホールディングス,ダイヤモンドエレクトリックホールディングス / ダイヤモンド電機 / DEH / ダイヤモンドエレクトリック / ダイエレ / Diamond Electric / Diamond Electric Holdings / ダイヤモンド / ダイヤモンドエレクトリック製品 / ダイヤモンドエレクトリックHD,9.0,電機・精密,,
67010,６７０１０,日本電気,NEC / 日本電気 / バリュースター / ラヴィ / VersaPro / Mate / Aterm / Express5800 / iPASOLINK,9.0,電機・精密,,
67020,６７０２０,富士通,富士通 / FMV / ScanSnap / Lifebook / ESPRIMO / PRIMERGY / SPARC / Arrows,9.0,電機・精密,,
67030,６７０３０,沖電気工業,沖電気工業 / OKI / OKIデータ / OKIプリンター / OKIネットワーク / OKIセミコンダクター / OKI通信システム / OKIエレクトロニクス / OKIソリューション / 沖電気,9.0,電機・精密,,
67060,６７０６０,電気興業,,9.0,電機・精密,,
67070,６７０７０,サンケン電気,サンケン電気 / サンケン / Sanken / SK / サンケンパワー / サンケンテクノロジー / サンケンインバーター / サンケンコンバーター / サンケンLED,9.0,電機・精密,,
67180,６７１８０,アイホン,アイホン / アイホン株式会社 / AIPHONE / アイホンインターホン / アイホンドアホン / アイホンセキュリティ / アイホンシステム / アイホンコミュニケーション / アイホン製品,9.0,電機・精密,,
67230,６７２３０,ルネサスエレクトロニクス,ルネサスエレクトロニクス / ルネサス / Renesas / RXシリーズ / RAシリーズ / RL78シリーズ / RZシリーズ / Synergyプラットフォーム / Renesas Synergy,9.0,電機・精密,,
67240,６７２４０,セイコーエプソン,セイコーエプソン / エプソン / EPSON / カラリオ / オフィリオ / スマートキャンバス / プリンタ / プロジェクター / スキャナー,9.0,電機・精密,,
67270,６７２７０,ワコム,ワコム / Wacom / Intuos / Cintiq / Bamboo / One by Wacom / Wacom MobileStudio Pro / Wacom Pro Pen / Wacom Inkspace,9.0,電機・精密,,
67280,６７２８０,アルバック,アルバック / ULVAC / 真空技術 / 表面分析装置 / 薄膜製造装置 / スパッタリング装置 / コーティング装置,9.0,電機・精密,,
67300,６７３００,アクセル,アクセル / AXELL / アクセル株式会社 / AXIP / AX-Motion / AX-Drive / AX-Graphics / AX-Engine / AX-Compute,9.0,電機・精密,,
67370,６７３７０,ＥＩＺＯ,EIZO / エイゾー / FlexScan / ColorEdge / FORIS / RadiForce / DuraVision / CuratOR / Raptor,9.0,電機・精密,,
67400,６７４００,ジャパンディスプレイ,ジャパンディスプレイ / JDI / WhiteMagic / FULL ACTIVE / Pixel Eyes / LTPS / IPS-NEO / Rælclear / Xbright,9.0,電機・精密,,
67410,６７４１０,日本信号,日本信号 / 6741 / JNS / 信号機 / 鉄道システム / 自動改札機 / 駐車場システム / セキュリティシステム / 信号制御装置 / 交通管理システム,9.0,電機・精密,,
67420,６７４２０,京三製作所,京三製作所 / 京三 / 京三トランスミッション / 京三信号機 / 京三電機 / 京三システム / 京三エンジニアリング / 京三テクノロジー,9.0,電機・精密,,
67440,６７４４０,能美防災,能美防災 / NOMURA FIRE / NOMURA FIRE PROTECTION / NOMURA SYSTEM / NOMURA SAFETY / NOMURA TECHNOLOGY / NOMURA SOLUTIONS / NOMURA PRODUCTS,9.0,電機・精密,,
67450,６７４５０,ホーチキ,ホーチキ / HOC / 自動火災報知設備 / 火災報知器 / 防災システム / 火災警報器 / 消防設備 / 防災機器 / 火災探知機,9.0,電機・精密,,
67500,６７５００,エレコム,エレコム / ELECOM / エレコムダイレクトショップ / ELECOM Wi-Fi / エレコムモバイルバッテリー / エレコムマウス / エレコムキーボード / エレコムイヤホン / エレコムルーター,9.0,電機・精密,,
67520,６７５２０,パナソニック　ホールディングス,パナソニック / Panasonic / パナソニックホールディングス / ナショナル / VIERA / LUMIX / Let's note / eneloop / Gopan / パナソニック　 / パナソニック　HD,9.0,電機・精密,,
67530,６７５３０,シャープ,シャープ / AQUOS / RoBoHoN / Plasmacluster / Cocorobo / Mebius / Galapagos / J-Phone / Papyrus,9.0,電機・精密,,
67540,６７５４０,アンリツ,アンリツ / Anritsu / MD8475A / MT8820C / MS2830A / Signal Analyzer / Network Master / Radio Communication Analyzer / Spectrum Analyzer,9.0,電機・精密,,
67550,６７５５０,富士通ゼネラル,ノクリア / nocria / ゼネラル / General / エアコン / 空調機器 / FUJITSU GENERAL,9.0,電機・精密,,
67580,６７５８０,ソニーグループ,ソニー / ソニーグループ / プレイステーション / ウォークマン / ブラビア / α（アルファ） / サイバーショット / VAIO（バイオ） / Xperia（エクスペリア） / ソニーG,9.0,電機・精密,,
67620,６７６２０,ＴＤＫ,ＴＤＫ / TDKラムダ / TDK Life on Record / TDKコンポーネント / TDKエレクトロニクス / TDKセラミック / TDKマグネティクス / TDKオートモーティブ / TDKセンサーズ,9.0,電機・精密,,
67630,６７６３０,帝国通信工業,帝国通信,9.0,電機・精密,,
67680,６７６８０,タムラ製作所,タムラ製作所 / タムラ / Tamura / タムラ電子 / タムラトランス / タムラコンポーネント / タムラオーディオ / タムラエレクトロニクス / タムラテクノロジー,9.0,電機・精密,,
67700,６７７００,アルプスアルパイン,アルプスアルパイン / アルプス / Alpineブランド / ALPS / Alpine Electronics / ALPINE STYLE / Alpine F#1 Status / Alpine Halo,9.0,電機・精密,,
67790,６７７９０,日本電波工業,日本電波工業 / 日本電波 / ND / 水晶デバイス / 水晶振動子 / 水晶発振器 / フィルタ / タイミングデバイス,9.0,電機・精密,,
67850,６７８５０,鈴木,,9.0,電機・精密,,
67870,６７８７０,メイコー,メイコー / MEIKO / メイコーエレクトロニクス / メイコーPCB / メイコーグループ / メイコー製品 / メイコーブランド,9.0,電機・精密,,
67880,６７８８０,日本トリム,日本トリム / TRIM / 電解水素水整水器 / トリムイオン / トリムウォーター / トリムボトル / トリムフィルター / トリムサーバー / トリムエコ,9.0,電機・精密,,
67940,６７９４０,フォスター電機,フォスター電機 / Foster / フォスター / FOSTEX / フォステクス / フォスターグループ / フォスターオーディオ / フォスターエレクトロニクス / フォスターサウンド,9.0,電機・精密,,
67980,６７９８０,ＳＭＫ,,9.0,電機・精密,,
68000,６８０００,ヨコオ,,9.0,電機・精密,,
68040,６８０４０,ホシデン,ホシデン / HOSIDEN / ホシデン株式会社 / ホシデン電子 / ホシデン製品 / ホシデンブランド / HOSIDEN CORPORATION / ホシデンテクノロジー / ホシデンデバイス,9.0,電機・精密,,
68060,６８０６０,ヒロセ電機,ヒロセ電機 / ヒロセ / Hirose / コネクタ / HRS / DFシリーズ / FHシリーズ / HRシリーズ / U.FLシリーズ,9.0,電機・精密,,
68070,６８０７０,日本航空電子工業,日本航空電子工業 / JAE / コネクタ / 航空電子 / JAEコネクタ / JAEブランド / JAE製品 / JAEテクノロジー / JAEエレクトロニクス / 日本航空電子,9.0,電機・精密,,
68090,６８０９０,ＴＯＡ,,9.0,電機・精密,,
68100,６８１００,マクセル,マクセル / Maxell / マクセル電池 / マクセルテープ / マクセルディスク / マクセルプロジェクター / マクセルイヤホン / マクセルケーブル / マクセル充電器,9.0,電機・精密,,
68140,６８１４０,古野電気,古野電気 / FURUNO / フルノ / NAVnet / GPシリーズ / DRSシリーズ / TZtouch / FARシリーズ / FAXシリーズ,9.0,電機・精密,,
68170,６８１７０,スミダコーポレーション,,9.0,電機・精密,,
68200,６８２００,アイコム,,9.0,電機・精密,,
68230,６８２３０,リオン,リオン / リオン株式会社 / RION / サウンドレベルメーター / 振動計 / オーディオアナライザー / 集音器 / 補聴器 / 環境計測器,9.0,電機・精密,,
68410,６８４１０,横河電機,横河電機 / YOKOGAWA / YOKOGAWA Electric / CENTUM / ProSafe / OpreX / DPharp / YS1000 / YHC / 横河,9.0,電機・精密,,
68440,６８４４０,新電元工業,新電元工業 / 新電元 / SHINDENGEN / パワー半導体 / EV充電器 / 電源ソリューション,9.0,電機・精密,,
68450,６８４５０,アズビル,アズビル / azbil / 山武 / savic-net / Actival / Harmonas / Neosys / Valstaff / Smart Valve,9.0,電機・精密,,
68490,６８４９０,日本光電工業,日本光電工業 / 日本光電 / Nihon Kohden / パルスオキシメーター / AED / 生体情報モニター / 心電計 / 脳波計 / デフィブリレーター,9.0,電機・精密,,
68500,６８５００,チノー,,9.0,電機・精密,,
68550,６８５５０,日本電子材料,日本電子材料 / JEM / 日本電子 / JEMCO / プローブカード / テストソケット / JEMブランド / JEM製品,9.0,電機・精密,,
68560,６８５６０,堀場製作所,堀場製作所 / HORIBA / HORIBAグループ / HORIBAテクノサービス / HORIBAインスツルメンツ / HORIBAアドバンスドテクノロジー / HORIBAメディカル / HORIBAサイエンス / HORIBAオートモーティブ / 堀場,9.0,電機・精密,,
68570,６８５７０,アドバンテスト,アドバンテスト / Advantest / V93000 / T2000 / EVA100 / MPT3000 / TAS7500 / T5503 / T5830,9.0,電機・精密,,
68590,６８５９０,エスペック,エスペック / ESPEC / 恒温恒湿器 / 環境試験装置 / プラズマクリーナー / バッテリー試験装置 / 冷熱衝撃試験装置 / 信頼性試験装置 / クリーンオーブン,9.0,電機・精密,,
68610,６８６１０,キーエンス,キーエンス / 6861 / KEYENCE / KVシリーズ / IVシリーズ / SRシリーズ / CAシリーズ / FDシリーズ / GTシリーズ / LJシリーズ,9.0,電機・精密,,
68660,６８６６０,日置電機,日置電機 / HIOKI / 日置 / クランプメーター / 電力計 / 絶縁抵抗計 / デジタルマルチメーター / メモリハイコーダ / 電圧計,9.0,電機・精密,,
68690,６８６９０,シスメックス,シスメックス / 6869 / Sysmex / シスメックス株式会社 / XNシリーズ / UNシリーズ / CSシリーズ / HISCL / ポケットケム / スタックス,9.0,電機・精密,,
68710,６８７１０,日本マイクロニクス,,9.0,電機・精密,,
68750,６８７５０,メガチップス,,9.0,電機・精密,,
68770,６８７７０,ＯＢＡＲＡ　ＧＲＯＵＰ,,9.0,電機・精密,,
68790,６８７９０,ＩＭＡＧＩＣＡ　ＧＲＯＵＰ,,10.0,情報通信・サービスその他,,
69020,６９０２０,デンソー,デンソー / DENSO / デンソーテクノ / デンソーウェーブ / デンソーエアコン / デンソーラジエーター / デンソーセンサー / デンソーECU / デンソースパークプラグ,6.0,自動車・輸送機,,
69050,６９０５０,コーセル,コーセル / COSEL / コーセル株式会社 / スイッチング電源 / ノイズフィルタ / EMIフィルタ / AC-DCコンバータ,9.0,電機・精密,,
69080,６９０８０,イリソ電子工業,イリソ電子工業 / イリソ / IRISO / コネクタ / ボード・ツー・ボードコネクタ / FPCコネクタ / 車載用コネクタ / 電子部品 / 接続ソリューション / イリソ電子,9.0,電機・精密,,
69140,６９１４０,オプテックスグループ,オプテックスグループ / OPTEX / オプテックス / REDSCAN / OVSシリーズ / OAシリーズ / VXSシリーズ / RLSシリーズ / BGSシリーズ / オプテックスG,9.0,電機・精密,,
69150,６９１５０,千代田インテグレ,千代田インテグレ / 千代田 / インテグレ / CI / Chiyoda Integre / インテグレ製品 / 千代田ブランド / CI製品 / 千代田インテグレ製品,9.0,電機・精密,,
69200,６９２００,レーザーテック,レーザーテック / LST / レーザーテック株式会社 / マスクブランクス / レチクル検査装置 / ウェーハ検査装置 / マスク検査装置 / レーザー技術,9.0,電機・精密,,
69230,６９２３０,スタンレー電気,スタンレー電気 / スタンレー / Stanley / スタンレーランプ / スタンレーライト,9.0,電機・精密,,
69250,６９２５０,ウシオ電機,ウシオ電機 / ウシオ / Ushio / Care222 / Zylight / Christie / Xenon / Super High Pressure UV Lamps / Epitex,9.0,電機・精密,,
69290,６９２９０,日本セラミック,,9.0,電機・精密,,
69370,６９３７０,古河電池,古河電池 / FB / Super Battery / FCP（古河キャパシタパワー） / FCM（古河キャパシタモジュール） / ECHNO / FURUKAWA BATTERY / FBバッテリー / 古河電池株式会社,9.0,電機・精密,,
69410,６９４１０,山一電機,山一,9.0,電機・精密,,
69470,６９４７０,図研,図研 / CR-5000 / CR-8000 / Design Force / Design Gateway / Board Viewer / DS-CR / Visual BOM / eParts Manager,9.0,電機・精密,,
69510,６９５１０,日本電子,,9.0,電機・精密,,
69520,６９５２０,カシオ計算機,カシオ / カシオ計算機 / G-SHOCK / BABY-G / PRO TREK / EDIFICE / OCEANUS / CASIO fx / Privia,9.0,電機・精密,,
69540,６９５４０,ファナック,ファナック / FANUC / 6954 / ロボット / CNC / ロボマシン / ロボドリル / ロボショット / ロボカット / ファナックロボット,9.0,電機・精密,,
69580,６９５８０,日本シイエムケイ,日本シイエムケイ / CMK / シイエムケイ / CMK Corporation / フレキシブル基板 / 高密度実装基板 / 電子部品,9.0,電機・精密,,
69610,６９６１０,エンプラス,,9.0,電機・精密,,
69620,６９６２０,大真空,,9.0,電機・精密,,
69630,６９６３０,ローム,ローム / ROHM / LSI / パワーデバイス / SiCデバイス / オペアンプ / パワーIC,9.0,電機・精密,,
69650,６９６５０,浜松ホトニクス,浜松ホトニクス / 浜ホト / Hamamatsu Photonics / 光センサー / フォトダイオード / 光電子増倍管 / CCDカメラ / 光計測機器 / 光学デバイス,9.0,電機・精密,,
69660,６９６６０,三井ハイテック,三井ハイテック / MHT / 三井ハイテックモーター / 三井ハイテック金型 / 三井ハイテック電子部品 / 三井ハイテック精密加工 / 三井ハイテック電動車 / 三井ハイテックインバータ / 三井ハイテックパワーエレクトロニクス,9.0,電機・精密,,
69670,６９６７０,新光電気工業,新光電気工業 / 新光電気 / SEH / Shin-Etsu Handotai / Shin-Etsu Chemical / Shin-Etsu Group / Shin-Etsu Electronics,,,,
69710,６９７１０,京セラ,京セラ / 6971 / KYOCERA / 京セラドーム / 京セラソーラー / 京セラプリンター / 京セラ携帯 / 京セラセラミックナイフ / 京セラファインセラミックス,9.0,電機・精密,,
69760,６９７６０,太陽誘電,太陽誘電 / TAIYO YUDEN / タイヨウユウデン / TY / EOMIN / EOMINシリーズ / EOMIN Capacitors / Supercapacitors / Multilayer Ceramic Capacitors,9.0,電機・精密,,
69810,６９８１０,村田製作所,村田製作所 / 6981 / ムラタ / Murata / Murata Manufacturing / GRシリーズ / Murata Boy / Murata Girl / Murata Power Inductor / Murata Ceramic Capacitor / 村田,9.0,電機・精密,,
69860,６９８６０,双葉電子工業,双葉電子工業 / 双葉電子 / Futaba / FUTABA RC / T7PX / T10J / S-FHSS / T-FHSS,9.0,電機・精密,,
69880,６９８８０,日東電工,日東電工 / Nitto / ニットー / ニットーレンズ / ニットーテープ / ニットーフィルム / ニットーマスク / ニットーバリア / ニットーシール,4.0,素材・化学,,
69950,６９９５０,東海理化電機製作所,東海理化 / 東海理化電機 / TOKAI RIKA / スマートキー / ステアリングスイッチ / シフター / セーフティシステム,6.0,自動車・輸送機,,
69960,６９９６０,ニチコン,ニチコン / EV用充電器 / エナジーデバイス / エコキャップ / フィルムコンデンサ / ニチコン株式会社,9.0,電機・精密,,
69970,６９９７０,日本ケミコン,日本ケミコン / 日ケミ / Nippon Chemi-Con / NCC / ケミコン / KEMET (関連会社のブランド) / UCC (United Chemi-Con),9.0,電機・精密,,
69990,６９９９０,ＫＯＡ,ＫＯＡ / KOA株式会社 / KOA / チップ抵抗 / サーミスタ / 電流センサ / ヒューズ / 抵抗器 / 電子部品メーカー,9.0,電機・精密,,
70030,７００３０,三井Ｅ＆Ｓ,三井Ｅ＆Ｓ / MES / 三井造船 / 三井E&Sホールディングス / 三井E&Sエンジニアリング / 三井E&Sマシナリー / 三井E&Sシステム技研 / 三井E&S造船 / 三井E&Sテクノサービス / 三井E&Sパワーシステムズ,8.0,機械,,
70040,７００４０,カナデビア,,8.0,機械,,
70110,７０１１０,三菱重工業,三菱重工業 / 7011 / MHI / 三菱重工 / パワーシステム / MRJ / H-IIAロケット / ダイヤモンドプリンセス / 三菱重,8.0,機械,,
70120,７０１２０,川崎重工業,川崎重工業 / 川重 / カワサキ / Kawasaki / Ninja / バルカン / ジェットスキー / ヘリコプター / 川崎重,6.0,自動車・輸送機,,
70130,７０１３０,ＩＨＩ,IHI / 7013 / 石川島播磨重工業 / ターボチャージャー / ボイラー / タービン / プラント / インフラ,8.0,機械,,
70140,７０１４０,名村造船所,名村造船所 / 名村 / 名村造 / Namura / 造船所 / 船舶 / 名村ドック / 名村シップ,6.0,自動車・輸送機,,
70330,７０３３０,マネジメントソリューションズ,,10.0,情報通信・サービスその他,,
70340,７０３４０,プロレド・パートナーズ,プロレド・パートナーズ / プロレド / PRORED / プロレドパートナーズ / プロレド・グループ / コスト削減コンサル / プロレドAI / プロレド・ソリューション / プロレド・サービス,10.0,情報通信・サービスその他,,
70380,７０３８０,フロンティア・マネジメント,,10.0,情報通信・サービスその他,,
70710,７０７１０,アンビスホールディングス,アンビス / アンビスHD,10.0,情報通信・サービスその他,,
70850,７０８５０,カーブスホールディングス,カーブスホールディングス / 7085 / カーブス / Curves / Curves Japan / カーブスジャパン / カーブスフィットネス / カーブスジム / ウィメンズフィットネス / 女性専用フィットネス / カーブスHD,10.0,情報通信・サービスその他,,
70880,７０８８０,フォーラムエンジニアリング,フォーラムエンジニアリング / フォーラム / フォーラムエンジ / FE / フォーラムエンジニアリング株式会社 / フォーラムエンジニア / フォーラムエンジニアリンググループ / フォーラムエンジニアリング製品 / フォーラムエンジニアリングブランド,10.0,情報通信・サービスその他,,
70920,７０９２０,Ｆａｓｔ　Ｆｉｔｎｅｓｓ　Ｊａｐａｎ,,10.0,情報通信・サービスその他,,
70950,７０９５０,Ｍａｃｂｅｅ　Ｐｌａｎｅｔ,,10.0,情報通信・サービスその他,,
71020,７１０２０,日本車輌製造,日本車輌製造 / 日車 / 日本車輌 / 日車製 / 日本車輌製造株式会社 / NIPPON SHARYO / N-SHARYO / キハ / モハ,6.0,自動車・輸送機,,
71050,７１０５０,三菱ロジスネクスト,三菱ロジスネクスト / ロジスネクスト / 三菱フォークリフト / ユニキャリア / ロジスネクストユニキャリア / ロジスネクストニチユ / 三菱重工フォークリフト / M-Forklift,6.0,自動車・輸送機,,
71280,７１２８０,フルサト・マルカホールディングス,フルサト・マルカ / フルサト・マルカHD,13.0,商社・卸売,,
71300,７１３００,ヤマエグループホールディングス,ヤマエグループホールディングス / ヤマエ / ヤマエHD / ヤマエグループ / YGH / ヤマエホールディングス / ヤマエグループHD / ヤマエGHD / ヤマエブランド,13.0,商社・卸売,,
71480,７１４８０,ＦＰＧ,FPG / エフピージー / フィナンシャル・プロダクト・グループ / FPG証券 / FPGリース / FPG航空機ファンド / FPG不動産 / FPGタックスソリューション / FPGアセットマネジメント,16.0,金融（除く銀行）,,
71640,７１６４０,全国保証,全国保証 / 全国保証株式会社 / Zenkoku保証 / 全国保証サービス / 全国保証ローン / 全国保証住宅ローン / 全国保証カード / 全国保証サポート / 全国保証プラン,16.0,金融（除く銀行）,,
71670,７１６７０,めぶきフィナンシャルグループ,めぶきフィナンシャルグループ / めぶきFG / めぶき / Mebuki / 常陽銀行 / 足利銀行 / Joyo Bank / Ashikaga Bank / Mebuki Card / めぶきフィナンシャル / めぶきフィナンシャルG,15.0,銀行,,
71720,７１７２０,ジャパンインベストメントアドバイザー,ジャパンインベストメントアドバイザー / JIA / ジャパンインベストメント / ジャパンインベストメントアド / ジャパンアドバイザー / JIA証券 / JIAグループ / JIAファンド / ジャパンインベストメントファンド,16.0,金融（除く銀行）,,
71730,７１７３０,東京きらぼしフィナンシャルグループ,東京きらぼしフィナンシャルグループ / きらぼし銀行 / きらぼしFG / きらぼし証券 / きらぼしリース / きらぼしキャピタル / きらぼしアセットマネジメント / きらぼしコンサルティング / きらぼしカード / 東京きらぼしフィナンシャル / 東京きらぼしフィナンシャルG,15.0,銀行,,
71800,７１８００,九州フィナンシャルグループ,九州FG / 九州フィナンシャル / 7180 / 九州フィナンシャルグループ / きゅうしゅうフィナンシャル / KFG / きゅうしゅうFG / きゅうしゅうフィナンシャルグループ / 九州FG証券 / 九州FG銀行 / 九州フィナンシャルG,15.0,銀行,,
71810,７１８１０,かんぽ生命保険,かんぽ / かんぽ生命保険 / かんぽの宿 / かんぽの保険 / かんぽの年金 / かんぽの学資保険 / かんぽの医療保険 / かんぽの終身保険,16.0,金融（除く銀行）,,
71820,７１８２０,ゆうちょ銀行,ゆうちょ / JPゆうちょ / ゆうちょダイレクト / ゆうちょPay / ゆうちょATM / ゆうちょ投信 / ゆうちょカード / ゆうちょ口座,15.0,銀行,,
71840,７１８４０,富山第一銀行,富山第一銀行 / 富一 / TOYAMA FIRST BANK / TFB / だいちバンク / 富山第一 / 第一銀行 / 富山第一フィナンシャルグループ / 富一バンク,15.0,銀行,,
71860,７１８６０,コンコルディア・フィナンシャルグループ,コンコルディア・フィナンシャルグループ / CFG / コンコルディア / 横浜銀行 / 東日本銀行 / 横銀 / 東銀 / コンコルディアFG / コンコルディアグループ / コンコルディア・フィナンシャル / コンコルディア・フィナンシャルG,15.0,銀行,,
71870,７１８７０,ジェイリース,"Jリース / JLease

これらは一般的な例であり、実際の使用状況については最新の情報をご確認ください。 / ジェイ",16.0,金融（除く銀行）,,
71890,７１８９０,西日本フィナンシャルホールディングス,西日本フィナンシャル / 西日本フィナンシャルHD,15.0,銀行,,
71980,７１９８０,ＳＢＩアルヒ,"SBI / アルヒ / SBIホールディングス / ARUHI / SBIグループ / アルヒ住宅ローン / SBI住宅ローン / アルヒネット

これらは一般",16.0,金融（除く銀行）,,
71990,７１９９０,プレミアグループ,プレミアグループ / プレミア / プレミアファイナンス / プレミアレンディング / プレミアカード / プレミアローン / プレミアサービス / プレミアサポート / プレミアソリューションズ / プレミアG,16.0,金融（除く銀行）,,
72010,７２０１０,日産自動車,日産自動車 / 7201 / NISSAN / ノート / セレナ / エクストレイル / スカイライン / フェアレディZ / リーフ,6.0,自動車・輸送機,,
72020,７２０２０,いすゞ自動車,いすゞ自動車 / いすゞ / ISUZU / エルフ / ギガ / フォワード / ジェミニ / ビークロス / トルーパー,6.0,自動車・輸送機,,
72030,７２０３０,トヨタ自動車,トヨタ / トヨタ自動車 / 7203 / トヨタ車 / レクサス / プリウス / カローラ / ハイエース / ランドクルーザー / クラウン,6.0,自動車・輸送機,,
72050,７２０５０,日野自動車,日野自動車 / 日野 / HINO / デュトロ / プロフィア / レンジャー / ポンチョ / セレガ / ブルーリボン,6.0,自動車・輸送機,,
72110,７２１１０,三菱自動車工業,三菱自動車工業 / 三菱自動車 / パジェロ / アウトランダー / エクリプスクロス / デリカ / ミラージュ / RVR,6.0,自動車・輸送機,,
72200,７２２００,武蔵精密工業,武蔵精密工業 / 武蔵 / Musashi / ムサシ / ムサシセイミツ / Musashi Seimitsu / Musashi Group / Musashiブランド / Musashi製品 / 武蔵精密,6.0,自動車・輸送機,,
72220,７２２２０,日産車体,日産車体 / Nissan / NV200 / キャラバン / NV350 / パラメディック / アトラス / ピックアップ,6.0,自動車・輸送機,,
72240,７２２４０,新明和工業,新明和工業 / 新明和 / ShinMaywa / US-2 / ロータス / アクアライナー / パッカー車 / コンパクトバス / スカイウェーブ,6.0,自動車・輸送機,,
72260,７２２６０,極東開発工業,極東開発工業 / 極東 / 極東開発 / 極東工業 / 極東製品 / ミキサー車 / 特装車 / 環境機器,6.0,自動車・輸送機,,
72310,７２３１０,トピー工業,"TOPY / トピーグループ

具体的な製品 / トピー",6.0,自動車・輸送機,,
72360,７２３６０,ティラド,ティラド / TIRAD / ラジエーター / ヒーターコア / オイルクーラー / EGRクーラー / インタークーラー / 熱交換器,6.0,自動車・輸送機,,
72380,７２３８０,曙ブレーキ工業,曙ブレーキ工業 / 曙ブレーキ / Akebono / Akebono Brake / Akebono Performance / ProACT / EURO / ACT,6.0,自動車・輸送機,,
72390,７２３９０,タチエス,タチエス / TACHI-S / タチエスシート / タチエス製品 / TACHI-Sブランド / TACHI-Sシート / タチエスホールディングス / タチエスグループ / タチエス株式会社,6.0,自動車・輸送機,,
72400,７２４００,ＮＯＫ,,6.0,自動車・輸送機,,
72410,７２４１０,フタバ産業,フタバ産業 / フタバ / FUTABA INDUSTRIAL / フタバマフラー / フタバエキゾースト / FUTABA EXHAUST / フタバテクノロジー / FUTABA TECHNOLOGY,6.0,自動車・輸送機,,
72420,７２４２０,カヤバ,カヤバ / KYB / カヤバ工業 / カヤバショック / NewSR / Excel-G / AGX / Lowfer Sports / Ultra SR,6.0,自動車・輸送機,,
72440,７２４４０,市光工業,市光工業 / 市光 / Ichikoh / ミラー / 照明システム,9.0,電機・精密,,
72450,７２４５０,大同メタル工業,大同メタル工業 / 大同メタル / DAIHO METAL / メタルベアリング / ダイメタル / メタル工業,6.0,自動車・輸送機,,
72460,７２４６０,プレス工業,プレス工業 / プレス / プレス工 / プレス工業株式会社 / プレス工業グループ / プレス工業製品 / プレス工業ブランド / プレス工業トラック部品 / プレス工業エンジン部品,6.0,自動車・輸送機,,
72500,７２５００,太平洋工業,太平洋,6.0,自動車・輸送機,,
72590,７２５９０,アイシン,アイシン / アイシン精機 / アイシンAW / アイシンAI / アイシンシステムズ / アイシンエーアイ / アイシンテクノ / アイシンエンジン / アイシンシート,6.0,自動車・輸送機,,
72610,７２６１０,マツダ,マツダ / 7261 / MAZDA / アテンザ / デミオ / CX-5 / RX-7 / スカイアクティブ / アクセラ,6.0,自動車・輸送機,,
72670,７２６７０,本田技研工業,本田技研工業 / Honda / アコード / シビック / CR-V / N-BOX / スーパーカブ / ゴールドウイング / 本田技研,6.0,自動車・輸送機,,
72690,７２６９０,スズキ,スズキ / 7269 / スズキ自動車 / スイフト / アルト / ワゴンR / ジムニー / ハスラー / スペーシア / エスクード,6.0,自動車・輸送機,,
72700,７２７００,ＳＵＢＡＲＵ,スバル / SUBARU / レガシィ / インプレッサ / フォレスター / アウトバック / WRX / XV / BRZ,6.0,自動車・輸送機,,
72720,７２７２０,ヤマハ発動機,YAMAHA / MTシリーズ / YZFシリーズ / NMAX / TMAX / トリシティ / マジェスティ,6.0,自動車・輸送機,,
72760,７２７６０,小糸製作所,小糸製作所 / KOITO / 小糸 / 小糸グループ / 小糸ランプ / 小糸ライト / 小糸ヘッドランプ / 小糸テールランプ / 小糸LED,9.0,電機・精密,,
72780,７２７８０,エクセディ,エクセディ / EXEDY / クラッチ / トルクコンバータ / ダンパー / フライホイール / クラッチブースター,6.0,自動車・輸送機,,
72800,７２８００,ミツバ,ミツバ / MITSUBA / ミツバグループ / ミツバ製品 / ミツバモーター / ミツバ電装 / ミツバテクノロジー / ミツバブランド / ミツバパーツ,9.0,電機・精密,,
72820,７２８２０,豊田合成,豊田合成 / トヨタ合成 / TOYODA GOSEI / ウェザーストリップ / ラジエーターグリル / オプティカルレンズ,6.0,自動車・輸送機,,
72830,７２８３０,愛三工業,愛三工業 / AISAN / Aisan Industry / フューエルポンプ / エンジン部品 / 燃料供給システム / AISIN / Aisan Group / 愛三,6.0,自動車・輸送機,,
72940,７２９４０,ヨロズ,ヨロズ / ヨロズ株式会社 / Yorozu / ヨロズサスペンション / ヨロズアフターマーケット / ヨロズテクノロジー / ヨロズエンジニアリング / ヨロズパーツ / ヨロズインダストリー,6.0,自動車・輸送機,,
72960,７２９６０,エフ・シー・シー,エフ・シー・シー / FCC / クラッチ / バイク部品 / クラッチプレート,6.0,自動車・輸送機,,
73090,７３０９０,シマノ,シマノ / SHIMANO / デュラエース / アルテグラ / 105 / シマノステップス / シマノフィッシング / シマノバイシクルコンポーネンツ / シマノスポーツカメラ,6.0,自動車・輸送機,,
73130,７３１３０,テイ・エス　テック,テイ・エス テック / TSテック / TS TECH / テイエステック / シートメーカー / 自動車シート / 内装部品 / TSシート / テイエスブランド,6.0,自動車・輸送機,,
73220,７３２２０,三十三フィナンシャルグループ,三十三フィナンシャル / 三十三フィナンシャルG,15.0,銀行,,
73270,７３２７０,第四北越フィナンシャルグループ,第四北越フィナンシャルグループ / 第四北越FG / 北越FG / 第四北越 / だいしほくえつ / だいしほくえつFG / だいしFG / ほくえつFG / だいしほくえつフィナンシャル / 第四北越フィナンシャル / 第四北越フィナンシャルG,15.0,銀行,,
73370,７３３７０,ひろぎんホールディングス,ひろぎん / ひろぎんHD / 広島銀行 / ひろぎん証券 / ひろぎんリース / ひろぎんキャピタル / ひろぎんカード / ひろぎん保険 / ひろぎんアセットマネジメント,15.0,銀行,,
73500,７３５００,おきなわフィナンシャルグループ,おきなわフィナンシャル / おきなわフィナンシャルG,15.0,銀行,,
73540,７３５４０,ダイレクトマーケティングミックス,,10.0,情報通信・サービスその他,,
73580,７３５８０,ポピンズ,,10.0,情報通信・サービスその他,,
73660,７３６６０,ＬＩＴＡＬＩＣＯ,LITALICO / リタリコ / LITALICOワークス / LITALICOジュニア / LITALICO発達ナビ / LITALICO仕事ナビ / LITALICOキャリア / LITALICOワンダー / LITALICOライフ,10.0,情報通信・サービスその他,,
73800,７３８００,十六フィナンシャルグループ,十六フィナンシャル / 十六フィナンシャルG,15.0,銀行,,
73810,７３８１０,北國フィナンシャルホールディングス,北國フィナンシャル / 北國フィナンシャルHD,15.0,銀行,,
73830,７３８３０,ネットプロテクションズホールディングス,ネットプロテクションズホールディングス / NPホールディングス / NPHD / NP後払い / NP掛け払い / NPカード / NPポイント / NPスマートペイ / NPコネクト / NPペイメント / ネットプロテクションズ / ネットプロテクションズHD,16.0,金融（除く銀行）,,
73840,７３８４０,プロクレアホールディングス,プロクレア / プロクレアHD,15.0,銀行,,
73880,７３８８０,ＦＰパートナー,FPパートナー / ファイナンシャルプランナー / FP / FPパートナー証券 / FPパートナー株式会社 / FPパートナーサービス / FPパートナーアドバイザー / FPパートナーコンサルティング / FPパートナーサポート,16.0,金融（除く銀行）,,
73890,７３８９０,あいちフィナンシャルグループ,あいちフィナンシャル / あいちフィナンシャルG,15.0,銀行,,
74080,７４０８０,ジャムコ,ジャムコ / JAMCO / 航空機内装品 / ギャレー / ラバトリー / プレミアムシート / エンジニアリングサービス / 航空機整備 / 航空機部品,6.0,自動車・輸送機,,
74140,７４１４０,小野建,,13.0,商社・卸売,,
74190,７４１９０,ノジマ,ノジマ / Nojima / ノジマオンライン / ノジマモバイル / ノジマ電気 / エコノジマ / ノジマポイント / ノジマカード / ノジマサポート,14.0,小売,,
74200,７４２００,佐鳥電機,佐鳥 / サトリ / サトリ電機 / 佐鳥D / 742,13.0,商社・卸売,,
74210,７４２１０,カッパ・クリエイト,カッパ・クリエイト / かっぱ / かっぱクリエイト / かっぱ寿司チェーン / かっぱ寿司グループ / カッパ / カッパ寿司 / Kappa Sushi,14.0,小売,,
74330,７４３３０,伯東,伯東 / 7433 / Hakuto / ハクトウ / HAKUTO / HAKUTO Electronics / HAKUTO Corporation / HAKUTO Group / HAKUTO Trading / HAKUTO Technology,13.0,商社・卸売,,
74380,７４３８０,コンドーテック,コンドーテック / KONDO / コンドー / コンドーテック株式会社 / コンドーテック製品 / KONDO TECH / コンドーテックブランド / コンドーテック製造 / コンドーテック商品,13.0,商社・卸売,,
74470,７４４７０,ナガイレーベン,ナガイレーベン / ナガイ / NAGAILEBEN / 医療用ユニフォーム / ナースウェア / メディカルウェア / 白衣 / 医療衣料 / ナガイブランド,13.0,商社・卸売,,
74510,７４５１０,三菱食品,三菱食品 / 三菱フード / 三菱食 / M Foods / 三菱食品グループ / 食品事業 / 食品流通 / 食品卸,13.0,商社・卸売,,
74530,７４５３０,良品計画,良品計画 / 無印良品 / MUJI / MUJI passport / MUJI Labo / MUJI to GO / MUJI BOOKS / MUJI HOTEL / MUJI Diner,14.0,小売,,
74560,７４５６０,松田産業,松田,13.0,商社・卸売,,
74580,７４５８０,第一興商,第一興商 / DAM / ビッグエコー / LIVE DAM / DAM★とも / DAM CHANNEL / DAMとも / カラオケCLUB DAM,13.0,商社・卸売,,
74590,７４５９０,メディパルホールディングス,メディパルホールディングス / メディパル / MPホールディングス / メディセオ / パルタック / メディパック / メディファーム / メディカルパートナーズ / メディパルHD,13.0,商社・卸売,,
74630,７４６３０,アドヴァングループ,アドヴァン / アドヴァンG,14.0,小売,,
74660,７４６６０,ＳＰＫ,,13.0,商社・卸売,,
74670,７４６７０,萩原電気ホールディングス,萩原電気ホールディングス / 萩原電気 / Hagiwara Electric / Hagiwara Holdings / Hagiwara / Hagiwara Group / Hagiwara Electronics / Hagiwara Brand / 萩原電気HD,13.0,商社・卸売,,
74750,７４７５０,アルビス,,14.0,小売,,
74760,７４７６０,アズワン,アズワン / AS ONE / アズピュア / アズフィット / アズプロ / アズサポート / アズセーフ / アズクリーン / アズワンショップ,13.0,商社・卸売,,
74800,７４８００,スズデン,,13.0,商社・卸売,,
74820,７４８２０,シモジマ,シモジマ / HEIKO / ラッピング / 包装資材 / ギフト用品 / 店舗用品 / パッケージング / ショップバッグ / ディスプレイ用品,13.0,商社・卸売,,
74830,７４８３０,ドウシシャ,ドウシシャ / DOSHISHA / ドウシシャコーポレーション / DOSHISHA CORPORATION / mosh! / ルミナス / アイスデリ / ピエリア / ストレージボックス,13.0,商社・卸売,,
75040,７５０４０,高速,,13.0,商社・卸売,,
75080,７５０８０,Ｇ‐７ホールディングス,Ｇ‐７ / Ｇ‐７HD,14.0,小売,,
75100,７５１００,たけびし,たけびし / 竹菱 / TAKEX / たけびし電機 / 竹菱電機 / たけびしテクノロジー / 竹菱テクノロジー / たけびしソリューション / 竹菱ソリューション,13.0,商社・卸売,,
75120,７５１２０,イオン北海道,イオン北海道 / AEON / イオンスーパー / イオンラウンジ / イオンネットスーパー,14.0,小売,,
75130,７５１３０,コジマ,コジマ / コジマ電気 / Kojima / コジマネット / コジマ×ビックカメラ / コジマオリジナル / コジマセレクト / コジマカード / コジマアプリ,14.0,小売,,
75160,７５１６０,コーナン商事,コーナン商事 / コーナン / ホームセンターコーナン / コーナンPRO / コーナンオリジナル / コーナンセレクト / ライフレックス / スーパービバホーム / ビバホーム,14.0,小売,,
75180,７５１８０,ネットワンシステムズ,ネットワンシステムズ / ネットワン / Net One / NetOne Systems / NetOne / NetOneクラウド / NetOneセキュリティ / NetOneネットワーク / NetOneソリューション,,,,
75200,７５２００,エコス,エコス / エコスグループ / マルエイ / TAIRAYA / ECO'S / エコスストア / エコスカード / エコスネットスーパー / エコスプライベートブランド,14.0,小売,,
75220,７５２２０,ワタミ,ワタミ / 和民 / ミライザカ / 三代目鳥メロ / GOHAN / 炭旬 / TGIフライデーズ / 和み亭 / ワタミファーム,14.0,小売,,
75250,７５２５０,リックス,,13.0,商社・卸売,,
75270,７５２７０,システムソフト,,10.0,情報通信・サービスその他,,
75320,７５３２０,パン・パシフィック・インターナショナルホールディングス,パン・パシフィック・インターナショナルホールディングス / PPIH / ドンキホーテ / ドンキ / MEGAドンキ / ドイト / アピタ / ピアゴ / 長崎屋 / UDリテール / パン・パシフィック・インターナショナル / パン・パシフィック・インターナショナルHD,14.0,小売,,
75370,７５３７０,丸文,,13.0,商社・卸売,,
75450,７５４５０,西松屋チェーン,西松屋チェーン / 西松屋 / NISHIMATSUYA / Smart Angel / ELFINDOLL / Hot Biscuits / Mikihouse / Smart Angel Baby / Smart Angel Kids,14.0,小売,,
75500,７５５００,ゼンショーホールディングス,ゼンショーホールディングス / すき家 / なか卯 / ココス / ビッグボーイ / はま寿司 / 久兵衛屋 / 華屋与兵衛 / いちばん / ゼンショー / ゼンショーHD,14.0,小売,,
75520,７５５２０,ハピネット,ハピネット / ハピネットグループ / ハピネット・オンライン / ハピネット・トイズ / ハピネット・メディアマーケティング / ハピネット・ピクチャーズ / ハピネット・ゲームズ / ハピネット・エンターテインメント / ハピネット・ホビー,13.0,商社・卸売,,
75540,７５５４０,幸楽苑,幸楽苑 / 幸楽苑ホールディングス / 幸楽苑ラーメン / 幸楽苑餃子 / 幸楽苑チャーハン / 幸楽苑セット / 幸楽苑定食 / 幸楽苑メニュー / 幸楽苑店舗,14.0,小売,,
75700,７５７００,橋本総業ホールディングス,橋本総業 / 橋本総業HD,13.0,商社・卸売,,
75750,７５７５０,日本ライフライン,日本ライフライン / JLL / ライフライン / JLL製品 / JLLブランド / 日本ライフライン製品 / 日本ライフラインブランド / JLL医療機器 / 日本ライフライン医療機器,13.0,商社・卸売,,
75810,７５８１０,サイゼリヤ,サイゼリヤ / サイゼ / ミラノ風ドリア / ペペロンチーノ / ガーリックトースト / イタリアンワイン / フォッカチオ / マルゲリータピザ / ランブルスコ,14.0,小売,,
75900,７５９００,タカショー,タカショー / Takasho / ガーデンライフスタイル / エバーアートウッド / プライベートガーデン / ガーデンファニチャー / エクステリア / ガーデニング用品 / ランドスケープデザイン,13.0,商社・卸売,,
75930,７５９３０,ＶＴホールディングス,ＶＴ / ＶＴHD,14.0,小売,,
75950,７５９５０,アルゴグラフィックス,,10.0,情報通信・サービスその他,,
75960,７５９６０,魚力,魚力 / 魚力鮮魚 / 魚力寿司 / 魚力海鮮 / 魚力マーケット / 魚力デリカ / 魚力フードサービス / 魚力オンライン / 魚力直営店,14.0,小売,,
75990,７５９９０,ＩＤＯＭ,ＩＤＯＭ / ガリバー / Gulliver / ガリバーインターナショナル / ガリバーオート / ガリバー買取 / ガリバーフリマ / ガリバーアウトレット / ガリバーSUV専門店,13.0,商社・卸売,,
76000,７６０００,日本エム・ディ・エム,,9.0,電機・精密,,
76050,７６０５０,フジ・コーポレーション,フジ・コーポレーション / フジコーポ / タイヤ＆ホイール館フジ / フジスペシャルブランド / フジタイヤ / フジホイール / フジオート / フジオンライン / フジネットショップ,14.0,小売,,
76060,７６０６０,ユナイテッドアローズ,ユナイテッドアローズ / UA / ユナアロ / グリーンレーベルリラクシング / ビューティ&ユース / モンキータイム / オデット エ オディール / ジュエルチェンジズ / アナザーエディション,14.0,小売,,
76070,７６０７０,進和,,13.0,商社・卸売,,
76090,７６０９０,ダイトロン,,13.0,商社・卸売,,
76110,７６１１０,ハイデイ日高,ハイデイ日高 / 日高屋 / ラーメン日高 / 中華食堂日高 / 高菜ラーメン / チャーハン日高 / 日高餃子 / 日高セット / 日高定食,14.0,小売,,
76130,７６１３０,シークス,,13.0,商社・卸売,,
76160,７６１６０,コロワイド,コロワイド / 甘太郎 / ラパウザ / 牛角 / いろはにほへと / 三間堂 / かまどか,14.0,小売,,
76280,７６２８０,オーハシテクニカ,,13.0,商社・卸売,,
76300,７６３００,壱番屋,壱番屋 / カレーハウスCoCo壱番屋 / CoCo壱 / CoCo壱番 / CoCo壱カレー / CoCo壱番屋 / CoCo壱番屋カレー / CoCo壱番屋フード / CoCo壱番屋レストラン,14.0,小売,,
76370,７６３７０,白銅,白銅 / 白銅株式会社 / 銀行用金属製品 / 電子部品用材料 / 精密加工材料 / 銅合金製品 / アルミニウム製品 / ステンレス製品 / 特殊鋼製品,13.0,商社・卸売,,
76490,７６４９０,スギホールディングス,スギホールディングス / スギ薬局 / スギドラッグ / スギグループ / スギポイント / スギ調剤 / スギ薬品 / スギプラス / スギ健康サポート / スギ / スギHD,14.0,小売,,
76790,７６７９０,薬王堂ホールディングス,薬王堂 / 薬王堂HD,14.0,小売,,
76830,７６８３０,ダブルエー,,14.0,小売,,
77010,７７０１０,島津製作所,島津製作所 / 島津 / SHIMADZU / Tracera / Nexera / iMScope / MALDImini / UV-1900 / AIM-9000,9.0,電機・精密,,
77020,７７０２０,ＪＭＳ,,9.0,電機・精密,,
77150,７７１５０,長野計器,長野計器 / 圧力計 / 真空計 / デジタル圧力計 / 圧力センサ / 圧力スイッチ / 圧力トランスミッタ / 圧力校正器,9.0,電機・精密,,
77170,７７１７０,ブイ・テクノロジー,ブイ・テクノロジー / Vテク / V-Technology / VTech / Vテクノロジー / Vテック / Vテクノ / Vテクノロジーズ / Vテクノロジー株式会社,9.0,電機・精密,,
77180,７７１８０,スター精密,スター精密 / Star Micronics / TSPシリーズ / mC-Printシリーズ / SM-Lシリーズ / スターPOS / スター精密プリンター / スター精密レシートプリンター / スター精密カッター,8.0,機械,,
77210,７７２１０,東京計器,東京計器 / トーキョーケイキ / TKK計器 / NAVI-MATE / TKKコンパス / TKKジャイロ / TKKセンサー / TKKマリン,9.0,電機・精密,,
77230,７７２３０,愛知時計電機,愛知時計電機 / 愛知時計 / Aichi Tokei / ATC / Aichi Clock / ガスメーター / 水道メーター / 計測機器 / 時計,9.0,電機・精密,,
77250,７７２５０,インターアクション,インターアクション / INTERACTION / IA / インターアクション株式会社 / インタラクション / インター / インアク / インタ / インアクション,9.0,電機・精密,,
77290,７７２９０,東京精密,東京精密 / TOKYO SEIMITSU / TSK / Accretech / アクレーテク / Wafer Prober / Surface Texture Measuring Instruments / Semiconductor Manufacturing Equipment / Precision Measuring Instruments,9.0,電機・精密,,
77300,７７３００,マニー,,9.0,電機・精密,,
77310,７７３１０,ニコン,ニコン / 7731 / Nikon / NIKKOR / COOLPIX / Fマウント / NIKKOR Z / MONARCH,9.0,電機・精密,,
77320,７７３２０,トプコン,トプコン / トプコンソキア / トプコンポジショニング / トプコンメディカル / ソキア / トプコンテクノハウス / トプコンアイケア / トプコン3D / トプコンGPS,9.0,電機・精密,,
77330,７７３３０,オリンパス,オリンパス / OLYMPUS / OM-D / PEN / Zuiko / Tough / OM System / M.Zuiko / OM-1,9.0,電機・精密,,
77340,７７３４０,理研計器,理研計器 / RIKEN KEIKI / ガス検知器 / GXシリーズ / SDシリーズ / OXシリーズ / 気体分析計 / ポータブルガスモニター / 固定式ガス検知器,9.0,電機・精密,,
77350,７７３５０,ＳＣＲＥＥＮホールディングス,ＳＣＲＥＥＮホールディングス / ＳＣＲＥＥＮ / スクリーン / SCREEN / SPE（SCREEN Semiconductor Solutions） / FT（SCREEN Finetech Solutions） / GA（SCREEN Graphic Solutions） / PE（SCREEN PE Solutions） / Truepress / ＳＣＲＥＥＮHD,9.0,電機・精密,,
77390,７７３９０,キヤノン電子,キヤノン電子 / キヤノン / Canon / キヤノンプリンター / キヤノンカメラ / キヤノン複合機 / キヤノンプロジェクター / キヤノンイメージング / キヤノンオフィスソリューションズ,9.0,電機・精密,,
77400,７７４００,タムロン,タムロン / TAMRON / SPシリーズ / Diシリーズ / Di IIシリーズ / Di IIIシリーズ / 28-75mm F/2.8 / 17-28mm F/2.8 / 70-180mm F/2.8 / 18-300mm F/3.5-6.3,9.0,電機・精密,,
77410,７７４１０,ＨＯＹＡ,ＨＯＹＡ / 7741 / HOYA / アイシティ / HOYAビジョンケア / HOYAメディカル / HOYAライフケア / HOYAエレクトロニクス / HOYAフォトニクス / HOYAメガネ,9.0,電機・精密,,
77440,７７４４０,ノーリツ鋼機,ノーリツ鋼機 / ノーリツ / Noritsu / Noritsu Koki / QSS / EZ Controller / AccuSmart / DDP-621 / Green IV,9.0,電機・精密,,
77450,７７４５０,Ａ＆Ｄホロンホールディングス,Ａ＆Ｄホロン / Ａ＆ＤホロンHD,9.0,電機・精密,,
77470,７７４７０,朝日インテック,朝日インテック / Asahi Intecc / PTCAガイドワイヤー / Fielder / SION / ASAHI / Corsair / Caravel / Gladius,9.0,電機・精密,,
77510,７７５１０,キヤノン,キヤノン / 7751 / キャノン / i-SENSYS / IXUS / SELPHY,9.0,電機・精密,,
77520,７７５２０,リコー,RICOH / IMAGIO / GR / THETA / PJ / GELJET / IPSiO / SAVIN,9.0,電機・精密,,
77620,７７６２０,シチズン時計,シチズン時計 / シチズン / CITIZEN / アテッサ / プロマスター / エクシード / クロスシー / カンパノラ / レグノ,9.0,電機・精密,,
77800,７７８００,メニコン,メニコン / メニコンZ / メニコンプレミオ / メニコンワンデー / メニコンティニュー / メニコンフィット / メニコンソフト / メニコンO2 / メニコンアイスト / メニコンケア,9.0,電機・精密,,
78170,７８１７０,パラマウントベッドホールディングス,パラマウントベッドホールディングス / パラマウントベッド / パラマウント / ケアレット / アクティ / インタイム / スカイリフト / パラマウントベッドグループ / パラマウントベッド株式会社 / パラマウントベッドHD,10.0,情報通信・サービスその他,,
78180,７８１８０,トランザクション,,10.0,情報通信・サービスその他,,
78200,７８２００,ニホンフラッシュ,ニホンフラッシュ / NF / 日本フラッシュ / Nihon Flash / フラッシュドア / Flash Door / フラッシュウォール / Flash Wall / フラッシュインテリア,10.0,情報通信・サービスその他,,
78210,７８２１０,前田工繊,,10.0,情報通信・サービスその他,,
78230,７８２３０,アートネイチャー,アートネイチャー / アートミクロン / ヘアフォーライフ / ジュリア・オージェ / アートネイチャー・ウィッグ / アートネイチャー・メンズ / アートネイチャー・レディース / アートネイチャー・スカルプケア / アートネイチャー・ヘアケア,10.0,情報通信・サービスその他,,
78260,７８２６０,フルヤ金属,フルヤ金属 / フルヤ / Furuya Metal / PGM製品 / プラチナ製品 / 貴金属加工 / 触媒 / 工業用貴金属 / 高純度金属,10.0,情報通信・サービスその他,,
78320,７８３２０,バンダイナムコホールディングス,バンダイナムコホールディングス / バンダイ / ナムコ / バンナム / ガンダム / 太鼓の達人 / 鉄拳 / アイカツ / バンダイナムコ / バンダイナムコHD,10.0,情報通信・サービスその他,,
78390,７８３９０,ＳＨＯＥＩ,ＳＨＯＥＩ / SHOEIヘルメット / J-Force / X-Spirit / GT-Air / Neotec / Glamster / Ex-Zero,10.0,情報通信・サービスその他,,
78400,７８４００,フランスベッドホールディングス,フランスベッドホールディングス / フランスベッド / FBH / フランスベッドメディカルサービス / フランスベッドインテリア / フランスベッド販売 / フランスベッド製造 / フランスベッドリネン / フランスベッドマットレス / フランスベッドHD,10.0,情報通信・サービスその他,,
78440,７８４４０,マーベラス,マーベラス / マベ / MARVELOUS! / 牧場物語 / ルーンファクトリー / 閃乱カグラ / Fate/EXTELLA / 東京喰種 / 一騎当千,10.0,情報通信・サービスその他,,
78460,７８４６０,パイロットコーポレーション,パイロットコーポレーション / パイロット / フリクション / ジュース / カクノ / カスタム / 万年筆 / ボードマスター / ドクターグリップ,10.0,情報通信・サービスその他,,
78560,７８５６０,萩原工業,萩原工業 / HAGIHARA / ターポリン / ポリエチレンシート / エコシート / ハギハラ / 萩原ブルーシート / 萩原テクノファブリック / 萩原,10.0,情報通信・サービスその他,,
78600,７８６００,エイベックス,エイベックス / avex / エイベックス・グループ / avex trax / エイベックス・エンタテインメント / エイベックス・デジタル / エイベックス・ピクチャーズ / エイベックス・マネジメント / エイベックス・ライブクリエイティブ,10.0,情報通信・サービスその他,,
78640,７８６４０,フジシールインターナショナル,フジシールインターナショナル / フジシール / Fuji Seal / フジシールグループ / スリーブラベル / シュリンクラベル / PAGO / フレキシブルパッケージ / ラベルソリューション,10.0,情報通信・サービスその他,,
78670,７８６７０,タカラトミー,タカラトミー / トミカ / プラレール / リカちゃん / ベイブレード / デュエル・マスターズ / トランスフォーマー / チョロQ / アニア,10.0,情報通信・サービスその他,,
78680,７８６８０,広済堂ホールディングス,広済堂ホールディングス / 広済堂 / Kosaido / Kosaido Holdings / 広済堂出版 / 広済堂グループ / Kosaido Printing / Kosaido Human Development / Kosaido Business Services / 広済堂HD,10.0,情報通信・サービスその他,,
78740,７８７４０,レック,,4.0,素材・化学,,
78880,７８８８０,三光合成,,4.0,素材・化学,,
78930,７８９３０,プロネクサス,,10.0,情報通信・サービスその他,,
79110,７９１１０,ＴＯＰＰＡＮホールディングス,トッパン / トッパンホールディングス / TOPPAN / トッパンフォームズ / トッパン印刷 / トッパンパッケージ / トッパンセキュリティ / トッパンデジタル / トッパンエレクトロニクス / ＴＯＰＰＡＮ / ＴＯＰＰＡＮHD,10.0,情報通信・サービスその他,,
79120,７９１２０,大日本印刷,大日本印刷 / DNP / DNPフォトルシオ / DNPフォトブック / DNPデジタルソリューション / DNPパッケージング / DNPセキュリティ / DNPディスプレイ / DNPエレクトロニクス,10.0,情報通信・サービスその他,,
79140,７９１４０,共同印刷,共同印刷 / 共同 / 共同印 / KPC / KPCカード / 共同カード / 共同パッケージ / 共同ラベル / 共同メディア,10.0,情報通信・サービスその他,,
79150,７９１５０,ＮＩＳＳＨＡ,日写 / 日本写真印刷 / IMD（インモールドデコレーション） / タッチセンサー / デジタル印刷 / メディカルデバイス / サーマル転写リボン / フレキシブルプリントサーキット,10.0,情報通信・サービスその他,,
79170,７９１７０,ＺＡＣＲＯＳ,,4.0,素材・化学,,
79210,７９２１０,ＴＡＫＡＲＡ　＆　ＣＯＭＰＡＮＹ,,10.0,情報通信・サービスその他,,
79250,７９２５０,前澤化成工業,前澤化成工業 / 前澤化成 / MAEZAWA / MKS / エムケーエス / マエザワ / 配管資材 / 排水設備 / プラスチック製品,4.0,素材・化学,,
79310,７９３１０,未来工業,未来,4.0,素材・化学,,
79360,７９３６０,アシックス,アシックス / ASICS / タイガー / オニツカタイガー / ゲルカヤノ / ゲルライト / メタラン / ニンバス / フジトラブーカ,10.0,情報通信・サービスその他,,
79370,７９３７０,ツツミ,ツツミ / ジュエリーツツミ / JEWELRY TSUTSUMI / PT900 / K18 / エンゲージリング / マリッジリング / ダイヤモンドジュエリー / ブライダルコレクション,10.0,情報通信・サービスその他,,
79420,７９４２０,ＪＳＰ,,4.0,素材・化学,,
79430,７９４３０,ニチハ,ニチハ / NICHIHA / NICHIHA SIDING / NICHIHA EXTERIOR / NICHIHA WALL / NICHIHA PANELS / NICHIHA CLADDING / NICHIHA PRODUCTS / NICHIHA SOLUTIONS,3.0,建設・資材,,
79440,７９４４０,ローランド,ローランド / Roland / V-Drums / Fantom / JUNO / GO:MIXER / BOSS / AIRA / Aerophone,10.0,情報通信・サービスその他,,
79470,７９４７０,エフピコ,エフピコ / FP Corporation / エフピコパック / エコトレー / エフピコダイレクト / エフピコプラザ / エフピコリサイクル / エフピコエコ / エフピコトレー,4.0,素材・化学,,
79490,７９４９０,小松ウオール工業,小松ウオール工業 / 小松ウォール / KOMATSU WALL / パーティション / 間仕切り / ウォールシステム / スライディングウォール / オフィスパネル / モバイルパーティション / 小松ウオール,10.0,情報通信・サービスその他,,
79510,７９５１０,ヤマハ,ヤマハ楽器 / ヤマハ音響 / ヤマハピアノ / ヤマハギター / ヤマハドラム / ヤマハAV / ヤマハボート,10.0,情報通信・サービスその他,,
79520,７９５２０,河合楽器製作所,河合楽器製作所 / カワイ / KAWAI / カワイピアノ / KAWAIピアノ / カワイ楽器 / KAWAI楽器 / KAWAI電子ピアノ / カワイデジタルピアノ / 河合楽器,10.0,情報通信・サービスその他,,
79550,７９５５０,クリナップ,クリナップ / ステンレスキャビネット / ラクエラ / セントロ / ステディア / バスルーム / 洗面化粧台 / アクリアバス,10.0,情報通信・サービスその他,,
79560,７９５６０,ピジョン,ピジョン / pigeon / ベビーケア / 母乳実感 / スマイルキッズ / マグマグ / ランフィ / ソフトタッチ / ピジョンベビー,10.0,情報通信・サービスその他,,
79580,７９５８０,天馬,天馬 / テンマ / TENMA / ポリテナー / ポリカート / ポリバケツ / ポリコンテナ / ポリラック / ポリパレット,4.0,素材・化学,,
79620,７９６２０,キングジム,キングジム / テプラ / ショットノート / ファイルボックス / ポメラ / レザフェス / キングファイル / キングジムノート / クリアーファイル,10.0,情報通信・サービスその他,,
79650,７９６５０,象印マホービン,象印 / 象印マホービン / ZOJIRUSHI / ステンレスボトル / 炊飯ジャー / ホットプレート / 電気ポット / マイコン炊飯器 / スチーム式加湿器,9.0,電機・精密,,
79660,７９６６０,リンテック,リンテック / LINTEC / タックペーパー / タックフィルム / セキュリティラベル / 保護フィルム / 粘着製品 / 工業用テープ / 印刷用紙,10.0,情報通信・サービスその他,,
79700,７９７００,信越ポリマー,信越ポリマー / Shin-Etsu Polymer / シンポリ / シンエツポリマー / SE Polymer / シンエツ / SEPS,4.0,素材・化学,,
79720,７９７２０,イトーキ,イトーキ / ITOKI / スピーナ / カシコチェア / フリップフラップ / CZチェア / エピオスチェア / アルシオ / アクトチェア,10.0,情報通信・サービスその他,,
79740,７９７４０,任天堂,任天堂 / 7974 / ニンテンドー / Nintendo Switch / スイッチ / ゲームボーイ / ファミコン / スーパーファミコン / Wii / DS,10.0,情報通信・サービスその他,,
79760,７９７６０,三菱鉛筆,三菱鉛筆 / ユニ / ジェットストリーム / クルトガ / ポスカ / ピュアモルト / シグノ / プロッキー / エマルジョン,10.0,情報通信・サービスその他,,
79790,７９７９０,松風,,9.0,電機・精密,,
79810,７９８１０,タカラスタンダード,タカラスタンダード / Takara Standard / ホーローキッチン / ホーローバス / エマージュ / レミュー / トレーシア / ミーナ,10.0,情報通信・サービスその他,,
79840,７９８４０,コクヨ,コクヨ / Campus / ハリナックス / カルカット / ミーティングバッグ / ソフトリングノート / ジブン手帳 / モバイルバッグ / テープカッター,10.0,情報通信・サービスその他,,
79870,７９８７０,ナカバヤシ,ナカバヤシ / ロジカルノート / フエルアルバム / ロアス / Digio2 / ライフスタイルツール / ナカバヤシ文具 / ナカバヤシアルバム / ナカバヤシオフィス用品,10.0,情報通信・サービスその他,,
79880,７９８８０,ニフコ,ニフコ / NIFCO / プラスチック部品 / 工業用ファスナー / クリップ / クランプ / コネクター,4.0,素材・化学,,
79890,７９８９０,立川ブラインド工業,立川ブラインド工業 / タチカワブラインド / タチカワ / ブラインド / タチカワ製品 / タチカワブランド / タチカワのブラインド / 窓装飾 / インテリアブラインド / 立川ブラインド,3.0,建設・資材,,
79900,７９９００,グローブライド,グローブライド / ダイワ / ONOFF / GIII / PRGR / オノフ / プロギア / ダイワ精工,10.0,情報通信・サービスその他,,
79940,７９９４０,オカムラ,オカムラ / オカムラ製作所 / オフィス家具 / コンテッサ / バロン / シルフィー / ライブス / プロユニット / グラビノーバ,10.0,情報通信・サービスその他,,
79950,７９９５０,バルカー,,4.0,素材・化学,,
80010,８００１０,伊藤忠商事,8001 / ITOCHU / CTC / ファミリーマート / デサント / コンバース / マルエツ / ユニー / 伊藤忠,13.0,商社・卸売,,
80020,８００２０,丸紅,丸紅 / 丸紅株式会社 / MARUBENI / 丸紅グループ / 丸紅商事 / 丸紅エナジー / 丸紅リース / 丸紅プラネット / 丸紅アグリ,13.0,商社・卸売,,
80050,８００５０,スクロール,,14.0,小売,,
80080,８００８０,ヨンドシーホールディングス,ヨンドシー / 4℃ / ヨンドシーホールディングス / Canal 4℃ / 4℃ BRIDAL / EAU DOUCE 4℃ / Luria 4℃ / 4℃ HOMME / 4℃ジュエリー / ヨンドシーHD,14.0,小売,,
80110,８０１１０,三陽商会,三陽商会 / バーバリー / マッキントッシュ / アマカ / エポカ / ポール・スチュアート / ブルーレーベル / ブラックレーベル,4.0,素材・化学,,
80120,８０１２０,長瀬産業,長瀬,13.0,商社・卸売,,
80140,８０１４０,蝶理,蝶理 / CHORI / 蝶理株式会社 / 蝶理商事 / CHORIグループ / 蝶理テキスタイル / 蝶理化学 / 蝶理マテリアル / 蝶理インターナショナル,13.0,商社・卸売,,
80150,８０１５０,豊田通商,豊田通商 / TTC / トヨタツーショー / Toyota Tsusho / トヨツー / 豊通 / Toyota Tsusho Corporation / TTS / 豊田通商株式会社,13.0,商社・卸売,,
80160,８０１６０,オンワードホールディングス,オンワードホールディングス / オンワード / 23区 / 組曲 / 自由区 / any SiS / ICB / J.PRESS / FIELD DREAM / オンワードHD,4.0,素材・化学,,
80180,８０１８０,三共生興,,13.0,商社・卸売,,
80200,８０２００,兼松,,13.0,商社・卸売,,
80220,８０２２０,美津濃,美津濃 / ミズノ / MIZUNO / ミズノスポーツ / ウェーブライダー / モレリア / ミズノプロ / ミズノゴルフ / ミズノランニング,10.0,情報通信・サービスその他,,
80290,８０２９０,ルックホールディングス,ルックホールディングス / ルック / LOOK / アルチザン＆アーティスト / マリメッコ / イルビゾンテ / アニエスベー / アクアスキュータム / ルックHD,4.0,素材・化学,,
80310,８０３１０,三井物産,三井物産 / 8031 / 物産 / MBK / Mitsui / Mitsui & Co. / 三井グループ / Mitsui Bussan / Mitsui Trading,13.0,商社・卸売,,
80320,８０３２０,日本紙パルプ商事,日本紙パルプ商事 / 日紙商 / JPP / 日本紙パルプ / Nippon Paper & Pulp / NPP / 日本紙パルプ商事株式会社 / 日本紙パルプ商事グループ / 日本紙,13.0,商社・卸売,,
80350,８０３５０,東京エレクトロン,東京エレクトロン / TEL / 8035 / 東京エレ / テル / TEL製品 / TELブランド / TEL装置 / TELテクノロジー / TELソリューション,9.0,電機・精密,,
80370,８０３７０,カメイ,,13.0,商社・卸売,,
80430,８０４３０,スターゼン,スターゼン / スターゼンミート / スターゼンフード / スターゼンプロダクツ / スターゼンブランド / スターゼンホールディングス / スターゼンインターナショナル / スターゼンマーケット / スターゼンファーム,13.0,商社・卸売,,
80500,８０５００,セイコーグループ,セイコー / セイコーグループ / グランドセイコー / アストロン / プレザージュ / プロスペックス / ルキア / クレドール / キネティック / セイコーG,9.0,電機・精密,,
80510,８０５１０,山善,山善 / YAMAZEN / ヤマゼン / YAMAZEN SELECT / Yamazen Home / Yamazen Tools / Yamazen Living / Yamazen Kitchen / Yamazen Office,13.0,商社・卸売,,
80520,８０５２０,椿本興業,,13.0,商社・卸売,,
80530,８０５３０,住友商事,住友商事 / 住商 / Sumitomo Corporation / SC / Sumisho / 住友 / Sumitomo / 住友グループ / 住友商事グループ,13.0,商社・卸売,,
80560,８０５６０,ＢＩＰＲＯＧＹ,,10.0,情報通信・サービスその他,,
80570,８０５７０,内田洋行,,13.0,商社・卸売,,
80580,８０５８０,三菱商事,三菱商事 / 8058 / MC / 三菱グループ / Mitsubishi Corporation / 三菱商事株式会社 / MCグループ / 三菱商事グループ / Mitsubishi商事 / 三菱,13.0,商社・卸売,,
80590,８０５９０,第一実業,,13.0,商社・卸売,,
80600,８０６００,キヤノンマーケティングジャパン,キヤノンMJ / キヤノンマーケティングジャパン / キヤノン / imagePRESS / IVY,13.0,商社・卸売,,
80610,８０６１０,西華産業,西華,13.0,商社・卸売,,
80650,８０６５０,佐藤商事,佐藤,13.0,商社・卸売,,
80700,８０７００,東京産業,東京,13.0,商社・卸売,,
80740,８０７４０,ユアサ商事,ユアサ商事 / ユアサ / Yuasa / ユアサグループ / ユアサ商事株式会社 / Yuasa Trading / ユアサトレーディング / ユアサブランド / ユアサ製品,13.0,商社・卸売,,
80750,８０７５０,神鋼商事,神鋼,13.0,商社・卸売,,
80780,８０７８０,阪和興業,阪和興業 / 阪和 / HANWA / ハンワ / 金属 / 資源 / エネルギー / トレーディング,13.0,商社・卸売,,
80790,８０７９０,正栄食品工業,正栄食品工業 / 正栄 / 正栄食品 / ナッツ / ドライフルーツ / 正栄デリカ / 正栄フーズ / 正栄スイーツ,13.0,商社・卸売,,
80810,８０８１０,カナデン,,13.0,商社・卸売,,
80840,８０８４０,ＲＹＯＤＥＮ,リョーデン / 8084 / RYODEN / 菱電 / 菱電商事 / 菱電グループ / 菱電製品 / 菱電ブランド / 菱電テクノロジー / 菱電エレクトロニクス,13.0,商社・卸売,,
80860,８０８６０,ニプロ,ニプロ / ニプロ医療機器 / ニプロ製薬 / ニプロダイヤライザー / ニプロカテーテル / ニプロ注射器 / ニプロ血糖測定器 / ニプロ透析 / ニプロヘルスケア,9.0,電機・精密,,
80880,８０８８０,岩谷産業,岩谷産業 / イワタニ / Iwatani / カセットフー / カセットコンロ / プリムス / 岩谷 / イワタニ産業 / イワタニカセットガス,13.0,商社・卸売,,
80930,８０９３０,極東貿易,,13.0,商社・卸売,,
80950,８０９５０,アステナホールディングス,アステナホールディングス / アステナ / ASTENA / アステナHD / アステナグループ / アステナ製品 / アステナブランド / アステナのサービス / アステナの技術,13.0,商社・卸売,,
80970,８０９７０,三愛オブリ,,13.0,商社・卸売,,
80980,８０９８０,稲畑産業,稲畑,13.0,商社・卸売,,
81010,８１０１０,ＧＳＩクレオス,,13.0,商社・卸売,,
81030,８１０３０,明和産業,明和,13.0,商社・卸売,,
81110,８１１１０,ゴールドウイン,ゴールドウイン / THE NORTH FACE / HELLY HANSEN / C3fit / DANSKIN / ellesse / MXP / Speedo / Goldwin Tech Lab,4.0,素材・化学,,
81130,８１１３０,ユニ・チャーム,ユニ・チャーム / ムーニー / ソフィ / チャームナップ / シルコット / ライフリー / マナーウェア / ウェーブ / ナチュラルムーニー,4.0,素材・化学,,
81250,８１２５０,ワキタ,,13.0,商社・卸売,,
81290,８１２９０,東邦ホールディングス,"東邦ホールディングス / THHD

製品名やブランド名については、具体的な情報が必要ですので、公式 / 東邦 / 東邦HD",13.0,商社・卸売,,
81300,８１３００,サンゲツ,サンゲツ / SGT / リアテック / ファイン / エクセレクト / リザーブ / フェイス / ストリングス / アクセント,13.0,商社・卸売,,
81310,８１３１０,ミツウロコグループホールディングス,ミツウロコグループホールディングス / ミツウロコ / ミツウロコHD / ミツウロコグループ / ミツウロコエナジー / ミツウロコフード / ミツウロコプロダクツ / ミツウロコソーラー / ミツウロコガス / ミツウロコグループHD,13.0,商社・卸売,,
81320,８１３２０,シナネンホールディングス,シナネンホールディングス / 8132 / シナネン / シナネンエナジー / シナネンガス / シナネンオイル / シナネン電力 / シナネンエコロジー / シナネン物流 / シナネンリース / シナネンHD,13.0,商社・卸売,,
81330,８１３３０,伊藤忠エネクス,伊藤忠エネクス / エネクス / ENEX / エネクスでんき / エネクスガス / エネクスオイル / エネクスカーライフ / エネクスソーラー,13.0,商社・卸売,,
81360,８１３６０,サンリオ,サンリオ / ハローキティ / マイメロディ / リトルツインスターズ / シナモロール / ポムポムプリン / ぐでたま / キキララ / サンリオピューロランド,13.0,商社・卸売,,
81370,８１３７０,サンワテクノス,サンワテクノス / サンワ / テクノス / サンワテクノス株式会社 / SANWA / SANWA TECHNOS / サンワテクノスグループ / サンワテクノス製品 / サンワテクノスブランド,13.0,商社・卸売,,
81410,８１４１０,新光商事,新光,13.0,商社・卸売,,
81420,８１４２０,トーホー,,13.0,商社・卸売,,
81500,８１５００,三信電気,,13.0,商社・卸売,,
81510,８１５１０,東陽テクニカ,東陽テクニカ / TOYO / TOYO Corporation / 東陽 / 東陽テク / 東陽技研 / 東陽製品 / TOYOブランド / TOYOテクニカ,13.0,商社・卸売,,
81530,８１５３０,モスフードサービス,モスフードサービス / モスバーガー / モス / モスチキン / モスライスバーガー / モスシェイク / モスサラダ / モスドリンク / モスカフェ / モスフード,13.0,商社・卸売,,
81540,８１５４０,加賀電子,加賀電子 / 加賀 / KAGA / KAGA ELECTRONICS / KAGA FEI / KAGA SOLUTION / KAGA COMPONENTS / KAGA DEVICES / KAGA SYSTEM,13.0,商社・卸売,,
81570,８１５７０,都築電気,,10.0,情報通信・サービスその他,,
81580,８１５８０,ソーダニッカ,,13.0,商社・卸売,,
81590,８１５９０,立花エレテック,立花エレテック / 立花 / エレテック / 立花電機 / ELEC / 立花エレ / TET / 立花テクノ / ELECブランド,13.0,商社・卸売,,
81600,８１６００,木曽路,,14.0,小売,,
81630,８１６３０,ＳＲＳホールディングス,ＳＲＳホールディングス / 和食さと / すし半 / かごの屋 / あいそ家 / 夫婦善哉 / さとしゃぶ / さとすき / さとカフェ / ＳＲＳ / ＳＲＳHD,14.0,小売,,
81650,８１６５０,千趣会,千趣会 / ベルメゾン / Belle Maison / 千趣会通販 / 千趣会ベルメゾン / ベルメゾンネット / 千趣会カタログ / 千趣会ギフト / 千趣会マンスリークラブ,14.0,小売,,
81670,８１６７０,リテールパートナーズ,リテールパートナーズ / マルキョウ / サンリブ / サンク / リテパ / リテール / リテールP / リテールパートナーズグループ / リテールパートナーズホールディングス,14.0,小売,,
81730,８１７３０,上新電機,上新電機 / ジョーシン / Joshin / Joshinオリジナル / Joshin web / Joshinカード / Joshinポイント / Joshinアウトレット / Joshinキッズランド / 上新,14.0,小売,,
81740,８１７４０,日本瓦斯,日本瓦斯 / ニチガス / ガスワン / Gas One / ガスワンショップ / ガスワンカード / ガスワンポイント / ガスワンアプリ / ガスワンリース,14.0,小売,,
81790,８１７９０,ロイヤルホールディングス,ロイヤルホールディングス / ロイヤルホスト / 天丼てんや / シズラー / ロイヤルデリ / ロイヤルコーヒーショップ / ロイヤルパークホテル / ロイヤルガーデンカフェ / ロイヤル空港ラウンジ / ロイヤルホールディングス株式会社 / ロイヤル / ロイヤルHD,14.0,小売,,
81850,８１８５０,チヨダ,チヨダ / 東京靴流通センター / セダークレスト / ハイドロテック / フィンコンフォート / シュープラザ / SPORTH / ASBee / クロックスショップ,14.0,小売,,
81940,８１９４０,ライフコーポレーション,ライフコーポレーション / LIFE / 8194 / ライフスーパー / ライフストア / ライフカード / ライフポイント / ライフアプリ / ライフネット,14.0,小売,,
82000,８２０００,リンガーハット,リンガーハット / 長崎ちゃんぽん / ぎょうざ / 皿うどん / リンガー / Ringer Hut / Nagasaki Champon / Ringer / リンガーハットグループ,14.0,小売,,
82030,８２０３０,ＭｒＭａｘＨＤ,,14.0,小売,,
82140,８２１４０,ＡＯＫＩホールディングス,AOKI / AOKIホールディングス / ORIHICA / 快活CLUB / ブルックスブラザーズ / コムサメン / ＡＯＫＩ / ＡＯＫＩHD,14.0,小売,,
82170,８２１７０,オークワ,,14.0,小売,,
82180,８２１８０,コメリ,コメリ / アテーナ / ハード＆グリーン / パワー / コメリカード / コメリプロ / コメリホームセンター / コメリリフォーム / コメリオンラインショップ,14.0,小売,,
82190,８２１９０,青山商事,青山商事 / 洋服の青山 / AOYAMA / THE SUIT COMPANY / WHITE THE SUIT COMPANY / UNIVERSAL LANGUAGE / キャラジャ / NEXT BLUE / 青山カード / 青山,14.0,小売,,
82270,８２２７０,しまむら,しまむら / 8227 / ファッションセンターしまむら / バースデイ / アベイル / シャンブル / ディバロ / プチプラ / しまコレ / しまパト,14.0,小売,,
82330,８２３３０,高島屋,高島屋 / タカシマヤ / Takashimaya / タカシマヤカード / タカシマヤオンラインストア / タカシマヤタイムズスクエア / タカシマヤフードメゾン / タカシマヤローズサークル / タカシマヤスタイル,14.0,小売,,
82370,８２３７０,松屋,銀座松屋 / 松屋銀座 / Matsuya / Ginza Matsuya / 銀座本店 / Matsuya Ginza / 銀座デパート / 松屋デパート,14.0,小売,,
82420,８２４２０,エイチ・ツー・オー　リテイリング,H2Oリテイリング / 阪急阪神百貨店 / 阪急オアシス / イズミヤ / 阪急キッチンエール / デイリーマート,14.0,小売,,
82440,８２４４０,近鉄百貨店,Kintetsu / あべのハルカス近鉄本店 / 近鉄パッセ / 近鉄百貨店ネットショップ / 近鉄友の会 / 近鉄百貨店ギフトカード / 近鉄百貨店ポイントカード,14.0,小売,,
82520,８２５２０,丸井グループ,丸井グループ / 8252 / マルイ / OIOI / エポスカード / マルイウェブチャネル / マルイファミリー / エポス / マルコとマルオの7日間 / マルイシティ / 丸井 / 丸井G,14.0,小売,,
82530,８２５３０,クレディセゾン,クレディセゾン / 8253 / セゾンカード / セゾンポイント / セゾンアメックス / セゾンゴールド / セゾンプラチナ / セゾンブルー / セゾンパール / セゾンデジタル,16.0,金融（除く銀行）,,
82550,８２５５０,アクシアル　リテイリング,,14.0,小売,,
82670,８２６７０,イオン,8267 / イオンスタイル / マックスバリュ / グルメシティ,14.0,小売,,
82730,８２７３０,イズミ,イズミ / ゆめタウン / ゆめマート / ゆめカード / ゆめタウンアプリ / ゆめオンライン / ゆめタウンデジタルチラシ / ゆめタウンポイント / ゆめタウンセール,14.0,小売,,
82750,８２７５０,フォーバル,,13.0,商社・卸売,,
82760,８２７６０,平和堂,,14.0,小売,,
82780,８２７８０,フジ,フジグループ / フジスーパー / フジネットスーパー / フジカード / フジポイント / フジウォレット / フジアプリ / フジデリカ,14.0,小売,,
82790,８２７９０,ヤオコー,ヤオコー / 8279 / ヤオコーマート / ヤオコーカード / ヤオコーアプリ / ヤオコーキッチン / ヤオコーレシピ / ヤオコーオリジナル / ヤオコーセレクション / ヤオコー食品,14.0,小売,,
82810,８２８１０,ゼビオホールディングス,ゼビオホールディングス / スーパースポーツゼビオ / ヴィクトリア / エルブレス / ゼビオアリーナ / ゼビオスポーツ / ゼビオオンラインストア / ゼビオカード / ゼビオ / ゼビオHD,14.0,小売,,
82820,８２８２０,ケーズホールディングス,ケーズデンキ / ケーズホールディングス / K's / K's Holdings / ケーズ / K'sデンキ / ケーズHD / K'sホールディングス / ケーズ電機,14.0,小売,,
82830,８２８３０,ＰＡＬＴＡＣ,,13.0,商社・卸売,,
82850,８２８５０,三谷産業,三谷,13.0,商社・卸売,,
83040,８３０４０,あおぞら銀行,あおぞら銀行 / AOZORA / あおぞらダイレクト / あおぞらネットバンク / あおぞらカード / あおぞらローン / あおぞら投信 / あおぞら証券 / あおぞらプライベートバンク / あおぞら,15.0,銀行,,
83060,８３０６０,三菱ＵＦＪフィナンシャル・グループ,MUFG / 三菱UFJ / 三菱UFJ銀行 / 三菱UFJ信託銀行 / 三菱UFJモルガン・スタンレー証券 / 三菱UFJニコス / 三菱UFJリース / 三菱UFJキャピタル / 三菱UFJフィナンシャル・グループ / 三菱ＵＦＪフィナンシャル・ / 三菱ＵＦＪフィナンシャル・G,15.0,銀行,,
83080,８３０８０,りそなホールディングス,りそなホールディングス / りそな銀行 / 埼玉りそな銀行 / 近畿大阪銀行 / りそなグループ / りそなカード / りそなポイント / りそなアプリ / りそなネットバンキング / りそな / りそなHD,15.0,銀行,,
83090,８３０９０,三井住友トラストグループ,三井住友トラストグループ / SMTB / 三井住友信託銀行 / 住友信託 / Mitsui Trust / Sumitomo Trust / 三井住友トラスト・ホールディングス / みずほ信託 / 住信 / 三井住友トラスト / 三井住友トラストG,15.0,銀行,,
83160,８３１６０,三井住友フィナンシャルグループ,三井住友フィナンシャルグループ / SMFG / 三井住友FG / 三井住友 / 住友銀行 / SMBC / 三井住友銀行 / 8316 / SMBCグループ / SMBCファイナンス / 三井住友フィナンシャル / 三井住友フィナンシャルG,15.0,銀行,,
83310,８３３１０,千葉銀行,千葉銀行 / ちばぎん / ちば銀 / Chiba Bank / ちばぎんカード / ちばぎん住宅ローン / ちばぎんビジネスローン / ちばぎんアプリ / ちばぎんネットバンキング / 千葉,15.0,銀行,,
83340,８３３４０,群馬銀行,群馬銀行 / 群銀 / GUNMA BANK / ぐんぎん / GUNGIN / 群馬銀行アプリ / 群馬銀行カード / 群馬銀行ローン / 群馬銀行ネットバンキング / 群馬,15.0,銀行,,
83360,８３３６０,武蔵野銀行,"武銀 / Musashino Bank / Musashino / むさしの / むさしの銀行 / Musashino Bk / 武蔵野BK / 武蔵野

これらは一般的な推測に基づ / 武蔵野",15.0,銀行,,
83370,８３３７０,千葉興業銀行,千葉興業銀行 / 千葉興銀 / CKB / ちばこうぎん / ちば興銀 / Chiba Kogyo Bank / ちばぎん / 千葉銀行 / ちば興業 / 千葉興業,15.0,銀行,,
83380,８３３８０,筑波銀行,筑波銀行 / 筑銀 / Tsukuba Bank / つくば銀行 / TKB / つくばフィナンシャルグループ / 筑波FG / つくば証券 / 筑波カード / 筑波,15.0,銀行,,
83410,８３４１０,七十七銀行,七十七銀行 / 77銀行 / 七十七 / 七十七フィナンシャルグループ / 七十七ダイレクト / 七十七カード / 七十七ローン / 七十七証券 / 七十七投信,15.0,銀行,,
83430,８３４３０,秋田銀行,秋田銀行 / 秋銀 / Akita Bank / あきぎん / 秋田銀 / Akita Ginko / 秋田銀行アプリ / 秋田銀行カード / 秋田銀行ローン / 秋田,15.0,銀行,,
83440,８３４４０,山形銀行,山形銀行 / 山銀 / Yamagata Bank / やまぎん / Yamagata Ginko / 山形銀 / Yamagata Financial Group / 山形FG / 山形フィナンシャルグループ / 山形,15.0,銀行,,
83450,８３４５０,岩手銀行,岩手銀行 / 岩銀 / 岩手銀 / Iwate Bank / いわぎん / Iwagin / 岩手銀行アプリ / 岩手銀行カード / 岩手銀行ローン / 岩手,15.0,銀行,,
83460,８３４６０,東邦銀行,東邦銀行 / 東邦銀 / TOHO / TOHO BANK / とうほう / とうほう銀行 / 東邦フィナンシャル / 東邦カード / 東邦,15.0,銀行,,
83540,８３５４０,ふくおかフィナンシャルグループ,ふくおかフィナンシャルグループ / FFG / 福岡銀行 / 熊本銀行 / 親和銀行 / ふくぎん / ふくおかFG / ふくおかフィナンシャル / ふくおかフィナンシャルG,15.0,銀行,,
83580,８３５８０,スルガ銀行,スルガ銀行 / SURUGA Bank / スルガ / Suruga / スルガダイレクト / スルガVisaデビットカード / スルガ住宅ローン / スルガカードローン / スルガバンクアプリ,15.0,銀行,,
83590,８３５９０,八十二銀行,八十二銀行 / 8359 / 八十二 / 八十二銀 / Hachijuni Bank / Hachijuni / 八十二フィナンシャルグループ / 八十二証券 / 八十二キャピタル / 八十二リース,15.0,銀行,,
83600,８３６００,山梨中央銀行,山梨中央,15.0,銀行,,
83610,８３６１０,大垣共立銀行,大垣共立銀行 / OKB / OKB大垣共立 / OKBグループ / OKBカード / OKBローン / OKBネットバンキング / OKBスマホアプリ / OKBポイントサービス / 大垣共立,15.0,銀行,,
83620,８３６２０,福井銀行,福井銀行 / 8362 / Fukui Bank / 福井銀行アプリ / 福井銀行カード / 福井銀行ローン / 福井銀行ネットバンキング / 福井銀行ATM / 福井銀行投資信託 / 福井,15.0,銀行,,
83640,８３６４０,清水銀行,清水,15.0,銀行,,
83660,８３６６０,滋賀銀行,滋賀銀行 / 滋銀 / Shiga Bank / しがぎん / しが銀行 / Shiga Ginko / しがバンク / 滋賀バンク / Shigagin / 滋賀,15.0,銀行,,
83670,８３６７０,南都銀行,南都銀行 / 南都 / ナント / Nanto Bank / ナントカード / ナントダイレクト / ナントアプリ / ナントローン / ナント証券,15.0,銀行,,
83680,８３６８０,百五銀行,百五銀行 / 百五 / HYPOS / 105BANK / 百五ダイレクト / 百五カード / 百五証券 / 百五リース / 百五ビジネスサポート,15.0,銀行,,
83700,８３７００,紀陽銀行,紀陽銀行 / 紀陽 / Kiyo Bank / きようぎん / 紀陽フィナンシャルグループ / きようフィナンシャル / Kiyo Financial Group / きようバンク / 紀陽カード,15.0,銀行,,
83770,８３７７０,ほくほくフィナンシャルグループ,ほくほくフィナンシャルグループ / ほくほくFG / 北陸銀行 / 北海道銀行 / ほくほく証券 / ほくほくカード / ほくほくローン / ほくほく投信 / ほくほく保険 / ほくほくフィナンシャル / ほくほくフィナンシャルG,15.0,銀行,,
83810,８３８１０,山陰合同銀行,山陰合同銀行 / ごうぎん / 山陰合銀 / さんいんごうぎん / 8381 / 山陰合同 / 合同銀行 / さんいん銀行 / さんいん合銀 / さんいん合同銀行,15.0,銀行,,
83860,８３８６０,百十四銀行,百十四銀行 / 114銀行 / 114銀 / 百十四 / 香川銀行 / 114フィナンシャルグループ / 114FG / 114カード / 114ローン,15.0,銀行,,
83870,８３８７０,四国銀行,四国銀行 / 四銀 / Shikoku Bank / しこぎん / 四国銀 / 四国銀行カード / 四国銀行アプリ / 四国銀行ローン / 四国銀行投資信託 / 四国,15.0,銀行,,
83880,８３８８０,阿波銀行,阿波銀行 / 阿波銀 / Awa Bank / Awa Gin / 阿波バンク / 阿波フィナンシャル / 阿波ファイナンス / 阿波グループ / 阿波金融 / 阿波,15.0,銀行,,
83920,８３９２０,大分銀行,大分銀行 / 大銀 / Oita Bank / 大分銀 / 大分銀行カード / 大分銀行アプリ / 大分銀行ローン / 大分銀行ネットバンキング / 大分銀行ATM / 大分,15.0,銀行,,
83930,８３９３０,宮崎銀行,宮崎銀行 / 宮銀 / Miyagin / みやぎん / みやざきぎんこう / Miyazaki Bank / 8393 / みやざきBK / みやざき銀行 / 宮崎,15.0,銀行,,
83950,８３９５０,佐賀銀行,佐賀銀行 / 佐銀 / SAGIN / 佐銀アプリ / 佐銀ネットバンキング / 佐銀カード / 佐銀ローン / 佐銀投資信託 / 佐銀ATM / 佐賀,15.0,銀行,,
83990,８３９９０,琉球銀行,琉銀 / 琉球銀行 / RYUKIN / 琉銀ネット / 琉球ダイレクト / 琉球カード / 琉球ローン / 琉球ファンド / 琉球証券 / 琉球,15.0,銀行,,
84100,８４１００,セブン銀行,セブン銀行 / セブンATM / セブンネット銀行 / セブンカード / セブンペイ / セブンマネー / セブンバンク / セブンファイナンス / セブンキャッシュ / セブン,15.0,銀行,,
84110,８４１１０,みずほフィナンシャルグループ,みずほ銀行 / みずほ証券 / みずほ信託銀行 / MHFG / Mizuho / 8411 / みずほダイレクト / みずほマイレージクラブ / みずほプレミアムクラブ / みずほフィナンシャル / みずほフィナンシャルG,15.0,銀行,,
84180,８４１８０,山口フィナンシャルグループ,山口フィナンシャルグループ / YMFG / 山口FG / 山口銀行 / もみじ銀行 / 北九州銀行 / YMFGカード / YMFG証券 / YMFGリース / 山口フィナンシャル / 山口フィナンシャルG,15.0,銀行,,
84240,８４２４０,芙蓉総合リース,芙蓉総合リース / 芙蓉リース / Fuyo Lease / Fuyo / 芙蓉 / Fuyo Group / 芙蓉総合 / Fuyo Leasing / 芙蓉総合リース株式会社,16.0,金融（除く銀行）,,
84250,８４２５０,みずほリース,みずほリース / Mizuho Lease / みずほリース株式会社 / Mizuho Leasing / Mizuho Lease Company / Mizuho Lease Ltd. / Mizuho Leasing Company / Mizuho Leasing Ltd. / Mizuho Lease & Finance / みずほ,16.0,金融（除く銀行）,,
84390,８４３９０,東京センチュリー,東京センチュリー / TCリース / TCファイナンス / TCオートリース / TCエナジー / TCアセット / TCビジネスサポート / TCキャピタル / TCグローバル,16.0,金融（除く銀行）,,
84730,８４７３０,ＳＢＩホールディングス,ＳＢＩ / ＳＢＩホールディングス / ＳＢＩ証券 / ＳＢＩネット銀行 / ＳＢＩ損保 / ＳＢＩ生命 / ＳＢＩマネープラザ / ＳＢＩインベストメント / ＳＢＩキャピタル / ＳＢＩHD,16.0,金融（除く銀行）,,
85110,８５１１０,日本証券金融,日本証券金融 / 日証金 / JSF / 証金 / 日証 / 日本証券 / 証券金融 / 日証金レポ / 日証金貸株,16.0,金融（除く銀行）,,
85150,８５１５０,アイフル,アイフル / AIU / サラ金 / 消費者金融 / かりかえMAX / おまとめMAX / 事業サポートプラン / アイフルカード / てまいらず,16.0,金融（除く銀行）,,
85220,８５２２０,名古屋銀行,名古屋銀行 / 名銀 / 名銀アプリ / 名銀カード / 名銀ネットバンキング / 名銀ローン / 名銀投信 / 名銀保険 / 名銀ATM / 名古屋,15.0,銀行,,
85240,８５２４０,北洋銀行,北洋銀行 / 北洋 / HOKUYO / 北洋カード / 北洋ダイレクト / 北洋アプリ / 北洋ローン / 北洋投信 / 北洋証券,15.0,銀行,,
85410,８５４１０,愛媛銀行,愛媛,15.0,銀行,,
85440,８５４４０,京葉銀行,京葉銀行 / 京葉銀 / 京銀 / Keiyo Bank / けいぎん / けいようぎん / 京葉銀行アプリ / 京葉銀行カード / 京葉銀行ローン / 京葉,15.0,銀行,,
85500,８５５００,栃木銀行,栃木銀行 / 栃銀 / Tochigi Bank / とちぎん / Tochigi Ginko / 栃木銀行アプリ / 栃銀カード / 栃銀ローン / 栃銀ネットバンキング / 栃木,15.0,銀行,,
85510,８５５１０,北日本銀行,北日本銀行 / 北銀 / KITAGIN / 北日本 / 北日本バンク / 北日本銀行カード / 北日本銀行ローン / 北日本銀行アプリ / 北日本銀行ネットバンキング,15.0,銀行,,
85580,８５５８０,東和銀行,東和銀行 / Towa Bank / 東和 / Towa / Towa Card / 東和ローン / 東和証券 / 東和ファイナンス / 東和リース,15.0,銀行,,
85660,８５６６０,リコーリース,リコーリース / リコーリース株式会社 / RICOH LEASING / RICOHリース / リース事業 / ファイナンスサービス / オートリース / リコーグループ / リコー,16.0,金融（除く銀行）,,
85700,８５７００,イオンフィナンシャルサービス,イオンフィナンシャルサービス / WAON / イオン保険サービス / イオンの金融 / イオンファイナンス / イオンマネー / イオンのクレジットカード / イオンフィナンシャル,16.0,金融（除く銀行）,,
85720,８５７２０,アコム,アコム / ACOM / アコムマスターカード / アコムACカード / アコムプラス / アコムキャッシング / アコムローン / アコムATM / アコムオンラインサービス,16.0,金融（除く銀行）,,
85840,８５８４０,ジャックス,ジャックス / 8584 / ジャックスカード / ジャックスローン / ジャックスペイメント / ジャックスオートローン / ジャックスリース / ジャックスファイナンス / ジャックスポイント / ジャックスプレミアムカード,16.0,金融（除く銀行）,,
85850,８５８５０,オリエントコーポレーション,オリエントコーポレーション / オリコ / オリコカード / オリコポイント / オリコローン / オリコキャッシュレス / オリコモール / オリコオートリース / オリコクレジット,16.0,金融（除く銀行）,,
85910,８５９１０,オリックス,オリックス / ORIX / オリックス銀行 / オリックス生命 / オリックス不動産 / オリックスレンタカー / オリックス自動車 / オリックス・バファローズ / オリックス・グループ,16.0,金融（除く銀行）,,
85930,８５９３０,三菱ＨＣキャピタル,三菱ＨＣキャピタル / 三菱HC / 三菱キャピタル / HCキャピタル / 三菱フィナンシャル / MHCC / 三菱リース / HCリース / 三菱ファイナンス,16.0,金融（除く銀行）,,
85950,８５９５０,ジャフコ　グループ,ジャフコ / ジャフコグループ / JAFCO / JAFCOグループ / JAFCO Ventures / ジャフコベンチャーズ / ジャフコキャピタル / JAFCO Capital / ジャフコファンド / ジャフコ　 / ジャフコ　G,16.0,金融（除く銀行）,,
86000,８６０００,トモニホールディングス,トモニ / トモニHD,15.0,銀行,,
86010,８６０１０,大和証券グループ本社,大和証券 / 大和証券グループ / 大和ネクスト銀行 / ダイワファンド / ダイワSMA / ダイワ・アセット・マネジメント / ダイワ・インベストメント / ダイワ・セキュリティーズ,16.0,金融（除く銀行）,,
86040,８６０４０,野村ホールディングス,野村ホールディングス / 野村証券 / 野村 / 野村アセットマネジメント / 野村信託銀行 / 野村キャピタルマーケット / 野村HD,16.0,金融（除く銀行）,,
86090,８６０９０,岡三証券グループ,岡三証券 / 岡三グループ / 岡三オンライン証券 / 岡三アセットマネジメント / 岡三キャピタルパートナーズ / 岡三リサーチ / 岡三フィナンシャルホールディングス / 岡三トレード / 岡三ファンド / 岡三証券G,16.0,金融（除く銀行）,,
86130,８６１３０,丸三証券,丸三証券 / 丸三 / マルサン / MARUSAN / 丸三ネット / 丸三トレード / 丸三オンライン / 丸三証券アプリ / 丸三証券ネットトレード,16.0,金融（除く銀行）,,
86140,８６１４０,東洋証券,東洋証券 / 東洋 / TOYO / TOYO証券 / 東洋トレード / 東洋インベスト / 東洋ファンド / 東洋アセット,16.0,金融（除く銀行）,,
86160,８６１６０,東海東京フィナンシャル・ホールディングス,東海東京フィナンシャル・ホールディングス / 東海東京FH / 東海東京証券 / 東海東京 / 東海東京グループ / 東海東京ホールディングス / TTFH / 東海東京フィナンシャル / 東海東京フィナンシャルHD / 東海東京フィナンシャル・ / 東海東京フィナンシャル・HD,16.0,金融（除く銀行）,,
86220,８６２２０,水戸証券,水戸,16.0,金融（除く銀行）,,
86240,８６２４０,いちよし証券,いちよし証券 / いちよし / IY証券 / いちよしネット / いちよしダイレクト / いちよしアセット / いちよしファンド / いちよしリサーチ / いちよしプライベートバンク,16.0,金融（除く銀行）,,
86280,８６２８０,松井証券,松井証券 / 松井 / ネット証券 / 松井ネットストック / 松井証券ネットストック / 松井証券FX / 松井証券投信 / 松井証券アプリ / 松井証券ロボアドバイザー,16.0,金融（除く銀行）,,
86300,８６３００,ＳＯＭＰＯホールディングス,ＳＯＭＰＯホールディングス / SOMPO / SOMPOケア / SOMPOひまわり生命 / SOMPOリスクマネジメント / SOMPOビジネスソリューションズ / SOMPOパートナーズ / SOMPOサステナビリティ / SOMPOデジタルラボ / SOMPO未来研究所 / ＳＯＭＰＯ / ＳＯＭＰＯHD,16.0,金融（除く銀行）,,
86970,８６９７０,日本取引所グループ,JPX / 日本取引所 / 大証 / 東京証券取引所 / 大阪取引所 / TSE / OSE / 日本取引所グループ / 日本取引所G,16.0,金融（除く銀行）,,
86980,８６９８０,マネックスグループ,マネックスグループ / マネックス証券 / Monex / Monex Boom / マネックスカード / Monex SP Trust / マネックスアクティビストファンド / Monex Crypto Bank / マネックスクリプト / マネックス / マネックスG,16.0,金融（除く銀行）,,
87060,８７０６０,極東証券,極東,16.0,金融（除く銀行）,,
87070,８７０７０,岩井コスモホールディングス,岩井コスモホールディングス / 岩井コスモ / 岩井コスモ証券 / 岩井証券 / コスモ証券 / 岩井コスモHD / 岩井コスモグループ / 岩井コスモホールディングス株式会社 / 岩井コスモホールディングス証券,16.0,金融（除く銀行）,,
87080,８７０８０,アイザワ証券グループ,アイザワ証券 / アイザワ証券G,16.0,金融（除く銀行）,,
87130,８７１３０,フィデアホールディングス,フィデア / フィデアHD,15.0,銀行,,
87140,８７１４０,池田泉州ホールディングス,池田泉州ホールディングス / 池田泉州銀行 / ISホールディングス / IS銀行 / いけしん / いけだしんしゅう / ISHD / 池田泉州 / いけだしんしゅうホールディングス / 池田泉州HD,15.0,銀行,,
87150,８７１５０,アニコム　ホールディングス,アニコム / アニコムHD / アニコムホールディングス / アニコム損保 / どうぶつ健保 / アニコムパフェ / アニコムクラブ / アニコムペット保険 / アニコムグループ / アニコム　 / アニコム　HD,16.0,金融（除く銀行）,,
87250,８７２５０,ＭＳ＆ＡＤインシュアランスグループホールディングス,MS&AD / MS&ADインシュアランス / 三井住友海上 / あいおいニッセイ同和損保 / 三井ダイレクト損保 / 8725 / 三井住友海上火災保険 / あいおいニッセイ同和 / Mitsui Sumitomo Insurance / Aioi Nissay Dowa Insurance / ＭＳ＆ＡＤインシュアランスグループ / ＭＳ＆ＡＤインシュアランスグループHD,16.0,金融（除く銀行）,,
87390,８７３９０,スパークス・グループ,スパークス・グループ / スパークス / スパークス・アセット・マネジメント / スパークス・グループ株式会社 / スパークス・グループ株 / スパークス・グループ株式 / スパークス・グループ証券 / スパークス・グループファンド / スパークス・グループ投資信託 / スパークス・ / スパークス・G,16.0,金融（除く銀行）,,
87500,８７５００,第一生命ホールディングス,第一生命 / 第一生命HD / 第一生命ホールディングス / Dai-ichi Life / だいいち / だいいち生命 / DAI-ICHI / DAI-ICHI LIFE / だいせい,16.0,金融（除く銀行）,,
87660,８７６６０,東京海上ホールディングス,東京海上ホールディングス / 東京海上日動 / TMNF / 東京海上 / トーキョーマリン / 東京海上グループ / 東京海上アセットマネジメント / 東京海上日動あんしん生命 / 東京海上日動火災保険 / 東京海上HD,16.0,金融（除く銀行）,,
87710,８７７１０,イー・ギャランティ,イー・ギャランティ / eGuarantee / イーギャラ / eG / イーギャランティ株式会社 / e保証 / イー保証 / eガラ / イーガラ,16.0,金融（除く銀行）,,
87930,８７９３０,ＮＥＣキャピタルソリューション,ＮＥＣキャピタルソリューション / ＮＥＣキャピタル / ＮＥＣキャピ / キャピタルソリューション / ＮＥＣ / キャピソリ / ＮＥＣソリューション / ＮＥＣキャピタルソリューション株式会社 / NEC Capital Solutions,16.0,金融（除く銀行）,,
87950,８７９５０,Ｔ＆Ｄホールディングス,Ｔ＆Ｄホールディングス / T&D / 太陽生命 / 大同生命 / T&Dフィナンシャル生命 / T&Dアセットマネジメント / T&D保険グループ / T&Dホールディングス株式会社 / T&Dホールディングスグループ / Ｔ＆Ｄ / Ｔ＆ＤHD,16.0,金融（除く銀行）,,
87980,８７９８０,アドバンスクリエイト,アドバンスクリエイト / 保険市場 / 保険市場 for business / 保険市場レディース / 保険市場キッズ / 保険市場シニア / 保険市場ペット / 保険市場ライフ / 保険市場カー,16.0,金融（除く銀行）,,
88010,８８０１０,三井不動産,三井不動産 / Mitsui Fudosan / 三井のリパーク / 三井アウトレットパーク / 三井ガーデンホテル / ららぽーと / 三井ショッピングパーク / 三井ホーム / 三井,17.0,不動産,,
88020,８８０２０,三菱地所,三菱地所 / 三菱地所レジデンス / 三菱地所ホーム / 三菱地所リアルエステートサービス / 三菱地所プロパティマネジメント / 三菱地所コミュニティ / 三菱地所設計 / 三菱地所ハウスネット / 三菱地所アーバンインベストメント,17.0,不動産,,
88030,８８０３０,平和不動産,平和不動産 / 平和不 / 平和不動産リート / 平和不動産投資法人 / 平和不動産アセットマネジメント / 平和不動産グループ / 平和不動産ビル / 平和不動産マンション / 平和不動産オフィス / 平和,17.0,不動産,,
88040,８８０４０,東京建物,東京建物 / Brillia / 東京建物不動産販売 / 東京建物アメニティサポート / 東京建物リゾート / 東京建物コミュニティ / 東京建物レジデンシャル / 東京建物オフィス,17.0,不動産,,
88180,８８１８０,京阪神ビルディング,,17.0,不動産,,
88300,８８３００,住友不動産,住友不動産 / 8830 / スミトモ不動産 / Sumitomo Realty & Development / シティタワー / グランドヒルズ / シティハウス / シティテラス / シティタワーズ / シティレジデンス / 住友,17.0,不動産,,
88410,８８４１０,テーオーシー,,17.0,不動産,,
88480,８８４８０,レオパレス２１,レオパレス２１ / レオパレス / レオパ / Leopalace21 / Leopalace / レオネット / レオパレスリゾート / レオパレスセンター / レオパレスパートナーズ,17.0,不動産,,
88500,８８５００,スターツコーポレーション,スターツコーポレーション / スターツ / STARTS / ピタットハウス / スターツ出版 / スターツホテル / スターツデベロップメント / スターツアメニティー / スターツプロシード,17.0,不動産,,
88600,８８６００,フジ住宅,フジ住宅 / フジホーム / フジレジデンス / フジマンション / フジハウス / フジタウン / フジヴィラ / フジアパートメント / フジプロパティ,17.0,不動産,,
88640,８８６４０,空港施設,,17.0,不動産,,
88690,８８６９０,明和地所,明和 / 地所 / 明和不動産 / 明和マン,17.0,不動産,,
88710,８８７１０,ゴールドクレスト,,17.0,不動産,,
88760,８８７６０,リログループ,リロ / Relo / リロケーション / リロネット / リロクラブ / リロエステート / リロバケーション / リロパートナ / リロG,10.0,情報通信・サービスその他,,
88770,８８７７０,エスリード,エスリード株式会社 / エスリードマンション / エスリード不動産 / エスリード投資 / エスリード住宅,17.0,不動産,,
88810,８８８１０,日神グループホールディングス,日神グループ / 日神グループHD,17.0,不動産,,
88920,８８９２０,日本エスコン,日本エスコン / エスコン / ESCON / エスコンジャパン / 日本エスコンリート / エスコンアセットマネジメント / エスコンホーム / エスコンプラザ / エスコンタワー,17.0,不動産,,
88970,８８９７０,ＭＩＲＡＲＴＨホールディングス,ＭＩＲＡＲＴＨ / ＭＩＲＡＲＴＨHD,17.0,不動産,,
89050,８９０５０,イオンモール,AEON / イオンモール株式会社 / イオンモールショッピングセンター / イオンモールSC / イオンモールプライベートブランド / イオンモールアプリ / イオンモールカード,17.0,不動産,,
89180,８９１８０,ランド,,17.0,不動産,,
89190,８９１９０,カチタス,カチタス / KATITAS / リフォーム / 中古住宅再生 / カチタスホーム / カチタスリノベーション / カチタスグループ / カチタスプロジェクト / カチタスサービス,17.0,不動産,,
89200,８９２００,東祥,東祥 / ホリデイスポーツクラブ / ホリデイ / 東祥株式会社 / 東祥グループ / ホリデイフィットネス / ホリデイジム / 東祥不動産 / 東祥リゾート,10.0,情報通信・サービスその他,,
89230,８９２３０,トーセイ,トーセイ / トーセイ不動産 / トーセイリート / トーセイアセットマネジメント / トーセイホテル / トーセイビルサービス / トーセイ物流 / トーセイ開発 / トーセイプロパティマネジメント,17.0,不動産,,
89340,８９３４０,サンフロンティア不動産,サンフロンティア不動産 / サンフロ / サンフロンティア / SF不動産 / サンフロン / サンフロンティアR / サンフロンティアリート / サンフロンティアプロパティ / サンフロンティアデベロップメント,17.0,不動産,,
89350,８９３５０,ＦＪネクストホールディングス,FJネクスト / FJネクストホールディングス / ガーラマンション / ガーラレジデンス / ガーラシティ / ガーラステーション / ガーラプレイス / ガーラヒルズ / ガーラヴィスタ / ＦＪネクスト / ＦＪネクストHD,17.0,不動産,,
89990,８９９９０,グランディハウス,,17.0,不動産,,
90010,９００１０,東武鉄道,東武鉄道 / 東武 / TOBU / 東武グループ / スカイツリーライン / 東武アーバンパークライン / 東武東上線 / 東武ワールドスクウェア / 東武動物公園,12.0,運輸・物流,,
90030,９００３０,相鉄ホールディングス,相鉄ホールディングス / 相鉄 / Sotetsu / 相鉄線 / 相鉄グループ / 相鉄ローゼン / 相鉄ジョイナス / 相鉄ホテル / 相鉄フレッサイン / 相鉄HD,12.0,運輸・物流,,
90050,９００５０,東急,東急電鉄 / 東急百貨店 / 東急ストア / 東急ホテルズ / 東急プラザ / 東急カード,12.0,運輸・物流,,
90060,９００６０,京浜急行電鉄,京急 / 京急電鉄 / 京浜急行 / 京急線 / KEIKYU / 京急グループ / 京急バス / 京急ストア / 京急ホテル,12.0,運輸・物流,,
90070,９００７０,小田急電鉄,小田急電鉄 / 小田急 / 小田急線 / 小田急ロマンスカー / 小田急バス / 小田急トラベル / Odakyu / 小田急百貨店 / 小田急不動産,12.0,運輸・物流,,
90080,９００８０,京王電鉄,京王電鉄 / 京王 / 京王線 / 京王バス / 京王ストア / 京王プラザホテル / 京王百貨店 / 京王ライナー / 京王パスポートカード,12.0,運輸・物流,,
90090,９００９０,京成電鉄,京成電鉄 / 京成 / スカイライナー / 京成グループ / 京成バス / 京成カード / 京成ホテル / 京成ストア / 京成タクシー,12.0,運輸・物流,,
90100,９０１００,富士急行,富士急行 / 富士急 / 富士急ハイランド / 富士山駅 / 富士急バス / 富士急シティバス / 富士急トラベル / 富士急モビリティ / 富士急電鉄,12.0,運輸・物流,,
90200,９０２００,東日本旅客鉄道,JR東日本 / 東日本旅客鉄道 / JR東 / 9020 / Suica / グリーン車 / 駅ナカ / びゅうプラザ / 駅弁,12.0,運輸・物流,,
90210,９０２１０,西日本旅客鉄道,JR西日本 / 西日本旅客鉄道 / ジェイアール西日本 / JR-WEST / サンダーバード / くろしお / はるか / しらさぎ,12.0,運輸・物流,,
90220,９０２２０,東海旅客鉄道,JR東海 / 東海旅客鉄道 / 東海 / のぞみ / ひかり / こだま / リニア / JR Central,12.0,運輸・物流,,
90230,９０２３０,東京地下鉄,東京メトロ / 東京地下鉄 / Metro / メトロ / 東京メトロパス / メトロポイントクラブ / メトロカード / メトロアプリ / メトロニュース,12.0,運輸・物流,,
90240,９０２４０,西武ホールディングス,西武ホールディングス / 西武HD / 西武鉄道 / プリンスホテル / 西武バス / 西武ライオンズ / 西武園ゆうえんち / 西武プロパティーズ / 西武不動産 / 西武,12.0,運輸・物流,,
90250,９０２５０,鴻池運輸,鴻池 / Konoike,12.0,運輸・物流,,
90310,９０３１０,西日本鉄道,西日本鉄道 / 西鉄 / 西鉄バス / 西鉄電車 / 西鉄グランドホテル / 西鉄ストア / 西鉄イン / 西鉄旅行 / 西鉄ライオンズ,12.0,運輸・物流,,
90370,９０３７０,ハマキョウレックス,ハマキョウレックス / ハマキョウ / レックス / ハマキョウレックス株式会社 / Hamakyorex / HREX / ハマレ / ハマキョウ物流 / ハマキョウサービス,12.0,運輸・物流,,
90390,９０３９０,サカイ引越センター,サカイ引越センター / サカイ引越 / 引越のサカイ / サカイの引越 / サカイの引越便 / サカイ便 / パンダマーク / パンダ引越,12.0,運輸・物流,,
90410,９０４１０,近鉄グループホールディングス,近鉄HD / 近鉄ホールディングス / 近鉄電車 / 近鉄不動産 / 近鉄バス / 近鉄ホテル / 近鉄グループ / 近鉄グループHD,12.0,運輸・物流,,
90420,９０４２０,阪急阪神ホールディングス,阪急阪神ホールディングス / 阪急電鉄 / 阪神電鉄 / 阪急バス / 阪神バス / 宝塚歌劇団 / 阪急阪神 / 阪急阪神HD,12.0,運輸・物流,,
90440,９０４４０,南海電気鉄道,南海電鉄 / 南海 / 南海電気鉄道 / ラピート / サザン / こうや / りんかん / なんばCITY / なんばパークス,12.0,運輸・物流,,
90450,９０４５０,京阪ホールディングス,京阪ホールディングス / 京阪電鉄 / 京阪 / 京阪グループ / 京阪電気鉄道 / 京阪バス / 京阪ホテルズ / 京阪モール / 京阪百貨店 / 京阪HD,12.0,運輸・物流,,
90460,９０４６０,神戸電鉄,神戸電鉄 / 神鉄 / 神戸電 / Kobe Electric Railway / 神鉄バス / 神鉄不動産 / 神鉄グループ / 神鉄沿線 / 神鉄ライナー,12.0,運輸・物流,,
90480,９０４８０,名古屋鉄道,名鉄 / 名古屋鉄道 / 名鉄電車 / 名鉄バス / 名鉄グループ / 名鉄百貨店 / 名鉄ホテル / 名鉄不動産 / 名鉄ミュースカイ,12.0,運輸・物流,,
90520,９０５２０,山陽電気鉄道,山陽電気鉄道 / 山陽電鉄 / 山陽電鉄グループ / SANYO Electric Railway / 山陽バス / 山陽タクシー / 山陽不動産 / 山陽電鉄ホテル,12.0,運輸・物流,,
90640,９０６４０,ヤマトホールディングス,ヤマトホールディングス / ヤマト運輸 / クロネコヤマト / クロネコメンバーズ / 宅急便 / 宅急便コンパクト / らくらくメルカリ便 / ネコポス / ヤマト便 / ヤマト / ヤマトHD,12.0,運輸・物流,,
90650,９０６５０,山九,山九 / サンキュー / SANKYU / 山九株式会社 / 山九物流 / 山九エンジニアリング / 山九プラント / 山九トランスポート / 山九ロジスティクス,12.0,運輸・物流,,
90660,９０６６０,日新,,12.0,運輸・物流,,
90680,９０６８０,丸全昭和運輸,丸全昭和運輸 / 丸全 / 昭和運輸 / MZS / 丸全グループ / 丸全昭和 / 丸全物流 / 丸全ネットワーク / 丸全サービス,12.0,運輸・物流,,
90690,９０６９０,センコーグループホールディングス,センコーグループホールディングス / センコー / SENKO / SENKOグループ / センコーロジスティクス / センコートランスポート / センコーエクスプレス / センコーサプライチェーン / センコー物流 / センコーグループ / センコーグループHD,12.0,運輸・物流,,
90700,９０７００,トナミホールディングス,トナミホールディングス / トナミ / トナミ運輸 / トナミ物流 / トナミエクスプレス / トナミグループ / トナミトランスポート / トナミロジスティクス / トナミサービス / トナミHD,12.0,運輸・物流,,
90720,９０７２０,ニッコンホールディングス,ニッコンホールディングス / Nikkon / 日本梱包運輸倉庫 / ニッコン / Nikkon Holdings / 日梱 / 日梱HD / ニッコンHD,12.0,運輸・物流,,
90750,９０７５０,福山通運,福山通運 / 福通 / 福山 / FUKUYAMA / 福山エクスプレス / 福山物流 / 福山トラック / 福山運輸 / 福山サービス,12.0,運輸・物流,,
90760,９０７６０,セイノーホールディングス,セイノーホールディングス / 西濃運輸 / カンガルー便 / カンガルー急便 / カンガルー特急便 / カンガルー航空便 / カンガルーミニ便 / カンガルーロジ / カンガルー引越便 / セイノー / セイノーHD,12.0,運輸・物流,,
90810,９０８１０,神奈川中央交通,神奈川中央交通 / 神奈中 / Kanachu / 神奈中バス / Kanachu Bus / 神奈中タクシー / Kanachu Taxi / 神奈中観光 / Kanachu Kanko,12.0,運輸・物流,,
90900,９０９００,ＡＺ−ＣＯＭ丸和ホールディングス,ＡＺ−ＣＯＭ丸和 / ＡＺ−ＣＯＭ丸和HD,12.0,運輸・物流,,
91010,９１０１０,日本郵船,日本郵船 / NYK / 日本郵船株式会社 / 郵船 / NYK Line / NYKグループ / NYKクルーズ / NYKロジスティクス / NYKオートロジスティクス,12.0,運輸・物流,,
91040,９１０４０,商船三井,商船三井 / MOL / 商船 / 商船三井フェリー / MOL ACE / MOL Ferry / MOL Logistics / MOL Tech,12.0,運輸・物流,,
91070,９１０７０,川崎汽船,川崎汽船 / 川汽 / Kライン / KAWASAKI KISEN / カワサキキセン / K-LINE LOGISTICS / BLUE HIGHWAY LINE / K-LINE AMERICA,12.0,運輸・物流,,
91100,９１１００,ＮＳユナイテッド海運,,12.0,運輸・物流,,
91190,９１１９０,飯野海運,飯野海運 / 飯野 / IINO / IINO LINES / IINO KAIUN / IINO MARINE / 飯野グループ / 飯野商船 / 飯野物流,12.0,運輸・物流,,
91420,９１４２０,九州旅客鉄道,JR九州 / 九州旅客鉄道 / 九州新幹線 / ソニック / かもめ / ゆふいんの森 / ななつ星 / つばめ,12.0,運輸・物流,,
91430,９１４３０,ＳＧホールディングス,SGホールディングス / SGHD / 佐川急便 / SGフィルダー / SGリアルティ / SGモータース / SGシステム / SGエクスプレス / SGムービング / ＳＧ / ＳＧHD,12.0,運輸・物流,,
91470,９１４７０,ＮＩＰＰＯＮ　ＥＸＰＲＥＳＳホールディングス,ＮＩＰＰＯＮ　ＥＸＰＲＥＳＳ / 日本通運 / 日通 / NIPPON EXPRESS / NXHD / NXグループ / NXロジスティクス / NX物流 / NXトランスポート / NXソリューションズ / ＮＩＰＰＯＮ　ＥＸＰＲＥＳＳHD,12.0,運輸・物流,,
91610,９１６１０,ＩＤ＆Ｅホールディングス,ＩＤ＆Ｅ / ＩＤ＆ＥHD,,,,
92010,９２０１０,日本航空,日本航空 / JAL / 日航 / 9201 / ジャル / JALカード / JALマイレージバンク / JALパック / JALエクスプレス / JALスカイ,12.0,運輸・物流,,
92020,９２０２０,ＡＮＡホールディングス,ＡＮＡ / 全日空 / 全日本空輸 / ANAホールディングス / ANAマイレージクラブ / ANAカード / ANAスカイ / ANAプレミアムクラス / ANAウイングス / ＡＮＡHD,12.0,運輸・物流,,
92160,９２１６０,ビーウィズ,,10.0,情報通信・サービスその他,,
92290,９２２９０,サンウェルズ,,10.0,情報通信・サービスその他,,
92470,９２４７０,ＴＲＥホールディングス,ＴＲＥ / ＴＲＥHD,10.0,情報通信・サービスその他,,
92480,９２４８０,人・夢・技術グループ,人・夢・技術 / 人・夢・技術G,10.0,情報通信・サービスその他,,
92600,９２６００,西本Ｗｉｓｍｅｔｔａｃホールディングス,西本Ｗｉｓｍｅｔｔａｃホールディングス / 西本 / Wismettac / Nishimoto / Nishimoto Trading / アジアフード / Nishimoto Wismettac / Nishimoto Group / Nishimoto Holdings / 西本Ｗｉｓｍｅｔｔａｃ / 西本ＷｉｓｍｅｔｔａｃHD,,,,
92620,９２６２０,シルバーライフ,シルバーライフ / 配食のふれ愛 / まごころ弁当 / まごころケア食 / シルバーライフ弁当 / ふれ愛 / まごころ / ケア食 / 配食サービス,14.0,小売,,
92670,９２６７０,Ｇｅｎｋｙ　ＤｒｕｇＳｔｏｒｅｓ,ゲンキー / Genky / Genky DrugStores / ゲンキードラッグ / ゲンキー薬局 / ゲンキー店舗 / ゲンキーオンライン / ゲンキー商品 / ゲンキーブランド,14.0,小売,,
92730,９２７３０,コーア商事ホールディングス,コーアHD / コーア / コーアホールディングス / コーア商事 / コーア商事HD,13.0,商社・卸売,,
92740,９２７４０,ＫＰＰグループホールディングス,ＫＰＰグループ / ＫＰＰグループHD,13.0,商社・卸売,,
92780,９２７８０,ブックオフグループホールディングス,BOOKOFF / ブックオフグループ / ブックオフコーポレーション / ブックオン / ブックオフグループHD,14.0,小売,,
92790,９２７９０,ギフトホールディングス,ギフト / ギフトHD,14.0,小売,,
93010,９３０１０,三菱倉庫,三菱倉庫 / 三菱倉 / MITSUBISHI LOGISTICS / MLC / MITSUBISHI WAREHOUSE / みつくら / 三菱ロジスティクス / 三菱倉庫株式会社 / MLCグループ,12.0,運輸・物流,,
93020,９３０２０,三井倉庫ホールディングス,三井倉庫ホールディングス / 三井倉庫 / Mitsui-Soko / MSK / Mitsui-Soko Holdings / 三井倉庫HD / Mitsui-Soko Group / 三井倉庫グループ / Mitsui-Soko Logistics,12.0,運輸・物流,,
93030,９３０３０,住友倉庫,住友倉庫 / 住倉 / Sumitomo Warehouse / SWC / 住友倉庫ロジスティクス / 住友倉庫トランスポート / 住友倉庫シッピング / 住友倉庫インターナショナル / 住友倉庫サービス,12.0,運輸・物流,,
93040,９３０４０,澁澤倉庫,澁澤倉庫 / 澁澤 / 澁澤ロジスティクス / 澁澤物流 / 澁澤トランスポート / 澁澤倉庫グループ / 澁澤ネットワーク / 澁澤サービス / 澁澤ソリューション,12.0,運輸・物流,,
93050,９３０５０,ヤマタネ,,13.0,商社・卸売,,
93080,９３０８０,乾汽船,乾汽船 / 乾汽 / 乾汽船株式会社 / Kライン / 乾汽船グループ / 乾汽船株 / 乾汽船株式,12.0,運輸・物流,,
93100,９３１００,日本トランスシティ,NTC / トランスシティ / 日本トランス,12.0,運輸・物流,,
93190,９３１９０,中央倉庫,,12.0,運輸・物流,,
93240,９３２４０,安田倉庫,安田倉庫 / 安田 / YASUDA / YASUDA倉庫 / 安田ロジスティクス / YASUDA LOGISTICS / 安田物流 / YASUDA倉庫サービス / 安田トランスポート,12.0,運輸・物流,,
93320,９３３２０,ＮＩＳＳＯホールディングス,ＮＩＳＳＯ / ＮＩＳＳＯHD,10.0,情報通信・サービスその他,,
93360,９３３６０,大栄環境,,10.0,情報通信・サービスその他,,
93410,９３４１０,ＧＥＮＯＶＡ,,10.0,情報通信・サービスその他,,
93470,９３４７０,日本管財ホールディングス,日本管財 / 日本管財HD,10.0,情報通信・サービスその他,,
93640,９３６４０,上組,上組 / KAMIGUMI / カミグミ / 上組株式会社 / 上組ロジスティクス / KAMIGUMI LOGISTICS / 上組グループ / KAMIGUMI GROUP / 上組倉庫サービス,12.0,運輸・物流,,
93690,９３６９０,キユーソー流通システム,キユーソー流通システム / キユーソー / KRS / キユーソー物流 / キユーソーシステム / キユーソーグループ / キユーソーサービス / キユーソー運輸 / キユーソーロジスティクス,12.0,運輸・物流,,
93810,９３８１０,エーアイテイー,エーアイテイー / AIT / AITロジスティクス / AIT物流 / AITトランスポート / AITサービス / AITネットワーク / AITソリューション / AITグローバル,12.0,運輸・物流,,
93840,９３８４０,内外トランスライン,,12.0,運輸・物流,,
93860,９３８６０,日本コンセプト,,12.0,運輸・物流,,
94010,９４０１０,ＴＢＳホールディングス,ＴＢＳ / 東京放送 / TBSHD / TBSホールディングス / TBSテレビ / TBSラジオ / TBSチャンネル / BS-TBS / TBSオンデマンド / 赤坂サカス / ＴＢＳHD,10.0,情報通信・サービスその他,,
94040,９４０４０,日本テレビホールディングス,"日本テレビホールディングスに関連する略称やニックネーム、製品名、ブランド名は以下の通りです。

日テレ / NTV / 日本テレビ / 日テレHD / 日本テレビHD / Hulu Japan / 日テレオンデマンド / BS日テレ / 日テレジータス",10.0,情報通信・サービスその他,,
94050,９４０５０,朝日放送グループホールディングス,朝日放送 / 朝日放送グループ / ABCテレビ / ABCラジオ / 朝日放送HD / ABCホールディングス / 朝日放送グループHD / ABCグループ,10.0,情報通信・サービスその他,,
94090,９４０９０,テレビ朝日ホールディングス,テレビ朝日ホールディングス / テレ朝 / EX / テレビ朝日 / 朝日 / 9409 / ANN / 六本木ヒルズ / ドラえもん / 報道ステーション / テレビ朝日HD,10.0,情報通信・サービスその他,,
94120,９４１２０,スカパーＪＳＡＴホールディングス,スカパーＪＳＡＴホールディングス / スカパー / JSAT / スカパーJSAT / スカパーJSATホールディングス / スカパー！ / スカパー！プレミアムサービス / スカパー！オンデマンド / JCSAT / スカパーＪＳＡＴ / スカパーＪＳＡＴHD,10.0,情報通信・サービスその他,,
94130,９４１３０,テレビ東京ホールディングス,テレビ東京ホールディングス / テレ東 / TXHD / テレビ東京 / テレ東HD / テレビ東京グループ / テレビ東京ネットワーク / テレビ東京ビジネス / テレビ東京メディア / テレビ東京エンタープライズ / テレビ東京HD,10.0,情報通信・サービスその他,,
94160,９４１６０,ビジョン,,10.0,情報通信・サービスその他,,
94180,９４１８０,Ｕ−ＮＥＸＴ　ＨＯＬＤＩＮＧＳ,Ｕ−ＮＥＸＴ / U-NEXT / U-NEXT HOLDINGS / U-NEXTポイント / U-NEXTカード / U-NEXTストア / U-NEXTアプリ / U-NEXTビデオ / U-NEXTブック,10.0,情報通信・サービスその他,,
94240,９４２４０,日本通信,日本通信 / b-mobile / 日本通信SIM / b-mobile S / b-mobile X / b-mobile プリペイド / b-mobile 月額 / b-mobile データ通信 / b-mobile 音声通話,10.0,情報通信・サービスその他,,
94320,９４３２０,日本電信電話,NTT / 日本電信電話 / NTTグループ / NTTドコモ / NTTコミュニケーションズ / NTT東日本 / NTT西日本 / NTTファシリティーズ,10.0,情報通信・サービスその他,,
94330,９４３３０,ＫＤＤＩ,KDDI / au / UQモバイル / auひかり / au PAY / auじぶん銀行 / auカブコム証券 / auスマートパス / au WALLET,10.0,情報通信・サービスその他,,
94340,９４３４０,ソフトバンク,ソフバン / ソフトバンクモバイル / Y!mobile / LINE,10.0,情報通信・サービスその他,,
94350,９４３５０,光通信,光通信 / Hikari Tsushin / HT / Hikari / Hikari Telecom / 光ネット / Hikari Business / 光サービス,10.0,情報通信・サービスその他,,
94380,９４３８０,エムティーアイ,エムティーアイ / MTI / music.jp / ルナルナ / カラダメディカ / 母子モ / dヘルスケア / ヘルスケアパートナー / ルナルナ ベビー,10.0,情報通信・サービスその他,,
94490,９４４９０,ＧＭＯインターネットグループ,GMOクリック証券 / GMOアドパートナーズ / GMOメディア / GMO TECH / GMOコイン / GMOあおぞらネット銀行 / ＧＭＯインターネット / ＧＭＯインターネットG,10.0,情報通信・サービスその他,,
94500,９４５００,ファイバーゲート,ファイバーゲート / ファイバー / ゲート / FG Wi-Fi / ファイバーゲートWi-Fi / FGネットワーク / ファイバーゲートネットワーク / FGソリューション,10.0,情報通信・サービスその他,,
94680,９４６８０,ＫＡＤＯＫＡＷＡ,KADOKAWA / カドカワ / 角川書店 / 角川グループ / 角川文庫 / 角川映画 / ドワンゴ / ニコニコ動画 / ファミ通,10.0,情報通信・サービスその他,,
94700,９４７００,学研ホールディングス,学研 / 学研ホールディングス / 学研プラス / 学研教育出版 / 学研ステイフル / 学研メディカル秀潤社 / 学研教室 / 学研図書 / 学研の図鑑 / 学研HD,10.0,情報通信・サービスその他,,
94740,９４７４０,ゼンリン,ゼンリン / ZENRIN / ゼンリン地図 / 住宅地図 / ZENRIN DataCom / ZENRIN Store / ZENRIN Map Design / ZENRIN GIS / ZENRIN Navi,10.0,情報通信・サービスその他,,
95010,９５０１０,東京電力ホールディングス,東京電力 / 東電 / TEPCO / 東京電力ホールディングス / 9501 / TEPCOエナジーパートナー / TEPCOパワーグリッド / TEPCOカスタマーサービス / TEPCOホームテック / TEPCOトレーディング / 東京電力HD,11.0,電気・ガス,,
95020,９５０２０,中部電力,中部電力 / Chubu Electric / カテエネ / でんきの科学館 / 中部電力ミライズ / 中部電力パワーグリッド / 中部電力エナジーソリューション / 中部電力キャピタル,11.0,電気・ガス,,
95030,９５０３０,関西電力,関西電力 / 関電 / 9503 / KEPCO / はぴeみる電 / はぴeポイント / はぴeプラン / はぴeライフ / はぴeスマイル / はぴeエコ,11.0,電気・ガス,,
95040,９５０４０,中国電力,中国電力 / エネルギア / EnerGia / ちゅうでん / 中国電 / 中国電力ネットワーク / エネルギア・コミュニケーションズ / エネルギア・ソリューション・アンド・サービス,11.0,電気・ガス,,
95050,９５０５０,北陸電力,北陸電力 / 北陸電 / Hokuriku Electric / ほくでん / 北陸電力ネットワーク / ほくリンク / ほくでんエナジー,11.0,電気・ガス,,
95060,９５０６０,東北電力,東北電力 / 東北電 / Tohoku Electric / Tohoku Power / 東北電力ネットワーク / 東北電力エナジーサポート / 東北電力フロンティア / 東北電力ソリューション / 東北電力グリーンエナジー,11.0,電気・ガス,,
95070,９５０７０,四国電力,四国電力 / よんでん / 四国電 / 四国電力株式会社 / よんでんエナジーサービス / よんでんグリーンパワー / よんでんライフサポート / よんでんスマートエナジー,11.0,電気・ガス,,
95080,９５０８０,九州電力,九州電力 / Kyuden / でんきの九電 / ひまわりでんき / でんきの安心 / 九州エナジー / 九州電力送配電 / 九州電力リビング,11.0,電気・ガス,,
95090,９５０９０,北海道電力,北海道電力 / ほくでん / ほくでんエナジーサービス / ほくでんネットワーク / ほくでんグリーンエナジー / ほくでん電気 / ほくでんスマートメーター,11.0,電気・ガス,,
95110,９５１１０,沖縄電力,沖縄電力 / 沖電 / OKIDEN / 沖縄電 / 沖縄電力株式会社 / 沖縄電力グループ / 沖縄電力ホールディングス / 沖縄電力エナジーソリューション / 沖縄電力サービス,11.0,電気・ガス,,
95130,９５１３０,電源開発,J-POWER / 電源開発 / Jパワー / 電開 / J-POWERグループ / J-POWER電力 / J-POWERエナジー / J-POWERプロジェクト / J-POWERインフラ,11.0,電気・ガス,,
95140,９５１４０,エフオン,,11.0,電気・ガス,,
95170,９５１７０,イーレックス,イーレックス / eREX / イーレックス株式会社 / eREXグループ / eREX電力 / eREXエネルギー / eREXソリューション / eREXプロジェクト / eREXサービス,11.0,電気・ガス,,
95190,９５１９０,レノバ,レノバ / RENOVA / 9519 / レノバ株式会社 / レノバエナジー / レノバソーラー / レノバウィンド / レノババイオマス / レノバプロジェクト / レノバグリーン,11.0,電気・ガス,,
95310,９５３１０,東京瓦斯,東京ガス / 東京瓦斯 / 東ガス / 9531 / myTOKYOGAS / ピピッとコンロ / ガスミュージアム,11.0,電気・ガス,,
95320,９５３２０,大阪瓦斯,大阪瓦斯 / 大ガス / Daigas / Daigasグループ / Daigasエネルギー / Daigasネットワーク / Daigasリビング / Daigasガスアンドパワー / Daigasエンジニアリング,11.0,電気・ガス,,
95330,９５３３０,東邦瓦斯,東邦瓦斯 / 東邦ガス / Toho Gas / ガスワン / ガスファン / ガスヒートポンプ,11.0,電気・ガス,,
95340,９５３４０,北海道瓦斯,北海道瓦斯 / 9534 / 北ガス / Hokkaido Gas / 北海道ガス / 北ガスエナジー / ガスワン / ガスプラス / 北ガス電気 / 北ガス都市ガス,11.0,電気・ガス,,
95350,９５３５０,広島ガス,広島ガス / HIROGAS / ひろガス / 広ガス / ガスパル / ガスワン / ガスファンヒーター,11.0,電気・ガス,,
95360,９５３６０,西部ガスホールディングス,西部ガスホールディングス / 西部ガス / 西ガス / 西部ガスエナジー / 西部ガス都市開発 / 西部ガスリビング / 西部ガスグループ / 西部ガス電力 / 西部ガスネットワーク / 西部ガスHD,11.0,電気・ガス,,
95430,９５４３０,静岡ガス,静岡ガス / 静ガス / エネリア / ガスパル / 静岡ガスグループ / 静岡ガスエネルギー / 静岡ガスリビング / 静岡ガス都市開発 / 静岡ガスサービス,11.0,電気・ガス,,
95510,９５５１０,メタウォーター,,11.0,電気・ガス,,
95520,９５５２０,Ｍ＆Ａ総研ホールディングス,Ｍ＆Ａ総研 / Ｍ＆Ａ総研HD,10.0,情報通信・サービスその他,,
96000,９６０００,アイネット,,10.0,情報通信・サービスその他,,
96010,９６０１０,松竹,,10.0,情報通信・サービスその他,,
96020,９６０２０,東宝,東宝 / ゴジラ / シネマシティ / TOHOシネマズ / 東宝スタジオ / 東宝ミュージカル / 東宝レコード / 東宝アニメーション / 東宝映画,10.0,情報通信・サービスその他,,
96030,９６０３０,エイチ・アイ・エス,HIS / エイチ・アイ・エス / H.I.S. / ハウステンボス / 変なホテル / スカイウォーカー / HISモバイル / HISクーポン,10.0,情報通信・サービスその他,,
96050,９６０５０,東映,東映 / 東映アニメーション / スーパー戦隊シリーズ / 仮面ライダーシリーズ / ドラゴンボール / ワンピース / プリキュアシリーズ / 東映チャンネル / 東映ビデオ,10.0,情報通信・サービスその他,,
96120,９６１２０,ラックランド,ラックランド / 9612 / ラック / LAC / ラックランド株式会社 / ラックランドグループ / LACLAND / ラックランドホールディングス / ラックランドプロジェクト / ラックランドサービス,10.0,情報通信・サービスその他,,
96130,９６１３０,ＮＴＴデータグループ,NTTデータグループ / NTT DATA / NTTデータソリューションズ / BizXaaS / Cotoha / iQuattro / WinActor / NTTデータイントラマート / ＮＴＴデータ / ＮＴＴデータG,10.0,情報通信・サービスその他,,
96160,９６１６０,共立メンテナンス,共立メンテナンス / ドーミーイン / ドーミー / 共立リゾート / リゾートホテル / 学生会館 / ビジネスホテル / Kyoritsu Maintenance / Dormy Inn,10.0,情報通信・サービスその他,,
96190,９６１９０,イチネンホールディングス,イチネンホールディングス / イチネン / イチネンHD / イチネンホールディングス株式会社 / イチネングループ / イチネンリース / イチネンケミカルズ / イチネンオート / イチネンプロダクツ,10.0,情報通信・サービスその他,,
96210,９６２１０,建設技術研究所,建設技術研究所 / CTI / 建技 / 建設技研 / CTIグループ / CTIホールディングス / CTIエンジニアリング / CTIソリューション / CTIプロジェクト,10.0,情報通信・サービスその他,,
96220,９６２２０,スペース,スペース / スペースマーケティング / スペースデザイン / スペースプロジェクト / スペースプランニング / スペースイベント / スペースソリューション / スペースコンサルティング / スペースクリエイティブ,10.0,情報通信・サービスその他,,
96270,９６２７０,アインホールディングス,アインホールディングス / アインファーマシーズ / アイン薬局 / アインズ&トルペ / アインメディオ / アインメディカルシステム / アインヘルスケア / アインライフサポート / アインビューティー / アイン / アインHD,14.0,小売,,
96280,９６２８０,燦ホールディングス,燦 / 燦HD,10.0,情報通信・サービスその他,,
96290,９６２９０,ピー・シー・エー,PCA / ピー・シー・エー / PCA会計 / PCA給与 / PCA商魂 / PCA商管 / PCAクラウド / PCA医療 / PCA社会保険,10.0,情報通信・サービスその他,,
96320,９６３２０,スバル興業,スバル興業 / スバル興 / スバ興 / SUBARU興業 / スバルシネマ / スバル劇場 / スバル道路 / スバルパーキング / スバルサービス,10.0,情報通信・サービスその他,,
96440,９６４４０,タナベコンサルティンググループ,タナベコンサルティンググループ / タナベ / TCG / タナベコンサル / タナベグループ / タナベコンサルティング / タナベコンサルティングG / タナベCG / タナベコンサルティンググループ株式会社,10.0,情報通信・サービスその他,,
96580,９６５８０,ビジネスブレイン太田昭和,ビジネスブレイン太田昭和 / BBS / BBSO / ビジネスブレイン / 太田昭和 / BBSグループ / BBSソリューション / BBSサービス / BBSプロダクト,10.0,情報通信・サービスその他,,
96630,９６６３０,ナガワ,,10.0,情報通信・サービスその他,,
96720,９６７２０,東京都競馬,東京都競馬 / 東京シティ競馬 / 大井競馬場 / 東京メガイルミ / トゥインクルレース / 東京トゥインクルファンファーレ / 大井オートレース / 東京シティ競馬場,10.0,情報通信・サービスその他,,
96780,９６７８０,カナモト,カナモト / カナモト株式会社 / Kanamoto / カナモトレンタル / カナモト建機 / カナモトサービス / カナモトグループ / カナモトネットワーク / カナモトソリューション,10.0,情報通信・サービスその他,,
96820,９６８２０,ＤＴＳ,,10.0,情報通信・サービスその他,,
96840,９６８４０,スクウェア・エニックス・ホールディングス,スクウェア・エニックス / スクエニ / スクエア / エニックス / SQUARE ENIX / スクウェア・エニックス・ホールディングス / ファイナルファンタジー / ドラゴンクエスト / キングダムハーツ / スクウェア・エニックス・ / スクウェア・エニックス・HD,10.0,情報通信・サービスその他,,
96920,９６９２０,シーイーシー,シーイーシー / CECソリューション / CECテクノロジー / CECサービス / CECシステム / CECイノベーション / CECプロダクト / CECネットワーク,10.0,情報通信・サービスその他,,
96970,９６９７０,カプコン,カプコン / バイオハザード / モンスターハンター / ストリートファイター / ロックマン / デビルメイクライ / 戦国BASARA / 鬼武者 / 逆転裁判,10.0,情報通信・サービスその他,,
96990,９６９９０,ニシオホールディングス,ニシオ / ニシオHD,10.0,情報通信・サービスその他,,
97020,９７０２０,アイ・エス・ビー,,10.0,情報通信・サービスその他,,
97060,９７０６０,日本空港ビルデング,,17.0,不動産,,
97150,９７１５０,トランス・コスモス,トランス・コスモス / transcosmos / TC / DECAds / e-Contact / Social Gear / Hataractive / transcosmos analytics / transcosmos online communications,10.0,情報通信・サービスその他,,
97160,９７１６０,乃村工藝社,乃村工藝社 / ノムコー / 乃村 / NOMURA Co. / Ltd. / NOMURA GROUP / ノムラグループ / NOMURA DESIGN,10.0,情報通信・サービスその他,,
97190,９７１９０,ＳＣＳＫ,ＳＣＳＫ / 9719 / SCSK株式会社 / Minoriソリューション / ProActive / USiZE / CELF / Biz∫ / PrimeCloud,10.0,情報通信・サービスその他,,
97220,９７２２０,藤田観光,,10.0,情報通信・サービスその他,,
97260,９７２６０,ＫＮＴ−ＣＴホールディングス,ＫＮＴ−ＣＴホールディングス / 近ツー / 近畿日本ツーリスト / KNT / KNT-CT / 近鉄観光 / 近鉄旅行 / ＫＮＴ−ＣＴ / ＫＮＴ−ＣＴHD,10.0,情報通信・サービスその他,,
97290,９７２９０,トーカイ,,10.0,情報通信・サービスその他,,
97350,９７３５０,セコム,セコム / SECOM / セコムホームサービス / セコムショップ / セコムあんしんサービス / セコム医療システム / セコムトラストシステムズ / セコム損害保険,10.0,情報通信・サービスその他,,
97390,９７３９０,ＮＳＷ,,10.0,情報通信・サービスその他,,
97400,９７４００,セントラル警備保障,セントラル警備保障 / 中央警備 / セントラルセキュリティ / セントラルガード / セントラルサービス / セントラルプロテクション / セントラルシステム / セントラルソリューション,10.0,情報通信・サービスその他,,
97420,９７４２０,アイネス,,10.0,情報通信・サービスその他,,
97430,９７４３０,丹青社,丹青社 / Tanseisha / タンセイ / 空間デザイン / 展示会デザイン / 商業施設デザイン / インテリアデザイン / 文化施設デザイン / イベントプロデュース,10.0,情報通信・サービスその他,,
97440,９７４４０,メイテックグループホールディングス,メイテックグループ / メイテックグループHD,10.0,情報通信・サービスその他,,
97460,９７４６０,ＴＫＣ,,10.0,情報通信・サービスその他,,
97490,９７４９０,富士ソフト,富士ソフト / FUJISOFT / PALRO / moreNOTE / moreReception / moreNOTE for Business / moreNOTE for Education / moreNOTE for Medical / moreNOTE for Government,,,,
97550,９７５５０,応用地質,応用地質 / Geo-Cloud / Geo-Pit / Geo-Graph / Geo-Map / Geo-Drone / Geo-Scan / Geo-Data,10.0,情報通信・サービスその他,,
97570,９７５７０,船井総研ホールディングス,船井総研ホールディングス / 船井総研 / FSG / 船井 / 総研 / 船井ホールディングス / 船井グループ / 船井コンサルティング / 船井総研HD,10.0,情報通信・サービスその他,,
97590,９７５９０,ＮＳＤ,,10.0,情報通信・サービスその他,,
97660,９７６６０,コナミグループ,コナミグループ / KONAMI / コナミ / ウイニングイレブン / 遊戯王 / メタルギア / ビートマニア / パワプロ / ときめきメモリアル / コナミG,10.0,情報通信・サービスその他,,
97690,９７６９０,学究社,学究社 / さなる / サナル / サナル予備校 / サナル進学塾 / サナル模試 / サナルオンライン / サナル英語 / サナル数学,10.0,情報通信・サービスその他,,
97870,９７８７０,イオンディライト,イオンディライト / イオンディライト株式会社 / Delight / イオンディライトサービス / イオンディライトプロパティ / イオンディライトセキュリティ / イオンディライトクリーン / イオンディライトファシリティ,10.0,情報通信・サービスその他,,
97880,９７８８０,ナック,,10.0,情報通信・サービスその他,,
97900,９７９００,福井コンピュータホールディングス,福井コンピュータホールディングス / 福井コンピュータ / FCHD / TREND-ONE / TREND-CORE / TREND-FIELD / TREND-POINT / TREND-ROAD / TREND-CAD / 福井コンピュータHD,10.0,情報通信・サービスその他,,
97930,９７９３０,ダイセキ,,10.0,情報通信・サービスその他,,
97950,９７９５０,ステップ,,10.0,情報通信・サービスその他,,
98240,９８２４０,泉州電業,泉州電業 / 泉州 / SENSHU / SENSHU ELECTRIC / 泉州ケーブル / SENSHU CABLE / 泉州電線 / 泉州ワイヤー / SENSHU WIRE,13.0,商社・卸売,,
98280,９８２８０,Ｇｅｎｋｉ　Ｇｌｏｂａｌ　Ｄｉｎｉｎｇ　Ｃｏｎｃｅｐｔｓ,,14.0,小売,,
98300,９８３００,トラスコ中山,トラスコ中山 / トラスコ / TRUSCO / トラスコオレンジブック / オレンジブック / トラスコプロツール / プロツール / トラスコブランド / トラスコ製品,13.0,商社・卸売,,
98310,９８３１０,ヤマダホールディングス,ヤマダホールディングス / ヤマダ電機 / ヤマダ / LABI / テックランド / 家電住まいる館 / ヤマダアウトレット / ヤマダウェブコム / ヤマダモバイル / 9831 / ヤマダHD,14.0,小売,,
98320,９８３２０,オートバックスセブン,オートバックスセブン / オートバックス / AUTOBACS / スーパーオートバックス / AUTOBACS CARS / AUTOBACS EXPRESS / AUTOBACS QUALITY / AUTOBACS GARAGE / AUTOBACS SEVEN,13.0,商社・卸売,,
98370,９８３７０,モリト,,13.0,商社・卸売,,
98420,９８４２０,アークランズ,,14.0,小売,,
98430,９８４３０,ニトリホールディングス,ニトリ / ニトリホールディングス / デコホーム / ニトリネット / Nクール / Nウォーム / ニトリモール / ニトリルーム / ニトリデザイン / ニトリHD,14.0,小売,,
98500,９８５００,グルメ杵屋,グルメ杵屋 / 杵屋 / 杵屋レストラン / 杵屋製麺所 / そじ坊 / そば処杵屋 / うどんの杵屋 / 杵屋カフェ / グルメ杵屋ホールディングス,14.0,小売,,
98560,９８５６０,ケーユーホールディングス,ケーユー / ケーユーHD,14.0,小売,,
98610,９８６１０,吉野家ホールディングス,吉野家 / 吉野家ホールディングス / 牛丼 / 吉野家の牛丼 / 吉野家HD / 吉野家グループ / 吉野家チェーン / 吉野家の味 / 吉野家のどんぶり,14.0,小売,,
98690,９８６９０,加藤産業,加藤産業 / カンピー / KATO / 加藤 / KATO SANGYO / カンピージャム / カンピー缶詰 / カンピー食品 / KANPY,13.0,商社・卸売,,
98800,９８８００,イノテック,,9.0,電機・精密,,
98820,９８８２０,イエローハット,イエローハット / イエローハットグループ / Yellow Hat / イエローハットオートサービス / イエローハットタイヤ / イエローハットオイル / イエローハットバッテリー / イエローハットカー用品 / イエローハットメンテナンス,13.0,商社・卸売,,
98870,９８８７０,松屋フーズホールディングス,松屋フーズホールディングス / 松乃家 / 松八 / 松弁 / マイカリー食堂 / 松屋カフェ / 松屋デリ / 松屋製麺所 / 松屋フーズ / 松屋フーズHD,14.0,小売,,
98890,９８８９０,ＪＢＣＣホールディングス,ＪＢＣＣ / ＪＢＣＣHD,10.0,情報通信・サービスその他,,
98960,９８９６０,ＪＫホールディングス,ＪＫ / ＪＫHD,13.0,商社・卸売,,
99000,９９０００,サガミホールディングス,サガミ / サガミHD,14.0,小売,,
99020,９９０２０,日伝,,13.0,商社・卸売,,
99280,９９２８０,ミロク情報サービス,ミロク情報サービス / MJS / 財務応援 / MJSLINK / MJSLINK NX-Plus / MJSLINK NX-I / MJSLINK NX / MJSLINK NX-ERP / MJSLINK NX-Cloud / ミロク情報,10.0,情報通信・サービスその他,,
99320,９９３２０,杉本商事,杉本,13.0,商社・卸売,,
99340,９９３４０,因幡電機産業,因幡電機産業 / 因幡電機 / 因幡 / INABA / INABA DENKI / 因幡電工 / 因幡電産 / 因幡電機産業株式会社 / 因幡電機グループ,13.0,商社・卸売,,
99360,９９３６０,王将フードサービス,王将フードサービス / 餃子の王将 / 王将 / 餃子 / 王将ラーメン / 王将チャーハン / 王将セット / 王将弁当 / 王将定食 / 王将フード,14.0,小売,,
99460,９９４６０,ミニストップ,MINISTOP / ソフトクリーム / ハロハロ / Xフライドポテト / おにぎり / パフェ / コーヒー / フィッシュ＆チップス,14.0,小売,,
99480,９９４８０,アークス,アークス / ラルズ / フクハラ / ユニバース / 東光ストア / 道北アークス / 道南ラルズ / スーパーアークス / ビッグハウス,14.0,小売,,
99560,９９５６０,バローホールディングス,バロー / バローHD,14.0,小売,,
99600,９９６００,東テク,,13.0,商社・卸売,,
99620,９９６２０,ミスミグループ本社,ミスミグループ本社 / MISUMI / ミスミ / VONA / Meviy / WOS / QCT / FA工場 / MISUMIブランド,13.0,商社・卸売,,
99740,９９７４０,ベルク,,14.0,小売,,
99790,９９７９０,大庄,,14.0,小売,,
99830,９９８３０,ファーストリテイリング,ファーストリテイリング / ユニクロ / GU / プリンセス タム・タム / セオリー / コントワー・デ・コトニエ / プラステ / ユニクロU / ユニクロキッズ / ユニクロマタニティ,14.0,小売,,
99840,９９８４０,ソフトバンクグループ,SB / SBG / ソフバン / ソフトバンクビジョンファンド / ペッパー / ソフトバンク / ソフトバンクG,10.0,情報通信・サービスその他,,
99870,９９８７０,スズケン,,13.0,商社・卸売,,
99890,９９８９０,サンドラッグ,,14.0,小売,,
99900,９９９００,サックスバー　ホールディングス,サックスバー　 / サックスバー　HD,14.0,小売,,
99910,９９９１０,ジェコス,,13.0,商社・卸売,,
99970,９９９７０,ベルーナ,ベルーナ / ベルーナネット / ベルーナグルメ / ベルーナワイン / ベルーナカタログ / ベルーナショッピング / ベルーナトラベル / ベルーナファッション / ベルーナホーム,14.0,小売,,
