ticker,ticker_fullwidth,company_name,sector17,company_name_variants,product_names,gpt_raw_outputs
13010,１３０１０,極洋,食品,KYOYO|極洋株式会社|Kyokuyo Co.|Ltd.,さば缶|かに缶|シーフードセレクション|極洋の缶詰|極洋の冷凍食品,"[""会社名: 極洋, KYOYO, Kyokuyo Co., Ltd.,\nブランド名: シーフードセレクション, 極洋の缶詰, 極洋の冷凍食品, 極洋のフィッシュソーセージ, 極洋の水産加工品"", ""会社名: 極洋, KYO, 極洋株式会社, KYOYO, 極洋グループ  \nブランド名: シーフードミックス, さば缶, かに缶, いくら, まぐろ"", ""会社名: 極洋, KKK, Kyokuyo, 極洋株式会社,  \nブランド名: かに缶, さば缶, まぐろ缶, いわし缶, さけ缶""]"
13320,１３３２０,ニッスイ,食品,日本水産|Nissui|日水|1332,さば缶|かにかま|まぐろ缶|いわし缶,"[""会社名: ニッスイ, 日本水産, Nissui,\nブランド名: ちくわ, かにかま, さば缶, まぐろ缶, いわし缶"", ""会社名: ニッスイ, Nissui, 日本水産,\nブランド名: 大きな大きな焼きおにぎり, ちくわ, さば缶, かに缶, ふっくらおいしい焼き魚"", ""会社名: ニッスイ, 日本水産, Nissui, 日水, 1332,\nブランド名: シーフード, ちくわ, かまぼこ, さけフレーク, さば缶,""]"
13330,１３３３０,マルハニチロ,食品,マルハ|ニチロ|MH|マルハニ,あけぼの|ラ・カンティーヌ|さば水煮|マルハニチロの缶詰|いわし蒲焼き,"[""会社名: マルハ, マルハニチロ,\nブランド名: あけぼの, マルハニチロの缶詰, ラ・カンティーヌ, さば水煮, いわし蒲焼き"", ""会社名: マルハ, マルハニ, ニチロ, MH, Maruha Nichiro  \nブランド名: あけぼの, アミノバイタル, マルハニチロシーフード, いちばんしぼり, ラ・カンティーヌ"", ""会社名: マルハ, ニチロ, MH, \nブランド名: あけぼの, 海のあじわい, さば水煮, いわし蒲焼, さけフレーク""]"
13750,１３７５０,ユキグニファクトリー,食品,ユキグニ,,"[""申し訳ありませんが、「ユキグニファクトリー」（証券コード: 13750）についての具体的な略称やブランド名の情報は持ち合わせていません。一般的には、企業の略称やブランド名は公式ウェブサイトやプレスリリース、または金融ニュースなどで確認することができます。"", ""申し訳ありませんが、私のデータベースには「ユキグニファクトリー」（証券コード: 13750）に関する具体的な情報がありません。そのため、会社の略称やブランド名を提供することができません。最新の情報は、公式の企業ウェブサイトや金融情報サービスを参照してください。"", ""申し訳ありませんが、「ユキグニファクトリー」（証券コード: 13750）に関する具体的な略称、ニックネーム、ブランド名、製品名についての情報は持っていません。一般的に企業名やブランド名は、企業の公式な情報源やニュース記事で確認することができます。公式ウェブサイトやプレスリリースを参照することをお勧めします。""]"
13760,１３７６０,カネコ種苗,食品,カネコ|Kaneko|Kaneko Seeds,つくばシリーズ|カネコグリーン|カネコフラワー|カネコベジタブル|カネコフルーツ,"[""会社名: カネコ種苗, Kaneko Seeds,\nブランド名: つくばシリーズ, カネコグリーン, カネコフラワー, カネコベジタブル, カネコフルーツ"", ""会社名: カネコ, カネコ種苗, Kaneko,\nブランド名: つるつる, つや姫, きらりん, こしひかり, ひとめぼれ"", ""会社名: カネコ, カネコ種苗, Kaneko,\nブランド名: つくばSD, つくばグリーン, つくばレッド, つくばブルー, つくばイエロー""]"
13770,１３７７０,サカタのタネ,食品,サカタ|Sakata Seed|Sakata Seed Corporation|Sakataのタネ,サカタのタネ|サカタの野菜|サカタの花|サカタのガーデニング|Sakata Home Gardening,"[""会社名: サカタ, Sakata Seed, Sakata Seed Corporation, Sakataのタネ, Sakata Co., Ltd.,\nブランド名: サカタのタネ, サカタの野菜, サカタの花, サカタのガーデニング, Sakata Home Gardening,"", ""会社名: サカタ, サカタのタネ, Sakata Seed,\nブランド名: サカタのタネ, タネのサカタ, Sakata Seed, ひまわりのタネ, ガーデンフラワー"", ""会社名: サカタ, サカタのタネ,  \nブランド名: サカタのタネガーデンセンター, サカタのタネオンラインショップ, サカタのタネガーデン, サカタのタネ種苗, サカタのタネガーデニング用品""]"
13790,１３７９０,ホクト,食品,Hokuto,きのこランド|ぶなしめじ|きのこ博士|霜降りひらたけ|えのき茸,"[""会社名: ホクト,\nブランド名: きのこ博士, きのこランド, 霜降りひらたけ, ぶなしめじ, えのき茸"", ""会社名: ホクト, Hokuto,\nブランド名: きのこ, ぶなしめじ, えのき, まいたけ, しいたけ"", ""会社名: ホクト,\nブランド名: きのこランド, きのこ村, きのこファーム, きのこキッチン, きのこレシピ""]"
14140,１４１４０,ショーボンドホールディングス,建設・資材,ショーボンド,,"[""申し訳ありませんが、「ショーボンドホールディングス」についての具体的な略称やブランド名の情報は持っていません。ただし、一般的な情報として、企業の略称やブランド名は公式ウェブサイトや金融ニュース、企業のプレスリリースなどで確認することができます。"", ""申し訳ありませんが、「ショーボンドホールディングス」についての具体的な略称やブランド名の情報は持ち合わせていません。一般的に、企業の略称やブランド名は公式サイトや投資家向け資料、SNSなどで確認することができます。具体的な情報を得るためには、これらのリソースを参照することをお勧めします。"", ""会社名: ショーボンド, ショーボンドHD, ショーボンドホールディングス,\nブランド名: 申し訳ありませんが、ショーボンドホールディングスの具体的なブランド名や製品名についての情報は持っていません。""]"
14170,１４１７０,ミライト・ワン,建設・資材,ミライト|ミライトワン|MIRAIT ONE|MIRAIT,,"[""申し訳ありませんが、「ミライト・ワン」（証券コード: 14170）についての具体的な略称やブランド名の情報は私のデータベースには含まれていません。一般的に、企業の略称やブランド名は公式ウェブサイトや金融ニュース、プレスリリースなどで確認することができます。"", ""会社名: ミライト, ミライトワン, MIRAIT ONE, ミライト・ワン,\nブランド名:"", ""会社名: ミライト, ミライトワン, MIRAIT, MIRAIT ONE, 14170,\nブランド名: 情報がありません。""]"
14190,１４１９０,タマホーム,建設・資材,Tama Home|Tama|タマ,大安心の家|木麗な家|GALLERIANT|タマリビング|タマガーデン,"[""会社名: タマホーム, Tama Home,\nブランド名: 大安心の家, 木麗な家, GALLERIANT, タマリビング, タマガーデン"", ""会社名: タマホーム, Tama,\nブランド名: 大安心の家, 木麗な家, GALLERIANT, タマリビング, タマガーデン"", ""会社名: タマホーム, タマ,  \nブランド名: 大安心の家, 木麗な家, 元気な家, ちょっといい家, GALLERIANT""]"
14350,１４３５０,ｒｏｂｏｔ　ｈｏｍｅ,不動産,ロボットホーム|RH|Robot Home|ロボホーム|RobotHome,Residence Kit|Residence Connect|Residence AI|Residence Management System|Residence Security,"[""会社名: ロボットホーム, Robot Home, RH\nブランド名: Residence Kit, Residence Connect, Residence AI, Residence Management System, Residence Security"", ""会社名: ロボットホーム, RH, ロボホーム, RobotHome, ロボットH\nブランド名: 住まいのIoT, IoTプラットフォーム, スマートホームソリューション, Home AI, スマートライフ"", ""会社名: ロボットホーム, Robot Home, RH, 14350, ロボホーム,\nブランド名: i-Room, Residence kit, Home OS, Smart Home, AI Home,""]"
15140,１５１４０,住石ホールディングス,エネルギー資源,住石HD|Sumiseki Holdings|住石ホ,住石炭|Sumiseki Coal|住石エネルギー|Sumiseki Energy|住石マテリアル,"[""会社名: 住石HD, Sumiseki Holdings, 住石ホールディングス,\nブランド名: 住石炭, Sumiseki Coal, 住石エネルギー, Sumiseki Energy, 住石マテリアル"", ""申し訳ありませんが、「住石ホールディングス」（証券コード: 15140）についての具体的な略称やブランド名の情報は持っていません。一般的には、企業の略称やニックネームはSNSやトレーダーの間で独自に作られることが多く、公式な情報としては提供されていないことが多いです。また、ブランド名や製品名についても、企業の公式サイトやプレスリリースなどで確認することが一般的です。具体的な情報を知りたい場合は、公式な情報源を参照することをお勧めします。"", ""会社名: 住石HD, 住石, 住石ホ, 住石ホールディング, 15140,\nブランド名: なし""]"
15150,１５１５０,日鉄鉱業,エネルギー資源,Nittetsu Mining|Nittetsu Kougyou|日鉄鉱|Nittetsu,,"[""会社名: 日鉄鉱業, Nittetsu Mining, Nittetsu Kougyou,\nブランド名:"", ""会社名: 日鉄鉱, Nittetsu Mining, Nittetsu, 日鉄鉱業, Nittetsu Kougyou  \nブランド名: 申し訳ありませんが、日鉄鉱業の代表的なブランド名や製品名に関する具体的な情報は見つかりませんでした。"", ""会社名: 日鉄鉱業, 日鉄鉱, Nittetsu Mining, Nittetsu, 15150,\nブランド名: 特定のブランド名や製品名は一般的に知られていません。""]"
15180,１５１８０,三井松島ホールディングス,情報通信・サービスその他,三井松島|Mitsui Matsushima|MMHD|三井松,なし,"[""会社名: 三井松島, Mitsui Matsushima,\nブランド名:"", ""会社名: 三井松島, 三井松島HD, Mitsui Matsushima, MMHD, 三井松,\nブランド名: なし"", ""会社名: 三井松島, 三井松島HD, 松島HD, MMHD, 三井松,\nブランド名: なし""]"
16050,１６０５０,ＩＮＰＥＸ,エネルギー資源,INPEX|国際石油開発帝石|インペックス|石油開発,N/A,"[""会社名: INPEX, 国際石油開発帝石,\nブランド名: N/A"", ""会社名: INPEX, インペックス, 国際石油開発帝石,\nブランド名: N/A"", ""会社名: INPEX, インペックス, 国際石油開発帝石, 石油開発,\nブランド名: N/A""]"
16620,１６６２０,石油資源開発,エネルギー資源,JAPEX|石油資源|石油開発|JDC,なし|...,"[""会社名: JAPEX, 石油資源, 石油資源開発,\nブランド名: ..."", ""会社名: JDC, 石油資源, 石油開発, JAPEX, 石油資源開発,\nブランド名: なし"", ""会社名: JAPEX, 石油資源, 石油資源開発, 石油開発, 16620,\nブランド名: なし""]"
16630,１６６３０,Ｋ＆Ｏエナジーグループ,エネルギー資源,K&O|K&Oエナジー|Ｋ＆Ｏエナジー,該当なし,"[""会社名: K&O, K&Oエナジー, K&Oエナジーグループ,\nブランド名: 申し訳ありませんが、K&Oエナジーグループの具体的なブランド名や製品名に関する情報は提供できません。"", ""会社名: K&O, K&Oエナジー, K&Oグループ, K&Oエナジーグループ, K&OエナジーHD  \nブランド名: 該当なし"", ""会社名: K&O, K&Oエナジー, K&Oグループ, K&OエナジーG, K&Oエナジーグループ,\nブランド名: 申し訳ありませんが、K&Oエナジーグループに特定のブランド名や製品名の情報はありません。""]"
167A0,１６７A０,リョーサン菱洋ホールディングス,商社・卸売,リョーサン菱洋,167A0）についての具体的な情報は持っていません。したがって、会社の略称やブランド名を提供することができません。最新の情報については、公式の企業ウェブサイトや金融ニュースを参照してください。,"[""申し訳ありませんが、「リョーサン菱洋ホールディングス」（証券コード: 167A0）についての具体的な情報は持っていません。したがって、会社の略称やブランド名を提供することができません。最新の情報については、公式の企業ウェブサイトや金融ニュースを参照してください。"", ""申し訳ありませんが、「リョーサン菱洋ホールディングス」（証券コード: 167A0）についての具体的な情報は私のデータベースには含まれていないようです。そのため、会社の略称やブランド名についてのリストを提供することができません。最新の情報は、公式ウェブサイトや関連するニュースソースを確認することをお勧めします。"", ""申し訳ありませんが、「リョーサン菱洋ホールディングス」（証券コード: 167A0）に関する具体的な略称やブランド名、製品名についての情報は持っていません。一般的に企業の略称やブランド名は、企業の公式な発表や業界内での通称として使われることが多いです。具体的な情報が必要な場合は、公式な資料やニュースソースを確認することをお勧めします。""]"
17160,１７１６０,第一カッター興業,建設・資材,第一カッター|DAIICHI CUTTER|カッター興業|Dカッター,...|情報が不足しています。,"[""会社名: 第一カッター, DAIICHI CUTTER, 第一カッター興業,\nブランド名: ..."", ""会社名: 第一カッター, 第一カッター興業, DAIICHI CUTTER, Dカッター, カッター興業  \nブランド名: 情報がありません"", ""会社名: 第一カッター, DCK, 第一カッター興業, カッター興業, 17160,\nブランド名: 情報が不足しています。""]"
17190,１７１９０,安藤・間,建設・資材,安藤間|Ando Hazama|Ando Corporation|Hazama Corporation|A&H,,"[""会社名: 安藤間, Ando Hazama, Ando Corporation, Hazama Corporation, A&H\nブランド名: 申し訳ありませんが、「安藤・間」に関連する代表的なブランド名や製品名の情報は見つかりませんでした。"", ""申し訳ありませんが、「安藤・間」（証券コード: 17190）に関する具体的な略称やブランド名の情報は持ち合わせていません。一般的には、企業の略称やブランド名は公式の情報源や企業のウェブサイトで確認することができます。もし具体的な情報が必要であれば、公式な資料や信頼できる情報源を参照することをお勧めします。"", ""申し訳ありませんが、「安藤・間」（証券コード: 17190）に関する具体的な略称やニックネーム、ブランド名、製品名についての情報は持っていません。一般的に企業名やブランド名は、企業の公式ウェブサイトや金融ニュース、業界の資料などで確認することができます。""]"
17200,１７２００,東急建設,建設・資材,Tokyu Construction|東急建|東急|TCC,,"[""会社名: 東急建設, Tokyu Construction, 東急建,\nブランド名:"", ""会社名: 東急建, Tokyu Construction, 東急建設,\nブランド名:"", ""会社名: 東急建設, 東急, TCC, Tokyu Construction, 17200,\nブランド名: 特定のブランド名や製品名は一般的に知られていません。""]"
17210,１７２１０,コムシスホールディングス,建設・資材,コムシス|COMSYS|17210,COMSYSネットワーク|COMSYSインフラ,"[""会社名: コムシス, COMSYS, コムシスHD, コムシスホールディングス,\nブランド名: COMSYSネットワーク, COMSYSソリューション, COMSYSエンジニアリング, COMSYSテクノロジー, COMSYSインフラ"", ""会社名: コムシス, コムシスHD, COMSYS, コムシスホールディングス, 17210,\nブランド名: COMSYS Solutions, COMSYS Engineering, COMSYS Network, COMSYS IT Solutions, COMSYS Infrastructure,"", ""会社名: コムシス, コムシスHD, コムシスホールディングス,\nブランド名: 特定のブランド名や製品名は一般的に公開されていない可能性があります。""]"
17260,１７２６０,ビーアールホールディングス,建設・資材,BRHD|ビーアールHD,,"[""申し訳ありませんが、「ビーアールホールディングス」（証券コード: 17260）についての具体的な略称やブランド名の情報は持っていません。一般的には、企業の略称やブランド名は公式ウェブサイトやプレスリリース、または金融ニュースなどで確認することができます。"", ""申し訳ありませんが、「ビーアールホールディングス」（証券コード: 17260）についての具体的な略称やブランド名の情報は持ち合わせていません。一般的には、企業の略称やニックネームはその企業の公式ウェブサイトや投資家向け資料、またはSNSでの利用状況から確認することができます。ブランド名や製品名についても同様に、企業の公式情報や製品カタログなどを参照することが一般的です。"", ""会社名: BRHD, ビーアールHD, ビーアールホールディングス,\nブランド名: 申し訳ありませんが、ビーアールホールディングスの具体的なブランド名や製品名についての情報は持っていません。""]"
17620,１７６２０,高松コンストラクショングループ,建設・資材,高松建設|高松コンストラクション|TCG,,"[""申し訳ありませんが、「高松コンストラクショングループ」についての具体的な略称やブランド名の情報は持ち合わせていません。一般的に、企業の略称やブランド名は公式ウェブサイトやプレスリリース、または金融ニュースなどで確認することができます。公式な情報源を参照することをお勧めします。"", ""申し訳ありませんが、「高松コンストラクショングループ」（証券コード: 17620）に関する具体的な略称やブランド名の情報は持ち合わせていません。一般的には、企業の略称やニックネームは業界やコミュニティによって異なることが多く、またブランド名や製品名も特定の情報源からの確認が必要です。公式な情報源やSNS、トレーダーのコミュニティでの言及を確認することをお勧めします。"", ""会社名: 高松建設, 高松グループ, 高松コンストラクション, 高松, TCG,\nブランド名: ありません,""]"
17660,１７６６０,東建コーポレーション,建設・資材,東建|東建コーポ|Tokken Corporation|Tokken,ホームメイト|ホームメイト・ショップ|ホームメイト・オフィス,"[""会社名: 東建, 東建コーポ, Tokken Corporation, Tokken, 東建コーポレーション,\nブランド名: ホームメイト, ホームメイト・リサーチ, ホームメイト・ネット, ホームメイト・ショップ, ホームメイト・オフィス"", ""会社名: 東建, 東建コーポ, Tokken, Tokken Corporation, 東建コーポレーション,\nブランド名: ホームメイト, ホームメイトリサーチ, ホームメイト・レジデンス, ホームメイト・ショップ, ホームメイト・オフィス"", ""会社名: 東建, TKC, 東建コーポ, 東建Corp, 東建コーポレーション,\nブランド名: ホームメイト, ホームメイト・リサーチ, ホームメイト・ネット, ホームメイト・プロパティ, ホームメイト・ショップ""]"
17800,１７８００,ヤマウラ,建設・資材,Yamaura|ヤマウラ建設|17800,ルネス軽井沢|ルネス蓼科|ルネス白馬|ルネス八ヶ岳,"[""会社名: ヤマウラ, Yamaura,\nブランド名: 申し訳ありませんが、ヤマウラに関連する代表的なブランド名や製品名の情報は見つかりませんでした。"", ""会社名: ヤマウラ, ヤマウラ建設, ヤマウラ株式会社, Yamaura,\nブランド名: ルネス軽井沢, ルネス蓼科, ルネス白馬, ルネス八ヶ岳, ルネス軽井沢南"", ""会社名: ヤマウラ, Yamaura, 17800,\nブランド名: 申し訳ありませんが、ヤマウラの具体的なブランド名や製品名についての情報は持っていません。""]"
17860,１７８６０,オリエンタル白石,建設・資材,オリ白|Oriental Shiraishi|OS|ORC,プレストレストコンクリート|プレストレスト技術|プレストレスト橋梁|プレストレスト建材|プレストレスト構造,"[""会社名: オリエンタル白石, オリ白, Oriental Shiraishi, OS\nブランド名: プレストレストコンクリート, プレストレスト技術, プレストレスト橋梁, プレストレスト建材, プレストレスト構造"", ""会社名: オリエンタル白石, オリ白, ORC, Oriental Shiraishi, 17860\nブランド名: プレストレストコンクリート, プレキャストコンクリート, オリコン, オリプレ, オリキャスト"", ""会社名: オリ白, オリエンタル, 白石, OWS, オリエンタル白石,\nブランド名: 該当なし""]"
18010,１８０１０,大成建設,建設・資材,大成|TAISEI|Taisei Corporation|Taisei Kensetsu|大成建,パルコン|プレキャストコンクリート|パルテノン|T-プレイス|T-システム,"[""会社名: 大成, TAISEI, Taisei Corporation, Taisei Kensetsu, TAISEI Corp,\nブランド名: パルテノン, T-プレイス, T-システム, T-ビルド, T-プロジェクト"", ""会社名: 大成, 大成建, TAISEI, Taisei Corporation, Taisei Kensetsu  \nブランド名: パルコン, GRS工法, T-UP工法, プレキャストコンクリート, スーパーゼネコン"", ""会社名: 大成, TAISEI, 大成建, 1801, TAISEI CORP,\nブランド名: パルコン, プレキャストコンクリート, TAISEI Green Target, TAISEI BIM, TAISEI i-Construction""]"
18020,１８０２０,大林組,建設・資材,大林|Obayashi|Obayashi Corporation|Obayashi Group,該当なし,"[""会社名: 大林組, Obayashi Corporation, Obayashi, 大林, Obayashi Group  \nブランド名: 該当なし"", ""会社名: 大林, Obayashi, 大林組,\nブランド名:"", ""会社名: 大林, 大林組, OBAYASHI,\nブランド名: 具体的なブランド名や製品名は一般的に報道されることが少ないため、特定のブランド名や製品名はありません。""]"
18030,１８０３０,清水建設,建設・資材,清水|Shimizu|清水建|シミケン|1803,ピルコン|シミズテクノ|シミズエコ|シミズアーバン,"[""会社名: 清水建設, 清水, Shimizu Corporation, Shimizu, 清水建設株式会社  \nブランド名: ありません"", ""会社名: 清水, 清水建, Shimizu, シミケン, 1803  \nブランド名: ピルコン, シミズテクノ, シミズエコ, シミズアーバン, シミズグリーン"", ""会社名: 清水, 清水建, シミケン, シミズ, 1803,\nブランド名: ルネシティ, ルネシティタワー, ルネシティレジデンス, ルネシティガーデン, ルネシティプラザ,""]"
18080,１８０８０,長谷工コーポレーション,建設・資材,長谷工|Haseko|Haseko Corporation|Haseko Corp|長谷工コーポ,パルテール|サンヴァリエ|ルネス|ルネシティ|ルネス工法,"[""会社名: 長谷工, Haseko, Haseko Corporation, Haseko Corp,\nブランド名: パルテール, サンヴァリエ, ルネス, ルネシティ, ルネス工法"", ""会社名: 長谷工, Haseko, 長谷工コーポ, Haseko Corporation, Haseko Corp,\nブランド名: パルテール, サンクレイドル, サンリーノ, サンヴェール, サンシティ"", ""会社名: 長谷工, 長谷工コーポ, HASEKO, HASEKO Corp,\nブランド名: パルテノン, HASEKOアーバンデザイン, HASEKOライフサポート, HASEKOリフォーム, HASEKOマンション""]"
18100,１８１００,松井建設,建設・資材,松井|18100|Matsui Construction|Matsui Kensetsu,該当なし,"[""申し訳ありませんが、「松井建設」についての具体的な略称やブランド名の情報は私のデータベースには含まれていません。一般的に、企業の略称やブランド名は公式の企業情報やニュースリリースで確認することができます。公式ウェブサイトや金融情報サイトで最新の情報を確認することをお勧めします。"", ""会社名: 松井建設, 松井, Matsui Construction, Matsui Kensetsu, 18100,\nブランド名: 該当なし"", ""会社名: 松井建設, 松井, 18100,\nブランド名: 申し訳ありませんが、松井建設に関連する特定のブランド名や製品名の情報は持っていません。""]"
18120,１８１２０,鹿島建設,建設・資材,鹿島|鹿島建|KAJIMA|1812,,"[""会社名: 鹿島, 鹿島建, KAJIMA, 鹿島建設,\nブランド名:"", ""会社名: 鹿島, 鹿島建, 鹿島建設, KAJIMA, 1812,\nブランド名: ありません。"", ""会社名: 鹿島, 鹿島建, KAJIMA, 鹿島建設,\nブランド名: 具体的なブランド名や製品名は一般的に知られていません。""]"
18130,１８１３０,不動テトラ,建設・資材,Fudo Tetra|テトラ|Fudo|Tetra,テトラポッド|テトラウォール|テトラブロック|テトラマット|テトラシステム,"[""会社名: 不動テトラ, Fudo Tetra, Fudo, Tetra,\nブランド名: テトラブロック, テトラポッド, テトラウォール, テトラマット, テトラシステム"", ""会社名: 不動テトラ, Fudo Tetra, テトラ,\nブランド名: テトラポッド, ふどうテトラブロック, テトラウォール, テトラシールド, テトラバリア"", ""会社名: 不動テトラ, 不動, テトラ, Fudo Tetra, 18130  \nブランド名: テトラポッド, TETRAPOD, Fudo製品, Tetra製品, Fudoブランド""]"
18150,１８１５０,鉄建建設,建設・資材,鉄建|Tekken Construction|Tekken|Tekken Corporation,該当なし,"[""会社名: 鉄建, Tekken Corporation, Tekken Kensetsu, Tekken Construction, Tekken Co., Ltd.,\nブランド名: 情報がありません。"", ""会社名: 鉄建, 鉄建建設, Tekken, Tekken Construction, 18150  \nブランド名: 該当なし"", ""会社名: 鉄建, 鉄建建設, TKC, Tekken, Tekken Construction,\nブランド名: 該当なし""]"
18200,１８２００,西松建設,建設・資材,西松|Nishimatsu Construction|Nishimatsu|NISHIMATSU,...,"[""会社名: 西松建設, Nishimatsu Construction, Nishimatsu, 西松,\nブランド名:"", ""会社名: 西松, NISHIMATSU, 西松建, Nishimatsu Construction, 18200,\nブランド名: ..."", ""会社名: 西松建設, 西松, NIPPO,\nブランド名: 特に一般的なブランド名や製品名は確認できません。""]"
18210,１８２１０,三井住友建設,建設・資材,SMCC|Mitsui Sumitomo Construction|三住建設|18210|三井住友,プレキャストコンクリート|プレストレストコンクリート|スマートシティソリューション|エコロジカルデザイン|高性能建材,"[""会社名: 三井住友建設, 三井住友, SMCC, Mitsui Sumitomo Construction, Mitsui Construction\nブランド名: プレキャストコンクリート, プレストレストコンクリート, スマートシティソリューション, エコロジカルデザイン, 高性能建材"", ""会社名: 三井住友建設, 三住建設, SMCC, Mitsui Sumitomo Construction, 18210,\nブランド名: パイル工法, プレキャストコンクリート, 免震技術, 耐震補強, エコ建材,"", ""会社名: 三井住友建設, 三住建設, SMCC, Mitsui Sumitomo Construction, 18210  \nブランド名: なし""]"
18220,１８２２０,大豊建設,建設・資材,大豊|大豊建|18220|DAIHO,該当なし|なし,"[""会社名: 大豊建設, DAIHO, DAIHO Corporation, DAIHO Construction, 大豊\nブランド名: 該当なし"", ""会社名: 大豊, 大豊建, Daitoyo, Daitoyo Kensetsu, 18220,\nブランド名: 該当なし"", ""会社名: 大豊, 大豊建, 18220,  \nブランド名: なし""]"
18330,１８３３０,奥村組,建設・資材,Okumura Corporation|奥村|Okumura Gumi|OKUMURA,該当なし|なし,"[""会社名: 奥村組, Okumura Corporation, Okumura Gumi,\nブランド名: 申し訳ありませんが、奥村組の代表的なブランド名や製品名に関する具体的な情報は見つかりませんでした。"", ""会社名: 奥村組, OKUMURA, 奥村, 18330, Okumura Corporation  \nブランド名: 該当なし"", ""会社名: 奥村組, OKK, 奥村, 1833,   \nブランド名: なし""]"
18350,１８３５０,東鉄工業,建設・資材,東鉄|東鉄工|TTK|TTK Corporation,情報が不足しているため、代表的なブランド名や製品名は特定できません。,"[""会社名: 東鉄, 東鉄工, TTK, 東鉄工業株式会社, TTK Corporation  \nブランド名: 情報が不足しているため、代表的なブランド名や製品名は特定できません。"", ""会社名: 東鉄, 東鉄工, TTK, 東鉄工業株式会社, TTK Corporation  \nブランド名: 情報が不足しているため、代表的なブランド名や製品名は特定できません。"", ""会社名: 東鉄工業, 東鉄, 東鉄工, TTK, 東鉄工業株式会社,\nブランド名: 特に一般的なブランド名や製品名は確認できません。""]"
18520,１８５２０,淺沼組,建設・資材,淺沼|Asanuma Corporation|Asanuma|18520,該当なし|なし,"[""会社名: 淺沼, Asanuma Corporation, 淺沼組,\nブランド名: 申し訳ありませんが、淺沼組に関連する具体的なブランド名や製品名の情報は見つかりませんでした。"", ""会社名: 淺沼, 淺沼組, Asanuma, Asanuma Corporation, 18520  \nブランド名: 該当なし"", ""会社名: 淺沼組, 淺沼, AN, Asanuma,\nブランド名: なし""]"
18600,１８６００,戸田建設,建設・資材,TODA|戸田|戸田建|TODA Corporation,,"[""会社名: 戸田建設, TODA Corporation, TODA, 戸田,\nブランド名: 申し訳ありませんが、戸田建設に関する代表的なブランド名や製品名の情報は見つかりませんでした。"", ""会社名: 戸田建, TODA, 戸田,\nブランド名:"", ""会社名: 戸田建, 戸田, TODA,\nブランド名: 特定のブランド名や製品名は一般的に知られていません。""]"
18610,１８６１０,熊谷組,建設・資材,熊谷|Kumagai Gumi|Kumagai|1861,なし,"[""会社名: 熊谷組, Kumagai Gumi, 熊谷, Kumagai,\nブランド名:"", ""会社名: 熊谷, 熊谷組, Kumagai Gumi, 1861, KGC,\nブランド名:"", ""会社名: 熊谷組, 熊谷,  \nブランド名: なし""]"
18700,１８７００,矢作建設工業,建設・資材,矢作建設|YAHAGI|YAHAGI Construction,,"[""会社名: 矢作建設, YAHAGI, 矢作, YAHAGI Construction, 矢作建設工業,\nブランド名: 申し訳ありませんが、矢作建設工業の代表的なブランド名や製品名に関する具体的な情報は見つかりませんでした。"", ""会社名: 矢作建設, 矢作, YKK,\nブランド名: ありません。"", ""会社名: 矢作建設, 矢作,   \nブランド名:""]"
18710,１８７１０,ピーエス・コンストラクション,建設・資材,PSコンストラクション|PS Construction|ピーエスコンストラクション|PSコンスト|ピーエスコンスト,なし,"[""会社名: PSコンストラクション, PS Construction, ピーエスコンストラクション,\nブランド名: 申し訳ありませんが、ピーエス・コンストラクションに関連する具体的なブランド名や製品名の情報はありません。"", ""申し訳ありませんが、「ピーエス・コンストラクション」という会社についての具体的な略称やブランド名の情報は持ち合わせていません。一般的に、企業の略称やブランド名は公式な情報源や企業のウェブサイトで確認することができます。もし具体的な情報が必要であれば、公式な資料や信頼できる情報源を参照することをお勧めします。"", ""会社名: PSコンスト, ピーエスコンスト, PS建設, ピーエス建設, PS工事,\nブランド名: なし""]"
18730,１８７３０,日本ハウスホールディングス,建設・資材,日本ハウス|Japan House Holdings|JHH|JHD,J・エポックホーム|木の家|健康住宅|日本ハウス,"[""会社名: 日本ハウス, 日本ハウスHD, Japan House Holdings, JHH,\nブランド名: 日本ハウス, 日本ハウスの家, J・エポックホーム, 木の家, 健康住宅"", ""会社名: 日本ハウス, 日本ハウスHD, JHD, Nihon House,\nブランド名: やまもと住建, やまもとホーム, 日本ハウス・オブ・ザ・イヤー, 日本ハウス・プレミアム, 日本ハウス・エコロジー"", ""会社名: 日本ハウス,\nブランド名: J・エポックホーム, やすらぎの家, 夢の家, 健康住宅, 木の家""]"
18780,１８７８０,大東建託,不動産,Daito Trust|Daito Trust Construction|Daito|大東,DK SELECT|DK HOME|DK HEIM|DK DESIGN|DK PREMIUM,"[""会社名: 大東建託, Daito Trust, Daito Trust Construction, Daito, Daito Kentaku  \nブランド名: DK SELECT, DK HOME, DK HEIM, DK DESIGN, DK PREMIUM"", ""会社名: 大東, 大東建託, Daito, Daito Trust, Daito Trust Construction  \nブランド名: DK SELECT, D-room, Daito Kentaku Leasing, Daito Kentaku Partners, Daito Kentaku Home"", ""会社名: 大東, 大東建託,\nブランド名: DK SELECT, いい部屋ネット, いいへやラボ, いい部屋サポート, いい部屋プラン""]"
18790,１８７９０,新日本建設,建設・資材,新日本,,"[""申し訳ありませんが、「新日本建設」（証券コード: 18790）に関する具体的な略称やブランド名の情報は私のデータベースには含まれていないようです。一般的に、企業の略称やブランド名は公式ウェブサイトや金融ニュース、企業のプレスリリースなどで確認することができます。"", ""申し訳ありませんが、「新日本建設」（証券コード: 18790）に関する具体的な略称やブランド名についての情報は持ち合わせていません。一般的には、企業の略称やブランド名は公式ウェブサイトや投資家向け資料、SNSなどで確認することができます。"", ""申し訳ありませんが、「新日本建設」（証券コード: 18790）に関する具体的な略称やブランド名、製品名についての情報は持ち合わせていません。一般的に企業の略称やブランド名は、業界やメディアでの使用頻度によって異なることがあります。具体的な情報を得るには、企業の公式ウェブサイトや金融ニュースサイトを参照することをお勧めします。""]"
18820,１８８２０,東亜道路工業,建設・資材,東亜道路|東亜|TOA Road|TOA ROAD,スーパーアスコン|スーパーシール|スーパーコンクリート|スーパータフ|スーパーエポキシ,"[""会社名: 東亜道路, TOA Road, 東亜道路工業,\nブランド名: スーパーアスコン, スーパーコンクリート, スーパータフ, スーパーシール, スーパーエポキシ"", ""会社名: 東亜道路, 東亜, TOA ROAD, 東亜道路工業,\nブランド名: スーパーアスコン, スーパーアスファルト, スーパーサーモ, スーパーシール, スーパーエコタイト"", ""会社名: 東亜道路, 東亜, TDK, 東亜道路工業, 東亜道路工,\nブランド名: 特定のブランド名や製品名は確認できません。""]"
18840,１８８４０,日本道路,建設・資材,Nippon Road|日道路|JDR|NDR,なし,"[""会社名: 日本道路, Nippon Road,\nブランド名: なし"", ""申し訳ありませんが、「日本道路」（証券コード: 18840）に関する具体的な略称やブランド名の情報は私のデータベースには含まれていません。一般的に、企業の略称やブランド名は公式の情報源や業界内での通称に基づいています。具体的な情報を得るには、公式ウェブサイトや業界の資料を参照することをお勧めします。"", ""会社名: 日本道路, 日道路, JDR, Nippon Road, NDR,\nブランド名: 特に一般的なブランド名や製品名は確認できません。""]"
18850,１８８５０,東亜建設工業,建設・資材,東亜建設|TOA Corporation|東亜建|TOA,なし,"[""会社名: 東亜建設, TOA Corporation, 東亜建設工業,\nブランド名: 申し訳ありませんが、東亜建設工業の代表的なブランド名や製品名に関する具体的な情報は提供できません。"", ""申し訳ありませんが、「東亜建設工業」についての具体的な略称やブランド名のリストを提供することはできません。ただし、一般的に企業の略称やブランド名は、企業の公式ウェブサイトや投資家向け資料、またはSNSでのユーザーの投稿などで確認できることがあります。"", ""会社名: 東亜建設, 東亜建, TOA,\nブランド名: なし""]"
18870,１８８７０,日本国土開発,建設・資材,日国|JDC|日本国土|国土開発|日国開発,なし,"[""申し訳ありませんが、「日本国土開発」についての具体的な略称やブランド名の情報は持ち合わせていません。一般的には、企業の略称やブランド名は公式ウェブサイトやプレスリリースなどで確認することができます。"", ""申し訳ありませんが、「日本国土開発」（証券コード: 18870）についての具体的な略称やブランド名の情報は私のデータベースには含まれていません。一般的に、企業の略称やブランド名は公式な情報源や企業のウェブサイトで確認することができます。"", ""会社名: 日国, JDC, 日本国土, 国土開発, 日国開発,\nブランド名: なし""]"
18880,１８８８０,若築建設,建設・資材,若築|若築建|WAKACHIKU|WK建設,なし,"[""申し訳ありませんが、「若築建設」（証券コード: 18880）に関する具体的な略称やブランド名の情報は持ち合わせていません。一般的には、企業の略称やブランド名は公式ウェブサイトやプレスリリース、または業界の専門誌などで確認することができます。"", ""会社名: 若築, 若築建, WAKACHIKU, 若築建設,\nブランド名: ありません"", ""会社名: 若築, 若築建, WK建設,   \nブランド名: なし""]"
18900,１８９００,東洋建設,建設・資材,TOYO|東洋|東建|18900,情報が不足しているため、代表的なブランド名や製品名は特定できません。|該当なし|なし,"[""会社名: 東洋建設, TOYO Construction, 東洋, TOYO,\nブランド名: 情報が不足しているため、代表的なブランド名や製品名は特定できません。"", ""会社名: 東建, TOYO, 東洋建設, 東洋, 18900  \nブランド名: 該当なし"", ""会社名: 東洋建設, TOYO, 東建, 18900,\nブランド名: なし""]"
18930,１８９３０,五洋建設,建設・資材,五洋|五洋建|Penta-Ocean|Penta Ocean Construction|Penta-Ocean Construction Co.,該当なし|なし,"[""会社名: 五洋, 五洋建, Penta-Ocean, Penta Ocean Construction, Penta-Ocean Construction Co., Ltd.,\nブランド名: 該当なし"", ""会社名: 五洋, 五洋建, Penta-Ocean, Penta, 五洋建設,\nブランド名:"", ""会社名: 五洋, 五洋建, Penta-Ocean,\nブランド名: なし""]"
18980,１８９８０,世紀東急工業,建設・資材,世紀東急|STK|Seikitokyu Kogyo|世紀東急工,,"[""会社名: 世紀東急, STK, Seikitokyu Kogyo,\nブランド名:"", ""申し訳ありませんが、「世紀東急工業」についての具体的な略称やブランド名の情報は私のデータベースには含まれていないようです。そのため、SNSやトレーダー間での一般的な呼称や製品名を特定することはできません。一般的には、企業の公式ウェブサイトや業界のニュース、SNSの投稿などを確認することで、より正確な情報を得ることができるでしょう。"", ""会社名: 世紀東急, 世紀東急工, STK, 世紀東急工業, 18980,\nブランド名: 申し訳ありませんが、特定のブランド名や製品名の情報は見つかりませんでした。""]"
18990,１８９９０,福田組,建設・資材,Fukuda Corporation|Fukuda Gumi|福田|18990,該当なし|なし,"[""会社名: 福田組, Fukuda Corporation, Fukuda Gumi, Fukuda Construction, Fukuda Group  \nブランド名: 該当なし"", ""会社名: 福田組, Fukuda Corporation, 福田, 18990, Fukuda Gumi  \nブランド名: 該当なし"", ""会社名: 福田組, 福田, 18990,\nブランド名: なし""]"
19110,１９１１０,住友林業,建設・資材,Sumitomo Forestry|住林|林業|住友,MyForest|フォレストガーデン|Grand Life|BFシリーズ|Forestia,"[""会社名: Sumitomo Forestry, 住林,\nブランド名: MyForest, Grand Life, BFシリーズ, Forestia, Sumirin Housing"", ""会社名: 住林, Sumitomo Forestry, 住友林業,\nブランド名: MyForest, フォレストガーデン,"", ""会社名: 住林, 林業, Sumitomo Forestry, 住友, 19110  \nブランド名: フォレストメゾン, フォレストガーデン, フォレストスタイル, フォレストウッド, フォレストパネル""]"
19250,１９２５０,大和ハウス工業,建設・資材,大和ハウス|大和|ダイワハウス|DAIWA HOUSE,xevo|D-room|セジュール|プレミスト|ロイジェント,"[""会社名: 大和ハウス, 大和ハウス工業, Daiwa House, DHC, 大和\nブランド名: xevo, D's SMART, LIFULL HOME'S, D-room, D-PROJECT"", ""会社名: 大和ハウス, ダイワハウス, DAIWA HOUSE,\nブランド名: xevo, セジュール, プレミスト, D-room, ロイジェント"", ""会社名: 大和ハウス, 大和, ダイワハウス, DAIWA HOUSE, Dハウス,\nブランド名: xevo, セジュール, プレミスト, スマートハウス, ロイジェント,""]"
19260,１９２６０,ライト工業,建設・資材,ライト|Raito Kogyo|Raito Engineering|Raito,なし,"[""会社名: ライト工業, Raito Kogyo, Raito Engineering, Raito, ライト,\nブランド名: 特に代表的なブランド名や製品名は確認できません。"", ""会社名: ライト工業, ライト, Light Kogyo, Light Industry, 19260,\nブランド名: なし"", ""会社名: ライト工業, ライト,\nブランド名: なし""]"
19280,１９２８０,積水ハウス,建設・資材,積水|Sekisui House|SH|セキスイハウス|19280,ビエナ|フレキシア|シャーメゾン|グランツーユー|シャーウッド,"[""会社名: 積水, Sekisui House, SH,\nブランド名: シャーメゾン, グランツーユー, ビエナ, フレキシア, シャーウッド"", ""会社名: 積水, セキスイハウス, Sekisui House, SH,\nブランド名: シャーウッド, グリーンファースト, ビエナ, フレキシア, パルフェ"", ""会社名: 積水, セキスイハウス, SH, Sekisui House, 19280  \nブランド名: シャーメゾン, グランツーユー, ビエナ, フレキシア, セキスイファミエス""]"
19290,１９２９０,日特建設,建設・資材,日特|Nittoku Construction|Nittoku Kensetsu|Nittoku,該当なし|なし,"[""会社名: 日特建設, Nittoku Construction, Nittoku Kensetsu, Nittoku, 19290,\nブランド名: 該当なし"", ""会社名: 日特, 日特建, NTC, 日特建設,\nブランド名: ありません"", ""会社名: 日特建設, 日特,\nブランド名: なし""]"
19300,１９３００,北陸電気工事,建設・資材,北陸電工|HEC|Hokuriku Electric Construction|北陸電気|Hokuriku Electric Construction Co.,該当なし,"[""会社名: 北陸電工, Hokuriku Electric Construction Co., Ltd., 北陸電気工事株式会社, HEC,\nブランド名: 申し訳ありませんが、北陸電気工事に関する代表的なブランド名や製品名の情報は見つかりませんでした。"", ""会社名: 北電工, Hokuriku Electric Construction, HEC, 北陸電工, 北陸電気,\nブランド名: 該当なし"", ""会社名: 北陸電工, 北陸電気, 北陸電工株式会社, HEC, Hokuriku Electric Construction,\nブランド名: 情報がありません。""]"
19340,１９３４０,ユアテック,建設・資材,YOURTEC|YT|ユアテ|ユア,,"[""会社名: ユアテック, YOURTEC,\nブランド名: 申し訳ありませんが、ユアテックの代表的なブランド名や製品名についての具体的な情報は提供できません。"", ""申し訳ありませんが、「ユアテック」（証券コード: 19340）に関する具体的な略称やブランド名の情報は持ち合わせていません。ただし、一般的な方法として、企業の略称やブランド名は公式ウェブサイトや投資家向け資料、SNSなどで確認することができます。"", ""会社名: ユアテック, YT, ユアテ, ユア, テック,\nブランド名: 特定のブランド名や製品名は一般的に知られていません。""]"
19380,１９３８０,日本リーテック,建設・資材,JRT|Nihon Reetec|NRTC|Japan Reetec,該当なし,"[""会社名: 日本リーテック, Nihon Reetec, NRTC, JRT, Japan Reetec  \nブランド名: 該当なし"", ""申し訳ありませんが、「日本リーテック」（証券コード: 19380）に関する具体的な略称やブランド名の情報は私のデータベースには含まれていません。一般的に、企業の略称やブランド名は公式な情報源や企業のウェブサイト、またはSNSでの使用状況を確認することで得られることが多いです。具体的な情報を得るには、これらの情報源を参照することをお勧めします。"", ""会社名: 日本リーテック, JRT, リーテック, NRT, 日リテ,\nブランド名: 情報がありません。""]"
19390,１９３９０,四電工,建設・資材,四国電力工事|Yondenko|Yondenko Co.|Ltd.,なし,"[""会社名: 四電工, Yondenko, 四国電力工事, Yondenko Co., Ltd.,\nブランド名:"", ""会社名: 四電工, 1939, 四国電力工事, 四国電工, Yondenko,\nブランド名: 申し訳ありませんが、四電工の代表的なブランド名や製品名についての具体的な情報は持っていません。"", ""会社名: 四電工, 19390, 四国電力工事,\nブランド名: なし""]"
19410,１９４１０,中電工,建設・資材,Chudenko|19410|中電工株式会社|Chudenko Corporation,該当なし|なし,"[""会社名: 中電工, Chudenko,\nブランド名:"", ""会社名: 中電工, Chudenko, 19410, 中電工株式会社, Chudenko Corporation  \nブランド名: 該当なし"", ""会社名: 中電工, CEC, Chudenko, 19410, 中電,\nブランド名: なし""]"
19420,１９４２０,関電工,建設・資材,Kandenko|KDK|関電|Kandenko Co.,なし,"[""会社名: 関電工, Kandenko, Kandenko Co., Ltd.,\nブランド名:"", ""会社名: 関電工, Kandenko, KDK, 関電,\nブランド名:"", ""会社名: 関電工, Kandenko, 19420, 関電, KDK,\nブランド名: なし""]"
19440,１９４４０,きんでん,建設・資材,Kinden|Kinden Corporation|近電,なし,"[""会社名: きんでん, Kinden Corporation, Kinden,\nブランド名: 申し訳ありませんが、きんでんに関連する代表的なブランド名や製品名の情報は見つかりませんでした。"", ""会社名: きんでん, Kinden,\nブランド名: なし"", ""会社名: きんでん, Kinden, 近電,\nブランド名: 情報がありません。""]"
19450,１９４５０,東京エネシス,建設・資材,東エネ|TESCO|Tokyo Energy Systems|エネシス,情報が不足しているため、代表的なブランド名や製品名を特定できません。,"[""会社名: 東京エネシス, Tokyo Energy Systems,\nブランド名: 情報が不足しているため、代表的なブランド名や製品名を特定できません。"", ""会社名: 東エネ, TESCO, 東京エネシス,\nブランド名:"", ""会社名: 東京エネシス, 東エネ, エネシス, TESCO, TES  \nブランド名: 特定のブランド名や製品名は一般的に公開されていない可能性があります。""]"
19460,１９４６０,トーエネック,建設・資材,TOENEC|東エネ|19460|トーエネ,なし,"[""会社名: トーエネック, TOENEC,\nブランド名: 申し訳ありませんが、トーエネックの代表的なブランド名や製品名に関する具体的な情報はありません。"", ""会社名: トーエネック, 東エネ,\nブランド名: なし"", ""会社名: トーエネック, TOENEC, 19460, トーエネ, 東エネ,\nブランド名: 情報がありません。""]"
19490,１９４９０,住友電設,建設・資材,Sumitomo Densetsu|住電設|Sumikou|Sumitomo Electric Construction,なし,"[""会社名: 住友電設, Sumitomo Densetsu, Sumikou, 住電設, Sumitomo Electric Construction,\nブランド名: 情報がありません。"", ""会社名: 住電設, Sumitomo Densetsu, 住友電設,\nブランド名:"", ""会社名: 住友電設, 住電設, Sumitomo Densetsu,  \nブランド名: なし""]"
19500,１９５００,日本電設工業,建設・資材,日本電設|NDS|NDK|日電工|Nippon Densetsu Kogyo,情報が不足しているため、代表的なブランド名や製品名は特定できません。,"[""会社名: 日本電設, NDS, Nippon Densetsu Kogyo, NDK,\nブランド名: 申し訳ありませんが、日本電設工業の代表的なブランド名や製品名についての情報はありません。"", ""会社名: 日電工, NDS, Nihon Densetsu, 日本電設, Nihon Densetsu Kogyo  \nブランド名: 情報が不足しているため、代表的なブランド名や製品名は特定できません。"", ""会社名: 日電工, NDK, 日本電設, 電設工業, 19500,\nブランド名: 特定のブランド名や製品名は確認できません。""]"
19510,１９５１０,エクシオグループ,建設・資材,エクシオ|EXEO|19510,なし,"[""申し訳ありませんが、エクシオグループ（証券コード: 19510）についての具体的な略称やブランド名のリストを提供することはできません。ただし、一般的に企業の略称やブランド名は公式ウェブサイトやプレスリリース、または金融ニュースで確認することができます。エクシオグループに関する詳細な情報は、これらの情報源を参照してください。"", ""申し訳ありませんが、「エクシオグループ」（証券コード: 19510）についての具体的な略称やブランド名のリストは提供できません。ただし、一般的に企業の略称やブランド名は公式ウェブサイトや投資家向け資料で確認できることが多いです。公式な情報源を参照することをお勧めします。"", ""会社名: エクシオ, EXEO, エクシオグループ, EXEOグループ, 19510,\nブランド名: なし""]"
19520,１９５２０,新日本空調,建設・資材,Shin Nippon Air Technologies|新日空|SNK|NNA,省エネ空調システム|クリーンルームソリューション|エコエアシステム|空調設備メンテナンス,"[""会社名: 新日本空調, Shin Nippon Air Technologies, SNK,\nブランド名: 申し訳ありませんが、新日本空調の代表的なブランド名や製品名に関する具体的な情報は提供できません。"", ""会社名: 新日空, NNA, Shin Nippon Air Technologies, 新日本, 19520  \nブランド名: 省エネ空調システム, クリーンルームソリューション, エコエアシステム, 空調設備メンテナンス, 環境制御システム"", ""会社名: 新日空, 新日本空調,\nブランド名: なし""]"
19590,１９５９０,九電工,建設・資材,Kyudenko|19590|九電|Kyuden,なし,"[""会社名: 九電工, Kyudenko,\nブランド名:"", ""会社名: 九電工, Kyudenko, 19590, 九電, Kyuden,\nブランド名: なし"", ""会社名: 九電工, 九電, KDK, Kyudenko, 19590,\nブランド名: 特定のブランド名や製品名は一般的に知られていません。""]"
19610,１９６１０,三機工業,建設・資材,Sanki Engineering|三機|Sanki|Sanki Kogyo,情報が不足しているため、代表的なブランド名や製品名を特定できません。|省エネシステム|空調設備|給排水衛生設備|電気設備,"[""会社名: 三機工業, Sanki Engineering, Sanki Kogyo, 三機, Sanki  \nブランド名: 情報が不足しているため、代表的なブランド名や製品名を特定できません。"", ""会社名: 三機, 三機工, 三機工業, Sanki Engineering, Sanki,\nブランド名: 省エネシステム, 空調設備, 給排水衛生設備, 電気設備, 産業機械設備"", ""会社名: 三機工業, Sanki Engineering, 三機,\nブランド名: 情報がありません。""]"
19630,１９６３０,日揮ホールディングス,建設・資材,JGC|日揮|JGC Holdings,JGCプラントイノベーション|JGCエンジニアリングソリューションズ|JGCプロジェクトデリバリー|JGCテクノロジー|JGCサステナビリティソリューションズ,"[""会社名: JGC, JGC Holdings, 日揮,\nブランド名: JGCプラントイノベーション, JGCエンジニアリングソリューションズ, JGCプロジェクトデリバリー, JGCテクノロジー, JGCサステナビリティソリューションズ"", ""会社名: 日揮, JGC, 日揮HD, JGCホールディングス, 日揮ホールディングス\nブランド名:"", ""会社名: 日揮, JGC,\nブランド名: なし""]"
19640,１９６４０,中外炉工業,建設・資材,中外炉|Chugai Ro|中外炉工|Chugai Ro Co.|Ltd.,ルツボ炉|連続炉|熱処理炉|焼成炉,"[""会社名: 中外炉, Chugai Ro, Chugai Ro Co., Ltd.,\nブランド名: 申し訳ありませんが、中外炉工業の代表的なブランド名や製品名についての具体的な情報は持っていません。"", ""会社名: 中外炉, 中外炉工, Chugai Ro, CRK, 中外炉工業株式会社  \nブランド名: ルツボ炉, 連続炉, 熱処理炉, 焼成炉, 窯業炉"", ""会社名: 中外炉, 中外炉工, 中外炉工業,\nブランド名: 情報が不足しています。""]"
19680,１９６８０,太平電業,建設・資材,太平|19680|TAIHEI DENGYO KAISHA|LTD.,情報が不足しているため、代表的なブランド名や製品名は特定できません。|なし,"[""会社名: 太平電業, TAIHEI DENGYO KAISHA, LTD., TAIHEI DENGYO, 太平, TDK\nブランド名: 情報が不足しているため、代表的なブランド名や製品名は特定できません。"", ""会社名: 太平電業, 太平, TAIHEI, 19680, 太平電,\nブランド名: 情報が不足しているため、代表的なブランド名や製品名は特定できません。"", ""会社名: 太平電業, 太平, TDKK, 19680,\nブランド名: なし""]"
19690,１９６９０,高砂熱学工業,建設・資材,高砂熱学|TAKASAGO|高砂|TAISEI|TAISEI Corporation,...|なし,"[""会社名: 高砂熱学, TAKASAGO,\nブランド名: ..."", ""会社名: 高砂熱学, 高砂, TAISEI, TAISEI Corporation, TAISEI Engineering,\nブランド名: なし"", ""会社名: 高砂熱学, 高砂熱学工, 高砂, TAKASAGO, 19690,\nブランド名: 情報がありません。""]"
19750,１９７５０,朝日工業社,建設・資材,朝日工業|Asahi Kogyosha|AKG|朝日K,情報が不足しているため、代表的なブランド名や製品名は特定できません。,"[""申し訳ありませんが、「朝日工業社」（証券コード: 19750）に関する具体的な略称やブランド名についての情報は持ち合わせていません。一般的には、企業の略称やブランド名は公式ウェブサイトやプレスリリース、または業界のニュースなどで確認することができます。"", ""会社名: 朝日工業社, 朝日工業, Asahi Kogyosha, AKG, 朝日K\nブランド名: 情報が不足しているため、代表的なブランド名や製品名は特定できません。"", ""会社名: 朝日工業社, 朝日工業, Asahi Kogyosha, AKG, 19750,\nブランド名: 情報がありません。""]"
19760,１９７６０,明星工業,建設・資材,Meisei Kogyo|Meisei Industrial|明星|明星工,情報が不足しているため、代表的なブランド名や製品名は特定できません。,"[""会社名: 明星工業, Meisei Kogyo, Meisei Industrial,\nブランド名: 情報が不足しているため、代表的なブランド名や製品名は特定できません。"", ""申し訳ありませんが、「明星工業」についての具体的な略称やブランド名の情報は持ち合わせていません。一般的に、企業の略称やブランド名は公式な情報源やSNSでの使用状況に依存するため、正確な情報を得るにはそれらのプラットフォームを直接確認することをお勧めします。"", ""会社名: 明星工業, 明星, 明星工,  \nブランド名: 情報がありません。""]"
19790,１９７９０,大氣社,建設・資材,Taikisha|大気|Taikisha Ltd.|TKS,ACR|Clean Room|Paint Finishing System|HVAC|Environmental Systems,"[""会社名: 大氣社, Taikisha,\nブランド名:"", ""会社名: 大氣社, Taikisha, 大気, Taikisha Ltd., TKS  \nブランド名: ACR, Clean Room, Paint Finishing System, HVAC, Environmental Systems"", ""会社名: 大氣社, TAIKISHA, 19790, 大気社, Taikisha  \nブランド名: 特定のブランド名や製品名は一般的に知られていません。""]"
19800,１９８００,ダイダン,建設・資材,DAIDAN|19800,なし,"[""会社名: ダイダン, DAIDAN,\nブランド名: なし"", ""会社名: ダイダン, DAIDAN,\nブランド名: ありません。"", ""会社名: ダイダン, DAIDAN, 19800,\nブランド名: なし""]"
19820,１９８２０,日比谷総合設備,建設・資材,日比谷設備|Hibiya Engineering|日比谷|Hibiya|Hibiya Eng,なし,"[""会社名: 日比谷設備, Hibiya Engineering,\nブランド名: なし"", ""申し訳ありませんが、「日比谷総合設備」（証券コード: 19820）に関する具体的な略称やブランド名の情報は持っていません。一般的に、企業の略称やブランド名は公式な情報源やSNSでの使用状況に基づいて決まることが多いです。公式なウェブサイトやSNSアカウント、または業界のフォーラムなどで確認することをお勧めします。"", ""会社名: 日比谷, Hibiya, Hibiya Eng, Hibiya Engineering, 日比谷設備,\nブランド名: 情報がありません。""]"
20010,２００１０,ニップン,食品,日本製粉|NIPPN|Nippon Flour Mills|NFM,オーマイ|REGALO|アマニ油|ニップンアマニ|ニップンパスタ,"[""会社名: ニップン,NIPPN,日本製粉,\nブランド名: オーマイ,REGALO,アマニ油,ニップンアマニ,ニップンパスタ"", ""会社名: ニップン, 日本製粉, Nippon Flour Mills, NFM,\nブランド名: オーマイ, REGALO, アマニ油, ニップンのパスタ, ニップンの小麦粉"", ""会社名: ニップン, 日本製粉, NIPPN, 日粉, Nippon Flour Mills,  \nブランド名: オーマイ, REGALO, アマニ, ニップンアマニ, ニップンパスタ""]"
20020,２００２０,日清製粉グループ本社,食品,日清製粉|Nisshin Seifun|日清製粉G|Nisshin Flour Milling,日清フラワー|カメリヤ|オーマイ|マ・マー|日清パスタソース,"[""会社名: 日清製粉, Nisshin Seifun, Nisshin Flour Milling, 日清製粉グループ,\nブランド名: 日清フラワー, カメリヤ, オーマイ, マ・マー, 日清パスタソース"", ""会社名: 日清製粉, 日清製粉グループ, Nisshin Seifun, NSG, 日清製粉G\nブランド名: 日清フラワー, カメリヤ, オーション, 日清パスタ, 日清パン粉"", ""会社名: 日清製粉, 日清製粉グループ, 日清製粉G, 日清製粉本社, 日清製粉HD,\nブランド名: マ・マー, オーマイ, 日清フーズ, 日清プレミックス, 日清製粉ウェルナ""]"
20030,２００３０,日東富士製粉,食品,日東富士|Nitto Fuji|Nitto Fuji Flour Milling,ニップン|オーマイ|マ・マー|アマニ油|日清製粉プレミックス,"[""会社名: 日東富士, Nitto Fuji,\nブランド名: ニップン, オーマイ, マ・マー, アマニ油, 日清製粉プレミックス"", ""会社名: 日東富士, Nitto Fuji, Nitto Fuji Flour Milling, 日東富士製粉,\nブランド名: フラワー, ニップン, 日清フーズ, オーマイ, 日清製粉"", ""会社名: 日東富士, 日東富士製粉, Nitto Fuji,\nブランド名: なし""]"
20040,２００４０,昭和産業,食品,昭和|Showa Sangyo|昭和産|SHOWA,パンケーキミックス|天ぷら粉|お好み焼き粉|から揚げ粉|たこ焼き粉,"[""会社名: 昭和産業, Showa Sangyo, 昭和,\nブランド名: パンケーキミックス, お好み焼き粉, 天ぷら粉, から揚げ粉, たこ焼き粉"", ""会社名: 昭和産業, 昭和,\nブランド名: パンケーキミックス, 天ぷら粉, 昭和の油, 昭和の小麦粉, 昭和のパスタ"", ""会社名: 昭和産業, 昭和産, SHOWA,\nブランド名: SHOWA, 昭和の味, 昭和フラワー, 昭和オイル, 昭和パスタ""]"
20530,２０５３０,中部飼料,食品,Chubu Feed|中飼|Chubu Shiryo|中部フィード,パワーフィード|アニマルケア|グリーンフィード|エコフィード|ニュートリションプラス,"[""会社名: 中部飼料, Chubu Shiryo, Chubu Feed,\nブランド名: パワーフィード, アニマルケア, グリーンフィード, エコフィード, ニュートリションプラス"", ""会社名: 中飼, Chubu Feed, 中部フィード, CFC, 中部飼料株式会社,\nブランド名: フィードワン, アニマルフィード, 飼料マスター, 牧場サポート, アグリプロテイン,"", ""会社名: 中飼, 中部飼料,\nブランド名: 具体的なブランド名や製品名は公開されていない可能性があります。""]"
20600,２０６００,フィード・ワン,食品,Feed One|F1|フィード1|F-One,みのり|たべっこ|うまか,"[""会社名: フィード・ワン, Feed One,\nブランド名: 申し訳ありませんが、フィード・ワンの代表的なブランド名や製品名に関する具体的な情報は持っていません。"", ""申し訳ありませんが、「フィード・ワン」（証券コード: 20600）についての具体的な略称やブランド名の情報は私のデータベースには含まれていません。一般的には、企業の略称やブランド名は公式ウェブサイトやプレスリリース、または業界内での通称として知られることが多いです。具体的な情報を得るには、公式な情報源を参照することをお勧めします。"", ""会社名: フィード・ワン, F1, フィード1, F-One, フィードワン  \nブランド名: みのり, たべっこ, うまか, ふくふく, えさまる""]"
21080,２１０８０,日本甜菜製糖,食品,日本甜菜|日甜|甜菜製糖|Nippon Beet Sugar|日甜糖業,スズラン印|ビートシュガー|甜菜糖|北海道ビート|ビートオリゴ,"[""会社名: 日本甜菜, 日甜,\nブランド名: スズラン印, ビートシュガー, 北海道ビート, 甜菜糖, ビートオリゴ"", ""会社名: 日甜, 日本甜菜, 甜菜製糖, Nippon Beet Sugar,\nブランド名: スズラン印, ビートシュガー, 甜菜糖, 北海道産甜菜糖, ビートグラニュー糖"", ""会社名: 日甜, 日本甜菜, 甜菜製糖, 日甜糖業, 甜菜,\nブランド名: ビート糖, ビートシュガー, 北海道糖, 甜菜糖, スズラン印""]"
21090,２１０９０,ＤＭ三井製糖,食品,三井製糖|DM三井|DM三井製糖|Mitsui Sugar Co.|Ltd.,スプーン印|パールエース|きび砂糖|三井の砂糖|てんさい糖,"[""会社名: 三井製糖, DM三井製糖, Mitsui Sugar Co., Ltd.,\nブランド名: スプーン印, パールエース, きび砂糖, 三井の砂糖, てんさい糖"", ""会社名: 三井製糖, DM三井, 三井シュガー, Mitsui Sugar, DM Sugar\nブランド名: スプーン印, スプーンシュガー, 三井グラニュー糖, 三井上白糖, 三井氷砂糖"", ""会社名: 三井製糖, DM三井, 三井糖, DM三井製糖HD, 三井製糖HD  \nブランド名: スプーン印, パールエース, きび砂糖, グラニュ糖, 三井の砂糖""]"
21170,２１１７０,ウェルネオシュガー,食品,ウェルネオ|ウェルネオ社|WNS|ウェルシュガー,パルスイート|ラカント|カロリーゼロシュガー|シュガーカット|スリムアップシュガー,"[""会社名: ウェルネオ, ウェルネオシュガー, ウェルネオ社, ウェルネオグループ, ウェルネオジャパン  \nブランド名: パルスイート, シュガーカット, ラカント, スリムアップシュガー, カロリーゼロシュガー"", ""会社名: ウェルネオ, ウェルネオシュガー, WNS, ウェルシュガー, ネオシュガー  \nブランド名: パルスイート, スローカロリーシュガー, ラカント, カロリーゼロシュガー, ヘルシースイート"", ""会社名: ウェルネオ, ウェルシュガー, WNS, ウェルネオ社, ウェルネオ株,\nブランド名: シュガーライト, ウェルシュガー, ネオシュガー, スイートフィット, シュガーフリー""]"
21200,２１２００,ＬＩＦＵＬＬ,情報通信・サービスその他,LIFULL|ライフル|LIFULL Co.|Ltd.|LIFULL Corporation,LIFULL HOME'S|LIFULL介護|LIFULL引越し|LIFULL保険相談|LIFULL不動産買取査定,"[""会社名: LIFULL, ライフル, LIFULL Co., Ltd., LIFULL Corporation, LIFULL Group  \nブランド名: LIFULL HOME'S, LIFULL介護, LIFULL引越し, LIFULL保険相談, LIFULL不動産買取査定"", ""会社名: LIFULL, ライフル, 21200, LIFULL Co., Ltd., LIFULL Corporation  \nブランド名: LIFULL HOME'S, LIFULL介護, LIFULL引越し, LIFULL保険相談, LIFULL不動産投資"", ""会社名: LIFULL, ライフル, LIFULL Co., Ltd., ライフル株式会社,\nブランド名: LIFULL HOME'S, HOME'S, LIFULL介護, LIFULL引越し, LIFULL保険相談""]"
21210,２１２１０,ＭＩＸＩ,情報通信・サービスその他,ミクシィ|mixi|Mixi,モンスターストライク|FamilyAlbum|モンスト|TIPSTAR|XFLAG,"[""会社名: ミクシィ, mixi, Mixi, 株式会社ミクシィ, 株式会社Mixi  \nブランド名: モンスターストライク, モンスト, FamilyAlbum, TIPSTAR, XFLAG"", ""会社名: ミクシィ, Mixi, 21210,\nブランド名: モンスターストライク, FamilyAlbum, チケットキャンプ, Vantage Point, モンパス,"", ""会社名: ミクシィ, mixi, ミクシー, ミクシィグループ, mixiグループ  \nブランド名: モンスト, モンスターストライク, FamilyAlbum, ファミリーアルバム, TIPSTAR""]"
21240,２１２４０,ジェイエイシーリクルートメント,情報通信・サービスその他,JAC|JAC Recruitment|JACリクルートメント|ジェイエイシー|JACジャパン,該当なし|なし,"[""会社名: JAC, JAC Recruitment, ジェイエイシー, JACリクルートメント,\nブランド名: 申し訳ありませんが、ジェイエイシーリクルートメントに特定の代表的なブランド名や製品名は一般的に知られていません。"", ""会社名: JAC, JAC Recruitment, ジェイエイシー, JACリクルートメント, JACジャパン  \nブランド名: 該当なし"", ""会社名: JAC, JAC Recruitment, JACリクルートメント,\nブランド名: なし""]"
21270,２１２７０,日本Ｍ＆Ａセンターホールディングス,情報通信・サービスその他,日本M&Aセンター|M&Aセンター|JMAC|Nihon M&A Center|Nihon M&A,なし,"[""会社名: 日本M&Aセンター, M&Aセンター, Nihon M&A Center, Nihon M&A, JMAC\nブランド名: 申し訳ありませんが、日本M&Aセンターホールディングスには特定の代表的なブランド名や製品名は一般的に知られていません。"", ""会社名: 日本M&Aセンター, M&Aセンター, NMAC, 日本M&A, M&A Holdings  \nブランド名: 特に代表的なブランド名や製品名は一般的に知られていません。"", ""会社名: 日本M&Aセンター, M&Aセンター, JMAC,\nブランド名: なし""]"
21300,２１３００,メンバーズ,情報通信・サービスその他,MEMS|メンバーズ社|21300|メンバーズグループ,エンゲージメントラボ|UXデザイン,"[""申し訳ありませんが、「メンバーズ」（証券コード: 21300）に関する具体的な略称やブランド名の情報は私のデータベースには含まれていません。一般的には、企業の公式ウェブサイトやプレスリリース、金融ニュースサイトなどで確認することができます。"", ""申し訳ありませんが、「メンバーズ」（証券コード: 21300）に関する具体的な略称やブランド名の情報は持ち合わせていません。一般的には、企業の略称やブランド名は公式ウェブサイトやプレスリリース、SNSでの言及などから確認できます。具体的な情報を得るためには、これらの情報源を参照することをお勧めします。"", ""会社名: メンバーズ, MEMS, メンバーズ社, 21300, メンバーズグループ,\nブランド名: エンゲージメントラボ, デジタルマーケティング, UXデザイン, ソーシャルメディア戦略, デジタル変革,""]"
21460,２１４６０,ＵＴグループ,情報通信・サービスその他,UT|ＵＴ,UTコンストラクション|UTテクノロジー|UTエイム,"[""会社名: UT, UT Group, UTグループ,\nブランド名: UTエイム, UTテクノロジー, UTコンストラクション, UTファシリティーズ, UTパートナーズ"", ""会社名: UT, UTグループ, UTホールディングス, UTエンジニアリング, UTテクノロジー  \nブランド名: UTエンジニアリング, UTテクノロジー, UTファクトリー, UTコンストラクション, UTソリューションズ"", ""会社名: UT, UTグループ, UTホールディングス, UTエンジニアリング, UTテクノロジー,\nブランド名: UTエンジニア, UTコンストラクション, UTファクトリー, UTパートナーズ, UTキャリア""]"
21480,２１４８０,アイティメディア,情報通信・サービスその他,ITmedia|ITM|アイティメ|ITメディア,＠IT|TechTargetジャパン|ITmedia News|ITmedia Mobile|ITmedia,"[""会社名: アイティメディア, ITmedia,\nブランド名: ITmedia, ＠IT, Business Media 誠, TechTargetジャパン, MONOist"", ""会社名: アイティメディア, ITmedia, ITM,\nブランド名: ITmedia News, ITmedia Mobile, ITmedia Business, ITmedia エンタープライズ, ITmedia マーケティング"", ""会社名: アイティメディア, ITmedia, ITM, アイティメ, ITメディア  \nブランド名: ITmedia News, ITmedia Mobile, ITmedia ビジネスオンライン, ＠IT, TechTargetジャパン""]"
21500,２１５００,ケアネット,情報通信・サービスその他,CareNet|ケアネット株式会社|CareNet Inc.|21500,CareNet.com|CareNetTV|CareNet Magazine|CareNet Seminar|CareNet Academy,"[""会社名: ケアネット, CareNet,\nブランド名: CareNet.com, CareNetTV, CareNet Magazine, CareNet Seminar, CareNet Academy"", ""申し訳ありませんが、「ケアネット」（証券コード: 21500）についての具体的な略称やブランド名のリストを提供することはできません。ただし、一般的な方法として、企業の略称やニックネームは通常、企業名の一部や頭文字を使って作られることが多いです。また、ブランド名や製品名は企業の公式ウェブサイトやプレスリリースで確認することができます。"", ""会社名: ケアネット, CareNet, ケアネット株式会社, CareNet Inc., 21500,\nブランド名: ケアネット, CareNet, ケアネットオンライン, CareNet Online, ケアネットTV""]"
21530,２１５３０,Ｅ・Ｊホールディングス,情報通信・サービスその他,Ｅ・Ｊ,,"[""申し訳ありませんが、「Ｅ・Ｊホールディングス」（証券コード: 21530）に関する具体的な略称やブランド名の情報は持ち合わせていません。一般的に、企業の略称やブランド名は公式ウェブサイトやプレスリリース、または金融ニュースで確認することができます。具体的な情報を得るためには、これらの情報源を参照することをお勧めします。"", ""申し訳ありませんが、「Ｅ・Ｊホールディングス」（証券コード: 21530）に関する具体的な略称やブランド名の情報は持ち合わせていません。一般的には、企業の略称やブランド名は公式ウェブサイトやプレスリリース、または業界内での使用例を参考にすることが多いです。公式な情報源を確認することをお勧めします。"", ""申し訳ありませんが、「Ｅ・Ｊホールディングス」（証券コード: 21530）に関する具体的な略称やブランド名、製品名についての情報は持っていません。一般的に、企業の略称やブランド名は公式な情報源や企業のウェブサイトで確認することができます。""]"
21540,２１５４０,オープンアップグループ,情報通信・サービスその他,オープンアップ|OUG|オープンアップG|Open Up|Open Up Group,,"[""申し訳ありませんが、「オープンアップグループ」（証券コード: 21540）に関する具体的な略称やブランド名の情報は持ち合わせていません。一般的に、企業の略称やブランド名は公式ウェブサイトやプレスリリース、または金融ニュースなどで確認することができます。"", ""申し訳ありませんが、「オープンアップグループ」（証券コード: 21540）に関する具体的な略称やブランド名の情報は持ち合わせていません。一般的には、企業の略称やブランド名は公式ウェブサイトやプレスリリース、または業界内での通称として知られていることが多いです。具体的な情報を知りたい場合は、公式な情報源を確認することをお勧めします。"", ""会社名: オープンアップ, OUG, オープンアップG, Open Up, Open Up Group,\nブランド名: 特定のブランド名や製品名は確認できません。""]"
21570,２１５７０,コシダカホールディングス,情報通信・サービスその他,コシダカ|Koshidaka|Koshidaka Holdings,カラオケまねきねこ|まねきねこ|ひとりカラオケ専門店ワンカラ|ワンカラ|まねきの湯,"[""会社名: コシダカ, コシダカHD, Koshidaka Holdings, Koshidaka,\nブランド名: カラオケまねきねこ, まねきねこ, Manekineko, カラオケ本舗まねきねこ, ひとりカラオケ専門店ワンカラ"", ""会社名: コシダカ, コシダカHD, コシダカホールディングス, Koshidaka,\nブランド名: まねきねこ, カラオケまねきねこ, ひとりカラオケ専門店ワンカラ, ワンカラ, まねきの湯"", ""会社名: コシダカ, コシダカHD, コシダカホ, 21570, Koshidaka,\nブランド名: まねきねこ, カラオケまねきねこ, ひとりカラオケ専門店ワンカラ, ワンカラ, まねきの湯""]"
21680,２１６８０,パソナグループ,情報通信・サービスその他,パソナ|Pasona|Pasona Group|21680,JOB HUB|CAREER BIZ|PASONA TECH|PASONA NA|PASONA HEARTFUL,"[""会社名: パソナ, Pasona Group, Pasona,\nブランド名: JOB HUB, CAREER BIZ, PASONA TECH, PASONA NA, PASONA HEARTFUL"", ""会社名: パソナ, Pasona,\nブランド名: たまごボーロ, たまごクラブ, たまご塾, たまごサロン, たまごカフェ"", ""会社名: パソナ, Pasona, パソナグループ, Pasona Group, 21680  \nブランド名: JOB HUB, CAREER BIZ, パソナキャリア, パソナテック, パソナフォスター""]"
21700,２１７００,リンクアンドモチベーション,情報通信・サービスその他,リンク|LMI|Link and Motivation|リンクモチベーション|Link,モチベーションクラウド|モチベーションアカデミー|エンゲージメントサーベイ|モチベーションサーベイ,"[""会社名: リンク, LMI, Link and Motivation, リンクモチベーション, Link,\nブランド名: モチベーションクラウド, エンゲージメントサーベイ, モチベーションサーベイ, モチベーションアカデミー, モチベーションカンパニー"", ""会社名: リンク, LMI, リンモチ, Link and Motivation, LinkM,\nブランド名: モチベーションクラウド, エンゲージメントサーベイ, モチベーションカンパニー, モチベーションアカデミー, モチベーションファクトリー"", ""会社名: LMI, リンク, リンクモチベーション, リンクアンドM, リンクモチ,\nブランド名: モチベーションクラウド, モチベーションサーベイ, モチベーションアカデミー, モチベーションカンパニー, モチベーションファクトリー""]"
21750,２１７５０,エス・エム・エス,情報通信・サービスその他,SMS|エスエムエス|21750|SMS Co.|Ltd.,カイポケ|看護のお仕事|ナース専科|介護のお仕事|介護求人ナビ,"[""会社名: SMS, エスエムエス, SMS Co., Ltd.,\nブランド名: カイポケ, 介護のお仕事, 看護のお仕事, ナース専科, 介護求人ナビ"", ""会社名: SMS, エスエムエス, 21750, エス・エム・エス,\nブランド名: カイポケ, 介護のほんね, 看護のお仕事, ナース専科, シニアのあんしん相談室"", ""会社名: SMS, エスエムエス, 21750,\nブランド名: カイポケ, 介護のお仕事, 看護のお仕事, ナース専科, イーキャリアFA""]"
21810,２１８１０,パーソルホールディングス,情報通信・サービスその他,パーソル|PERSOL|2181,doda|ミイダス|an|パーソルキャリア|パーソルテンプスタッフ,"[""会社名: パーソル, PERSOL,\nブランド名: doda, ミイダス, an, パーソルキャリア, パーソルテンプスタッフ"", ""会社名: パーソル, PERSOL, パーソルHD, パーソルホールディングス, 2181,\nブランド名: doda, an, テンプスタッフ, ミイダス, パーソルキャリア"", ""会社名: パーソル, PERSOL, パーソルHD, PHD, 2181,\nブランド名: doda, an, ミイダス, パーソルキャリア, パーソルテンプスタッフ,""]"
21930,２１９３０,クックパッド,情報通信・サービスその他,クック|CP|Cookpad|クックパッド株式会社,クックパッド|Cookpad Mart|クックパッドダイエット,"[""会社名: クックパッド, Cookpad, クック, CP, クックパッド株式会社  \nブランド名: クックパッド, Cookpad Mart, クックパッドダイエット, クックパッドニュース, クックパッドレシピ"", ""会社名: クックパッド, Cookpad, クック, CP, クックパッド社  \nブランド名: クックパッド, Cookpad Mart, クックパッドダイエット, クックパッドニュース, クックパッドマート"", ""会社名: クックパッド, クック, CP,  \nブランド名: クックパッド, みんなのきょうの料理, クックパッドマート, クックパッドライブ, クックパッドベビー""]"
22010,２２０１０,森永製菓,食品,森永|Morinaga|Morinaga & Co.|Morinaga Seika,チョコボール|ハイチュウ|ミルクキャラメル|ダース|エンゼルパイ,"[""会社名: 森永, Morinaga,\nブランド名: チョコボール, ハイチュウ, ミルクキャラメル, エンゼルパイ, ダース"", ""会社名: 森永, 森永製菓, Morinaga, Morinaga & Co., Morinaga Seika,\nブランド名: ミルクキャラメル, チョコボール, ハイチュウ, ダース, ムーンライトクッキー,"", ""会社名: 森永, 森永製菓,  \nブランド名: ミルクキャラメル, チョコボール, ハイチュウ, パックンチョ, ダース""]"
22040,２２０４０,中村屋,食品,Nakamuraya|ナカムラヤ|22040,月餅|カリー|あんまん|肉まん|中華まん,"[""会社名: 中村屋, Nakamuraya,\nブランド名: 月餅, カリー, あんぱん, クリームパン, どら焼き"", ""会社名: 中村屋, Nakamuraya, ナカムラヤ, 22040,\nブランド名: 月餅, カリー, あんまん, 肉まん, 中華まん"", ""会社名: 中村屋,  \nブランド名: 月餅, カリー, あんまん, 肉まん, 中華まん""]"
22060,２２０６０,江崎グリコ,食品,グリコ|Ezaki Glico|江崎|Glico,ポッキー|プリッツ|アーモンドチョコレート|カプリコ|ビスコ,"[""会社名: グリコ, Ezaki Glico, 江崎,\nブランド名: ポッキー, プリッツ, アーモンドチョコレート, カフェオーレ, バトンドール"", ""会社名: グリコ, Glico, 江崎, Ezaki Glico, 江崎グリコ  \nブランド名: ポッキー, プリッツ, アーモンドチョコレート, カプリコ, ビスコ"", ""会社名: グリコ,   \nブランド名: ポッキー, プリッツ, アーモンドチョコレート, カプリコ, ビスコ""]"
22070,２２０７０,名糖産業,食品,名糖|Meito|名糖産,アルファベットチョコレート|名糖プリン|名糖ホームメイドケーキ|名糖コーヒー|名糖ミルクキャラメル,"[""会社名: 名糖, 名糖産業, Meito,\nブランド名: アルファベットチョコレート, 名糖ホームメイドケーキ, 名糖プリン, 名糖コーヒー, 名糖ミルクキャラメル"", ""会社名: 名糖, 名糖産, Meito, 名糖工業, 名糖食品  \nブランド名: アルファベットチョコレート, ホームランバー, スマートチョイス, チョコレート効果, 名糖プリン"", ""会社名: 名糖,  \nブランド名: アルファベットチョコレート, 名糖ホームメイドケーキ, 名糖プリン, 名糖コーヒー, 名糖ゼリー""]"
22090,２２０９０,井村屋グループ,食品,井村屋|IMURAYA,あずきバー|井村屋肉まん|井村屋あんまん|やわもちアイス|クリームチーズデザート,"[""会社名: 井村屋, 井村屋グループ,\nブランド名: あずきバー, やわもちアイス, 井村屋肉まん, 井村屋あんまん, 井村屋おでん"", ""会社名: 井村屋, IMURAYA, 井村屋グループ,\nブランド名: あずきバー, やわもちアイス, クリームチーズデザート, 井村屋肉まん, 井村屋あんまん"", ""会社名: 井村屋, IMURAYA, 井村屋グループ,\nブランド名: あずきバー, やわもち, クリームチーズデザート, 井村屋肉まん, 井村屋あんまん""]"
22110,２２１１０,不二家,食品,FUJIYA|ふじや|22110,ペコちゃん|ミルキー|カントリーマアム|ポップキャンディ|LOOK,"[""会社名: 不二家, FUJIYA  \nブランド名: ペコちゃん, ミルキー, カントリーマアム, ポップキャンディ, ルックチョコレート"", ""会社名: 不二家, FUJIYA, ふじや  \nブランド名: ペコちゃん, カントリーマアム, ミルキー, LOOK, ポップキャンディ"", ""会社名: 不二家, FUJIYA, 22110,  \nブランド名: ペコちゃん, ミルキー, カントリーマアム, LOOK, ポップキャンディ""]"
22120,２２１２０,山崎製パン,食品,ヤマザキ|山パン|Yamazaki Baking Co.|Ltd.|Yamazaki,ランチパック|ロイヤルブレッド|ダブルソフト|ゴールドシリーズ|薄皮シリーズ,"[""会社名: ヤマザキ, 山パン, Yamazaki Baking Co., Ltd.,\nブランド名: ランチパック, ロイヤルブレッド, ダブルソフト, ゴールドシリーズ, まるごとソーセージ"", ""会社名: ヤマザキ, 山パン, Yamazaki, 山崎パン, YP,\nブランド名: ロイヤルブレッド, ダブルソフト, ランチパック, 薄皮シリーズ, ゴールドシリーズ,"", ""会社名: ヤマザキ, 山パン, YSP, 山崎, パンの山崎,\nブランド名: ロイヤルブレッド, ダブルソフト, ランチパック, 薄皮シリーズ, ゴールドシリーズ""]"
22170,２２１７０,モロゾフ,食品,Morozoff,チーズケーキ|プレミアムチョコレート|アルカディア|チョコレート|プリン,"[""会社名: モロゾフ, Morozoff,\nブランド名: チョコレート, プリン, チーズケーキ, クッキー, フィナンシェ"", ""会社名: モロゾフ, Morozoff,\nブランド名: ファヤージュ, プレミアムチョコレート, アルカディア, モロゾフプリン, チーズケーキ"", ""会社名: モロゾフ,\nブランド名: モロゾフ, ファンシーチョコレート, プレミアムチョコレート, アルカディア, フェイバリット""]"
22200,２２２００,亀田製菓,食品,亀田|Kameda|Kameda Seika|22200,亀田の柿の種|ハッピーターン|ぽたぽた焼|サラダホープ|亀田のあられ,"[""会社名: 亀田, Kameda Seika, Kameda,\nブランド名: 亀田の柿の種, ハッピーターン, 亀田のあられ, 亀田のぽたぽた焼, 亀田の海苔ピーパック"", ""会社名: 亀田, 亀田製菓, Kameda,\nブランド名: 亀田の柿の種, ハッピーターン, ぽたぽた焼, サラダホープ, 海老しお焼"", ""会社名: 亀田, 亀田製菓, 22200,\nブランド名: 亀田の柿の種, ハッピーターン, ぽたぽた焼, うす焼, サラダホープ""]"
22220,２２２２０,寿スピリッツ,食品,Kotobuki Spirits|KOTOBUKI|KOTOBUKI SPIRITS|寿スピ,ばかうけ|かっぱえびせん|じゃがりこ|たけのこの里|きのこの山,"[""会社名: 寿スピリッツ, Kotobuki Spirits,\nブランド名: ばかうけ, かっぱえびせん, じゃがりこ, たけのこの里, きのこの山"", ""会社名: 寿スピ, KOTOBUKI, Kotobuki Spirits, KOTOBUKI SPIRITS,\nブランド名: ゴーフル, たまごボーロ, かりんとう, どら焼き, せんべい"", ""会社名: 寿スピリッツ, KOTOBUKI, KOTOBUKI SPIRITS,\nブランド名: くりーむパン, かすてら, ふわふわ, もちもち, しっとり""]"
22290,２２２９０,カルビー,食品,Calbee,じゃがりこ|ポテトチップス|かっぱえびせん|サッポロポテト|フルグラ,"[""会社名: カルビー, Calbee,\nブランド名: じゃがりこ, ポテトチップス, かっぱえびせん, サッポロポテト, フルグラ"", ""会社名: カルビー, Calbee,\nブランド名: ポテトチップス, じゃがりこ, かっぱえびせん, フルグラ, サッポロポテト"", ""会社名: カルビー,  \nブランド名: ポテトチップス, じゃがりこ, かっぱえびせん, サッポロポテト, フルグラ""]"
22640,２２６４０,森永乳業,食品,森永|Morinaga Milk|Morinaga Milk Industry|Morinaga Nyugyo,森永牛乳|森永アイスクリーム|森永ビヒダス|森永アロエヨーグルト|森永ヨーグルト,"[""会社名: 森永, 森永乳業, Morinaga Milk, Morinaga Milk Industry,\nブランド名: 森永牛乳, 森永ヨーグルト, 森永アイスクリーム, 森永プリン, 森永乳酸菌飲料"", ""会社名: 森永, 森永乳業, Morinaga Milk, Morinaga Nyugyo, MM,\nブランド名: 森永ビヒダス, 森永アロエヨーグルト, 森永牛乳, 森永アイスクリーム, 森永マミー,"", ""会社名: 森永, 森永乳業,  \nブランド名: 森永ビヒダス, 森永アロエヨーグルト, 森永牛乳, 森永コーヒー牛乳, 森永アイスクリーム""]"
22660,２２６６０,六甲バター,食品,ROKKO BUTTER|六甲,Q・B・B|ベビーチーズ|チーズデザート|スライスチーズ|チーズフォンデュ,"[""会社名: 六甲バター, ROKKO BUTTER,\nブランド名: Q・B・B, ベビーチーズ, チーズデザート, スライスチーズ, チーズフォンデュ"", ""会社名: 六甲バター, ROKKO BUTTER, 六甲,\nブランド名: Q・B・B, ベビーチーズ, チーズデザート, チーズフォンデュ, スライスチーズ"", ""会社名: 六甲バター,  \nブランド名: Q・B・B, ベビーチーズ, チーズデザート, チーズフォンデュ, スライスチーズ""]"
22670,２２６７０,ヤクルト本社,食品,ヤクルト|Yakult,ミルミル|ソフール|ヤクルト|ヤクルト400|ヤクルト1000,"[""会社名: ヤクルト, ヤクルト本社, Yakult,\nブランド名: ヤクルト, ヤクルト400, ヤクルト1000, ミルミル, ソフール"", ""会社名: ヤクルト, ヤクルト本社, Yakult,\nブランド名: ヤクルト400, ヤクルト1000, ミルミル, ソフール, ジョア"", ""会社名: ヤクルト,  \nブランド名: ヤクルト, ミルミル, ソフール, ジョア, Yakult 1000""]"
22690,２２６９０,明治ホールディングス,食品,明治|Meiji Holdings|Meiji Group,明治ミルクチョコレート|明治ブルガリアヨーグルト|明治プロビオヨーグルトR-1|明治ザバス|明治アーモンドチョコレート,"[""会社名: 明治, Meiji Holdings, 明治HD, Meiji Group, 明治ホールディングス\nブランド名: 明治ミルクチョコレート, 明治プロビオヨーグルトR-1, 明治ザバス, 明治アーモンドチョコレート, 明治ブルガリアヨーグルト"", ""会社名: 明治, Meiji, 明治HD, 明治ホールディングス, Meiji Holdings  \nブランド名: 明治ミルクチョコレート, 明治ブルガリアヨーグルト, 明治プロビオヨーグルトR-1, 明治エッセルスーパーカップ, 明治ザバス"", ""会社名: 明治, 明治HD, 明治グループ, 明治HLDGS, Meiji Holdings,\nブランド名: 明治ミルクチョコレート, 明治ブルガリアヨーグルト, 明治プロビオヨーグルト, 明治アーモンドチョコレート, 明治エッセルスーパーカップ""]"
22700,２２７００,雪印メグミルク,食品,雪メグ|雪印|Megmilk Snow Brand|メグミルク,雪印コーヒー|雪印バター|ナチュレ|毎日骨太|ネオソフト,"[""会社名: 雪メグ, 雪印メグミルク, Megmilk Snow Brand, 雪印,\nブランド名: 雪印コーヒー, ナチュレ, 毎日骨太, ネオソフト, スノーホワイト"", ""会社名: 雪印, メグミルク, 雪メグ, 雪印乳業, Megmilk  \nブランド名: 雪印コーヒー, ナチュレ恵, 雪印バター, 雪印スライスチーズ, 雪印北海道バター"", ""会社名: 雪メグ, 雪印,\nブランド名: メグミルク, 雪印コーヒー, 雪印バター, 雪印チーズ, 雪印ヨーグルト""]"
22810,２２８１０,プリマハム,食品,プリマ|Prima Ham|PH|22810,香薫|匠の膳|直火焼|旨包ボリュームリッチハンバーグ|直火焼きハンバーグ,"[""会社名: プリマハム, プリマ, Prima Ham,\nブランド名: 香薫, 匠の膳, 旨包ボリュームリッチハンバーグ, 直火焼きハンバーグ, こだわりのグルメシリーズ"", ""会社名: プリマハム, プリマ, PH, Prima Ham, 22810  \nブランド名: 香薫, 匠の膳, グリーンマーク, 旨包, 直火焼"", ""会社名: プリマハム,  \nブランド名: 香薫, 匠の膳, グルメギフト, 直火焼, 旨み工房""]"
22820,２２８２０,日本ハム,食品,日ハム|Nippon Ham|NH Foods|NHF|日本ハムグループ,シャウエッセン|彩りキッチン|森の薫り|美ノ国|アンティエ,"[""会社名: 日ハム, NH Foods, Nippon Ham, NHF, 日本ハムグループ  \nブランド名: シャウエッセン, 彩りキッチン, 森の薫り, 美ノ国, アンティエ"", ""会社名: 日ハム, NH, Nippon Ham, ニッポンハム,\nブランド名: シャウエッセン, 彩りキッチン, 美ノ国, 森の薫り, アンティエ"", ""会社名: 日ハム, 日本ハム,\nブランド名: シャウエッセン, 森の薫り, 彩りキッチン, 美ノ国, みんなの食卓""]"
22880,２２８８０,丸大食品,食品,丸大|Marudai|Marudai Foods|22880,燻製屋|あらびきポーク|こだわりのハム|うす塩ウインナー|旨味ソーセージ,"[""会社名: 丸大, Marudai,\nブランド名: 燻製屋, あらびきポーク, うす塩ウインナー, こだわりのハム, 旨味ソーセージ"", ""会社名: 丸大, 丸大食品, Marudai, Marudai Foods, 22880,\nブランド名: 燻製屋, あらびきポーク, うす塩ハム, こだわりのハム, 旨味たっぷりソーセージ,"", ""会社名: 丸大, 丸大食品, \nブランド名: 燻製屋, 煌彩, うす塩仕立て, 旨味工房, まるでん""]"
22920,２２９２０,Ｓ　Ｆｏｏｄｓ,食品,S Foods|エスフーズ|Sフーズ|SFoods,こてっちゃん|牛匠|焼肉一番|こてっちゃんホルモン|こてっちゃん焼肉,"[""会社名: S Foods, エスフーズ,\nブランド名: こてっちゃん, こてっちゃんホルモン, こてっちゃん焼肉, こてっちゃん鍋, こてっちゃんキムチ"", ""会社名: S Foods, エスフーズ, Sフーズ, SFoods, エス\nブランド名: こてっちゃん, 牛匠, 焼肉一番, 味の牛たん喜助, 旨味屋"", ""会社名: Sフーズ, S Foods, エスフーズ, 22920, SFOODS,\nブランド名: 焼肉一番, 牛匠, こだわりの味, 熟成肉, 旨味牛,""]"
22940,２２９４０,柿安本店,食品,柿安|Kakiya|Kakiya Honten|22940,柿安ダイニング|柿安精肉店|柿安料亭|柿安グルメフーズ|柿安デリカステーション,"[""会社名: 柿安, 柿安本店,\nブランド名: 柿安ダイニング, 柿安精肉店, 柿安料亭, 柿安グルメフーズ, 柿安デリカステーション"", ""会社名: 柿安, Kakiya, Kakiya Honten, 22940,\nブランド名: 柿安ダイニング, 柿安精肉店, 柿安料亭, 柿安グルメフーズ, 柿安本店デリカステーション"", ""会社名: 柿安,  \nブランド名: 柿安ダイニング, 柿安精肉店, 柿安料亭, 柿安グルメフーズ, 柿安本舗""]"
22960,２２９６０,伊藤ハム米久ホールディングス,食品,伊藤ハム|米久|伊藤ハム米久HD|Itoham Yonekyu Holdings|IYH,アルトバイエルン|ラ・ピッツァ|旨包ボリュームリッチハンバーグ|美味安心|米久の黒豚,"[""会社名: 伊藤ハム, 米久, 伊藤ハム米久HD, Itoham Yonekyu Holdings, IYH\nブランド名: アルトバイエルン, ラ・ピッツァ, 旨包ボリュームリッチハンバーグ, 美味安心, 米久の黒豚"", ""会社名: 伊藤ハム, 米久, 伊藤ハム米久HD, ITOHAM, YONEKYU  \nブランド名: アルトバイエルン, 朝のフレッシュ, ラ・ピッツァ, 美味安心, 伝承の味"", ""会社名: 伊藤ハム, 米久, IHM, 伊藤ハム米久HD, 伊藤ハム米久,\nブランド名: アルトバイエルン, ラ・ピッツァ, 美ノ国, 旨包ボリュームリッチハンバーグ, グランドアルトバイエルン""]"
23010,２３０１０,学情,情報通信・サービスその他,Gakujo|Gakujo Co.|Ltd.|Gakujo Inc.,あさがくナビ|Re就活|あさがくナビインターンシップ|あさがくナビ就職博|あさがくナビキャリアデザイン,"[""会社名: 学情, Gakujo, Gakujo Co., Ltd., Gakujo Inc.,\nブランド名: あさがくナビ, Re就活, あさがくナビインターンシップ, あさがくナビ就職博, あさがくナビキャリアデザイン"", ""会社名: 学情, Gakujo, GJ, Gakujo Co., Ltd., Gakujo Inc.,\nブランド名: あさがくナビ, Re就活, あさがく手帳, あさがくインターンシップ, あさがく就職博"", ""会社名: 学情, Gakujo, 23010, GJ, ガクジョウ  \nブランド名: Asagaku Navi, Re-Shukatsu, あさがくナビ, Re就活, あさがく""]"
23050,２３０５０,スタジオアリス,情報通信・サービスその他,スタアリ|アリス|Studio Alice|SA,スタジオアリス|七五三|ベビアリス|マタニティフォト|お宮参り,"[""会社名: スタジオアリス, Studio Alice,\nブランド名: スタジオアリス, 七五三, ベビアリス, マタニティフォト, お宮参り"", ""会社名: スタアリ, アリス, スタジオアリス,\nブランド名: スタジオアリス, アリスの七五三, アリスの成人式, アリスのマタニティフォト, アリスのベビーフォト"", ""会社名: スタジオアリス, アリス, SA, スタアリ, スタジオA,\nブランド名: スタジオアリス, アリス, スタジオアリスBaby, アリスキッズ, スタジオアリス七五三,""]"
23070,２３０７０,クロスキャット,情報通信・サービスその他,CC|クロキャ|クロス|Cross Cat,CROSS CATS|CROSS STAFF|CROSS POINT|CROSS BRAIN,"[""申し訳ありませんが、「クロスキャット」（証券コード: 23070）に関する具体的な略称やブランド名の情報は持っていません。一般的な情報として、企業の略称やブランド名は公式ウェブサイトやプレスリリースなどで確認することができます。"", ""会社名: クロスキャット, クロス, CC, クロキャ, Cross Cat  \nブランド名: CROSS CATS, CROSS STAFF, CROSS POINT, CROSS BRAIN, CROSS SYSTEM"", ""会社名: クロスキャット, CC, クロキャ,   \nブランド名: なし""]"
23170,２３１７０,システナ,情報通信・サービスその他,Systena|23170,Canbus|Cloudstep|Trustseed|SmartOne,"[""会社名: システナ, Systena,\nブランド名: ありません。"", ""会社名: システナ, Systena,\nブランド名: Canbus, Cloudstep, Trustseed, SmartOne, SecureSmart"", ""会社名: システナ, Systena, 23170,\nブランド名: 特定のブランド名や製品名は公表されていない可能性があります。""]"
23250,２３２５０,ＮＪＳ,情報通信・サービスその他,NJS|エヌジェイエス|日本上下水道設計,,"[""申し訳ありませんが、指定された証券コード「23250」に関連する具体的な情報は提供できません。日本の金融ニュースや企業情報に関するデータベースへのアクセスがないため、特定の企業の略称やブランド名をリストアップすることはできません。企業の公式ウェブサイトや金融情報提供サービスを参照していただくことをお勧めします。"", ""申し訳ありませんが、「ＮＪＳ」（証券コード: 23250）に関する具体的な情報は私のデータベースには含まれていないようです。そのため、会社の略称やブランド名についての詳細を提供することができません。一般的には、企業の公式ウェブサイトや金融情報サイトで詳細を確認することをお勧めします。"", ""会社名: NJS, エヌジェイエス, 日本上下水道設計,\nブランド名: 特定のブランド名や製品名は確認できません。""]"
23260,２３２６０,デジタルアーツ,情報通信・サービスその他,DA|Digital Arts|デジア,i-FILTER|m-FILTER|FinalCode|D-SPA|ARS-Cloud,"[""会社名: Digital Arts, DA,\nブランド名: i-FILTER, m-FILTER, FinalCode, D-SPA, ARS-Cloud"", ""会社名: デジア, DA,\nブランド名: i-FILTER, m-FILTER, FinalCode, D-SPA, AppGuard"", ""会社名: デジア, DA, Digital Arts, デジタルアーツ,\nブランド名: i-FILTER, m-FILTER, FinalCode, ARS, D-SPA""]"
23270,２３２７０,日鉄ソリューションズ,情報通信・サービスその他,NS Solutions|NSSOL|NTTソリューションズ|日鉄ソリューション,Solxyz|NSFITOS|NS-Biz|NSGRAND|NS-Stage,"[""会社名: NS Solutions, NSSOL, 日鉄ソリューションズ,\nブランド名: Solxyz, NSFITOS, NSGRAND, NS-Biz, NS-Stage"", ""会社名: 日鉄ソリューションズ, NTTソリューションズ, NS Solutions, NSSOL, 日鉄ソリューション,\nブランド名: Solxyz, NSFITOS, NSGRANDIR, NSGATE, NSPLATFORM"", ""会社名: 日鉄ソリューションズ, NTTソリューションズ, NS Solutions, NSSOL, 日鉄ソリューション,\nブランド名: NSfit, NS-Biz, NS-ERP, NS-Cloud, NS-SECURITY""]"
23310,２３３１０,綜合警備保障,情報通信・サービスその他,ALSOK|綜警|綜合警備,ホームセキュリティ|ALSOKガードシステム|ALSOKマンションセキュリティ|ALSOKビルセキュリティ|ALSOK介護サービス,"[""会社名: ALSOK, 綜警,\nブランド名: ホームセキュリティ, ALSOKガードシステム, ALSOKマンションセキュリティ, ALSOKビルセキュリティ, ALSOK介護サービス"", ""会社名: ALSOK, 綜警, 綜合警備,\nブランド名: ホームセキュリティ、ガードマン、ALSOKホームセキュリティ、ALSOKガードシステム、ALSOKマンションセキュリティ"", ""会社名: ALSOK, 綜警, 綜合警備,\nブランド名: ホームセキュリティ, ALSOKガードシステム, ALSOKマンションセキュリティ, ALSOKビル管理システム, ALSOK防災システム""]"
23350,２３３５０,キューブシステム,情報通信・サービスその他,Cube System|キューブ|CUBE|Cube System Inc.,,"[""会社名: キューブシステム, Cube System,\nブランド名: 申し訳ありませんが、キューブシステムの代表的なブランド名や製品名に関する具体的な情報は提供できません。"", ""会社名: キューブ, CUBE, Cube System, キューブシステム, Cube System Inc.  \nブランド名: 申し訳ありませんが、キューブシステムに関連する代表的なブランド名や製品名の情報は見つかりませんでした。"", ""会社名: キューブシステム, CUBE, キューブ, 23350, Cube System,\nブランド名: 申し訳ありませんが、キューブシステムに特定のブランド名や製品名の情報はありません。""]"
23370,２３３７０,いちご,不動産,いちごグループ|Ichigo Inc.,いちごオフィス|いちごホテル|いちごエコエナジー|いちごリート|いちごグリーンインフラファンド,"[""会社名: いちごグループ, Ichigo Inc.,\nブランド名: いちごオフィス, いちごホテル, いちごエコエナジー, いちごリート, いちごグリーンインフラファンド"", ""申し訳ありませんが、「いちご」（証券コード: 23370）に関する具体的な略称やブランド名についての情報は持ち合わせていません。一般的に、企業の略称やブランド名は、企業の公式ウェブサイトや投資家向け資料、またはSNSでの使用例などから確認することができます。具体的な情報を得るには、これらの情報源を参照することをお勧めします。"", ""会社名: いちご,\nブランド名: なし""]"
23530,２３５３０,日本駐車場開発,不動産,日本駐車場|NPD|Nippon Parking Development|NPD Co.,駐車場タイムズ|Times Parking|Times Club|Times Pay|Times Car,"[""会社名: 日本駐車場, 日本駐車場開発, NPD, Nippon Parking Development, NPD Co., Ltd.,\nブランド名: 駐車場タイムズ, Times Parking, Times Car, Times Club, Times Pay"", ""会社名: 日本駐車場, NPD, Nippon Parking, 日本駐車場開発, Nippon Parking Development  \nブランド名: 駐車場タイムズ, Times Parking, Times24, Times Club, Times Pay"", ""会社名: 日本駐車場, 日本駐車場開発,\nブランド名: 駐車場タイムズ, タイムズパーキング, タイムズカーシェア, タイムズクラブ, タイムズビジネスサービス""]"
23590,２３５９０,コア,情報通信・サービスその他,Core|2359|コア株式会社|Core Corp,なし,"[""会社名: コア, Core,\nブランド名: ありません"", ""申し訳ありませんが、具体的な証券コードに基づく企業情報やその略称、ブランド名についての詳細なリストを提供することはできません。ただし、一般的な情報として、企業の略称やブランド名は通常、企業の公式ウェブサイトや投資家向け資料で確認することができます。また、SNSやトレーダー間での通称は、しばしば企業名の一部や略称、または業界内での通称が使われることがあります。具体的な情報をお求めの場合は、公式な情報源を参照することをお勧めします。"", ""会社名: コア, Core, 2359, コア株式会社, Core Corp,\nブランド名: なし""]"
23710,２３７１０,カカクコム,情報通信・サービスその他,Kakaku.com|価格コム|2371|価格.com,価格.com|食べログ|4travel|キナリノ|価格.com保険,"[""会社名: カカクコム, Kakaku.com,\nブランド名: 価格.com, 食べログ, 旅行比較.com, 4travel, キナリノ"", ""会社名: カカクコム, 価格コム, Kakaku.com, 2371,\nブランド名: 価格.com, 食べログ, 4travel, 価格.com保険, キナリノ"", ""会社名: カカクコム, 価格.com, 食べログ,  \nブランド名: 価格.com, 食べログ, 旅行比較, 価格ナビ, 価格.com保険""]"
23740,２３７４０,セントケア・ホールディング,情報通信・サービスその他,セントケア|Saint-Care|Saint-Care Holdings,セントケア・ホーム|セントケア・ヴィレッジ|セントケア・デイサービス,"[""会社名: セントケア, セントケアHD, セントケアホールディングス, Saint-Care, Saint-Care Holdings  \nブランド名: セントケア・ヴィレッジ, セントケア・ホーム, セントケア・サービス, セントケア・リビング, セントケア・ウェルネス"", ""会社名: セントケア, セントケアHD, セントケアホールディングス, セントケアグループ, セントケアホールディング\nブランド名: セントケア・ヴィレッジ, セントケア・ホーム, セントケア・ステーション, セントケア・デイサービス, セントケア・ナースステーション"", ""会社名: セントケア, セントケアHD, SCHD, セントケアホールディングス, セントケア・ホールディング,\nブランド名: セントケア・ホーム, セントケア・ナース, セントケア・リハビリ, セントケア・デイサービス, セントケア・訪問介護""]"
23780,２３７８０,ルネサンス,情報通信・サービスその他,ルネ|RNS|Renaissance|ルネサンススポーツ,ルネサンスフィットネス|ルネサンススポーツクラブ|ルネサンスウォーター|ルネサンススイミングスクール|ルネサンスキッズスクール,"[""会社名: ルネサンス, Renaissance,\nブランド名: ルネサンススポーツクラブ, ルネサンスウォーター, ルネサンスフィットネス, ルネサンススイミングスクール, ルネサンスキッズスクール"", ""会社名: ルネサンス, ルネ, RNS, ルネサンススポーツ, ルネサンスジム  \nブランド名: ルネサンススポーツクラブ, ルネサンスジュニアスクール, ルネサンスウェルネス, ルネサンスフィットネス, ルネサンスアクア"", ""会社名: ルネサンス, ルネ, RNS, 23780, ルネサンス社  \nブランド名: ルネサンスクラブ, ルネサンスジム, ルネサンスフィットネス, ルネサンススイミング, ルネサンススポーツ""]"
23790,２３７９０,ディップ,情報通信・サービスその他,DIP|ディップ株式会社|Dip Corporation,バイトル|はたらこねっと|バイトルNEXT|バイトルPRO,"[""会社名: ディップ, DIP,\nブランド名: バイトル, はたらこねっと, バイトルNEXT, バイトルPRO, バイトルアプリ"", ""会社名: ディップ, DIP, ディップ株式会社, Dip Corporation, ディップコーポレーション  \nブランド名: バイトル, はたらこねっと, バイトルNEXT, バイトルPRO, バイトルエンジニア"", ""会社名: ディップ, DIP, ディップ株式会社, DIP Corporation, 23790,\nブランド名: バイトル, はたらこねっと, バイトルNEXT, バイトルPRO, バイトルアプリ,""]"
23840,２３８４０,ＳＢＳホールディングス,運輸・物流,SBSHD|SBS Holdings|ＳＢＳ,SBSロジコム|SBSトランスポート|SBSフレイトサービス|SBSゼンツウ|SBSリコーロジスティクス,"[""会社名: SBSHD, SBS Holdings, SBSグループ, SBSホールディングス,\nブランド名: SBSロジコム, SBSトランスポート, SBSフレイトサービス, SBSゼンツウ, SBSリコーロジスティクス"", ""会社名: SBS, SBSHD, SBSホールディングス, SBS Holdings, 2384\nブランド名: SBS即配便, SBSロジコム, SBSトランスポート, SBSフレイトサービス, SBSグローバルネットワークス"", ""会社名: ＳＢＳ, ＳＢＳＨＤ, ＳＢＳホールディングス,\nブランド名: 具体的なブランド名や製品名は確認できません。""]"
23890,２３８９０,デジタルホールディングス,情報通信・サービスその他,デジホ|Digital Holdings|DH,なし|Digital Shift|D2C Studio|Digital Marketing|Digital Transformation,"[""会社名: デジタルHD, Digital Holdings, デジホ, デジタルホールディングス,\nブランド名: なし"", ""会社名: デジホ, デジタルHD, Digital Holdings, DH, デジタルホールディングス  \nブランド名: Digital Shift, D2C Studio, Digital Marketing, Digital Transformation, Digital Innovation"", ""会社名: デジホ, デジタルHD, DHD, デジタルHLDGS, 23890,\nブランド名: なし""]"
23950,２３９５０,新日本科学,情報通信・サービスその他,新日科|SNBL|Shin Nippon Biomedical Laboratories|Shinnihon Kagaku,Medipolis|Medipolis Proton Therapy|Medipolis Medical Research Institute|Medipolis International Exchange Center,"[""会社名: 新日本科学, Shin Nippon Biomedical Laboratories, SNBL, 新日科\nブランド名: 申し訳ありませんが、新日本科学の代表的なブランド名や製品名に関する具体的な情報は提供できません。"", ""会社名: 新日科, Shinnihon Kagaku, SNK, Nihon Kagaku, Nikkagaku  \nブランド名: Medipolis, Medipolis Proton Therapy, Medipolis Medical Research Institute, Medipolis International Exchange Center, Medipolis Energy"", ""会社名: 新日本科学, 新日科, SNBL,  \nブランド名: 申し訳ありませんが、新日本科学の具体的なブランド名や製品名についての情報は持っていません。""]"
24130,２４１３０,エムスリー,情報通信・サービスその他,M3|M3 Inc.|M3 Inc,m3.com|QOL|MR君|医師会員サービス|エムスリーデジカル,"[""会社名: エムスリー, M3, M3 Inc.,\nブランド名: m3.com, QOL, MR君, 医師会員サービス, エムスリーデジカル"", ""会社名: エムスリー, M3, M3 Inc, M3株式会社, エムスリー株式会社  \nブランド名: m3.com, QOL, MR君, MEDI:GATE, CureApp"", ""会社名: エムスリー, M3, M3 Inc.,   \nブランド名: QOL, MR君, m3.com, 医療従事者向けポータル, 医療情報プラットフォーム""]"
24290,２４２９０,ワールドホールディングス,情報通信・サービスその他,ワールドHD|World Holdings|WHD,WORLD INTEC|WORLD STAFF|WORLD NEXT|WORLD RESORT|WORLD CONSTRUCTION,"[""会社名: ワールドHD, World Holdings, ワールドホールディングス,\nブランド名: WORLD INTEC, WORLD STAFF, WORLD NEXT, WORLD RESORT, WORLD CONSTRUCTION"", ""会社名: ワールドHD, WHD, ワールドホールディングス,\nブランド名: ワールドインテック, ワールドスタッフィング, ワールドモータースポーツ, ワールドインシュアランス, ワールドリビングスタイル"", ""会社名: ワールドHD, ワールドホールディングス,\nブランド名: 申し訳ありませんが、ワールドホールディングスの具体的なブランド名や製品名についての情報は持っていません。""]"
24320,２４３２０,ディー・エヌ・エー,情報通信・サービスその他,DeNA|ディーエヌエー|DNA|DENA|2432,Mobage|Anyca|MyCODE|SHOWROOM|Yokohama DeNA BayStars,"[""会社名: DeNA, ディーエヌエー, DNA,\nブランド名: Mobage, Yokohama DeNA BayStars, MyCODE, Anyca, Pococha"", ""会社名: DeNA, ディーエヌエー, DNA,\nブランド名: Mobage, Yahoo! Mobage, Anyca, SHOWROOM, MyCODE"", ""会社名: DeNA, ディーエヌエー, DNA, DENA, 2432,\nブランド名: Mobage, モバゲー, Anyca, SHOWROOM, Mycode,""]"
24330,２４３３０,博報堂ＤＹホールディングス,情報通信・サービスその他,博報堂|博報堂DY|HDY|Hakuhodo|Hakuhodo DY Holdings,...|博報堂DYメディアパートナーズ|博報堂プロダクツ|博報堂DYデジタル|博報堂DYアウトドア,"[""会社名: 博報堂, 博報堂DY, Hakuhodo, Hakuhodo DY Holdings, HDY\nブランド名: ...,"", ""会社名: 博報堂, 博報堂DY, HAKUHODO, HAKUHODO DY, 博報堂DYHD  \nブランド名: 博報堂DYメディアパートナーズ, 博報堂プロダクツ, 博報堂DYデジタル, 博報堂DYアウトドア, 博報堂DYインターナショナル"", ""会社名: 博報堂, 博報堂DY, 博報堂HD, HDY, 博報堂ホールディングス,\nブランド名: なし""]"
24400,２４４００,ぐるなび,情報通信・サービスその他,Gurunavi|GNavi|グルナビ|24400,ぐるなびレストラン|ぐるなびデリバリー|ぐるなび海外|ぐるなびウェディング|ぐるなびウエディング,"[""会社名: ぐるなび, Gurunavi,\nブランド名: ぐるなびレストラン, ぐるなびデリバリー, ぐるなびウエディング, ぐるなび海外, ぐるなびギフト"", ""会社名: ぐるなび, GNavi, グルナビ, 24400, ナビ,\nブランド名: ぐるなびレストラン, ぐるなびデリバリー, ぐるなびウェディング, ぐるなび海外, ぐるなびギフトカード"", ""会社名: ぐるなび, GN,\nブランド名: ぐるなび, ぐるなびレストラン, ぐるなびデリバリー, ぐるなびウェディング, ぐるなび海外""]"
24450,２４４５０,タカミヤ,情報通信・サービスその他,TAKAMIYA|24450,ALINCO|ビケ足場|BIC,"[""申し訳ありませんが、「タカミヤ」（証券コード: 24450）に関する具体的な略称やブランド名の情報は持ち合わせていません。一般的には、企業の略称やブランド名は公式ウェブサイトやプレスリリース、または金融ニュースなどで確認することができます。"", ""申し訳ありませんが、「タカミヤ」（証券コード: 24450）に関する具体的な略称やブランド名の情報は持ち合わせていません。一般的に、企業の略称やブランド名は公式ウェブサイトやプレスリリース、またはSNSでの使用例を確認することで特定できます。具体的な情報を得るためには、これらのソースを参照することをお勧めします。"", ""会社名: タカミヤ, TAKAMIYA, 24450,\nブランド名: ALINCO, ビケ足場, BIC, BICシステム, ビケトンネル""]"
24610,２４６１０,ファンコミュニケーションズ,情報通信・サービスその他,ファンコミ|F@N|F@N Communications|FANCOMI|ファン,A8.net|Moba8.net|nend|adcrops|seedApp,"[""会社名: ファンコミ, F@N, F@N Communications,\nブランド名: A8.net, Moba8.net, nend, adcrops, seedApp"", ""会社名: ファンコミ, F@N, FANCOMI, F@N Communications, ファンコミュニケーションズ  \nブランド名: A8.net, Moba8.net, nend, SeedApp, adcrops"", ""会社名: ファンコミ, F@N, F@NCM, F@N Communications, ファンコミュ,\nブランド名: A8.net, Moba8.net, nend, adcrops, seedApp""]"
24620,２４６２０,ライク,情報通信・サービスその他,LIKE|24620,ライクキッズ|ライクスタッフィング|ライクキャリア|ライクアカデミー,"[""申し訳ありませんが、「ライク」（証券コード: 24620）に関する具体的な略称やブランド名の情報は持っていません。一般的には、企業の略称やブランド名は公式ウェブサイトやプレスリリースで確認することができます。具体的な情報を得るためには、直接企業の公式情報を参照することをお勧めします。"", ""会社名: ライク, LIKE,\nブランド名: ライクキッズ, ライクスタッフィング, ライクキャリア, ライクアカデミー, ライクケア"", ""会社名: ライク, LIKE, 24620,\nブランド名: 申し訳ありませんが、ライク株式会社に関連する具体的なブランド名や製品名の情報は持っていません。""]"
24710,２４７１０,エスプール,情報通信・サービスその他,SPool|エスプ|24710,...,"[""会社名: エスプール, SPool,\nブランド名: ..."", ""会社名: エスプール, SPool, エスプ,\nブランド名: ..."", ""会社名: エスプール, SPool, 24710,\nブランド名: 申し訳ありませんが、エスプールに特定のブランド名や製品名に関する情報は持ち合わせていません。""]"
24750,２４７５０,ＷＤＢホールディングス,情報通信・サービスその他,WDB|WDB Holdings|ＷＤＢ,該当なし,"[""会社名: WDB, WDB Holdings, WDBホールディングス, WDBHD, WDBグループ  \nブランド名: 該当なし"", ""会社名: WDB, WDBHD, WDBホールディングス, WDB Holdings, 24750\nブランド名: 該当なし"", ""会社名: WDB, WDBHD, WDBホールディングス, WDB Holdings, WDBグループ,\nブランド名: 該当なし""]"
24770,２４７７０,手間いらず,情報通信・サービスその他,TEMAIRAZU|Temairazu|Temairazu Inc.|24770,手間いらず.NET|TEMAIRAZU YIELD|TEMAIRAZU PAY|TEMAIRAZU CONNECT|TEMAIRAZU,"[""会社名: 手間いらず,\nブランド名: 手間いらず.NET, TEMAIRAZU, TEMAIRAZU YIELD, TEMAIRAZU PAY, TEMAIRAZU CONNECT"", ""会社名: 手間いらず, Temairazu, Temairazu Inc.,\nブランド名: 手間いらず.NET, 手間いらずPro, 手間いらずBB, 手間いらずSTAY, 手間いらずRESERVE"", ""会社名: 手間いらず, TEMAIRAZU, 24770, テマイラズ, TEMAIRAZU  \nブランド名: 手間いらず.NET, TEMAIRAZU YIELD, TEMAIRAZU PAY, TEMAIRAZU BOOKING, TEMAIRAZU CONNECT""]"
24890,２４８９０,アドウェイズ,情報通信・サービスその他,ADWAYS|Adways|アド|ADW,PartyTrack|AppDriver|UNICORN|AppBroadCast|Smart-C,"[""会社名: アドウェイズ, Adways,\nブランド名: PartyTrack, AppDriver, AppBroadcaster, UNICORN, Polymorphic Ads"", ""会社名: アドウェイズ, ADWAYS, アド, ADW, アドウェイズジャパン  \nブランド名: PartyTrack, AppDriver, UNICORN, AppBroadCast, Smart-C"", ""会社名: アドウェイズ, ADWAYS, 2489,   \nブランド名: PartyTrack, AppDriver, AppBroadCast, Smart-C, AppAdForce""]"
24910,２４９１０,バリューコマース,情報通信・サービスその他,VC|ValueCommerce|バリューコマ|バリコマ,ValueCommerce Affiliate|ACCESS Trade|Storematch|ValueCommerce EC|StoreMatch,"[""会社名: バリューコマース, ValueCommerce, VC  \nブランド名: ValueCommerce Affiliate, StoreMatch, ACCESS Trade"", ""会社名: バリューコマ, ValueCommerce, VC, バリコマ, バリュー\nブランド名: ValueCommerce Affiliate, Storematch, ACCESS Trade, ValueCommerce EC, ValueCommerce DSP"", ""会社名: バリューコマース, VC, バリュコマ,  \nブランド名: バリューコマースASP, ValueCommerce Affiliate, Storematch, ValueCommerce EC, ValueCommerce CRM""]"
24920,２４９２０,インフォマート,情報通信・サービスその他,IM|インフォ|Infomart|InfoMart,BtoBプラットフォーム|BtoB Platform|受発注システム|請求書管理|契約書管理,"[""会社名: インフォマート, Infomart, IM,\nブランド名: BtoBプラットフォーム, BtoB Platform, 受発注システム, 請求書管理, 契約書管理"", ""会社名: インフォマート, インフォ, IM, InfoMart, 24920,\nブランド名: BtoBプラットフォーム, BtoBプラットフォーム受発注, BtoBプラットフォーム請求書, BtoBプラットフォーム商談, BtoBプラットフォーム規格書"", ""会社名: インフォマート, INFOMART, IM, インフォ,\nブランド名: BtoBプラットフォーム, BtoB, BtoB受発注, BtoB請求書, BtoB商談管理""]"
25010,２５０１０,サッポロホールディングス,食品,サッポロ|Sapporo Holdings,サッポロクラシック|サッポロビール|ヱビスビール|サッポロ黒ラベル|サッポロラガー,"[""会社名: サッポロ, サッポロHD, サッポロホールディングス,\nブランド名: サッポロビール, ヱビスビール, サッポロ黒ラベル, サッポロクラシック, サッポロプレミアムアルコールフリー"", ""会社名: サッポロ, サッポロHD, Sapporo Holdings, サッポロホールディングス,\nブランド名: サッポロビール, ヱビスビール, サッポロ黒ラベル, サッポロラガー, サッポロクラシック"", ""会社名: サッポロ, サッポロHD, サッポロホールディングス,\nブランド名: ヱビス, サッポロ生ビール黒ラベル, サッポロクラシック, サッポロプレミアム, サッポロラガー""]"
25020,２５０２０,アサヒグループホールディングス,食品,アサヒ|Asahi Group|Asahi,クリアアサヒ|アサヒ生ビール|アサヒスタイルフリー|スーパードライ|アサヒスーパードライ,"[""会社名: アサヒ, アサヒグループ, Asahi Group, Asahi, アサヒHD  \nブランド名: アサヒスーパードライ, アサヒ生ビール, クリアアサヒ, アサヒスタイルフリー, アサヒドライゼロ"", ""会社名: アサヒ, アサヒHD, アサヒグループ, Asahi, Asahi Group,\nブランド名: スーパードライ, クリアアサヒ, アサヒ生ビール, アサヒスタイルフリー, アサヒオフ"", ""会社名: アサヒ, アサヒHD, アサヒGHD, アサヒグループ,\nブランド名: スーパードライ, クリアアサヒ, ブラックニッカ, カルピス, ウィルキンソン""]"
25030,２５０３０,キリンホールディングス,食品,キリン|Kirin Holdings|Kirin Group,一番搾り|麒麟淡麗|午後の紅茶|キリンラガー|ファイア,"[""会社名: キリン, Kirin Holdings, キリンHD, Kirin Group, キリンホールディングス\nブランド名: 一番搾り, 麒麟淡麗, キリンラガー, 午後の紅茶, ファイア"", ""会社名: キリン, Kirin, キリンHD, キリンホールディングス, 2503,\nブランド名: 一番搾り, 麒麟淡麗, 午後の紅茶, メッツ, ファイア"", ""会社名: キリン, キリンHD, キリンホールディングス,\nブランド名: 一番搾り, 麒麟淡麗, キリンラガー, キリンレモン, 午後の紅茶""]"
250A0,２５０A０,シマダヤ,食品,,,"[""申し訳ありませんが、「シマダヤ」（証券コード: 250A0）についての具体的な略称やブランド名の情報は持っていません。一般的に、企業の略称やブランド名は公式ウェブサイトや金融ニュース、または業界の出版物で確認することができます。"", ""申し訳ありませんが、「シマダヤ」（証券コード: 250A0）に関する具体的な略称やブランド名の情報は私のデータベースには含まれていません。一般的には、企業の略称やブランド名は公式な情報源や企業のウェブサイトで確認することができます。"", ""申し訳ありませんが、「シマダヤ」（証券コード: 250A0）に関する具体的な略称やニックネーム、ブランド名、製品名についての情報は持ち合わせていません。一般的に企業の略称やブランド名、製品名は企業の公式ウェブサイトや金融ニュース、業界の資料などで確認することができます。""]"
25310,２５３１０,宝ホールディングス,食品,宝酒造|Takara Holdings|Takara Shuzo|宝HD,松竹梅|焼酎ハイボール|タカラ缶チューハイ|タカラ焼酎|タカラレモンチューハイ,"[""会社名: 宝ホールディングス, 宝酒造, Takara Holdings, Takara Shuzo,\nブランド名: 松竹梅, 焼酎ハイボール, タカラ缶チューハイ, タカラ焼酎, タカラレモンチューハイ"", ""会社名: 宝ホールディングス, 宝HD, Takara Holdings, Takara,\nブランド名: 松竹梅, 焼酎ハイボール, タカラ焼酎, タカラ缶チューハイ, タカラレモン酎ハイ"", ""会社名: 宝ホールディングス, 宝酒造, タカラ,\nブランド名: 松竹梅, 焼酎ハイボール, タカラ缶チューハイ, タカラ焼酎, 宝焼酎""]"
25330,２５３３０,オエノンホールディングス,食品,オエノン|Oenon Holdings|Oenon,福徳長|宝焼酎|白鶴|博多の華|いいちこ,"[""会社名: オエノン, オエノンHD, Oenon Holdings, オエノンホールディングス,\nブランド名: 福徳長, 宝焼酎, 博多の華, いいちこ, ふんわり鏡月"", ""会社名: オエノン, オエノンHD, Oenon Holdings, オエノンホールディングス, Oenon,\nブランド名: 福徳長, 宝焼酎, 白鶴, 菊正宗, 月桂冠"", ""会社名: オエノン, オエノンHD, オエノンホールディングス,\nブランド名: ビッグマン, ふなぐち菊水一番しぼり, 菊水, 白鶴, 大関""]"
25400,２５４００,養命酒製造,食品,養命酒|Yomeishu|Yomeishu Seizo|YM酒|YM製造,養命酒|ハーブの恵み|養命酒製造のど飴|養命酒製造の健康茶|養命酒製造の健康サプリメント,"[""会社名: 養命酒, Yomeishu,\nブランド名: 養命酒, ハーブの恵み, 養命酒製造のど飴, 養命酒製造の健康茶, 養命酒製造の健康サプリメント"", ""会社名: 養命酒, Yomeishu, Yomeishu Seizo, YM酒, YM製造  \nブランド名: 養命酒, ハーブの恵み, かぜ薬, しょうが湯, 乳酸菌ショコラ"", ""会社名: 養命酒,  \nブランド名: 養命酒, ハーブの恵み, 香の森, かのか, 養命酒製造のど飴""]"
256A0,２５６A０,飛島ホールディングス,建設・資材,飛島,,"[""申し訳ありませんが、「飛島ホールディングス」（証券コード: 256A0）に関する具体的な略称やブランド名についての情報は持ち合わせていません。一般的に、企業の略称やブランド名は公式ウェブサイトやプレスリリース、または金融ニュースなどで確認することができます。具体的な情報を得るためには、これらの情報源を参照することをお勧めします。"", ""申し訳ありませんが、「飛島ホールディングス」（証券コード: 256A0）に関する具体的な略称やブランド名についての情報は私のデータベースにはありません。一般的に、企業の略称やブランド名はSNSやトレーダー間での使用状況によって異なるため、具体的な情報はその時点でのトレンドや情報源に依存します。最新の情報を得るためには、SNSや金融ニュースサイトを直接確認することをお勧めします。"", ""申し訳ありませんが、「飛島ホールディングス」（証券コード: 256A0）に関する具体的な略称やブランド名、製品名についての情報は持っていません。一般的な情報やニュースでの表現については、具体的なデータベースやニュースソースを参照することをお勧めします。""]"
25790,２５７９０,コカ・コーラ　ボトラーズジャパンホールディングス,食品,ボトラーズジャパン|コカ・コーラBJH|CCBJH|コカ・コーラボトラーズ|コカ・コーラ ボトラーズジャパン,コカ・コーラ|アクエリアス|綾鷹|ファンタ|ジョージア,"[""会社名: コカ・コーラ ボトラーズジャパン, CCBCJ, ボトラーズジャパン,\nブランド名: コカ・コーラ, アクエリアス, 綾鷹, ファンタ, ジョージア"", ""会社名: コカ・コーラBJH, CCBJH, ボトラーズジャパン, コカ・コーラボトラーズ, コカ・コーラホールディングス\nブランド名: コカ・コーラ, アクエリアス, 綾鷹, ファンタ, ジョージア"", ""会社名: コカ・コーラBJH, CCBJH, ボトラーズジャパン, コカ・コーラボトラーズ,\nブランド名: コカ・コーラ, アクエリアス, 綾鷹, 爽健美茶, ファンタ""]"
25850,２５８５０,ライフドリンク　カンパニー,食品,ライフドリンク|LDC|ライフドリンク社|25850,富士山の天然水|おいしい水|クリスタルガイザー|アクアクララ,"[""申し訳ありませんが、「ライフドリンク カンパニー」についての具体的な略称やブランド名の情報は持ち合わせていません。一般的には、企業の略称やブランド名は公式ウェブサイトやプレスリリース、または金融ニュースなどで確認することができます。"", ""会社名: ライフドリンク, LDC, ライフドリンクカンパニー, 25850, ライフドリンク社  \nブランド名: 富士山の天然水, おいしい水, クリスタルガイザー, アクアクララ, サントリー天然水"", ""会社名: ライフドリンク, LDC, ライフドリンクカンパニー, LDCジャパン, ライフドリンク社  \nブランド名: スパークリングウォーター, ナチュラルミネラルウォーター, フレーバーウォーター, ライフドリンクウォーター, LDCウォーター""]"
25870,２５８７０,サントリー食品インターナショナル,食品,サントリー食品|サントリーインターナショナル|Suntory Beverage & Food,サントリー天然水|伊右衛門|BOSS|サントリー烏龍茶|オランジーナ,"[""会社名: サントリー食品, サントリー食品インターナショナル, Suntory Beverage & Food, SBF,\nブランド名: サントリー天然水, BOSS, 伊右衛門, サントリー烏龍茶, オランジーナ"", ""会社名: サントリー食品, サントリーインターナショナル, サントリー飲料, サントリー,\nブランド名: サントリー天然水, BOSS, 伊右衛門, サントリー烏龍茶, C.C.レモン"", ""会社名: サントリー, サントリー食品, サントリー食品インタ, サントリー食品インターナショナル, サントリーインターナショナル,\nブランド名: ボス, サントリー天然水, 伊右衛門, ペプシ, CCレモン""]"
25900,２５９００,ダイドーグループホールディングス,食品,ダイドー|Daido Group|Daido Holdings,ダイドーブレンド|miu|大人のカロリミット|D-1 COFFEE|ダイドーデミタス,"[""会社名: ダイドー, ダイドーHD, ダイドーグループ, Daido Group, Daido Holdings  \nブランド名: ダイドーブレンド, miu, 大人のカロリミット, D-1 COFFEE, ダイドーデミタス"", ""会社名: ダイドー, ダイドーHD, ダイドーグループ,\nブランド名: ダイドーブレンド, miu, 大人のカロリミット, D-1 COFFEE, DyDo Tea"", ""会社名: ダイドー, ダイドーHD, ダイドーグループ, ダイドーGHD, ダイドーHLDG,\nブランド名: ダイドーブレンド, miu, 大人のカロリミット, ダイドーデミタス, ダイドーリラックス""]"
25930,２５９３０,伊藤園,食品,ITO EN|伊藤園株式会社|いとうえん|ITOEN,お〜いお茶|健康ミネラルむぎ茶|TEAS' TEA|TULLY'S COFFEE|ビタミン野菜,"[""会社名: 伊藤園, ITO EN, 伊藤園株式会社,\nブランド名: お〜いお茶, 健康ミネラルむぎ茶, TEAS' TEA, TULLY'S COFFEE, ビタミン野菜"", ""会社名: 伊藤園, ITO EN, いとうえん,\nブランド名: お〜いお茶, 健康ミネラルむぎ茶, TULLY'S COFFEE, TEAS' TEA, ビタミン野菜"", ""会社名: 伊藤園, ITOEN, 2593,\nブランド名: お〜いお茶, TEAS' TEA, 健康ミネラルむぎ茶, TULLY'S COFFEE, ビタミンパワー""]"
25940,２５９４０,キーコーヒー,食品,KEY COFFEE|キーコー|キー,ドリップオン|スペシャルブレンド|グランドテイスト|トアルコ トラジャ|カフェ・オ・レベース,"[""会社名: キーコーヒー, KEY COFFEE,\nブランド名: ドリップオン, スペシャルブレンド, トアルコ トラジャ, グランドテイスト, カフェ・オ・レベース"", ""会社名: キーコー, キーコーヒー,\nブランド名: ドリップオン, トアルコ トラジャ, グランドテイスト, スペシャルブレンド, カフェポッド"", ""会社名: キーコーヒー, KEY COFFEE, キー,  \nブランド名: ドリップオン, グランドテイスト, スペシャルブレンド, インスタントコーヒー, カフェインレス""]"
26020,２６０２０,日清オイリオグループ,食品,日清オイリオ|Nisshin OilliO|Nisshin OilliO Group|オイリオ|Nisshin Oilio Group,日清キャノーラ油|日清サラダ油|日清オリーブオイル|日清ヘルシーリセッタ|日清フレッシュドレッシング,"[""会社名: 日清オイリオ, Nisshin OilliO, Nisshin OilliO Group,\nブランド名: 日清キャノーラ油, 日清サラダ油, 日清オリーブオイル, 日清ヘルシーリセッタ, 日清フレッシュドレッシング"", ""会社名: 日清オイリオ, Nisshin OilliO, オイリオ, Nisshin Oilio Group, Nisshin,\nブランド名: 日清キャノーラ油, 日清サラダ油, 日清オリーブオイル, 日清ヘルシーリセッタ, 日清フレッシュドレッシング"", ""会社名: 日清オイリオ, 日清オイリオG, 日清オイリオグループ,\nブランド名: 日清オイリオ, ボスコ, ヘルシーリセッタ, 日清キャノーラ油, 日清サラダ油""]"
26070,２６０７０,不二製油,食品,Fuji Oil Holdings|不二|不二製油グループ本社|Fuji Oil Group,フジオイル|フジクリーム|フジホイップ|フジホワイト|フジマージン,"[""会社名: 不二製油グループ本社, Fuji Oil Holdings, Fuji Oil Group,\nブランド名: フジオイル, フジホワイト, フジクリーム, フジマージン, フジソフトオイル"", ""会社名: 不二製油, 不二, Fuji Oil, Fuji Oil Holdings, FSHD\nブランド名: フジホープ, フジホイップ, フジクリーム, フジオイル, フジマルガリン"", ""会社名: 不二製油, 不二,  \nブランド名: フジオイル, フジソフト, フジプロテイン, フジホイップ, フジチョコレート""]"
26130,２６１３０,Ｊ−オイルミルズ,食品,J-オイル|J-オイルミルズ|Jオイル|JOM|J-Oil Mills,AJINOMOTO|AJINOMOTO OIL|AROMA RICH|Healthy Resetta|J-Oil PRO,"[""会社名: J-オイル, J-オイルミルズ, J-Oil Mills,\nブランド名: AJINOMOTO, AROMA RICH, Healthy Resetta, J-Oil PRO, Oishii Seikatsu"", ""会社名: J-オイル, J-オイルミルズ, Jオイル, JOM,\nブランド名: AJINOMOTO OIL, かどや, サラダ油, オリーブオイル, こめ油"", ""会社名: J-オイル, Jオイル, J-オイルミルズ, Jオイルミルズ, JOM,\nブランド名: AJINOMOTO, AJINOMOTO OIL, AJINOMOTO OIL MILLS, AJINOMOTO OIL & FATS, AJINOMOTO OIL MILLS JAPAN""]"
262A0,２６２A０,インターメスティック,小売,262A0）に関する具体的な情報は私のデータベースには含まれていないようです。したがって、その会社名やブランド名、製品名についての略称やニックネームを提供することができません。もし他の情報が必要であれば、具体的な質問をしていただければと思います。,262A0）に関する具体的な情報は私のデータベースには含まれていないようです。したがって、その会社名やブランド名、製品名についての略称やニックネームを提供することができません。もし他の情報が必要であれば、具体的な質問をしていただければと思います。,"[""申し訳ありませんが、「インターメスティック」（証券コード: 262A0）に関する具体的な略称やブランド名についての情報は持っていません。一般的に、企業の略称やブランド名は公式な情報源やニュース記事で確認することができます。具体的な情報が必要な場合は、公式な発表や信頼できるニュースソースを参照してください。"", ""申し訳ありませんが、「インターメスティック」（証券コード: 262A0）についての具体的な情報は持ち合わせていません。そのため、会社の略称やブランド名を提供することができません。一般的には、企業の公式ウェブサイトや金融情報プラットフォームで最新の情報を確認することをお勧めします。"", ""申し訳ありませんが、「インターメスティック」（証券コード: 262A0）に関する具体的な情報は私のデータベースには含まれていないようです。したがって、その会社名やブランド名、製品名についての略称やニックネームを提供することができません。もし他の情報が必要であれば、具体的な質問をしていただければと思います。""]"
26590,２６５９０,サンエー,小売,SAN-A|Sanei|三栄|SANEI,サンエースーパー|サンエードラッグ|なし|サンエー食品館|サンエー衣料館,"[""会社名: サンエー, SAN-A,\nブランド名: なし"", ""会社名: サンエー, Sanei, 三栄,\nブランド名: サンエースーパー, サンエードラッグ, サンエー食品館, サンエー衣料館, サンエー電器館"", ""会社名: サンエー, SANEI, 26590,\nブランド名: サンエースーパー, サンエーデパート, サンエードラッグ, サンエーフーズ, サンエーリカー""]"
26640,２６６４０,カワチ薬品,小売,カワチ|Kawachi,カワチファーマシー|くすりのカワチ|カワチドラッグ|カワチメディカル|カワチウェルネス,"[""会社名: カワチ, カワチ薬品,\nブランド名: くすりのカワチ, カワチドラッグ, カワチファーマシー, カワチメディカル, カワチウェルネス"", ""会社名: カワチ, カワチ薬品, Kawachi,\nブランド名: セルフメディケーション, カワチオリジナル, カワチPB, カワチセレクト, カワチファーマシー"", ""会社名: カワチ, カワチ薬品, Kawachi,\nブランド名: なし""]"
26700,２６７００,エービーシー・マート,小売,ABCマート|エービーシー|ABC-Mart|26700|エービーシー・,VANS|NIKE|adidas|New Balance|Converse,"[""会社名: ABCマート, ABC-Mart, エービーシー\nブランド名: VANS, NIKE, adidas, New Balance, Converse"", ""会社名: ABCマート, ABC,\nブランド名: VANS, NIKE, adidas, New Balance, PUMA"", ""会社名: ABCマート, ABC, エービーシー, 26700, エービーシー・マート,\nブランド名: ABCマート, ABC, ホーキンス, バンズ, ノースフェイス,""]"
26740,２６７４０,ハードオフコーポレーション,小売,ハードオフ|HARD OFF|HO,ハードオフ|オフハウス|モードオフ|ガレージオフ|リカーオフ,"[""会社名: ハードオフ, HARD OFF,\nブランド名: ハードオフ, オフハウス, モードオフ, ガレージオフ, リカーオフ"", ""会社名: ハードオフ, ハードオフコーポレーション, HO,\nブランド名: ハードオフ, オフハウス, モードオフ, ガレージオフ, リカーオフ"", ""会社名: ハードオフ,  \nブランド名: ハードオフ, オフハウス, モードオフ, ガレージオフ, ブックオフ""]"
26760,２６７６０,高千穂交易,商社・卸売,高千穂|Takachiho,,"[""会社名: 高千穂, Takachiho, 高千穂交易,\nブランド名: 申し訳ありませんが、高千穂交易の代表的なブランド名や製品名に関する具体的な情報は提供できません。"", ""申し訳ありませんが、「高千穂交易」（証券コード: 26760）についての具体的な略称やブランド名の情報は持ち合わせていません。一般的に、企業の略称やブランド名は公式な情報源や企業のウェブサイト、または業界の専門家の間で共有されることが多いです。公式な情報を確認することをお勧めします。"", ""会社名: 高千穂, 高千穂交易,\nブランド名: 申し訳ありませんが、高千穂交易の具体的なブランド名や製品名についての情報は持っていません。""]"
26780,２６７８０,アスクル,小売,ASKUL|26780|ASKUL Corporation|アスクル株式会社,LOHACO|SOLOEL|Biznet|Happy Elephant,"[""申し訳ありませんが、「アスクル」（証券コード: 26780）についての具体的な略称やブランド名のリストを提供することはできません。ただし、一般的に企業の略称やブランド名は公式ウェブサイトやプレスリリースで確認できることが多いです。アスクルの公式情報を参照していただくことをお勧めします。"", ""会社名: アスクル, ASKUL, 26780, ASKUL Corporation, アスクル株式会社  \nブランド名: LOHACO, SOLOEL, Biznet, Happy Elephant, アスクルカタログ"", ""会社名: アスクル, ASKUL,\nブランド名: LOHACO, ぱちぱち, たのめーる, くらしのeショップ, くらしのマーケット""]"
26810,２６８１０,ゲオホールディングス,小売,ゲオ|GEO,GEOショップ|GEOレンタル|GEOセール,"[""会社名: ゲオ, GEO,\nブランド名: GEOショップ, GEOモバイル, GEOオンライン, GEOカフェ, GEOレンタル"", ""会社名: ゲオ, GEO, ゲオHD, ゲオホールディングス,\nブランド名: GEOショップ, GEOモバイル, GEOオンライン, GEOレンタル, GEOセール"", ""会社名: ゲオ, GEO, ゲオHD, ゲオホールディングス,\nブランド名: GEOショップ, GEOモバイル, GEOオンライン, GEOレンタル, GEOセール""]"
26850,２６８５０,アダストリア,小売,Adastria|ADASTRIA|2685|ADストリア,グローバルワーク|ニコアンド|ローリーズファーム|ジーナシス|レプシィム,"[""会社名: アダストリア, Adastria,\nブランド名: グローバルワーク, ニコアンド, ローリーズファーム, ジーナシス, レプシィム"", ""会社名: アダストリア, ADASTRIA, 2685,\nブランド名: グローバルワーク, ニコアンド, ローリーズファーム, ジーナシス, レプシィム"", ""会社名: アダストリア, ADストリア, ADA, 26850,\nブランド名: グローバルワーク, ニコアンド, ローリーズファーム, ジーナシス, レプシィム""]"
268A0,２６８A０,リガク・ホールディングス,電機・精密,リガク・,,"[""申し訳ありませんが、「リガク・ホールディングス」（証券コード: 268A0）に関する具体的な略称やブランド名の情報は持っていません。一般的には、企業の略称やブランド名は公式ウェブサイトやプレスリリース、または金融ニュースなどで確認することができます。"", ""申し訳ありませんが、「リガク・ホールディングス」（証券コード: 268A0）についての具体的な略称やブランド名の情報は持ち合わせていません。一般的には、企業の略称やニックネームはSNSやトレーダーの間で独自に作られることが多く、公式な情報としては提供されていない場合があります。また、ブランド名や製品名についても、企業の公式発表や製品ラインナップに依存します。公式な情報源や企業のウェブサイトを参照することをお勧めします。"", ""申し訳ありませんが、「リガク・ホールディングス」に関する具体的な略称やブランド名、製品名についての情報は持っていません。一般的には、企業名の略称やブランド名は公式の企業資料やニュースリリースなどで確認することができます。""]"
26920,２６９２０,伊藤忠食品,商社・卸売,伊藤忠|Itochu Shokuhin|Itochu Food|伊藤忠フード,ルナ|ルナヨーグルト|ルナデザート|ルナドリンク,"[""会社名: 伊藤忠, 伊藤忠食品, Itochu Shokuhin, Itochu Food,\nブランド名: 申し訳ありませんが、伊藤忠食品に関連する具体的なブランド名や製品名の情報は見つかりませんでした。"", ""会社名: 伊藤忠フード, 伊藤忠食品株式会社, Itochu Shokuhin, Itochu Food,\nブランド名: ルナ, ルナヨーグルト, ルナデザート, ルナドリンク, ルナスイーツ"", ""会社名: 伊藤忠, 伊藤忠フード, 伊藤忠食品,\nブランド名: 特定のブランド名や製品名は一般的に知られていません。""]"
26950,２６９５０,くら寿司,小売,Kura Sushi|くら|Kura Corporation,くら寿司|無添くら寿司|Kura Sushi|くら寿司回転寿司|くら寿司USA,"[""会社名: くら寿司, Kura Sushi, Kura Corporation, くらコーポレーション,\nブランド名: くら寿司, 無添くら寿司, Kura Sushi, くら寿司回転寿司, くら寿司USA"", ""会社名: くら, くら寿司, Kura, Kura Sushi,\nブランド名: くら寿司, 無添くら寿司, Kura Sushi, くらバーガー, くらポケモンコラボ"", ""会社名: くら寿司, くら,\nブランド名: くら寿司, くら, くらポン, くらランチ, ビッくらポン""]"
26980,２６９８０,キャンドゥ,小売,Can Do|100均キャンドゥ|100円ショップキャンドゥ|2698,100円ショップ|Can★Do|キャンドゥセレクト|キャンドゥスタイル|キャンドゥホーム,"[""会社名: キャンドゥ, Can Do,\nブランド名: 100円ショップ, Can★Do, キャンドゥセレクト, キャンドゥスタイル, キャンドゥホーム"", ""会社名: キャンドゥ, Can Do, 100均キャンドゥ, 100円ショップキャンドゥ, 2698,\nブランド名: なし"", ""会社名: キャンドゥ, Can Do, 100円ショップ,\nブランド名: キャンドゥ, Can Do, 100均, 100円ショップ, Cando""]"
27260,２７２６０,パルグループホールディングス,小売,パルグループ|PAL GROUP,3COINS|mysty woman|LOWRYS FARM|niko and ...|SENSE OF PLACE,"[""会社名: パルグループ, PAL GROUP,\nブランド名: 3COINS, LOWRYS FARM, niko and ..., SENSE OF PLACE, mysty woman"", ""会社名: パルグループ, パルHD, パルホールディングス, パルGHD, パル,\nブランド名: 3COINS, mysty woman, LOWRYS FARM, niko and..., GLOBAL WORK"", ""会社名: パルグループ, パルHD, パル,\nブランド名: 3COINS, mysty woman, SM2, CIAOPANIC, KBF""]"
27300,２７３００,エディオン,小売,EDION|エディ,エディオンカード|エディオンウォレット,"[""会社名: エディオン, EDION,\nブランド名: エディオンカード, エディオンネット, エディオンアプリ, エディオンポイント, エディオンウォレット"", ""会社名: エディオン, EDION, エディ,\nブランド名: エディオンカード, エディオンネット, エディオンアプリ, エディオンポイントカード, エディオンウォーター"", ""会社名: エディオン, EDION, エディ,  \nブランド名: エディオンカード, エディオンネット, エディオンアプリ, いいものプレミアム, エディオンポイント""]"
27330,２７３３０,あらた,商社・卸売,Arata,,"[""申し訳ありませんが、具体的な企業の証券コードやその詳細についての情報は提供できません。一般的な情報や金融ニュースに関する質問があればお答えできますので、他に知りたいことがあれば教えてください。"", ""会社名: あらた, Arata,\nブランド名:"", ""申し訳ありませんが、「あらた」（証券コード: 27330）に関する具体的な略称やニックネーム、ブランド名、製品名についての情報は持ち合わせていません。一般的に、企業の略称やニックネームは業界内での通称やメディアでの表現に依存することが多いです。具体的な情報が必要な場合は、公式な企業情報や金融ニュースを参照することをお勧めします。""]"
27340,２７３４０,サーラコーポレーション,小売,サーラ|サーラコープ|SALA Corporation|SALA,サーラカード|サーラエナジー|サーラガス|サーラ住宅|サーラカーライフ,"[""会社名: サーラ, サーラコープ, サーラグループ, SALA Corporation, SALA\nブランド名: サーラカード, サーラエナジー, サーラガス, サーラ住宅, サーラカーライフ"", ""申し訳ありませんが、「サーラコーポレーション」（証券コード: 27340）に関する具体的な略称やブランド名についての情報は持ち合わせていません。一般的に、企業の略称やブランド名は公式ウェブサイトやプレスリリース、またはSNSなどで確認することができます。公式な情報源を参照することをお勧めします。"", ""会社名: サーラ, サーラコ, サーラグループ, サーラHD, サーラホールディングス  \nブランド名: サーラカード, サーラガス, サーラエナジー, サーラライフ, サーラホーム""]"
27370,２７３７０,トーメンデバイス,商社・卸売,トーメン|Tomen|Tomen Device|TD|トーメンデバ,,"[""申し訳ありませんが、「トーメンデバイス」（証券コード: 27370）についての具体的な略称やブランド名の情報は私のデータベースには含まれていません。一般的に企業の略称やブランド名は、企業の公式ウェブサイトや金融ニュース、業界の出版物などで確認することができます。"", ""申し訳ありませんが、「トーメンデバイス」（証券コード: 27370）に関する具体的な略称やブランド名についての情報は持ち合わせていません。一般的に、企業の略称やブランド名は業界やコミュニティによって異なる場合がありますので、SNSやトレーダー間での使用状況を直接確認することをお勧めします。"", ""会社名: トーメン, Tomen, Tomen Device, TD, トーメンデバ,\nブランド名: 情報がありません。""]"
27420,２７４２０,ハローズ,小売,Halows|HALOWS|ハローズコーポレーション|ハローズスーパー,ハローズプライベートブランド|ハローズセレクト|ハローズデリカ|ハローズフレッシュ,"[""会社名: ハローズ, Halows\nブランド名: 申し訳ありませんが、ハローズに関連する代表的なブランド名や製品名の情報は見つかりませんでした。"", ""会社名: ハローズ, HALOWS, ハローズコーポレーション, ハローズスーパー, ハローズストア,\nブランド名: ハローズプライベートブランド, ハローズセレクト, ハローズデリカ, ハローズフレッシュ, ハローズベーカリー,"", ""会社名: ハローズ,  \nブランド名: なし""]"
27490,２７４９０,ＪＰホールディングス,情報通信・サービスその他,JPHD|Japan Public Holdings|ジャパンパブリックホールディングス|ジャパンプライムホールディングス|ＪＰ,つばさ保育園|ひまわり保育園|さくら保育園|あい保育園|きらり保育園,"[""会社名: JPHD, JPホールディングス, Japan Public Holdings, ジャパンパブリックホールディングス\nブランド名: さくら保育園, あい保育園, きらり保育園, つばさ保育園, ひまわり保育園"", ""会社名: JPHD, JPホールディングス, ジャパンプライムホールディングス, ジェイピーHD, ジェイピー・ホールディングス  \nブランド名: 夢の森保育園, かがやき保育園, つばさ保育園, ひまわり保育園, すくすく保育園"", ""会社名: JPHD, JPホールディングス, ジェイピーホールディングス,\nブランド名: なし""]"
27520,２７５２０,フジオフードグループ本社,小売,フジオフード|フジオ,まいどおおきに食堂|串家物語|つるまる|かっぽうぎ|えびのや,"[""会社名: フジオフード, フジオ, フジオフードグループ,\nブランド名: まいどおおきに食堂, 串家物語, つるまる, かっぽうぎ, えびのや"", ""会社名: フジオフード, フジオ, フジオフードグループ,\nブランド名: まいどおおきに食堂, 串家物語, つるまる, かっぽうぎ, えびのや"", ""会社名: フジオフード, フジオ, フジオグループ, フジオ本社, フジオフードグループ,\nブランド名: まいどおおきに食堂, 串家物語, つるまる, かっぽうぎ, えびのや""]"
27530,２７５３０,あみやき亭,小売,あみやき,あみやき亭|どんどん亭|いちばん|いちばん地鶏|いちばん牛角,"[""会社名: あみやき亭,\nブランド名: あみやき亭, どんどん亭, いちばん, いちばん地鶏, いちばん牛角"", ""会社名: あみやき, あみやき亭,\nブランド名: あみやき亭, どんどん亭, 牛角, しゃぶしゃぶ温野菜, 焼肉きんぐ"", ""会社名: あみやき亭,  \nブランド名: あみやき亭, どんどん, ぎゅうぎゅう, すたみな太郎, 焼肉太郎""]"
27600,２７６００,東京エレクトロン　デバイス,商社・卸売,TED|東エレデバ|東京エレクトロンデバイス|Tokyo Electron Device|東京エレデバ,Inrevium|TED Real IoT|TED Support|TED ProServe|TED Custom Solutions,"[""会社名: TED, 東京エレクトロンデバイス, Tokyo Electron Device,\nブランド名: Inrevium, TED Real IoT, TED Support, TED ProServe, TED Custom Solutions"", ""会社名: 東エレデバ, TED,\nブランド名: Inrevium, NetStairs, NetComposites, NetCom, NetVision"", ""会社名: 東エレデバ, TED, 東京エレデバ, 東エレデ, TELデバ,\nブランド名: TEDブランド, TED製品, TEDソリューション, TEDサービス, TEDテクノロジー""]"
27670,２７６７０,円谷フィールズホールディングス,商社・卸売,円谷フィールズ|円谷HD|Fields Corporation|Fields HD,ウルトラマン|円谷プロ|ウルトラシリーズ|パチンコ機|パチスロ機,"[""会社名: 円谷フィールズ, Fields Corporation, 円谷フィールズHD, Fields HD, 円谷HD  \nブランド名: ウルトラマン, パチンコ機, パチスロ機, フィールズエンターテインメント, 円谷プロダクション"", ""会社名: 円谷フィールズ, 円谷HD, Tsuburaya Fields, Fields Holdings, Tsuburaya FHD  \nブランド名: ウルトラマン, パチスロ, フィールズ, 円谷プロ, ウルトラシリーズ"", ""会社名: 円谷フィールズ, フィールズHD, 円谷HD, 円谷FHD, フィールズホールディングス,\nブランド名: ウルトラマン, KAIJU STEP, ウルトラシリーズ, 円谷プロ, ULTRAMAN""]"
27680,２７６８０,双日,商社・卸売,Sojitz|2768|双日グループ|Sojitz Corporation,Nissho Electronics|Sojitz Pla-Net|Sojitz Foods|Sojitz Logistics,"[""会社名: 双日, Sojitz,\nブランド名: 申し訳ありませんが、双日には特定の代表的なブランド名や製品名が一般的に知られていないようです。"", ""会社名: 双日, Sojitz, 2768, 双日グループ, Sojitz Corporation  \nブランド名: Nissho Electronics, Sojitz Pla-Net, Sojitz Foods, Sojitz Logistics, Sojitz Aerospace"", ""会社名: 双日, Sojitz, 2768, 総合商社, 日商岩井,\nブランド名: 特定のブランド名や製品名は一般的に知られていません。""]"
27840,２７８４０,アルフレッサ　ホールディングス,商社・卸売,アルフレッサ|Alfresa Holdings|Alfresa,クラビット|アルフレッサファーマ|アルフレッサメディカルサービス|アルフレッサヘルスケア|アルフレッサファーマシー,"[""会社名: アルフレッサ, Alfresa Holdings, アルフレッサHD, Alfresa,\nブランド名: クラビット, アルフレッサファーマ, アルフレッサメディカルサービス, アルフレッサヘルスケア, アルフレッサファーマシー"", ""申し訳ありませんが、「アルフレッサ ホールディングス」（証券コード: 27840）についての具体的な略称やブランド名のリストは提供できません。一般的に、企業の略称やブランド名は公式な情報源や企業のウェブサイトで確認することができます。具体的な情報をお求めの場合は、公式なリソースを参照してください。"", ""会社名: アルフレッサ, アルフレッサHD, アルフレッサホールディングス,\nブランド名: 特定のブランド名や製品名は一般的に報道されていない可能性があります。""]"
27910,２７９１０,大黒天物産,小売,大黒天|DKT|Daikokuten|DAIKOKUTEN Co.,ラ・ムー|ディオ|D-PROJECT|D-MART|D-PRICE,"[""会社名: 大黒天, Daikokuten, DAIKOKUTEN Co., Ltd.,\nブランド名: ラ・ムー, ディオ, D-PROJECT, D-MART, D-PRICE"", ""会社名: 大黒天, DAIEKOTEN, DKT, 大黒天物産,\nブランド名: ラ・ムー, ディオ, D-PROJECT, DCM, D-MART"", ""会社名: 大黒天, 大黒天物, DKT, 大黒天物産,\nブランド名: ラ・ムー, ディオ, D-Pocket, D-Shop, D-Price""]"
27920,２７９２０,ハニーズホールディングス,小売,ハニーズ|HONEYS|Honeys Holdings|Honeys,CINEMA CLUB|GLACIER|COLZA|HONEYS CLUB|ハニーズ,"[""会社名: ハニーズ, ハニーズHD, Honeys Holdings, Honeys,\nブランド名: ハニーズ, CINEMA CLUB, GLACIER, COLZA, S-LL"", ""会社名: ハニーズ, HONEYS,\nブランド名: CINEMA CLUB, GLACIER, COLZA, SARA, HONEYS CLUB"", ""会社名: ハニーズ, HONEYS,\nブランド名: CINEMA CLUB, GLACIER, COLZA, HONEYS CLUB, HONEYS SELECT""]"
28010,２８０１０,キッコーマン,食品,Kikkoman|28010|キッコー|K社,デルモンテ|万上|キッコーマンしょうゆ|しぼりたて生しょうゆ|いつでも新鮮シリーズ,"[""会社名: キッコーマン, Kikkoman,\nブランド名: キッコーマンしょうゆ, デルモンテ, 万上, しぼりたて生しょうゆ, いつでも新鮮シリーズ"", ""会社名: キッコーマン, Kikkoman,\nブランド名: キッコーマンしょうゆ, デルモンテ, 万上, マンズワイン, キッコーマン豆乳"", ""会社名: キッコーマン, Kikkoman, 28010, キッコー, K社,\nブランド名: デルモンテ, 万上, いつでも新鮮, まいにちおいしい, しぼりたて生しょうゆ,""]"
28020,２８０２０,味の素,食品,AJI|AJINOMOTO|味の素株式会社|Ajinomoto,味の素|Cook Do|Knorr|HON-DASHI|Blendy,"[""会社名: 味の素, Ajinomoto, AJI,\nブランド名: 味の素, Cook Do, Knorr, HON-DASHI, Blendy"", ""会社名: 味の素, AJINOMOTO, 味の素グループ, AJI, 味の素株式会社  \nブランド名: 味の素, Cook Do, Knorr, HON-DASHI, Blendy"", ""会社名: 味の素, AJINOMOTO, AJI, 味の素株式会社, AJINOMOTO CO., INC.,\nブランド名: 味の素, Cook Do, Knorr, HON-DASHI, JINO""]"
28040,２８０４０,ブルドックソース,食品,ブルドック|ブルソー|BDS|BULL-DOG SAUCE CO.,中濃ソース|ウスターソース|とんかつソース|たこ焼ソース|お好みソース,"[""会社名: ブルドックソース, ブルドック, BULL-DOG SAUCE CO., LTD.,\nブランド名: ブルドックソース, 中濃ソース, ウスターソース, とんかつソース, たこ焼ソース"", ""会社名: ブルドック, ブルソー, BULL-DOG, ブルドッグソース, BDS,\nブランド名: 中濃ソース, ウスターソース, とんかつソース, たこ焼ソース, お好みソース,"", ""会社名: ブルドック, BDS, ブルソー, ブルドックソース,\nブランド名: 中濃ソース, とんかつソース, ウスターソース, お好みソース, たこ焼ソース""]"
28090,２８０９０,キユーピー,食品,QP|キューピー|QP Corporation,アヲハタ|ディフェ|キユーピーマヨネーズ|サラダクラブ|キユーピードレッシング,"[""会社名: キユーピー, QP,\nブランド名: キユーピーマヨネーズ, アヲハタ, サラダクラブ, ディフェ, キユーピードレッシング"", ""会社名: キユーピー, QP, キューピー, キューピーコーポレーション, QP Corporation  \nブランド名: キユーピーマヨネーズ, アヲハタ, ディフェ, キユーピードレッシング, キユーピーハーフ"", ""会社名: キユーピー, Kewpie, QP,\nブランド名: マヨネーズ, アヲハタ, ディフェ, サラダクラブ, テイスティドレッシング""]"
28100,２８１００,ハウス食品グループ本社,食品,ハウス食品|ハウス|House Foods,バーモントカレー|こくまろカレー|フルーチェ|ウコンの力|プライムバーモントカレー,"[""会社名: ハウス食品, ハウス食品グループ,\nブランド名: バーモントカレー, こくまろカレー, フルーチェ, ウコンの力, プライムバーモントカレー"", ""会社名: ハウス食品, ハウス, ハウスグループ, House Foods, HF\nブランド名: バーモントカレー, プライムバーモント, こくまろカレー, フルーチェ, ウコンの力"", ""会社名: ハウス食品, ハウス, ハウスグループ,\nブランド名: バーモントカレー, こくまろカレー, フルーチェ, ウコンの力, プロクオリティ""]"
28110,２８１１０,カゴメ,食品,Kagome|KAGOME,野菜生活|トマトジュース|野菜一日これ一本|トマトケチャップ|ケチャップ,"[""会社名: カゴメ, Kagome,\nブランド名: 野菜生活, トマトジュース, 野菜一日これ一本, ケチャップ, トマトケチャップ"", ""会社名: カゴメ, Kagome, KAGOME,\nブランド名: 野菜生活, トマトジュース, 野菜一日これ一本, トマトケチャップ, 野菜生活100"", ""会社名: カゴメ,  \nブランド名: 野菜生活, トマトジュース, ケチャップ, 野菜一日これ一本, トマトケチャップ""]"
28150,２８１５０,アリアケジャパン,食品,アリアケ|Ariake Japan|Ariake|AJ,ガーリックソース|オニオンソース|チキンブイヨン|ビーフブイヨン|シーフードブイヨン,"[""会社名: アリアケ, アリアケジャパン, Ariake Japan, Ariake,\nブランド名: ガーリックソース, オニオンソース, チキンブイヨン, ビーフブイヨン, シーフードブイヨン"", ""会社名: アリアケ, アリアケジャパン, AJ, Ariake Japan, Ariake,\nブランド名: 味の素, アリアケスープ, アリアケだし, アリアケ調味料, アリアケ食品,"", ""会社名: アリアケ, アリアケジャパン, AJ, アリアケJPN, 28150,\nブランド名: アリアケのスープ, アリアケのだし, アリアケの調味料, アリアケの食品, アリアケのソース,""]"
28190,２８１９０,エバラ食品工業,食品,エバラ|エバラ食品,焼肉のたれ|黄金の味|すき焼のたれ|しゃぶしゃぶごまだれ|キムチ鍋の素,"[""会社名: エバラ, エバラ食品,\nブランド名: 焼肉のたれ, 黄金の味, すき焼のたれ, しゃぶしゃぶごまだれ, キムチ鍋の素"", ""会社名: エバラ, エバラ食品,\nブランド名: 焼肉のたれ, 黄金の味, すき焼のたれ, キムチ鍋の素, しゃぶしゃぶごまだれ"", ""会社名: エバラ,  \nブランド名: 焼肉のたれ, 黄金の味, すき焼のたれ, しゃぶしゃぶごまだれ, キムチ鍋の素""]"
285A0,２８５A０,キオクシアホールディングス,電機・精密,キオクシア|Kioxia,BiCS FLASH|EXCERIA|XG SSD|BG SSD|CD6 Series SSD,"[""会社名: キオクシア, Kioxia,\nブランド名: BiCS FLASH, EXCERIA, XG SSD, BG SSD, CD6 Series SSD"", ""会社名: キオクシア, Kioxia, キオクシアHD, キオクシアホールディングス, キオクシア株式会社  \nブランド名: BiCS FLASH, XGシリーズ, BGシリーズ, EXCERIA, EXCERIA PRO"", ""会社名: キオクシア, キオクシアHD, Kioxia,\nブランド名: BiCS FLASH, XG SSD, BG SSD, EXCERIA, AL15SE""]"
28710,２８７１０,ニチレイ,食品,Nichirei,アセロラドリンク|本格炒め炒飯|氷温熟成|レディミール|デリフレッシュ,"[""会社名: ニチレイ, Nichirei,\nブランド名: アセロラドリンク, 本格炒め炒飯, レディミール, 氷温熟成, デリフレッシュ"", ""会社名: ニチレイ, Nichirei,\nブランド名: アセロラドリンク, 本格炒め炒飯, レンジでふっくらパックごはん, 氷温熟成, からあげチキン"", ""会社名: ニチレイ,  \nブランド名: アセロラドリンク, 本格炒め炒飯, 氷温熟成, レディミール, お弁当にGood!""]"
28740,２８７４０,横浜冷凍,商社・卸売,ヨコレイ|Yokorei|横冷|YRF|横浜冷凍株式会社,霜鳥|霜の国|霜の里|霜の華|霜の恵み,"[""会社名: ヨコレイ, Yokorei,\nブランド名: 霜鳥, 霜の国, 霜の里, 霜の華, 霜の恵み"", ""会社名: ヨコレイ, 横冷, YRF, Yokorei, 横浜冷凍株式会社,\nブランド名: フローズンマイスター, クールデリカ, ヨコレイフーズ, 冷凍王国, ヨコレイシーフード,"", ""会社名: ヨコレイ, 横冷,\nブランド名: なし""]"
28750,２８７５０,東洋水産,食品,TOYO SUISAN|マルちゃん|マルちゃん製麺|マルちゃん正麺,マルちゃん|赤いきつね|緑のたぬき|ごつ盛り|麺づくり,"[""会社名: 東洋水産, TOYO SUISAN, マルちゃん,\nブランド名: マルちゃん, 赤いきつね, 緑のたぬき, 焼そば弁当, ごつ盛り"", ""会社名: マルちゃん, 東洋水産, TOYO SUISAN, マルちゃん製麺, マルちゃん正麺  \nブランド名: マルちゃん, 赤いきつね, 緑のたぬき, ごつ盛り, 麺づくり"", ""会社名: 東洋水産, マルちゃん, TOYO SUISAN,\nブランド名: マルちゃん, 赤いきつね, 緑のたぬき, ごつ盛り, 麺づくり""]"
28820,２８８２０,イートアンドホールディングス,食品,イートアンド|EAT&|Eat&Holdings,大阪王将|ぷるもち水餃子|羽根つき餃子|大阪王将ラーメン|大阪王将炒飯,"[""会社名: イートアンド, イートアンドHD, Eat&Holdings, EAT&,\nブランド名: 大阪王将, ぷるもち水餃子, 羽根つき餃子, 大阪王将ラーメン, 大阪王将炒飯"", ""会社名: イートアンド, EAT&,\nブランド名: 大阪王将, 羽根つき餃子, ぷるもち水餃子, ぷるもち焼売, ぷるもち小籠包"", ""会社名: イートアンド, イートアンドHD, EAT&,\nブランド名: 大阪王将, ぷるもち水餃子, 羽根つき餃子, ふっくらお好み焼き, ふわとろたこ焼き""]"
28840,２８８４０,ヨシムラ・フード・ホールディングス,食品,ヨシムラフード|YFH|ヨシムラHD|ヨシムラ・フード・,かね徳|つけもと|かね七|旭松食品|サンフーズ,"[""会社名: ヨシムラフード, YFH, ヨシムラHD, ヨシムラホールディングス, Yoshimura Food Holdings\nブランド名: かね徳, つけもと, かね七, 旭松食品, サンフーズ"", ""会社名: ヨシムラフード, YFH, ヨシムラHD, ヨシムラホールディングス, ヨシムラ,\nブランド名: かねます, つけもと, まるも, かね徳, かね七"", ""会社名: ヨシムラフード, ヨシムラHD, ヨシムラ, YFH, ヨシムラ・フード,\nブランド名: 特定のブランド名や製品名は一般的に報道されていません。""]"
28970,２８９７０,日清食品ホールディングス,食品,日清|日清食品|Nissin|Nissin Foods,カップヌードル|チキンラーメン|出前一丁|ラ王|UFO,"[""会社名: 日清, Nissin, 日清HD, Nissin Foods, 日清食品,\nブランド名: カップヌードル, チキンラーメン, 出前一丁, ラ王, UFO,"", ""会社名: 日清, 日清食品, Nissin, Nissin Foods, 日清HD  \nブランド名: カップヌードル, チキンラーメン, 出前一丁, ラ王, UFO"", ""会社名: 日清, 日清食品, NISSIN, NISSIN FOODS, 日清HD,\nブランド名: カップヌードル, チキンラーメン, 出前一丁, ラ王, UFO""]"
29080,２９０８０,フジッコ,食品,Fujicco|フジッコ株式会社,おまめさん|ふじっ子煮|カスピ海ヨーグルト|ふじっ子昆布|ふじっ子,"[""会社名: フジッコ, Fujicco,\nブランド名: おまめさん, ふじっ子煮, カスピ海ヨーグルト, ふじっ子, ふじっ子昆布"", ""会社名: フジッコ, Fujicco, フジッコ株式会社, フジッコカンパニー, フジッコグループ  \nブランド名: おまめさん, カスピ海ヨーグルト, ふじっ子煮, ふじっ子昆布, おかず畑"", ""会社名: フジッコ,  \nブランド名: おまめさん, カスピ海ヨーグルト, ふじっ子煮, ふじっ子, ふじっ子昆布""]"
29100,２９１００,ロック・フィールド,食品,RF|ロックフィールド,神戸コロッケ|グリーン・グルメ|いとはん|RF1|ベジテリア,"[""会社名: ロック・フィールド, RF,\nブランド名: 神戸コロッケ, グリーン・グルメ, いとはん, RF1, ベジテリア"", ""会社名: ロック・フィールド, RF,\nブランド名: 神戸コロッケ, グリーン・グルメ, いとはん, RF1, ベジテリア"", ""会社名: RF, ロックフィールド, ロック・フィールド,\nブランド名: 神戸コロッケ, RF1, いとはん, グリーン・グルメ, ベジテリア""]"
29140,２９１４０,日本たばこ産業,食品,JT|日本たばこ|Japan Tobacco,メビウス|セブンスター|ピアニッシモ|キャメル|ウィンストン,"[""会社名: JT, 日本たばこ, Japan Tobacco, 日本たばこ産業,\nブランド名: メビウス, セブンスター, ピアニッシモ, キャメル, ウィンストン"", ""会社名: JT, 日本たばこ, Japan Tobacco, 日本たばこ産業,\nブランド名: メビウス, セブンスター, ピアニッシモ, キャメル, ウィンストン"", ""会社名: JT, 日本たばこ, 日本たばこ産業,\nブランド名: メビウス, セブンスター, ピアニッシモ, キャメル, ウィンストン""]"
29150,２９１５０,ケンコーマヨネーズ,食品,ケンコー|ケンコーマヨ|KM|Kenko Mayonnaise|ケンコー株,キューピー|サラダクラブ|デリシャス|マヨネーズ|Kenko Salad Dressing,"[""会社名: ケンコー, ケンコーマヨ, Kenko Mayonnaise, KM,\nブランド名: キューピー, Kenko Salad Dressing, Kenko Mayonnaise, Kenko Sauce, Kenko Dressing"", ""会社名: ケンコー, ケンコーマヨ, ケンコー株,\nブランド名: キューピー, サラダクラブ, デリシャス, マヨネーズ, サラダマヨネーズ"", ""会社名: ケンコー, ケンコーマヨ, ケンマヨ, KM, ケンコー食品,\nブランド名: キューピー, サラダクラブ, デリシャス, マヨネーズ, ドレッシング""]"
29180,２９１８０,わらべや日洋ホールディングス,食品,わらべや日洋|わらべや|日洋|Warabeya Nichiyo Holdings|Warabeya Nichiyo,わらべや弁当|日洋フーズ|わらべやデリカ|わらべやキッチン|わらべやカフェ,"[""会社名: わらべや日洋, わらべや, 日洋, Warabeya Nichiyo Holdings, Warabeya Nichiyo\nブランド名: わらべや弁当, 日洋フーズ, わらべやデリカ, わらべやキッチン, わらべやカフェ"", ""申し訳ありませんが、「わらべや日洋ホールディングス」についての具体的な略称やブランド名のリストは提供できません。ただし、一般的に企業の略称やブランド名は公式ウェブサイトや投資家向け資料で確認できることが多いです。"", ""会社名: わらべや, 日洋, WHD, わらべや日洋, 日洋ホールディングス,\nブランド名: わらべや弁当, 日洋フーズ, わらべやデリカ, わらべやキッチン, わらべやスイーツ""]"
29220,２９２２０,なとり,食品,Natori|なとり株式会社|Natori Co.|Ltd.,いか天|チーズ鱈|さきいか|おつまみ昆布|一度食べたらやめられない,"[""会社名: なとり,\nブランド名: 一度食べたらやめられない, いか天, チーズ鱈, おつまみ昆布, さきいか"", ""会社名: なとり, Natori, なとり株式会社, Natori Co., Ltd., Natori Corp.\n\nブランド名: 一杯の珍極, おつまみ倶楽部, チーズ鱈, いか天, さきいか"", ""会社名: なとり,  \nブランド名: チーズ鱈, おつまみ昆布, いか天, さきいか, ピリ辛さきいか""]"
29290,２９２９０,ファーマフーズ,食品,Pharma Foods|ファーマ|PHARMA FOODS,ニューモ|GABA|Egg Yolk Lecithin|プロテイン|サプリメント,"[""会社名: ファーマフーズ, Pharma Foods,\nブランド名: ニューモ, GABA, Egg Yolk Lecithin, プロテイン, サプリメント"", ""会社名: ファーマフーズ, ファーマ, PHARMA FOODS,\nブランド名: 卵殻膜, ニューモ, グッドナイト27000, サプリメントシリーズ, 卵殻膜サプリメント"", ""会社名: ファーマフーズ,  \nブランド名: ニューモ, グローセンス, ルテオリン, 卵黄コラーゲン, 卵黄ペプチド""]"
29300,２９３００,北の達人コーポレーション,素材・化学,北の達人|Kitano Tatsujin|北達|北の達人コーポ|Kitano Tatsujin Corporation,カイテキオリゴ|イージーファイバー|クリアネオ|ズキラック|メタバリア,"[""会社名: 北の達人, Kitano Tatsujin, 北の達人コーポ, Kitano Tatsujin Corporation, Kitanotatsujin\nブランド名: カイテキオリゴ, ズキラック, イージーファイバー, メタバリア, クリアネオ"", ""会社名: 北の達人, 北達, Kitano Tatsujin, Kitanotatsujin Corporation, Kitanotatsujin Corp,\nブランド名: カイテキオリゴ, ゼロキャロ, イージーファイバー, メタバリア, クリアネオ"", ""会社名: 北の達人, 北達,  \nブランド名: カイテキオリゴ, ズキラック, イージーファイバー, クリアネオ, みんなの肌潤糖""]"
29310,２９３１０,ユーグレナ,食品,Euglena|ミドリムシ,バイオジェット燃料|ユーグレナファーム|グリーンパワー|ミドリムシ|oneユーグレナ,"[""会社名: ユーグレナ, Euglena,\nブランド名: ユーグレナファーム, グリーンパワー, ミドリムシ, バイオジェット燃料, oneユーグレナ"", ""会社名: ユーグレナ, Euglena,\nブランド名: ユーグレナ・ファーム, グラングレンズ, one, サステオ, バイオジェット燃料"", ""会社名: ユーグレナ, ミドリムシ,\nブランド名: ユーグレナファーム, ミドリムシサプリ, グリーンパワー, バイオジェット燃料, ミドリムシクッキー""]"
29330,２９３３０,紀文食品,食品,紀文|Kibun|Kibun Foods,紀文の豆乳|紀文のかまぼこ|紀文のはんぺん|紀文のちくわ|紀文のつみれ,"[""会社名: 紀文, Kibun, Kibun Foods,\nブランド名: 紀文の豆乳, 紀文のかまぼこ, 紀文のはんぺん, 紀文のちくわ, 紀文のつみれ"", ""会社名: 紀文, Kibun, 紀文食品, Kibun Foods, 紀文フーズ  \nブランド名: 紀文豆腐, 紀文はんぺん, 紀文かまぼこ, 紀文ちくわ, 紀文おでん"", ""会社名: 紀文, 紀文食品,  \nブランド名: 紀文, 紀文の豆乳, 紀文のかまぼこ, 紀文のはんぺん, 紀文のちくわ""]"
29350,２９３５０,ピックルスホールディングス,食品,ピックルス|Pickles|Pickles Holdings,ご飯がススム|きゅうりのキューちゃん|こくうま|つけもの百選|つけもの小町,"[""会社名: ピックルス, ピックルスHD, Pickles Holdings, Pickles,\nブランド名: ご飯がススム, きゅうりのキューちゃん, こくうま, つけもの百選, つけもの小町"", ""会社名: ピックルス, ピックルスHD, ピックルスホールディングス, Pickles,\nブランド名: ご飯がススム, こくうま, ピックルスキムチ, きゅうりのキューちゃん, 旨辛キムチ"", ""会社名: ピックルス, ピックルスHD, ピックルスホールディングス,\nブランド名: ご飯がススム, きゅうりのキューちゃん, つけもの百選, ふる里漬, こくうまキムチ""]"
29750,２９７５０,スター・マイカ・ホールディングス,不動産,スターマイカHD|Star Mica Holdings|SMH|スター・マイカ・,スターマイカ賃貸|スターマイカリノベーション|スターマイカ投資|スターマイカ販売|スターマイカ管理,"[""会社名: スター・マイカ, スターマイカHD, Star Mica Holdings, SMH, スターマイカホールディングス\nブランド名: スター・マイカ・レジデンス, スター・マイカ・アセット, スター・マイカ・リノベーション, スター・マイカ・インベストメント, スター・マイカ・プロパティ"", ""会社名: スターマイカ, スタマイ, SMH, Star Mica Holdings, スター・マイカHD  \nブランド名: スターマイカ賃貸, スターマイカリノベーション, スターマイカ投資, スターマイカ販売, スターマイカ管理"", ""会社名: スターマイカ, スターマイカHD, SMHD, スターマイカホールディングス, スターマイカグループ,\nブランド名: スターマイカ賃貸, スターマイカ販売, スターマイカリノベーション, スターマイカ投資, スターマイカ管理,""]"
29800,２９８００,ＳＲＥホールディングス,不動産,SREHD|SRE Holdings|ＳＲＥ,SRE不動産|AI査定|SRE AI|SREソリューションズ,"[""会社名: SREHD, SRE Holdings, SREホールディングス,\nブランド名: AI査定, SRE AI, SRE不動産, SREテクノロジー, SREソリューションズ"", ""会社名: SREHD, SRE Holdings, SREホールディングス, SRE,\nブランド名: AI不動産査定, SRE AI, SRE不動産, SREテクノロジー, SREソリューションズ"", ""会社名: SREHD, SREホールディングス, SRE,\nブランド名: AI査定, SRE不動産, SREテクノロジー, SREソリューション, SREアナリティクス""]"
30010,３００１０,片倉工業,素材・化学,片倉|Katakura|Katakura Industries|片倉工|Katakura Corp,Katakura Silk|Katakura Textile|シルク|Katakura Silk Thread|Katakura Medical Products,"[""会社名: 片倉, Katakura, Katakura Industries,\nブランド名: シルク, Katakura Silk, Katakura Silk Thread, Katakura Textile, Katakura Medical Products"", ""会社名: 片倉, Katakura, 片倉工, Katakura Industries, Katakura Corp,\nブランド名: シルクフィル, シルクスキン, Katakura Silk, Katakura Textile, Katakura Medical"", ""会社名: 片倉, 片倉工, Katakura,\nブランド名: シルク, Katakura Silk, Katakura Industries, Katakura Textile, Katakura Bio""]"
30020,３００２０,グンゼ,素材・化学,GUNZE|グンゼ株式会社|GUNZE Ltd.,BODY WILD|Tuche|SABRINA|YG|KIREILABO,"[""会社名: グンゼ, GUNZE,\nブランド名: BODY WILD, Tuche, SABRINA, YG, KIREILABO"", ""会社名: グンゼ, GUNZE,\nブランド名: BODY WILD, Tuche, SABRINA, KIREILABO, YG"", ""会社名: グンゼ, GUNZE, グンゼ株式会社, GUNZE Ltd.,\nブランド名: BODY WILD, Tuche, SABRINA, KIREILABO, YG""]"
30030,３００３０,ヒューリック,不動産,Hulic|HLC|ヒューリック株式会社|Hulic Co.,Hulic Square|Hulic Residence|Hulic Office|Hulic Hotel,"[""会社名: ヒューリック, Hulic,\nブランド名: ありません"", ""会社名: ヒューリック, Hulic, HLC, ヒューリック株式会社, Hulic Co., Ltd.,\nブランド名: Hulic Square, Hulic Residence, Hulic Office, Hulic Hotel, Hulic Reit"", ""会社名: ヒューリック, HULIC,\nブランド名: 具体的なブランド名や製品名は一般的に報道されていない可能性があります。""]"
30230,３０２３０,ラサ商事,商社・卸売,ラサ|ラサ商|ラサ社,該当なし,"[""会社名: ラサ, ラサ商事,\nブランド名: 申し訳ありませんが、ラサ商事の代表的なブランド名や製品名に関する具体的な情報はありません。"", ""申し訳ありませんが、「ラサ商事」についての具体的な略称やブランド名の情報は持ち合わせていません。一般的には、企業の略称やブランド名は公式ウェブサイトやプレスリリース、またはSNSでの使用例を確認することで把握できます。具体的な情報を得るためには、これらの情報源を直接確認することをお勧めします。"", ""会社名: ラサ, ラサ商, ラサ商事, ラサコーポレーション, ラサ社,\nブランド名: 該当なし""]"
30280,３０２８０,アルペン,小売,Alpen|ALPEN,アルペンアウトドアーズ|スポーツデポ|ゴルフ5|アルペンマウンテンズ|アルペンクルーズ,"[""会社名: アルペン, Alpen,\nブランド名: アルペンアウトドアーズ, スポーツデポ, ゴルフ5, アルペンマウンテンズ, アルペンクルーズ"", ""会社名: アルペン, ALPEN,\nブランド名: アルペンアウトドアーズ, スポーツデポ, ゴルフ5, アルペンマウンテンズ, アルペンフィットネス"", ""会社名: アルペン,  \nブランド名: アルペンアウトドアーズ, アルペンマウンテンズ, スポーツデポ, ゴルフ5, アルペンクイックフィットネス""]"
30310,３０３１０,ラクーンホールディングス,情報通信・サービスその他,ラクーン|Raccoon Holdings|Raccoon,スーパーデリバリー|Paid|SD export|カンガルー便|コレカット,"[""会社名: ラクーン, Raccoon Holdings, Raccoon\nブランド名: スーパーデリバリー, SD export, Paid, カンガルー便, コレカット"", ""会社名: ラクーン, ラクーンHD, Raccoon Holdings, Raccoon, ラクーンホールディングス  \nブランド名: スーパーデリバリー, Paid, カウリス"", ""会社名: ラクーン,  \nブランド名: スーパーデリバリー, コレカ, トラスト, Paid, カウリル""]"
30340,３０３４０,クオールホールディングス,小売,クオール|Qol Holdings|Qol|QOLホールディングス,クオール薬局|クオールケア|クオールメディカル|クオールファーマシー|Qol Pharmacy,"[""会社名: クオール, クオールHD, Qol Holdings, Qol,\nブランド名: Qol Pharmacy, クオール薬局, Qol Healthcare, クオールケア, Qol Medical"", ""会社名: クオール, クオールHD, QOLホールディングス, QOLHD, クオールグループ\n\nブランド名: クオール薬局, クオールアカデミー, クオールメディカル, クオールファーマシー, クオールヘルスケア"", ""会社名: クオール, クオールHD, クオールホールディングス,\nブランド名: クオール薬局, クオールアシスト, クオールメディカル, クオールファーマシー, クオールケア""]"
30360,３０３６０,アルコニックス,商社・卸売,ALCO|Alconix|アルコニ|アルコ,,"[""会社名: アルコニックス, Alconix,\nブランド名: 申し訳ありませんが、アルコニックスの代表的なブランド名や製品名に関する具体的な情報は提供できません。"", ""会社名: アルコニ, ALCO, アルコニックス,\nブランド名: 申し訳ありませんが、アルコニックスの代表的なブランド名や製品名に関する具体的な情報は見つかりませんでした。"", ""会社名: アルコニックス, ALCO, アルコ,  \nブランド名: 申し訳ありませんが、アルコニックスの具体的なブランド名や製品名についての情報は持っていません。""]"
30380,３０３８０,神戸物産,商社・卸売,Kobe Bussan|KB|神戸|物産,業務スーパー|業スー|業務用食品|業ス|業スーパープライベートブランド,"[""会社名: 神戸物産, Kobe Bussan, KB\nブランド名: 業務スーパー"", ""会社名: 神戸物産, 神戸, 物産, Kobe Bussan, Kobe,\nブランド名: 業務スーパー, 業スー, 業務用食品, 業ス, 業スーパープライベートブランド"", ""会社名: 神戸物産, 業務スーパー, 3038,\nブランド名: 業務スーパー, 業スー, 業務用食品, 業務スーパーオリジナル, 業務スーパーセレクト""]"
30400,３０４００,ソリトンシステムズ,情報通信・サービスその他,ソリトン|Soliton|Soliton Systems|ソリトンシス,InfoTrace|NetAttest|Smart-telecaster|SecureDesktop,"[""申し訳ありませんが、「ソリトンシステムズ」（証券コード: 30400）に関する具体的な略称やブランド名のリストを提供することはできません。ただし、一般的な情報として、企業の略称やブランド名は通常、企業の公式ウェブサイトやプレスリリース、または金融ニュースで確認することができます。ソリトンシステムズの公式情報を参照することをお勧めします。"", ""会社名: ソリトン, Soliton, ソリトンシステムズ, Soliton Systems  \nブランド名: InfoTrace, NetAttest, Smart-telecaster, FileZen, SecureDesktop"", ""会社名: ソリトン, ソリトンシス, Soliton, Soliton Systems, 30400  \nブランド名: InfoTrace, NetAttest, Smart-telecaster, SecureDesktop, MailZen""]"
30460,３０４６０,ジンズホールディングス,小売,JINS|ジンズ|JINS Holdings,JINS|JINS SCREEN|JINS MEME|JINS PAINT|JINS Switch,"[""会社名: JINS,\nブランド名: JINS, JINS SCREEN, JINS MEME, JINS Switch, JINS PAINT"", ""会社名: ジンズ, JINS, JINSホールディングス, JINS Holdings, ジンズHD  \nブランド名: JINS, JINS SCREEN, JINS MEME, JINS Switch, JINS PAINT"", ""会社名: ジンズ, JINS, JINSホールディングス, JINS HD, ジンズHD  \nブランド名: JINS, JINS SCREEN, JINS MEME, JINS PAINT, JINS SWITCH""]"
30480,３０４８０,ビックカメラ,小売,ビック|ビックカメラグループ|BicCamera,ビックカメラ|ビックアウトレット|ビックトイズ|ソフマップ|コジマ,"[""会社名: ビックカメラ, BicCamera, ビック, ビックグループ, ビックカメラグループ  \nブランド名: ビックカメラ, ソフマップ, コジマ, ビックアウトレット, ビックトイズ"", ""会社名: ビック, ビックカメラ, BIC, ビックカメラグループ, ビックカメラ株式会社\n\nブランド名: ビックカメラ, ソフマップ, コジマ, ビックアウトレット, ビックトイズ"", ""会社名: ビック, ビックカメラ, BC,\nブランド名: ビックカメラ, ビックポイント, ビック買取, ビックアウトレット, ビックトイズ""]"
30500,３０５００,ＤＣＭホールディングス,小売,DCM|DCM Japan Holdings|DCM Holdings|ＤＣＭ,DCMカーマ|DCMダイキ|DCMホーマック|ケーヨーデイツー|DCMサンワ,"[""会社名: DCM, DCMホールディングス, DCMグループ, DCM Japan Holdings, DCM Holdings\nブランド名: DCMカーマ, DCMダイキ, DCMホーマック, DCMサンワ, DCMくろがねや"", ""会社名: DCM, DCMホールディングス, DCMグループ  \nブランド名: DCMカーマ, DCMダイキ, DCMホーマック, ケーヨーデイツー, ホダカ"", ""会社名: DCM, DCMホールディングス,\nブランド名: カーマ, ホーマック, ダイキ, ケーヨーデイツー, サンワ""]"
30530,３０５３０,ペッパーフードサービス,小売,ペッパーフード|ペッパーFS|PFS|ペッパー,ペッパーランチ|ペッパーランチダイナー|いきなりステーキ|いきなり！ステーキ|ペッパーキッチン,"[""会社名: ペッパーフード, ペッパーFS, PFS,\nブランド名: いきなり！ステーキ, ペッパーランチ, ペッパーランチダイナー, ペッパーキッチン, 牛たん焼き仙台辺見"", ""会社名: ペッパー, ペッパーフード, PFS, ペッパーFS, ペッパーサービス  \nブランド名: いきなりステーキ, ペッパーランチ"", ""会社名: ペッパーフード, ペッパーFS, PFS,\nブランド名: いきなりステーキ, ペッパーランチ, ワイルドステーキ, ステーキくに, ペッパーランチダイナー""]"
30640,３０６４０,ＭｏｎｏｔａＲＯ,小売,MonotaRO|モノタロウ|Ltd.|Monotaro Co.|MonotaRO Company,MonotaROブランド|MonotaRO Select|自社ブランド|プライベートブランド|MonotaRO Tools,"[""会社名: MonotaRO, モノタロウ, Monotaro Co., Ltd., MonotaRO Company,\nブランド名: MonotaROブランド, 自社ブランド, プライベートブランド, MonotaRO Select, MonotaRO Tools"", ""会社名: モノタロウ, MonotaRO, モノタ,\nブランド名: MonotaRO Select, TRUSCO, エスコ, スナップオン, KTC"", ""会社名: MonotaRO, モノタロウ, MonotaRO Co., Ltd.,   \nブランド名: モノタロウブランド, MonotaROブランド, ぱぱっとモノタロウ, らくらくモノタロウ, かんたんモノタロウ""]"
30760,３０７６０,あい　ホールディングス,商社・卸売,AI Holdings|AIHD|アイホールディングス|あいHD,DocuCentre|DocuWide|DocuPrint|DocuScan,"[""申し訳ありませんが、特定の企業に関する詳細な情報を提供することはできません。ただし、一般的な情報として、企業の略称やブランド名は通常、企業の公式ウェブサイトやプレスリリースで確認できます。また、金融ニュースサイトや証券取引所の情報も参考になるかもしれません。"", ""会社名: AI Holdings, AIHD, アイホールディングス, AIホールディングス, あいHD  \nブランド名: DocuCentre, DocuWide, DocuPrint, DocuScan, DocuSign"", ""会社名: あいHD, AIHD, アイホールディングス, AI Holdings, あいホ,\nブランド名: なし""]"
30860,３０８６０,Ｊ．フロント　リテイリング,小売,JFR|Jフロント|Jフロントリテイリング|J.フロント|J.フロントリテイリング,大丸|松坂屋|パルコ|GINZA SIX|大丸松坂屋百貨店,"[""会社名: JFR, J.フロント, J.フロントリテイリング, J. Front Retailing,\nブランド名: 大丸, 松坂屋, パルコ, GINZA SIX, 大丸松坂屋百貨店"", ""会社名: Jフロント, JFR, J. Front, フロントリテイリング, Jフロントリテイリング\nブランド名: 大丸, 松坂屋, パルコ, 大丸松坂屋百貨店, GINZA SIX"", ""会社名: Jフロント, Jフロントリテイリング, JFR, 大丸松坂屋HD, 大丸松坂屋,\nブランド名: 大丸, 松坂屋, パルコ, GINZA SIX, 大丸松坂屋カード,""]"
30870,３０８７０,ドトール・日レスホールディングス,小売,ドトール|日レス|ドトール日レス|ドトール・日レス,ドトールコーヒー|エクセルシオールカフェ|ドトール珈琲農園|カフェ・コロラド|ル・カフェ・ドトール,"[""会社名: ドトール, 日レス, ドトールHD, ドトール・日レス,\nブランド名: ドトールコーヒー, エクセルシオールカフェ, カフェ・コロラド, ル・カフェ・ドトール, ドトール珈琲農園"", ""会社名: ドトール, 日レス, ドトールHD, DNH, ドトール日レス\nブランド名: ドトールコーヒー, エクセルシオールカフェ, カフェ・コロラド, ル・カフェ・ドトール, ドトール珈琲農園"", ""会社名: ドトール, 日レス, ドトールHD, D&Nホールディングス, ドトール日レス,\nブランド名: ドトールコーヒー, エクセルシオールカフェ, カフェレクセル, ドトール珈琲農園, ドトールバリューカード""]"
30880,３０８８０,マツキヨココカラ＆カンパニー,小売,マツキヨ|ココカラ|マツキヨココカラ|MKC|マツキヨココカラ＆C,Matsukiyo|ココカラファイン|Matsukiyo LAB|マツモトキヨシ|Matsukiyo WELLNESS,"[""会社名: マツキヨ, ココカラ, マツキヨココカラ,\nブランド名: Matsukiyo, ココカラファイン, Matsukiyo LAB, Matsukiyo WELLNESS, Matsukiyo COCOKARA & Co."", ""会社名: マツキヨ, ココカラ, マツキヨココカラ, MKC, マツキヨココカラ＆C\nブランド名: マツモトキヨシ, ココカラファイン, Matsukiyo, ココカラ, Matsukiyo LAB"", ""会社名: マツキヨココカラ, マツキヨ, ココカラ, MKC, マツキヨココカラ＆C,\nブランド名: マツモトキヨシ, ココカラファイン, Matsukiyo, Matsukiyo LAB, ココカラケア""]"
30910,３０９１０,ブロンコビリー,小売,ブロンコ|Bronco Billy|BRONCO BILLY|ブロビ,炭焼きステーキ|サラダバー|ハンバーグ|ステーキ|デザートバー,"[""会社名: ブロンコビリー, ブロンコ, Bronco Billy,\nブランド名: 炭焼きステーキ, ハンバーグ, ステーキ, サラダバー, デザートバー"", ""会社名: ブロンコ, ブロンコビリー, BRONCO BILLY, ブロビ,\nブランド名: がんこハンバーグ, ステーキハウスブロンコビリー, 炭焼きステーキ, サラダバー, ブロンコバーガー"", ""会社名: ブロンコ, ブロンコビリー, 30910,\nブランド名: ブロンコビリー, ステーキハウス, ビリー, ぶろんこ, びりー""]"
30920,３０９２０,ＺＯＺＯ,小売,ZOZO|ZOZOTOWN|スタートトゥデイ,ZOZOSUIT|ZOZOMAT|ZOZOGLASS|ZOZOTOWN|ZOZOFIT,"[""会社名: ZOZO, ZOZOTOWN, スタートトゥデイ,\nブランド名: ZOZOSUIT, ZOZOMAT, ZOZOGLASS, つくるんです, ZOZOCOSME"", ""会社名: ZOZO, ZOZO TOWN, ZOZO株式会社, ZOZO Inc., ZOZOグループ  \nブランド名: ZOZOTOWN, ZOZOSUIT, ZOZOMAT, ZOZOCARD, ZOZOFIT"", ""会社名: ZOZO, ZOZOタウン, Zホールディングス, ZOZOグループ, ZOZO株式会社  \nブランド名: ZOZOTOWN, ZOZOSUIT, ZOZOMAT, ZOZOGLASS, ZOZOFIT""]"
30930,３０９３０,トレジャー・ファクトリー,小売,トレファク|TF|Treasure Factory|トレジャーファクトリー|トレジャー・,トレファクスタイル|トレファクマーケット|トレファクスポーツ|トレファクアウトドア|トレファクプラス,"[""会社名: トレファク, Treasure Factory, TF  \nブランド名: トレジャーファクトリー, トレファクスタイル, トレファクマーケット, トレファクスポーツ, トレファクアウトドア"", ""会社名: トレファク, Treasure Factory, TF, トレジャーファクトリー, トレジャー,\nブランド名: トレファクスタイル, トレファクスポーツ, トレファクマーケット, トレファクアウトドア, トレファクプラス"", ""会社名: トレファク, トレジャーファクトリー, TF, \nブランド名: トレファクスタイル, トレファクスポーツ, トレファクマーケット, トレファクアウトドア, トレファクプラス""]"
30970,３０９７０,物語コーポレーション,小売,物語|物語コーポ|Monogatari|Monogatari Corporation|物語Corp,焼肉きんぐ|丸源ラーメン|しゃぶしゃぶ温野菜|寿司・しゃぶしゃぶ ゆず庵|ゆず庵,"[""会社名: 物語コーポ, 物語, Monogatari Corporation, Monogatari,\nブランド名: 焼肉きんぐ, 丸源ラーメン, 寿司・しゃぶしゃぶ ゆず庵, しゃぶしゃぶ温野菜, 焼肉一番かるび"", ""会社名: 物語, 物語コーポ, 物語Corp, Monogatari,\nブランド名: 焼肉きんぐ, 丸源ラーメン, しゃぶしゃぶ温野菜, ゆず庵, 寿司・しゃぶしゃぶ ゆず庵"", ""会社名: 物語コーポレーション, 物語, 30970,\n\nブランド名: 焼肉きんぐ, 丸源ラーメン, ゆず庵, しゃぶしゃぶ温野菜, からあげの鉄人""]"
30990,３０９９０,三越伊勢丹ホールディングス,小売,三越伊勢丹|三越|伊勢丹|Isetan Mitsukoshi|Isetan Mitsukoshi Holdings,三越|伊勢丹|MIカード|エムアイカード|三越伊勢丹オンラインストア,"[""会社名: 三越伊勢丹, Isetan Mitsukoshi Holdings, 三越, 伊勢丹,\nブランド名: 三越, 伊勢丹, MIカード, エムアイカード, 三越伊勢丹オンラインストア"", ""会社名: 三越伊勢丹, Isetan Mitsukoshi, 三越, 伊勢丹, IMHD  \nブランド名: 三越, 伊勢丹, MIカード, エムアイカード, 三越伊勢丹オンラインストア"", ""会社名: 三越, 伊勢丹, 三越伊勢丹, MHD, Isetan Mitsukoshi,\nブランド名: 三越, 伊勢丹, MIカード, 三越オンラインストア, 伊勢丹オンラインストア""]"
31010,３１０１０,東洋紡,素材・化学,TOYOBO|東洋紡績|31010|トーヨーボー,Bemberg|BREATHAIR|COSMOSHINE|KURALON|ZYLON,"[""会社名: 東洋紡, TOYOBO, 東洋紡績,\nブランド名: Bemberg, BREATHAIR, COSMOSHINE, ZYLON, KURALON"", ""会社名: 東洋紡, TOYOBO, 東洋紡績, 31010, トーヨーボー,\nブランド名: Bemberg, BREATHAIR, COSMOSHINE, ZYLON, KURALON"", ""会社名: 東洋紡, TOYOBO, 東洋紡績, 3101, 東紡,\nブランド名: Bemberg, COSMOSHINE, BREATHAIR, KURALON, EXCEVAL,""]"
31030,３１０３０,ユニチカ,素材・化学,UNITIKA|ユニチカ株式会社,テトロン|バイオミメティクス|テクノーラ|エコマジック|ナイロン66,"[""会社名: ユニチカ, UNITIKA,\nブランド名: テトロン, テクノーラ, バイオミメティクス, エコマジック, ナイロン66"", ""会社名: ユニチカ, ユニチカ株式会社, ユニチカグループ, UNITIKA, ユニチカホールディングス  \nブランド名: テトロン, サンバリア, バイオミメティクス, エコメイト, ナノテクノロジー"", ""会社名: ユニチカ, UNICHIKA, 31030,\nブランド名: テトロン, エステル, ナイロン, バイオマスプラスチック, エコマーク""]"
31040,３１０４０,富士紡ホールディングス,素材・化学,富士紡|Fujibo Holdings|Fujibo,フジボウ|アルファゲル|フジボウテックス|フジボウケミカル|フジボウファイバー,"[""会社名: 富士紡, 富士紡HD, Fujibo Holdings, Fujibo, 富士紡ホールディングス,\nブランド名: アルファゲル, フジボウ, フジボウテックス, フジボウケミカル, フジボウファイバー,"", ""会社名: 富士紡, 富士紡HD, Fuji Spinning, Fuji Bo, FJBO,\nブランド名: アクリア, フジボウ, フジボウテックス, フジボウテクノ, フジボウファイバー"", ""会社名: 富士紡, 富士紡HD, 富士紡ホールディングス, 富士紡グループ, 富士紡3104,\nブランド名: アルファゲル, フジボウ, フジボウテキスタイル, フジボウケミカル, フジボウライフスタイル""]"
31050,３１０５０,日清紡ホールディングス,電機・精密,日清紡|Nisshinbo|Nisshinbo Holdings|31050,エコカー|エコテックス|エコノミック|エコライフ|エコフレンドリー,"[""会社名: 日清紡, Nisshinbo,\nブランド名: エコカー, エコテックス, エコノミック, エコライフ, エコフレンドリー"", ""会社名: 日清紡, Nisshinbo, 日清紡HD, Nisshinbo Holdings, 31050,\nブランド名: エコノミークラスター, エコノミークラスターECO, エコノミークラスターECO2, エコノミークラスターECO3, エコノミークラスターECO4"", ""会社名: 日清紡, 日清紡HD, Nisshinbo, Nisshinbo Holdings, Nisshinbo Group,\nブランド名: エコノミッククラスター, エコノミッククラスターシリーズ, プレミアムクラスター, プレミアムクラスターシリーズ, Nisshinbo Brake""]"
31060,３１０６０,倉敷紡績,素材・化学,クラボウ|Kurabo|Kurabo Industries|倉紡,クラボウテキスタイル|クラボウバイオ|クラボウエレクトロニクス|クラボウケミカル|クラボウマテリアル,"[""会社名: クラボウ, Kurabo Industries, Kurabo,\nブランド名: クラボウテキスタイル, クラボウバイオ, クラボウエレクトロニクス, クラボウケミカル, クラボウマテリアル"", ""会社名: クラボウ, Kurabo,\nブランド名: クラボウテキスタイル, クラボウバイオ, クラボウエレクトロニクス, クラボウマテリアル, クラボウケミカル"", ""会社名: クラボウ, 倉紡,\nブランド名: クラボウガード, クラボウフィルター, クラボウテキスタイル, クラボウマスク, クラボウメディカル""]"
31070,３１０７０,ダイワボウホールディングス,商社・卸売,ダイワボウ|大和紡|Daiwabo Holdings|Daiwabo,ダイワボウ情報システム|ダイワボウポリテック|ダイワボウエンジニアリング|ダイワボウテキスタイル|ダイワボウケミカル,"[""会社名: ダイワボウ, ダイワボウHD, Daiwabo Holdings, Daiwabo, 大和紡\nブランド名: ダイワボウ情報システム, ダイワボウポリテック, ダイワボウエンジニアリング, ダイワボウテキスタイル, ダイワボウケミカル"", ""会社名: ダイワボウ, ダイワボウHD, ダイワボウホールディングス, DAIWABO,\nブランド名: なし"", ""会社名: ダイワボウ, ダイワボウHD, 大和紡,\nブランド名: エレコム, ロジテック, ナナオ, ダイワボウ情報システム, ダイワボウノイ株式会社""]"
31090,３１０９０,シキボウ,素材・化学,Shikibo,エアロカプセル|アルファゲル|クールマックス|フレッシュマスター|シキボウフィルター,"[""会社名: シキボウ, Shikibo,\nブランド名: エアロカプセル, アルファゲル, クールマックス, フレッシュマスター, シキボウフィルター"", ""会社名: シキボウ, Shikibo,\nブランド名: フレスコ, エアロカプセル, エアロカプセルプラス, エアロカプセルマスク, フレスコマスク"", ""会社名: シキボウ,  \nブランド名: エアコンフィルター, マスク, 抗菌製品, 繊維製品, 防災用品""]"
31100,３１１００,日東紡績,建設・資材,日東紡|Nittobo|Nitto Boseki|Nittobo Group|Nittobo Holdings,セルロースナノファイバー|NITTOBO|NITTOBO GLASS FIBER|NITTOBO MEDICAL|NITTOBO TEXTILE,"[""会社名: 日東紡, Nitto Boseki, Nittobo, Nittobo Group, Nittobo Holdings  \nブランド名: セルロースナノファイバー, NITTOBO, NITTOBO GLASS FIBER, NITTOBO MEDICAL, NITTOBO TEXTILE"", ""会社名: 日東紡, Nitto Boseki, Nittobo, 日東紡績,\nブランド名: オアシス, セルフレーム, エアロクリーン, エアロクリーンフィルター, エアロクリーンマスク"", ""会社名: 日東紡, 日東紡績, Nittobo, Nittobo Holdings, Nittobo Group  \nブランド名: パラボード, ニットボード, ニットボー, ニットパネル, ニットフォーム""]"
31160,３１１６０,トヨタ紡織,自動車・輸送機,TB|Toyota Boshoku|トヨボウ|トヨタボウショク,ヴェルサ|クラウンシート|レクサスインテリア|プリウスシート|カムリシート,"[""会社名: トヨタ紡織, Toyota Boshoku, TB,\nブランド名: ヴェルサ, クラウンシート, レクサスインテリア, プリウスシート, カムリシート"", ""会社名: トヨタ紡織, TB, Toyota Boshoku, トヨボウ,\nブランド名: Boshoku, TBシート, TBインテリア, TBフィルター, TBコンポーネント"", ""会社名: トヨタ紡織, TB, トヨタボウショク,  \nブランド名: レクサスシート, プレミアムシート, エアバッグ, インテリアシステム, シートシステム""]"
31320,３１３２０,マクニカホールディングス,商社・卸売,マクニカ|Macnica|Macnica Holdings,Mpression|Macnica Networks|Macnica Solutions|Macnica Mobility|Macnica AI,"[""会社名: マクニカ, マクニカHD, Macnica Holdings, Macnica,\nブランド名: Mpression, Macnica Networks, Macnica Solutions, Macnica Mobility, Macnica AI"", ""会社名: マクニカ, マクニカHD, マクニカホールディングス, Macnica,\nブランド名: PADS, OrCAD, Allegro, Zuken, Mentor Graphics"", ""会社名: マクニカ, マクニカHD, マクニカホールディングス,\nブランド名: 具体的なブランド名や製品名は公開されていない場合があります。""]"
31340,３１３４０,Ｈａｍｅｅ,小売,Hamee|Hamee Corp|ハミィ|Hamee Co.,iFace|Hameeストア|Hamee Smart|Hamee Design|Hamee Lab,"[""会社名: Hamee, Hamee Corp,\nブランド名: iFace, Hameeストア, Hamee Smart, Hamee Design, Hamee Lab"", ""会社名: Hamee, ハミィ, Hamee Corp, Hamee株式会社, Hamee Co., Ltd.,\nブランド名: iFace, Hameeストア, Hamee Smart, Hamee Design, Hamee Lab"", ""会社名: Hamee, ハミィ, Hamee Corp, Hamee株式会社, Hamee Inc,\nブランド名: iFace, Hameeストア, Hamee Smart, Hamee Design, Hamee Lab""]"
31390,３１３９０,ラクト・ジャパン,商社・卸売,ラクト|Lact|Lact Japan|LJ,該当なし,"[""会社名: ラクト, ラクト・ジャパン, Lact, Lact Japan, LJ  \nブランド名: 該当なし"", ""申し訳ありませんが、「ラクト・ジャパン」（証券コード: 31390）についての具体的な略称やブランド名の情報は持ち合わせていません。一般的に、企業の略称やブランド名は公式の情報源やSNSでの使用状況に基づいていますので、最新の情報を確認するには公式ウェブサイトやSNSでの言及を調べることをお勧めします。"", ""会社名: ラクト, ラクトJ, Lacto Japan, Lacto, 31390,\nブランド名: 該当なし,""]"
31410,３１４１０,ウエルシアホールディングス,小売,ウエルシア|Welcia Holdings|Welcia,ウエルシア薬局|ハックドラッグ|ダックス|ハッピードラッグ|B.B.ON,"[""会社名: ウエルシア, ウエルシアHD, ウエルシアホールディングス, Welcia Holdings, Welcia\nブランド名: ウエルシア薬局, ハックドラッグ, ダックス, ハッピー・ドラッグ, シミズ薬品"", ""会社名: ウエルシア, ウエルシアHD, ウエルシアホールディングス, ウエルシアグループ, WELCIA\nブランド名: ウエルシア薬局, ハックドラッグ, ダックス, ハッピードラッグ, B.B.ON"", ""会社名: ウエルシア, ウエルシアHD, WHD, ウエルシアホールディングス,\nブランド名: ウエルシア薬局, ハックドラッグ, ダックス, ハッピードラッグ, B.B.ON""]"
31480,３１４８０,クリエイトＳＤホールディングス,小売,クリエイトSD|CSD|クリエイトホールディングス|クリエイトＳＤ,クリエイト薬局|クリエイトドラッグ|クリエイトエス・ディー|クリエイトストア|Create SD,"[""会社名: クリエイトSD, クリエイトSDHD, CSD, Create SD Holdings, CSD Holdings  \nブランド名: クリエイトエス・ディー, Create SD, クリエイト薬局, Create Pharmacy, クリエイトドラッグ"", ""会社名: クリエイトSD, CSD, クリエイトホールディングス, クリエイト,\nブランド名: クリエイト薬局, クリエイトストア, クリエイトドラッグ, クリエイトファーマシー, クリエイトウェルネス"", ""会社名: クリエイトSD, クリエイトホールディングス, CSD, クリエイト,\nブランド名: クリエイトエス・ディー, クリエイト薬局, クリエイトストア, クリエイトドラッグ, クリエイトショップ""]"
31500,３１５００,グリムス,電気・ガス,グリムス株式会社|GRIMES,エコキュート|エコウィル|ソーラーフロンティア|グリムスエコ,"[""申し訳ありませんが、「グリムス」（証券コード: 31500）に関する具体的な略称やブランド名の情報は持ち合わせていません。一般的には、企業の略称やブランド名は公式ウェブサイトやプレスリリース、または業界のニュースなどで確認することができます。"", ""会社名: グリムス, グリムス株式会社, GRIMES, グリムスHD, グリムスホールディングス  \nブランド名: エコキュート, エコウィル, ソーラーフロンティア, グリムスエコ, グリムスソーラー"", ""会社名: グリムス, GRIMES, グリムス株式会社,\nブランド名: エコキュート, ソーラーフロンティア, エコウィル, スマートエコ, グリーンエネルギー""]"
31510,３１５１０,バイタルケーエスケー・ホールディングス,商社・卸売,バイタル|VKS|Vital KSK|バイタルケーエスケー|ケーエスケー,Vital Care|ケーエスケー薬品|Vital Pharma|バイタルネット|ケーエスケー製薬,"[""会社名: バイタル, VKS, Vital KSK, バイタルケーエスケー,\nブランド名: Vital Care, ケーエスケー薬品, Vital Pharma, バイタルネット, ケーエスケー製薬"", ""申し訳ありませんが、「バイタルケーエスケー・ホールディングス」（証券コード: 31510）についての具体的な略称やブランド名の情報は私のデータベースには含まれていません。一般的には、企業の略称やブランド名は公式ウェブサイトやプレスリリース、または業界内での通称として知られていることが多いです。公式な情報源を確認することをお勧めします。"", ""会社名: バイタル, ケーエスケー, VKS, バイタルKSK, ホールディングス,\nブランド名: なし,""]"
31530,３１５３０,八洲電機,商社・卸売,Yashima Electric|Yashima|八洲|31530,情報が不足しているため、代表的なブランド名や製品名を特定できません。,"[""会社名: 八洲電機, Yashima Electric, Yashima,\nブランド名: 情報が不足しているため、代表的なブランド名や製品名を特定できません。"", ""申し訳ありませんが、「八洲電機」（証券コード: 31530）に関する具体的な略称やブランド名の情報は持ち合わせていません。一般的には、企業の略称やニックネームはSNSやトレーダーの間で独自に作られることが多く、公式な情報としては公開されていないことが多いです。また、ブランド名や製品名についても、企業の公式発表や製品ラインナップに依存します。\n\nもし具体的な情報が必要であれば、公式な企業のウェブサイトやプレスリリース、または金融情報サイトなどを参照することをお勧めします。"", ""会社名: 八洲電機, 八洲, Yashima, Yashima Electric, 31530,\nブランド名: 情報がありません。""]"
31540,３１５４０,メディアスホールディングス,商社・卸売,メディアス|MEDIAS,,"[""申し訳ありませんが、「メディアスホールディングス」についての具体的な略称やブランド名に関する情報は私のデータベースには含まれていません。一般的には、企業の略称やブランド名は企業の公式ウェブサイトや金融ニュース、業界の報道などで確認することができます。具体的な情報を得るためには、これらの情報源を参照することをお勧めします。"", ""会社名: メディアス, メディアスHD, メディアスホールディングス, MEDIAS\nブランド名: 申し訳ありませんが、メディアスホールディングスの代表的なブランド名や製品名についての具体的な情報は持っていません。"", ""会社名: メディアス, メディアスHD, メディアスホールディングス,\nブランド名: 特定のブランド名や製品名は確認できません。""]"
31560,３１５６０,レスター,商社・卸売,レスターHD,該当なし,"[""会社名: レスターHD, レスターグループ, レスター株式会社, レスターコーポレーション, レスター・ホールディングス,\nブランド名: 申し訳ありませんが、レスター（証券コード: 31560）に関連する具体的なブランド名や製品名の情報は提供できません。"", ""会社名: レスターHD, レスター, レスターグループ, レスターコーポレーション, レスター株式会社  \nブランド名: 該当なし"", ""会社名: レスターHD, レスターホールディングス, レスター,\nブランド名: 申し訳ありませんが、具体的なブランド名や製品名の情報は提供できません。""]"
31670,３１６７０,ＴＯＫＡＩホールディングス,商社・卸売,TOKAI|TOKAI Holdings|ＴＯＫＡＩ,TNC|@T COM|ひまわりネットワーク|TOKAI GAS|TOKAIでんき,"[""会社名: TOKAI, TOKAI HD, TOKAI Holdings, TOKAIグループ, TOKAIホールディングス\nブランド名: TNC, @T COM, ひまわりネットワーク, TOKAI GAS, TOKAIでんき"", ""申し訳ありませんが、「ＴＯＫＡＩホールディングス」（証券コード: 31670）についての具体的な略称やブランド名のリストを提供することはできません。ただし、一般的に企業の略称やブランド名は公式ウェブサイトや投資家向け資料で確認できることが多いです。具体的な情報をお求めの場合は、公式な情報源を参照することをお勧めします。"", ""会社名: ＴＯＫＡＩ, ＴＯＫＡＩ HD, \nブランド名: おいしい水の宅配便, TNC, TLC, ひかりＴＶ, ひかり電話""]"
31760,３１７６０,三洋貿易,商社・卸売,Sanyo Trading|31760|三洋|Sanyo,該当なし|情報が不足しているため、代表的なブランド名や製品名は特定できません。,"[""会社名: 三洋貿易, Sanyo Trading, Sanyo Boeki, Sanyo Corp, Sanyo Trading Co., Ltd.,\nブランド名: 該当なし"", ""会社名: 三洋貿易, Sanyo Trading, 31760, 三洋, Sanyo,\nブランド名: 情報が不足しているため、代表的なブランド名や製品名は特定できません。"", ""会社名: 三洋貿易, Sanyo Trading, 31760, 三洋, Sanyo,\n\nブランド名: 特定のブランド名や製品名は一般的に公開されていない可能性があります。""]"
31790,３１７９０,シュッピン,小売,Shuppin|出品,Map Camera|KASYAPA|KOMEHYO|GMT|CROWN JEWELRY,"[""会社名: シュッピン, Shuppin,\nブランド名: Map Camera, KOMEHYO, GMT, CROWN JEWELRY, KING RAMEN"", ""会社名: シュッピン, 出品, 出品株式会社, Shuppin,\nブランド名: Map Camera, KASYAPA, STUDIO9, CROWN GEARS, MAP SPORTS"", ""会社名: シュッピン,  \nブランド名: Map Camera, KASYAPA, STYLUS, CROWN GEAR, ReDigi""]"
31800,３１８００,ビューティガレージ,商社・卸売,BG|Beauty Garage|ビューガレ|ビュガレ,SALONIA|SPICARE|NAIL DEPART|ESTHE DEPART|HAIR DEPART,"[""会社名: ビューティガレージ, BG, Beauty Garage,\nブランド名: SPICARE, NAIL DEPART, SALONIA, ESTHE DEPART, HAIR DEPART"", ""会社名: ビューティガレージ, BG, ビューガレ,\nブランド名: TABOU, Airy, CRES, BEAUTECH, SALONIA"", ""会社名: ビューティガレージ, BG, ビュガレ, ビューティG, BGJ,\nブランド名: スタイリングプロ, サロンデポ, ビューティプロ, BGプロ, サロンギア,""]"
31820,３１８２０,オイシックス・ラ・大地,小売,オイシックス|Oisix|大地を守る会|ラ・大地,大地を守る会|らでぃっしゅぼーや|Kit Oisix|Vegeel|Oisix,"[""会社名: オイシックス, オイシックス・ラ・大地, Oisix,\nブランド名: Oisix, 大地を守る会, らでぃっしゅぼーや, Purple Carrot, ゆとりキッチン"", ""会社名: オイシックス, 大地を守る会, ラ・大地, Oisix, Oisix Ra Daichi  \nブランド名: Kit Oisix, らでぃっしゅぼーや, 大地を守る会, Oisix Prime Pass, Vegeel"", ""会社名: オイシックス, オイシックス・ラ・大地, Oisix, Oisix ra daichi, Oisix ra daichi Inc.,  \nブランド名: オイシックス, 大地を守る会, らでぃっしゅぼーや, Kit Oisix, Vegeel""]"
31830,３１８３０,ウイン・パートナーズ,商社・卸売,ウイン|WIN Partners|ウインP|31830|ウイン・,該当なし,"[""申し訳ありませんが、「ウイン・パートナーズ」（証券コード: 31830）に関する具体的な略称やブランド名の情報は私のデータベースには含まれていないようです。一般的に、企業の略称やブランド名は公式ウェブサイトやプレスリリース、または業界のニュース記事で確認することができます。"", ""会社名: ウイン, ウインパートナーズ, WIN Partners, ウインP, 31830,\nブランド名: 申し訳ありませんが、ウイン・パートナーズの代表的なブランド名や製品名に関する具体的な情報は持っていません。"", ""会社名: ウイン, ウインパ, WP, ウインパート, ウインズ,\nブランド名: 該当なし""]"
31860,３１８６０,ネクステージ,小売,NEXTAGE|3186,SUV LAND|NEXPERIA|UNIVERSE|NEXCO|NEXPERIENCE,"[""会社名: ネクステージ, NEXTAGE,\nブランド名: SUV LAND, UNIVERSE, NEXPERIA, NEXCO, NEXPERIENCE"", ""会社名: ネクステージ, NEXTAGE,\nブランド名: SUV LAND, NEXPERIA, NEXLINK, NEXUS, NEXUS AUTO"", ""会社名: ネクステージ, NEXTAGE, 3186,\nブランド名: N/A""]"
31910,３１９１０,ジョイフル本田,小売,JH|ジョイフル|本田|ジョイ本,ジョイフルエクスプレス|ジョイフルガーデン|ジョイフルペット|ジョイフルDIY|なし,"[""会社名: ジョイフル本田, Joyful Honda, JH, ジョイフル, 本田\nブランド名: なし"", ""会社名: ジョイフル本田, ジョイ本, JH, ジョイフル,\nブランド名: ジョイフルエクスプレス, ジョイフルガーデン, ジョイフルペット, ジョイフルDIY, ジョイフルホームセンター"", ""会社名: ジョイフル本田, ジョイフル, JH, ジョイ本, 本田,\nブランド名: ジョイフルエクスプレス, ジョイフルガーデン, ジョイフルペット, ジョイフルDIY, ジョイフルリフォーム,""]"
31930,３１９３０,エターナルホスピタリティグループ,小売,エターナルホスピタリティ,,"[""申し訳ありませんが、「エターナルホスピタリティグループ」（証券コード: 31930）についての具体的な情報は私のデータベースには含まれていないようです。そのため、会社の略称やブランド名についてのリストを提供することができません。最新の情報については、公式な金融ニュースや企業の公式ウェブサイトを参照してください。"", ""申し訳ありませんが、「エターナルホスピタリティグループ」についての具体的な略称やブランド名の情報は私のデータベースには含まれていないようです。一般的には、企業の略称やブランド名は公式ウェブサイトやプレスリリース、またはSNSでのユーザーの投稿などから確認することができます。"", ""申し訳ありませんが、「エターナルホスピタリティグループ」（証券コード: 31930）についての具体的な略称やブランド名、製品名に関する情報は持っていません。一般的に、企業の略称やブランド名は公式な情報源やニュース記事で確認することができます。""]"
31960,３１９６０,ホットランドホールディングス,小売,ホットランド|Hotland Holdings|Hotland|HLHD,銀だこ|銀のあん|築地銀だこ|コールド・ストーン・クリーマリー|銀だこハイボール横丁,"[""会社名: ホットランド, ホットランドHD, Hotland Holdings, Hotland,\nブランド名: 銀だこ, 銀のあん, 築地銀だこ, コールド・ストーン・クリーマリー, 銀だこハイボール横丁"", ""申し訳ありませんが、「ホットランドホールディングス」（証券コード: 31960）についての具体的な略称やブランド名のリストを提供することはできません。ただし、一般的に企業の略称やブランド名を知りたい場合は、公式ウェブサイトや投資家向け情報を参照することをお勧めします。"", ""会社名: ホットランド, ホットランドHD, HLHD,\nブランド名: 銀だこ, 銀のあん, コールド・ストーン, しゃぶしゃぶ温野菜, たこ焼道楽わなか""]"
31970,３１９７０,すかいらーくホールディングス,小売,すかいらーく|3197|Skylark Holdings|Skylark,ガスト|バーミヤン|ジョナサン|夢庵|グラッチェガーデンズ,"[""会社名: すかいらーく, すかいらーくHD, Skylark Holdings, Skylark,\nブランド名: ガスト, バーミヤン, ジョナサン, 夢庵, グラッチェガーデンズ"", ""会社名: すかいらーく, SKYLARK, すかいらーくHD, 3197,\nブランド名: ガスト, バーミヤン, ジョナサン, 夢庵, グラッチェガーデンズ"", ""会社名: すかいらーく, SKL, 3197,\nブランド名: ガスト, バーミヤン, ジョナサン, 夢庵, グラッチェガーデンズ""]"
31980,３１９８０,ＳＦＰホールディングス,小売,SFP|SFP Holdings|エスエフピー|ＳＦＰ,磯丸水産|いち五郎|鳥良|とり鉄|鳥良商店,"[""会社名: SFP, SFPホールディングス, SFP Holdings,\nブランド名: 磯丸水産, とり鉄, いち五郎, 鳥良, 鳥良商店"", ""会社名: SFP, SFPHD, SFPホールディングス, SFP Holdings, エスエフピー  \nブランド名: 磯丸水産, とり鉄, いち五郎, 鳥良, きづなすし"", ""会社名: SFP, SFPHD, SFPホールディングス,\nブランド名: 磯丸水産, とり家ゑび寿, いち五郎, 鳥良, 鳥良商店""]"
31990,３１９９０,綿半ホールディングス,小売,綿半|Watahan Holdings|Watahan,綿半ホームエイド|綿半スーパーセンター|綿半ドラックストア|綿半ガーデンセンター|綿半リフォーム,"[""会社名: 綿半, 綿半HD, Watahan Holdings, Watahan, 綿半ホールディングス\nブランド名: 綿半ホームエイド, 綿半スーパーセンター, 綿半ドラックストア, 綿半ガーデンセンター, 綿半リフォーム"", ""申し訳ありませんが、「綿半ホールディングス」についての具体的な略称やブランド名のリストを提供することはできません。ただし、一般的に企業の略称やブランド名は以下のように考えられることがあります。\n\n会社名: 綿半, 綿半HD, Watahan Holdings,\nブランド名: 綿半スーパーセンター, 綿半ホームエイド, 綿半ドラックストア,\n\nこれらは一般的な推測に基づくものであり、実際の使用状況とは異なる可能性があります。"", ""会社名: 綿半, 綿半HD, WHHD,\nブランド名: 綿半スーパーセンター, 綿半ホームエイド, 綿半ドラックストア, 綿半ガーデンセンター, 綿半ペットランド""]"
32010,３２０１０,日本毛織,素材・化学,ニッケ|NIKKE|日本毛織株式会社,NIKKE THE WOOL|NIKKE FABRIC|NIKKE UNIFORM|NIKKE INTERIOR|NIKKE TEXTILE,"[""会社名: ニッケ, NIKKE, 日本毛織株式会社, 日本毛織,\nブランド名: NIKKE THE WOOL, NIKKE FABRIC, NIKKE UNIFORM, NIKKE INTERIOR, NIKKE TEXTILE"", ""会社名: ニッケ, NIKKE, 日本毛織株式会社, ニッケグループ, ニッケホールディングス  \nブランド名: NIKKE Pile, NIKKE Wool, NIKKE Active, NIKKE Uniform, NIKKE Home"", ""会社名: ニッケ, 日本毛織, NIKKE,\nブランド名: ニッケウール, ニッケモール, ニッケホーム, ニッケテキスタイル, ニッケアパレル""]"
32210,３２２１０,ヨシックスホールディングス,小売,ヨシックス|YOSHIX|YOSHIX Holdings,や台ずし|や台や|や台|かつや,"[""申し訳ありませんが、「ヨシックスホールディングス」（証券コード: 32210）についての具体的な略称やブランド名の情報は私のデータベースには含まれていないようです。一般的には、企業の略称やブランド名は公式ウェブサイトやプレスリリース、または金融ニュースなどで確認することができます。"", ""会社名: ヨシックス, ヨシックスHD, YOSHIX, ヨシックスホールディングス, YOSHIX Holdings  \nブランド名: や台ずし, や台や, や台, かつや, かつや台"", ""会社名: ヨシックス, ヨシックスHD, YOSHIX, YOSHIX HD, ヨシックスホールディングス,\nブランド名: や台ずし, や台や, ニパチ, これや, びすとろ家""]"
32220,３２２２０,ユナイテッド・スーパーマーケット・ホールディングス,小売,USMH|ユナイテッド|スーパーマーケットHD|ユナイテッドSMH|ユナイテッド・スーパーマーケット,マルエツ|カスミ|マックスバリュ関東|つるかめ|いなげや,"[""会社名: USMH, ユナイテッド, スーパーマーケットHD, ユナイテッド・スーパーマーケット,\nブランド名: マルエツ, カスミ, マックスバリュ関東, つるかめ, いなげや"", ""会社名: USMH, ユナイテッド, スーパーマーケットHD, ユナイテッドSMH, Uスーパー\nブランド名: マルエツ, カスミ, マックスバリュ関東"", ""会社名: USMH, ユナイテッドSMH, ユナイテッドスーパー,\nブランド名: マルエツ, カスミ, マックスバリュ関東, つるかめ, フーディアム""]"
32310,３２３１０,野村不動産ホールディングス,不動産,野村不動産|Nomura Real Estate|NRE|野村不,プラウド|GEMS|オフィスビル「PMO」|PROUD SEASON|PROUD FLAT,"[""会社名: 野村不動産, Nomura Real Estate, NRE,\nブランド名: プラウド, オフィスビル「PMO」, GEMS, PROUD SEASON, PROUD CITY"", ""会社名: 野村不動産, 野村不, Nomura Real Estate, NRE,\nブランド名: プラウド, オフィスビル「PMO」, GEMS, PROUD FLAT, PROUD SEASON"", ""会社名: 野村不動産, 野村不, Nomura Real Estate, NRE, 野村不HD,\nブランド名: プラウド, オフィスビル, GEMS, PMO, PROUD FLAT""]"
32320,３２３２０,三重交通グループホールディングス,不動産,三交HD|三重交通グループ,三交バス|三交タクシー|三交不動産|三交イン|三交旅行,"[""会社名: 三交HD, 三重交通グループ, 三交グループ, 三重交通HD, 三交ホールディングス  \nブランド名: 三交バス, 三交タクシー, 三交イン, 三交不動産, 三交旅行"", ""申し訳ありませんが、「三重交通グループホールディングス」（証券コード: 32320）についての具体的な略称やブランド名の情報は持ち合わせていません。ただし、一般的に企業の略称やブランド名は以下のような形式で使われることが多いです。\n\n1. 会社の略称・ニックネーム・通称・英語名\n   - 三交HD, 三重交通, Mie Kotsu, Mie Transport, 三交グループ\n\n2. 代表的なブランド名・製品名\n   - 三交バス, 三交タクシー, 三交ホテル, 三交ツアーズ, 三交不動"", ""会社名: 三交HD, 三重交通GHD, 三交グループ,\nブランド名: 三交バス, 三交タクシー, 三交ホテル, 三交ツアーズ, 三交不動産""]"
32450,３２４５０,ディア・ライフ,不動産,Dear Life|DL,なし,"[""会社名: ディア・ライフ, Dear Life,\nブランド名: 申し訳ありませんが、ディア・ライフに関連する具体的なブランド名や製品名の情報は見つかりませんでした。"", ""申し訳ありませんが、「ディア・ライフ」（証券コード: 32450）に関する具体的な略称やブランド名のリストを提供することはできません。一般的に、企業の略称やブランド名は、公式な情報源や企業のウェブサイト、またはSNSでの一般的な使用状況に基づいて確認することができます。企業の公式な情報を参照することをお勧めします。"", ""会社名: ディア・ライフ, DL, Dear Life,\nブランド名: なし""]"
32520,３２５２０,地主,不動産,JINUSHI|ジヌシ,,"[""申し訳ありませんが、「地主」（証券コード: 32520）に関する具体的な略称やブランド名についての情報は持ち合わせていません。一般的に、企業の略称やブランド名は公式な情報源や企業のウェブサイトで確認することができます。最新の情報を得るためには、企業の公式発表や金融ニュースを参照することをお勧めします。"", ""会社名: 地主, JINUSHI,\nブランド名: ありません"", ""会社名: 地主, JINUSHI, ジヌシ,  \nブランド名: ありません""]"
32670,３２６７０,フィル・カンパニー,建設・資材,フィルカン|フィル|Phil Company|フィル・カン|フィル・,フィル・パーク|フィル・ステイ|フィル・シェア|フィル・オフィス|フィル・ガレージ,"[""会社名: フィルカン, Phil Company, フィル,\nブランド名: フィル・パーク, フィル・ステイ, フィル・シェア, フィル・オフィス, フィル・ガレージ"", ""会社名: フィルカン, フィル,\nブランド名: フィル・パーク, フィル・パークプレミア, フィル・パークアーバン, フィル・パークビジネス, フィル・パークレジデンス"", ""会社名: フィル, フィルカン, フィル・カン, フィル・カンパニー, 32670  \nブランド名: スペースビジネス, スペースR, スペースフィル, スペースデザイン, スペースプラン""]"
32760,３２７６０,ＪＰＭＣ,不動産,,,"[""申し訳ありませんが、「ＪＰＭＣ」（証券コード: 32760）に関する具体的な情報は持っていません。一般的に、企業の略称やブランド名は公開されている情報や企業の公式ウェブサイトで確認することができます。企業の公式資料やプレスリリースを参照することをお勧めします。"", ""申し訳ありませんが、「ＪＰＭＣ」（証券コード: 32760）についての具体的な情報は私のデータベースには含まれていないようです。一般的に、企業の略称やブランド名は企業の公式ウェブサイトや金融情報サイトで確認することができます。具体的な情報が必要な場合は、そちらを参照されることをお勧めします。"", ""申し訳ありませんが、指定された証券コード「32760」に関連する具体的な企業情報や略称、ブランド名、製品名についての情報は持ち合わせていません。証券コードや企業名が正しいか再確認するか、具体的な企業名を提供していただければ、一般的な情報を提供することができるかもしれません。""]"
32840,３２８４０,フージャースホールディングス,不動産,フージャース|Hoosiers Holdings|Hoosiers,デュオヒルズ|デュオセーヌ|デュオアベニュー|デュオヴェール|デュオステージ,"[""会社名: フージャース, フージャースHD, フージャースホールディングス, Hoosiers Holdings, Hoosiers  \nブランド名: デュオヒルズ, デュオセーヌ, デュオアベニュー, デュオヴェール, デュオステージ"", ""申し訳ありませんが、「フージャースホールディングス」についての具体的な略称やブランド名のリストを提供することはできません。一般的に、企業の略称やブランド名は公式な情報源や企業のウェブサイトで確認することができます。"", ""会社名: フージャース, フージャースHD, フージャースホールディングス,\nブランド名: 住まいのフージャース, フージャースレジデンス, フージャースマンション, フージャースタウン, フージャースホーム""]"
32880,３２８８０,オープンハウスグループ,不動産,オープンハウス|OHG|Open House Group|オープンハウスG,オープンハウスアーキテクト|オープンハウスデベロップメント|オープンレジデンシア|オープンハウス不動産,"[""会社名: オープンハウス, Open House Group, OHG,\nブランド名: オープンレジデンシア, オープンハウスアーキテクト, オープンハウスデベロップメント, オープンハウスプロパティ, オープンハウスアセットマネジメント"", ""会社名: オープンハウス, OHG, オープンハウスグループ,\nブランド名: オープンレジデンシア, オープンハウスアーキテクト, オープンハウスデベロップメント, オープンハウス不動産, オープンハウスインベストメント"", ""会社名: オープンハウス, OHG, オープンハウスG, オープンハウスグループ, Open House,\nブランド名: オープンレジデンス, オープンハウスアーキテクト, オープンハウスデベロップメント, オープンハウス不動産, オープンハウスアセットプランニング""]"
32890,３２８９０,東急不動産ホールディングス,不動産,東急不動産|Tokyu Fudosan Holdings|TFHD|東急不HD,BRANZ|Tokyu Stay|Tokyu Plaza|Futako Tamagawa Rise|Shibuya Stream,"[""会社名: 東急不動産, 東急不動産HD, Tokyu Fudosan Holdings, TFHD, 東急不HD  \nブランド名: BRANZ, Tokyu Stay, Tokyu Plaza, Futako Tamagawa Rise, Shibuya Stream"", ""会社名: 東急不動産, 東急不動産HD, Tokyu Fudosan, Tokyu Fudosan Holdings, TFHD  \nブランド名: 東急プラザ, 東急ステイ, 東急ハンズ, キャピタルゲートプレイス, 渋谷キャスト"", ""会社名: 東急不動産, 東急不, 東急不HD, 東急不動産HD, 東急不動産ホ,\nブランド名: BRANZ, COMFORIA, Tokyu Stay, Tokyu Land, Tokyu Hands""]"
32910,３２９１０,飯田グループホールディングス,不動産,飯田グループ|飯田GHD|IGHD|Iida Group Holdings,アーネストワン|タクトホーム|アイフルホーム|パワービルダー|センチュリーホーム,"[""会社名: 飯田グループ, 飯田GHD, Iida Group Holdings, IGHD,\nブランド名: アイフルホーム, パワービルダー, センチュリーホーム, アーネストワン, タクトホーム"", ""申し訳ありませんが、「飯田グループホールディングス」（証券コード: 32910）についての具体的な略称やブランド名のリストを提供することはできません。ただし、一般的に企業の略称やブランド名は、企業の公式ウェブサイトや投資家向け資料、またはSNSでの一般的な使用法から確認することができます。"", ""会社名: 飯田GHD, 飯田グループ, IGHD, 飯田HD, 飯田,\nブランド名: アイディホーム, アーネストワン, 東栄住宅, タクトホーム, 一建設""]"
33020,３３０２０,帝国繊維,素材・化学,帝繊|帝国繊維株式会社|帝国繊|帝国テキスタイル,テイセン|帝国繊維マスク|帝国繊維防災用品|帝国繊維ユニフォーム|帝国繊維産業資材,"[""会社名: 帝繊, 帝国繊維株式会社, 帝国繊維,\nブランド名: テイセン, 帝国繊維マスク, 帝国繊維防災用品, 帝国繊維ユニフォーム, 帝国繊維産業資材"", ""会社名: 帝繊, 帝国繊, 帝国テキスタイル, 帝繊テキスタイル, 帝国繊維株式会社,\nブランド名: フレコンバッグ, 帝国防災, 帝国フィルター, 帝国シート, 帝国マスク"", ""会社名: 帝繊, 帝国繊維,\nブランド名: 特定のブランド名や製品名は一般的に知られていません。""]"
33150,３３１５０,日本コークス工業,エネルギー資源,日本コークス|JFEコークス|Nippon Coke & Engineering|日コークス|NCE,コークス|コークスファイン|SUN COKE|COKEMASTER|COKING COAL,"[""会社名: 日本コークス, JFEコークス, Nippon Coke & Engineering, NCE,\nブランド名: SUN COKE, COKEMASTER, COKING COAL, COKE OVEN, COKE BREEZE"", ""会社名: 日コークス, 日本コークス, Jコークス, Nippon Coke, Nippon Coke & Engineering,\nブランド名: SCOPE, コークス, コークスファイン, コークスパウダー, コークスブリーズ"", ""会社名: 日コークス, 日本コークス, JFEコークス, コークス工業, JCC\nブランド名: コークス, メタルコークス, コークスブリケット, コークスファイン, コークスチャージ""]"
33190,３３１９０,ゴルフダイジェスト・オンライン,小売,GDO|ゴルフダイジェスト|33190|ゴルフダイジェスト・,GDOゴルフ場予約|GDOスコア管理|GDOショップ|GDOゴルフレッスン|GDOゴルフニュース,"[""会社名: GDO, ゴルフダイジェスト, ゴルフダイジェスト・オンライン,\nブランド名: GDOショップ, GDOゴルフ場予約, GDOスコア管理, GDOゴルフレッスン, GDOゴルフニュース"", ""会社名: GDO, ゴルフダイジェスト, ゴルフダイジェストオンライン, ゴルフダイジェスト・オンライン,\nブランド名: GDOゴルフショップ, GDOゴルフ場予約, GDOスコア管理, GDOゴルフレッスン, GDOゴルフニュース"", ""会社名: GDO, ゴルフダイジェスト, ゴルフダイジェスト・オンライン, ゴルフダイジェストオンライン, 33190,\nブランド名: GDO, ゴルフダイジェスト, GDOショップ, GDOゴルフ場予約, GDOスコア管理,""]"
33280,３３２８０,ＢＥＥＮＯＳ,小売,ビーノス|BEENO|BEENOS Inc.|Beenos Holdings|Beenos Inc,Buyee|tenso.com|Shop Airlines|BeeCruise|セカイモン,"[""会社名: BEENO, ビーノス, BEENOS Inc.,\nブランド名: セカイモン, Buyee, tenso.com, Shop Airlines, BeeCruise"", ""会社名: BEENO, ビーノス, Beenos Holdings, Beenos Inc, Beenos Group  \nブランド名: tenso.com, Buyee, Shop Airlines, FROM JAPAN, Neokyo"", ""会社名: ＢＥＥＮＯＳ, ビーノス,\nブランド名: tenso.com, Buyee, Shop Airlines, BeeCruise, Defactostandard""]"
33330,３３３３０,あさひ,小売,,,"[""申し訳ありませんが、「あさひ」（証券コード: 33330）に関する具体的な略称やブランド名の情報は私のデータベースには含まれていません。一般的に、企業の略称やブランド名は公式な情報源や企業のウェブサイトで確認することができます。"", ""申し訳ありませんが、指定された証券コード「33330」に関連する具体的な情報は私のデータベースには含まれていないようです。そのため、特定の会社名やブランド名を提供することができません。証券コードや企業名が正しいかどうかを再確認するか、他の情報源を参照してみてください。"", ""申し訳ありませんが、具体的な証券コード「33330」に関連する企業情報やその略称、ブランド名、製品名についてのデータは持ち合わせていません。一般的には、企業の略称やブランド名はその企業の公式ウェブサイトや金融ニュースで確認できます。具体的な情報が必要な場合は、直接その企業の公式情報を参照することをお勧めします。""]"
33410,３３４１０,日本調剤,小売,Nihon Chouzai|Nihon Chouzai Co.|Ltd.|日調,おくすり手帳Link|調剤薬局|くすりの窓口|お薬手帳|くすりの相談窓口,"[""会社名: 日本調剤, Nihon Chouzai, Nihon Chouzai Co., Ltd.,\nブランド名: おくすり手帳Link, 調剤薬局, くすりの窓口, お薬手帳, くすりの相談窓口"", ""会社名: 日調, Nihon Chouzai, 日本調剤株式会社, JHC, Nihon Chouzai Co., Ltd.,\nブランド名: おくすり手帳Link, 調剤薬局, お薬手帳, 調剤サービス, 薬局ネットワーク"", ""会社名: 日本調剤, 日調, NHI, Nihon Chouzai, \nブランド名: おくすり手帳Link, 調剤薬局, くすりの窓口, くすりの相談, くすりの宅配""]"
33490,３３４９０,コスモス薬品,小売,コスモス|Cosmos Pharmaceutical|Cosmos Yakuhin|Cosmos Drugstore,コスモス薬品|コスモスドラッグ|Cosmos Drug|Cosmos Store|Cosmos Pharmacy,"[""会社名: コスモス, Cosmos Pharmaceutical, Cosmos Yakuhin, Cosmos Drugstore, Cosmos Pharmacy  \nブランド名: コスモス薬品, コスモスドラッグ, Cosmos Drug, Cosmos Store, Cosmos Pharmacy"", ""会社名: コスモス, コスモス薬品, Cosmos\nブランド名: エコマート, コスモス薬品オリジナル商品, コスモスPB商品"", ""会社名: コスモス, コスモス薬品, COSMOS, COSMOS薬品, 3349,\nブランド名: コスモス薬品, コスモスドラッグ, コスモス薬局, COSMOS Drug, COSMOS Pharmacy,""]"
33600,３３６００,シップヘルスケアホールディングス,商社・卸売,シップヘルスケア|SHIP HD|SHIP Healthcare|シップHD,メディカルサポート|ケアサポート|アイソメディカル|ライフケア,"[""会社名: シップヘルスケア, SHIP Healthcare, SHIP HD, シップHD, シップホールディングス  \nブランド名: アイソメディカル, メディカルサポート, ケアサポート, メディカルシステム, ライフケア"", ""申し訳ありませんが、「シップヘルスケアホールディングス」（証券コード: 33600）についての具体的な略称やブランド名の情報は持ち合わせていません。一般的には、企業の略称やニックネームはSNSやトレーダー間での使用頻度により異なることがあります。また、ブランド名や製品名についても、企業の公式発表や市場での認知度に依存します。\n\nもし具体的な情報が必要であれば、企業の公式ウェブサイトや最新の市場レポートを参照することをお勧めします。"", ""会社名: シップヘルスケア, SHIP, SHIP HD, SHIPホールディングス, シップ,\nブランド名: メディカルサポート, ケアサポート, ライフサポート, メディカルシステム, ケアシステム""]"
33710,３３７１０,ソフトクリエイトホールディングス,情報通信・サービスその他,ソフトクリ|SCHD|ソフトクリエイトHD|ソフクリ,e-Sales Manager|e-Store|e-Procurement,"[""申し訳ありませんが、「ソフトクリエイトホールディングス」についての具体的な略称やブランド名の情報は私のデータベースには含まれていません。一般的に、企業の略称やブランド名は公式ウェブサイトやプレスリリース、または金融ニュースなどで確認することができます。"", ""申し訳ありませんが、「ソフトクリエイトホールディングス」（証券コード: 33710）に関する具体的な略称やブランド名の情報は持ち合わせていません。一般的には、企業の略称やニックネームはSNSやトレーダーの間で独自に作られることが多く、公式な情報としては提供されていないことが多いです。また、ブランド名や製品名についても、企業の公式ウェブサイトやプレスリリースなどで確認することが一般的です。"", ""会社名: ソフトクリ, SCHD, ソフトクリエイトHD, ソフクリ, ソフトクリエイト,\nブランド名: e-Sales Manager, e-Store, e-Procurement, e-Order, e-Logi""]"
33820,３３８２０,セブン＆アイ・ホールディングス,小売,セブンアイ|7&i|セブン&アイHD|セブン＆アイ|7&i Holdings,セブン-イレブン|イトーヨーカドー|デニーズ|そごう|西武,"[""会社名: セブン＆アイ, セブンアイ, 7&i Holdings, 7&i, セブン&アイHD  \nブランド名: セブン-イレブン, イトーヨーカドー, デニーズ, ロフト, そごう・西武"", ""会社名: セブン＆アイ, セブンアイ, 7&i Holdings, 7&i, セブン&アイHD  \nブランド名: セブン-イレブン, イトーヨーカドー, デニーズ, そごう, 西武"", ""会社名: セブン&アイ, セブンアイ, 7&i, セブン&アイHD, 7&iホールディングス,\nブランド名: セブン-イレブン, イトーヨーカドー, そごう, 西武, デニーズ,""]"
33870,３３８７０,クリエイト・レストランツ・ホールディングス,小売,CRH|クリエイトレストランツ|クリレスHD|Create Restaurants Holdings|クリエイト・レストランツ,しゃぶ菜|磯丸水産|かごの屋|いちにいさん|デザート王国,"[""会社名: クリレスHD, CRH, クリエイトレストランツ, Create Restaurants Holdings, クリエイト・レストランツ\nブランド名: しゃぶ菜, 磯丸水産, かごの屋, いちにいさん, デザート王国"", ""会社名: クリレス, CRH, クリエイトレストランツ,\nブランド名: しゃぶ菜, 磯丸水産, かごの屋, デザート王国, いちにいさん"", ""会社名: クリレスHD, クリエイトレストランツ, CRH,\nブランド名: しゃぶ菜, 磯丸水産, かごの屋, いちにいさん, かつや""]"
33880,３３８８０,明治電機工業,商社・卸売,明治電機|明治電機工|明治電機（株）,特定のブランド名や製品名は公表されていない可能性があります。,"[""申し訳ありませんが、「明治電機工業」（証券コード: 33880）に関する具体的な略称やブランド名の情報は持っていません。一般的には、企業の略称やブランド名は公式ウェブサイトやプレスリリースで確認できます。"", ""申し訳ありませんが、「明治電機工業」（証券コード: 33880）についての具体的な略称やブランド名の情報は持ち合わせていません。一般的に企業の略称やブランド名は、企業の公式ウェブサイトやプレスリリース、または業界内での通称などから確認することができます。お手数ですが、公式な情報源を参照してください。"", ""会社名: 明治電機, 明治電機工, 明治電機工業, 明治電機工業株式会社, 明治電機（株）,\nブランド名: 特定のブランド名や製品名は公表されていない可能性があります。""]"
33910,３３９１０,ツルハホールディングス,小売,ツルハ|Tsuruha Holdings|Tsuruha,ツルハドラッグ|くすりの福太郎|ドラッグストアウェルネス|B&Dドラッグストア|くすりのレデイ,"[""会社名: ツルハ, ツルハHD, Tsuruha Holdings, Tsuruha,\nブランド名: ツルハドラッグ, くすりの福太郎, ドラッグストアウェルネス, B&Dドラッグストア, くすりのレデイ"", ""会社名: ツルハ, ツルハHD, Tsuruha Holdings, ツルハホールディングス,\nブランド名: ツルハドラッグ, くすりの福太郎, ドラッグストアウェルネス, B&Dドラッグストア, くすりのレデイ"", ""会社名: ツルハ,  \nブランド名: ツルハドラッグ, くすりの福太郎, ドラッグストアウェルネス, B&Dドラッグストア, レデイ薬局""]"
33950,３３９５０,サンマルクホールディングス,小売,サンマルクHD|Saint Marc Holdings,サンマルクカフェ|バイキングレストラン「サンマルク」|サンマルクベーカリー|石焼ごはん倶楽部|サンマルクパスタ,"[""会社名: サンマルクHD, サンマルクホールディングス, Saint Marc Holdings,\nブランド名: サンマルクカフェ, バイキングレストラン「サンマルク」, サンマルクベーカリー, サンマルクパスタ, チョコクロ"", ""会社名: サンマルク, サンマルクHD, サンマルクホールディングス  \nブランド名: サンマルクカフェ, バイキングレストラン「サンマルク」, 石焼ごはん倶楽部, 神戸元町ドリア, 函館市場"", ""会社名: サンマルク,\nブランド名: サンマルクカフェ, バイキングレストラン, 石焼ごはん倶楽部, サンマルクグリル, サンマルクベーカリー""]"
33970,３３９７０,トリドールホールディングス,小売,トリドール|Toridoll|Toridoll Holdings,丸亀製麺|とりどーる|天ぷら定食まきの|コナズ珈琲|長田本庄軒,"[""会社名: トリドール, トリドールHD, Toridoll Holdings, Toridoll,\nブランド名: 丸亀製麺, とりどーる, 天ぷら定食まきの, コナズ珈琲, 長田本庄軒"", ""会社名: トリドール, トリドールHD, トリドールホールディングス, Toridoll,\nブランド名: 丸亀製麺, WOK TO WALK, 天ぷら定食まきの, 長田本庄軒, 讃岐うどん丸亀製麺"", ""会社名: トリドール, トリドールHD, トリドールホールディングス, TDHD, 33970,\nブランド名: 丸亀製麺, コナズ珈琲, とりどーる, ラ・メゾン, WOK TO WALK,""]"
34010,３４０１０,帝人,素材・化学,帝人株式会社|Teijin|Teijin Limited,Twaron|Technora|Solotex|Nanofront|Tenax,"[""会社名: Teijin, 帝人グループ, 帝人株式会社, Teijin Limited, 帝人ホールディングス\nブランド名: Twaron, Technora, Tenax, Solotex, Nanofront"", ""会社名: 帝人, Teijin, 帝人株式会社, Teijin Limited  \nブランド名: セプトン, ナルコ, テクノーラ, タフネル, ベルカテックス"", ""会社名: 帝人, TEIJIN, 帝人株式会社,  \nブランド名: Twaron, Technora, Teijinconex, Solotex, Nanofront""]"
34020,３４０２０,東レ,素材・化学,Toray|トーレ|TORAY,トレシー|ルミラー|セミテックス|トレカ|デルフィン,"[""会社名: 東レ, Toray,\nブランド名: トレシー, セミテックス, ルミラー, トレカ, デルフィン"", ""会社名: 東レ, Toray, トーレ, TORAY,\nブランド名: セミテックス, ルミラー, トレリナ, トレシー, トレカ"", ""会社名: 東レ, TORAY, トーレ,  \nブランド名: セミテック, ルミラー, トレシー, デュポン, トレックス""]"
34050,３４０５０,クラレ,素材・化学,Kuraray|クラレ株式会社|Kuraray Co.|Ltd.,クラリーノ|セプトン|ベクトラン|モノレックス|エバール,"[""会社名: Kuraray, クラレ,\nブランド名: クラリーノ, セプトン, ベクトラン, モノレックス, エバール"", ""会社名: クラレ, Kuraray, クラレ株式会社, Kuraray Co., Ltd.,\nブランド名: クラリーノ, セプトン, ベクトラン, エバール, モノレックス"", ""会社名: クラレ, Kuraray, 3405,  \nブランド名: クラリーノ, セプトン, エバール, ベクトラン, モノレックス""]"
34070,３４０７０,旭化成,素材・化学,Asahi Kasei|AK|旭化成グループ,サランラップ|ヘーベルハウス|セルガード|リバーノ|スパンボンド,"[""会社名: 旭化成, Asahi Kasei, AK\nブランド名: サランラップ, ヘーベルハウス, セルガード, リバーノ, スパンボンド"", ""会社名: 旭化成, Asahi Kasei, AK,\nブランド名: サランラップ, ベンベルグ, ヘーベルハウス, セルガード, ジュノ"", ""会社名: 旭化成, AK, Asahi Kasei, 旭化成グループ, 旭化成株式会社,  \nブランド名: サランラップ, ヘーベルハウス, セルガイア, リフォームヘーベル, ジュノン""]"
34150,３４１５０,ＴＯＫＹＯ　ＢＡＳＥ,小売,TOKYO BASE|東京ベース|トーキョーベース|TB|トウキョウベース,STUDIOUS|UNITED TOKYO|PUBLIC TOKYO|CITYSHOP,"[""申し訳ありませんが、「ＴＯＫＹＯ　ＢＡＳＥ」（証券コード: 34150）についての具体的な略称やブランド名の情報は持ち合わせていません。一般的には、企業の略称やブランド名は公式ウェブサイトやプレスリリース、または金融ニュースなどで確認することができます。"", ""会社名: TOKYO BASE, トーキョーベース, TB, 東京ベース,\nブランド名: STUDIOUS, UNITED TOKYO, PUBLIC TOKYO, CITYSHOP,"", ""会社名: TOKYO BASE, トウキョウベース, 東京ベース,\nブランド名: STUDIOUS, UNITED TOKYO, PUBLIC TOKYO, CITYSHOP, COEL""]"
34210,３４２１０,稲葉製作所,建設・資材,INABA|稲葉|イナバ|Inaba Seisakusho,ガレージ|バイク保管庫|イナバ物置|イナバガレージ|イナバオフィス,"[""会社名: イナバ, INABA, 稲葉,\nブランド名: イナバ物置, イナバガレージ, イナバオフィス, イナバシステム, イナバホーム"", ""会社名: 稲葉製作所, INABA, Inaba Seisakusho, Inaba Corp, 稲葉\nブランド名: ナイキ, ガレージ, バイク保管庫, ガレーディア, ドマーニ"", ""会社名: イナバ, イナバ製作所, INABA, 稲葉, 稲葉製作,\nブランド名: ガレージ, 物置, バイク保管庫, 収納庫, スチール製品""]"
34310,３４３１０,宮地エンジニアリンググループ,建設・資材,宮地エンジ|宮地エンジニアリング|MEG|Miyaji Engineering Group,みやじホルダー|みやじサポート|みやじフレーム|みやじストラクチャー,"[""会社名: 宮地エンジ, 宮地エンジニアリング, Miyaji Engineering Group, MEG,\nブランド名: みやじホルダー, みやじサポート, みやじシステム, みやじフレーム, みやじストラクチャー"", ""会社名: 宮地エンジ, 宮地, MEC, 宮地エンジニアリング,\nブランド名: みやじホールディングス, みやじテクノロジー, みやじソリューション, みやじインフラ, みやじプロジェクト"", ""会社名: 宮地エンジ, MEG, 宮地EG, 宮地グループ, 宮地,\nブランド名: 特定のブランド名や製品名は確認できません。""]"
34330,３４３３０,トーカロ,建設・資材,TOCALO|トーカロ株式会社|TOCALO Co.|Ltd.,プラズマコート|セラミックコート|サーメットコート|ダイヤモンドコート|フッ素コート,"[""会社名: トーカロ, TOCALO, トーカロ株式会社, TOCALO Co., Ltd.,\nブランド名: プラズマコート, セラミックコート, サーメットコート, ダイヤモンドコート, フッ素コート"", ""会社名: トーカロ, TOCALO, トーカロ株式会社, トーカロコーポレーション, トーカロ社  \nブランド名: ..."", ""会社名: トーカロ, TOCALO,  \nブランド名: 具体的なブランド名や製品名は公開されていない可能性があります。""]"
34360,３４３６０,ＳＵＭＣＯ,建設・資材,SUMCO|サムコ|スムコ|3436|ウェハーメーカー,SUMCOブランドウェハー|SUMCOシリコンウェハー|SUMCOエピタキシャルウェハー|SUMCOポリッシュドウェハー,"[""会社名: SUMCO, サムコ  \nブランド名: SUMCOブランドの製品名は特に一般的には知られていないため、具体的なブランド名や製品名は挙げられません。"", ""会社名: SUMCO, スムコ, 3436, ウェハーメーカー, 半導体ウェハー企業  \nブランド名: SUMCOブランドウェハー, SUMCOシリコンウェハー, SUMCOエピタキシャルウェハー, SUMCOポリッシュドウェハー, SUMCO SOIウェハー"", ""会社名: SUMCO,   \nブランド名: 申し訳ありませんが、SUMCOの具体的なブランド名や製品名についての情報は持っていません。""]"
34430,３４４３０,川田テクノロジーズ,建設・資材,川田テクノ|川田テクノロジー|KAWADA|KAWADA Tech|KAWADA Technologies,,"[""申し訳ありませんが、「川田テクノロジーズ」（証券コード: 34430）についての具体的な略称やブランド名の情報は持っていません。一般的には、企業の略称やブランド名は公式ウェブサイトやプレスリリース、業界のニュースなどで確認することができます。"", ""申し訳ありませんが、「川田テクノロジーズ」（証券コード: 34430）に関する具体的な略称やブランド名の情報は私のデータベースには含まれていません。一般的に、企業の略称やブランド名は公式ウェブサイトや業界の資料で確認することができます。"", ""会社名: 川田テクノ, 川田テクノロジー, KAWADA, KAWADA Tech, KAWADA Technologies,\nブランド名: 申し訳ありませんが、川田テクノロジーズの具体的なブランド名や製品名についての情報は持っていません。""]"
34450,３４４５０,ＲＳ　Ｔｅｃｈｎｏｌｏｇｉｅｓ,建設・資材,RSテクノ|RSテクノロジーズ|RS Technologies|RS Tech|34450,,"[""申し訳ありませんが、「RS Technologies」（証券コード: 34450）についての具体的な略称やブランド名・製品名のリストを提供することはできません。一般的には、企業の公式ウェブサイトや金融ニュース、業界レポートなどを参照することで、これらの情報を確認することができます。"", ""申し訳ありませんが、「ＲＳ　Ｔｅｃｈｎｏｌｏｇｉｅｓ」（証券コード: 34450）に関する具体的な略称やブランド名の情報は私のデータベースには含まれていません。そのため、一般的な情報を提供することができません。具体的な情報は、公式ウェブサイトや関連するニュースリリースなどを参照することをお勧めします。"", ""会社名: RSテクノ, RSテクノロジーズ, RS Technologies, RS Tech, 34450,\nブランド名: 特定のブランド名や製品名は確認できません。""]"
34570,３４５７０,Ａｎｄ　Ｄｏホールディングス,不動産,Ａｎｄ　Ｄｏ,,"[""申し訳ありませんが、「Ａｎｄ　Ｄｏホールディングス」についての具体的な略称やブランド名の情報は私のデータベースには含まれていないようです。一般的には、企業の略称やブランド名は公式ウェブサイトやプレスリリース、または金融ニュースなどで確認することができます。"", ""申し訳ありませんが、「Ａｎｄ　Ｄｏホールディングス」（証券コード: 34570）についての具体的な略称やブランド名の情報は持っていません。一般的には、企業の略称やブランド名は公式ウェブサイトやプレスリリース、またはSNSでの使用例を確認することで把握できます。具体的な情報を得るためには、これらの情報源を参照することをお勧めします。"", ""申し訳ありませんが、「Ａｎｄ　Ｄｏホールディングス」に関する具体的な略称やブランド名、製品名についての情報は持っていません。一般的には、企業の略称やブランド名は公式ウェブサイトやプレスリリース、金融ニュースなどで確認することができます。""]"
34650,３４６５０,ケイアイスター不動産,不動産,ケイアイスター|KIスター|ケイアイ,はなまるハウス|スマートワン|スマートワンシティ|スマートワンタウン|スマートワンヴィレッジ,"[""会社名: ケイアイスター, ケイアイスター不動産, KIスター, KIスター不動産, KI Star Real Estate,\nブランド名: はなまるハウス, スマートワン, スマートワンシティ, スマートワンタウン, スマートワンヴィレッジ"", ""会社名: ケイアイスター, KIスター, ケイアイ,\nブランド名: はなまるハウス, スマイルプロジェクト, グランディハウス, アーバンコート, サンライズタウン"", ""会社名: ケイアイスター, ケイアイ, KIスター, KI, ケイアイ不動産,\nブランド名: なし""]"
34750,３４７５０,グッドコムアセット,不動産,グッドコム|GCA|グッドコム社|Good Com,ジェノヴィア|GENOVIA|ジェノベッサ|ジェノパーク|ジェノスタイル,"[""会社名: グッドコム, グッドコムアセット,\nブランド名: ジェノヴィア, ジェノベッサ, ジェノパーク, ジェノスタイル, ジェノシティ"", ""会社名: グッドコム, グッドコムアセット, GCA, Good Com, グッドコム社  \nブランド名: ジェノヴィア, GENOVIA, グッドコムアセットマンション, グッドコムアセットレジデンス, グッドコムアセットタワー"", ""会社名: グッドコム, グッドコムアセット, GCA, グッドコム社, グッドコムアセット株式会社,\nブランド名: ジェノヴィア, GENOVIA, グッドコムリート, グッドコムマンション, グッドコムプロパティ,""]"
34800,３４８００,ジェイ・エス・ビー,不動産,JSB|JSB Co.|Ltd.,UniLife|UniNest|UniLife Club|UniRoom|UniPlan,"[""会社名: ジェイ・エス・ビー, JSB, JSB Co., Ltd.,\nブランド名: UniLife, UniNest, UniRoom, UniPlan, UniLife Club"", ""申し訳ありませんが、「ジェイ・エス・ビー」（証券コード: 34800）に関する具体的な略称やブランド名のリストを提供することはできません。ただし、一般的に企業の略称やブランド名は公式ウェブサイトや投資家向け情報で確認できることが多いです。具体的な情報をお求めの場合は、公式な情報源を参照することをお勧めします。"", ""会社名: ジェイ・エス・ビー, JSB, JSBグループ, JSBネットワーク, ジェイエスビー,\nブランド名: UniLife, UniNest, UniLife Club, UniLife Student, UniLife International""]"
34820,３４８２０,ロードスターキャピタル,不動産,ロードスター|RSC|ロードスター社,不動産クラウドファンディング|オーナーズブック|該当なし,"[""会社名: ロードスター, ロードスターキャピタル, ロードスターキャピタル株式会社, Roadstar Capital, RSC\nブランド名: 不動産クラウドファンディング, オーナーズブック"", ""会社名: ロードスター, ロードスターキャピタル, LSC, ロードスター社, ロードスターグループ  \nブランド名: 不動産クラウドファンディング, オーナーズブック"", ""会社名: ロードスター, ロードスターキャピタル, RSC, ロードスター社, ロードスターグループ,\nブランド名: 該当なし""]"
34980,３４９８０,霞ヶ関キャピタル,不動産,霞キャピ|K-Cap|霞ヶ関|KASUMIGASEKI CAPITAL,情報が不足しているため、代表的なブランド名や製品名は特定できません。|なし|該当なし,"[""会社名: 霞ヶ関キャピタル, KASUMIGASEKI CAPITAL, 霞キャピ, KASUMI CAPITAL, KASUMI\nブランド名: 情報が不足しているため、代表的なブランド名や製品名は特定できません。"", ""会社名: 霞キャピ, K-Capital, K-Cap, 霞ヶ関,\nブランド名: なし"", ""会社名: 霞キャピ, KSKキャピ, K-Cap, 霞ヶ関,\nブランド名: 該当なし""]"
35390,３５３９０,ＪＭホールディングス,小売,ＪＭ,,"[""申し訳ありませんが、「ＪＭホールディングス」（証券コード: 35390）についての具体的な情報は持ち合わせていません。したがって、会社の略称やブランド名を提供することができません。最新の情報については、公式の金融ニュースや企業の公式発表を参照してください。"", ""申し訳ありませんが、「ＪＭホールディングス」（証券コード: 35390）に関する具体的な略称やブランド名の情報は持ち合わせていません。一般的には、企業の略称やブランド名は公式ウェブサイトやプレスリリース、または業界のニュースなどで確認することができます。"", ""申し訳ありませんが、「ＪＭホールディングス」（証券コード: 35390）に関する具体的な略称やブランド名、製品名についての情報は持ち合わせていません。一般的に、企業の略称やブランド名は公式な情報源や企業のウェブサイトで確認することができます。""]"
35430,３５４３０,コメダホールディングス,商社・卸売,コメダ|Komeda Holdings|Komeda,コメダ珈琲店|シロノワール|コメダ|コメダのパン|コメダのサンドイッチ,"[""会社名: コメダ, コメダHD, Komeda Holdings, Komeda,\nブランド名: コメダ珈琲店, コメダ, シロノワール, コメダのパン, コメダのサンドイッチ"", ""会社名: コメダ, コメダHD, コメダホールディングス, Komeda Holdings, Komeda,\nブランド名: コメダ珈琲店, シロノワール, コメダ和喫茶, コメ牛, コメダベーカリー"", ""会社名: コメダ, コメダHD, コメダ珈琲,\nブランド名: コメダ珈琲店, シロノワール, コメダブレンド, コメダカフェ, コメダパン""]"
35460,３５４６０,アレンザホールディングス,小売,アレンザ|Alenza Holdings,スーパーバリュー|ホームセンターバロー|バロー|ホームセンタームサシ|ムサシ,"[""会社名: アレンザ, アレンザHD, Alenza Holdings, アレンザホールディングス,\nブランド名: スーパーバリュー, ホームセンターバロー, バロー, ホームセンタームサシ, ムサシ"", ""申し訳ありませんが、「アレンザホールディングス」（証券コード: 35460）についての具体的な略称やブランド名の情報は持ち合わせていません。一般的に、企業の略称やブランド名は公式ウェブサイトやプレスリリース、または業界内での通称として知られている場合があります。公式な情報源を確認することをお勧めします。"", ""会社名: アレンザ, アレンザHD, アレンザホールディングス,\nブランド名: 特定のブランド名や製品名は確認できません。""]"
35470,３５４７０,串カツ田中ホールディングス,小売,串カツ田中|田中ホールディングス|串カツHD|Kushi-Tanaka,串カツ田中|田中串カツ|田中|串カツ|田中の串カツ,"[""会社名: 串カツ田中, 田中ホールディングス, 串カツ田中HD, Kushi-Tanaka, Kushi Katsu Tanaka\nブランド名: 串カツ田中"", ""会社名: 串カツ田中, 田中, 串カツHD, KKT, 串カツ田中HD  \nブランド名: 串カツ田中"", ""会社名: 串カツ田中, 田中HD, 串カツHD, 串カツ田中HD, 田中ホールディングス,\nブランド名: 串カツ田中, 田中串カツ, 田中, 串カツ, 田中の串カツ""]"
35480,３５４８０,バロックジャパンリミテッド,小売,バロックジャパン|バロック|Baroque Japan|Baroque,MOUSSY|SLY|rienda|AZUL by moussy|RODEO CROWNS,"[""会社名: バロックジャパン, バロック,\nブランド名: MOUSSY, SLY, rienda, AZUL by moussy, RODEO CROWNS"", ""会社名: バロック, バロックジャパン, バロックジャパンリミテッド, Baroque Japan, Baroque\nブランド名: MOUSSY, SLY, rienda, AZUL by moussy, ENFÖLD"", ""会社名: バロック, バロックジャパン, バロックジャパンリミテッド,\nブランド名: MOUSSY, SLY, RODEO CROWNS, AZUL BY MOUSSY, ENFÖLD""]"
35490,３５４９０,クスリのアオキホールディングス,小売,クスリのアオキ|アオキHD|Aoki Holdings|KNA Holdings|Kusuri no Aoki,クスリのアオキ|Aoki Pharmacy|Aoki Drug Store|Aoki Wellness|Aoki Healthcare,"[""会社名: クスリのアオキ, アオキHD, Aoki Holdings, KNA Holdings, Kusuri no Aoki\nブランド名: クスリのアオキ, Aoki Pharmacy, Aoki Drug Store, Aoki Healthcare, Aoki Wellness"", ""会社名: クスリのアオキ, アオキHD, Aoki Holdings, KNA Holdings, Kusuri no Aoki,\nブランド名: クスリのアオキ, Aoki Pharmacy, Aoki Drug Store, Aoki Health & Beauty, Aoki Wellness"", ""会社名: クスリのアオキ, アオキHD, アオキホールディングス, KAH, アオキ,\nブランド名: クスリのアオキ, アオキ薬局, アオキドラッグ, AOKI, アオキストア,""]"
35610,３５６１０,力の源ホールディングス,小売,力の源|Chikara no Moto Holdings|Ramen Holdings|Ramen HD,一風堂|IPPUDO|RAMEN EXPRESS|KAZE NO IRO|SHIROMARU BASE,"[""会社名: 力の源, 力の源HD, Chikara no Moto Holdings, Ramen Holdings, Ramen HD  \nブランド名: 一風堂, IPPUDO, RAMEN EXPRESS, KAZE NO IRO, SHIROMARU BASE"", ""会社名: 力の源, 力源HD, 力の源ホールディングス, Chikara no Moto, Chikaranomoto Holdings  \nブランド名: 一風堂, IPPUDO, RAMEN EXPRESS, 一風堂スタンド, 風来居"", ""会社名: 力の源, 力の源HD, 力源,\nブランド名: 一風堂, IPPUDO, 風靡, 名島亭, RAMEN EXPRESS""]"
35630,３５６３０,ＦＯＯＤ　＆　ＬＩＦＥ　ＣＯＭＰＡＮＩＥＳ,小売,F&LC|FOOD & LIFE|フードライフ|フードアンドライフ,スシロー|京樽|海鮮三崎港|板前寿司|すし遊館,"[""会社名: F&LC, FOOD & LIFE,\nブランド名: スシロー, 京樽, 海鮮三崎港, 板前寿司, すし遊館"", ""会社名: F&LC, フードライフ, FOOD & LIFE, フードアンドライフ,\nブランド名: スシロー, 京樽, 海鮮三崎港, 板前寿司, すし遊館"", ""会社名: F&LC, FOOD & LIFE,\nブランド名: スシロー, 京樽, 海鮮三崎港, 板前寿司, 魚べい""]"
35650,３５６５０,アセンテック,商社・卸売,ASCENTEK|35650,VDIソリューション|Wyse|Citrix|ThinClient,"[""申し訳ありませんが、「アセンテック」（証券コード: 35650）に関する具体的な略称やブランド名の情報は持っていません。一般的には、企業の略称やブランド名は公式ウェブサイトやプレスリリースなどで確認できます。具体的な情報が必要な場合は、公式な情報源を参照することをお勧めします。"", ""会社名: アセンテック, ASCENTEK,\nブランド名: Wyse, Citrix, ThinClient, VDIソリューション, クラウドサービス"", ""会社名: アセンテック, ASCENTEK, 35650,\nブランド名: VDIソリューション, Resalio, Resalio Lynx, Resalio Connect, Resalio DaaS""]"
35690,３５６９０,セーレン,素材・化学,SEIREN,Viscotecs|Aqualift|Fibermark|Nanofront|AEROCAST,"[""会社名: セーレン,\nブランド名: Viscotecs, AEROCAST, AEROGEAR, AEROCAPSULE, AEROTRIM"", ""会社名: セーレン, SEIREN,\nブランド名: Viscotecs, Aqualift, Fibermark, Luminous, Nanofront"", ""会社名: セーレン, SEIREN,  \nブランド名: Viscotecs, Aqualift, Selene, Nanofront, Fibermark""]"
35800,３５８００,小松マテーレ,素材・化学,Komatsu Matere|Komatsu Seiren|コマツマテーレ|KMAT,セオα|セオ|SENTILON|SENTINEL|SENTIBARRIER,"[""会社名: 小松マテーレ, Komatsu Matere, Komatsu Seiren,\nブランド名: SENTILON, SENTINEL, SENTIBARRIER, SENTIFLEX, SENTIPORE"", ""会社名: 小松マテーレ, コマツマテーレ, Komatsu Matere, KMAT,\nブランド名: セオα, セオアルファ, セオ, セオ・アルファ, セオαプラス"", ""会社名: 小松マテーレ, 小松, KOMATSU MATERE, KMATERE, 35800,  \nブランド名: クレンゼ, セオα, セオ, マジックテープ, エアロカプセル""]"
35910,３５９１０,ワコールホールディングス,素材・化学,ワコール|Wacoal|Wacoal Holdings,サルート|ウイング|スタディオファイブ|アンフィ|パルファージュ,"[""会社名: ワコール, Wacoal,\nブランド名: サルート, ウイング, スタディオファイブ, アンフィ, パルファージュ"", ""会社名: ワコール, Wacoal, ワコールHD, ワコールホールディングス, Wacoal Holdings  \nブランド名: サルート, ウイング, アンフィ, スタディオファイブ, CW-X"", ""会社名: ワコール,  \nブランド名: ウイング, スタディオファイブ, サルート, アンフィ, パルファージュ""]"
35930,３５９３０,ホギメディカル,素材・化学,HOGY Medical|ホギ|HOGY|ホギメディ,スマートサージカル|メディフィット|オペフィット|プロフィット|クリーンマックス,"[""会社名: ホギメディカル, HOGY Medical,\nブランド名: オペフィット, スマートサージカル, メディフィット, プロフィット, クリーンマックス"", ""会社名: ホギ, ホギメディ, HOGY, HOGY Medical, ホギメディカル,\nブランド名: オペフィルム, メディフィット, スマートサージカル, バイオクリーン, サージカルマスク"", ""会社名: ホギメディカル, HOGY, HOGY Medical, 35930, ホギ,\nブランド名: メディガード, スマートサージカル, メディクリーン, メディフィット, メディパック""]"
36080,３６０８０,ＴＳＩホールディングス,素材・化学,TSIHD|TSI Holdings|36080|ＴＳＩ,ナチュラルビューティーベーシック|ナノ・ユニバース|ジルスチュアート|ロペ|アナザーエディション,"[""会社名: TSIHD, TSI Holdings,\nブランド名: ナチュラルビューティーベーシック, ナノ・ユニバース, ジルスチュアート, ロペ, アナザーエディション"", ""会社名: TSI, TSIHD, TSIホールディングス, TSI Holdings, 36080\nブランド名: ナノ・ユニバース, ジャーナルスタンダード, ナチュラルビューティーベーシック, ロペ, フレディ＆グロスター"", ""会社名: TSIHD, TSIホールディングス,\nブランド名: ナノ・ユニバース, ナチュラルビューティーベーシック, ジルスチュアート, ロペピクニック, アースミュージック&エコロジー""]"
36120,３６１２０,ワールド,素材・化学,WORLD|ワールドHD,アンタイトル|インディヴィ|タケオキクチ|ピンクラテ|オゾック,"[""会社名: ワールド,\nブランド名: アンタイトル, インディヴィ, タケオキクチ, ピンクラテ, オゾック"", ""会社名: ワールド, WORLD, ワールドHD, ワールドホールディングス, ワールドグループ  \nブランド名: UNTITLED, INDIVI, TAKEO KIKUCHI, OZOC, Reflect"", ""会社名: ワールド, WORLD, 36120,\nブランド名: アクアスキュータム, ピンクラテ, アンタイトル, インディヴィ, タケオキクチ""]"
36260,３６２６０,ＴＩＳ,情報通信・サービスその他,TIS|TIS Inc.|TIS Holdings|TIS Group,AMO|POSITIVE|MFクラウド|CARD|MF Cloud,"[""会社名: TIS, TIS Inc., TIS株式会社, TIS Holdings, TIS Group,\nブランド名: AMO, CARD, POSITIVE, MF Cloud, APTOS,"", ""会社名: TIS, TISインテックグループ, TIS株式会社, TIS Inc.,\nブランド名: AMO, Be.Cloud, MFクラウド, POSITIVE, A-AUTO"", ""会社名: TIS, TISインク, TIS株式会社, TIS Inc., TIS Inc  \nブランド名: ソラト, AITool, AMO, MFクラウド, TISソリューション""]"
36320,３６３２０,グリーホールディングス,情報通信・サービスその他,グリー|GREE,GREE Platform|GREE Ads|GREE VR Studio|GREE Ventures|GREE Entertainment Products,"[""会社名: グリー, GREE,\nブランド名: GREE Platform, GREE Ads, GREE VR Studio, GREE Ventures, GREE Entertainment Products"", ""申し訳ありませんが、「グリーホールディングス」（証券コード: 36320）についての具体的な略称やブランド名のリストを提供することはできません。ただし、一般的に企業の略称やブランド名は公式ウェブサイトや投資家向け資料、SNSなどで確認することができます。"", ""会社名: グリー, GREE,\nブランド名: GREE Platform, GREE Ads, GREE VR Studio, GREE Ventures, GREE Entertainment""]"
36330,３６３３０,ＧＭＯペパボ,情報通信・サービスその他,GMOペパボ|ペパボ|GMO Pepabo|Pepabo|GMO-Pepabo,カラーミーショップ|ロリポップ|ムームードメイン|minne|SUZURI,"[""会社名: GMOペパボ, ペパボ, GMO Pepabo,\nブランド名: カラーミーショップ, ロリポップ, ムームードメイン, minne, SUZURI"", ""会社名: ペパボ, GMOペパボ, GMO Pepabo, Pepabo, GMO-Pepabo  \nブランド名: カラーミーショップ, ロリポップ, ムームードメイン, minne, SUZURI"", ""会社名: GMOペパボ, ペパボ,  \nブランド名: カラーミーショップ, ロリポップ, ムームードメイン, minne, SUZURI""]"
36350,３６３５０,コーエーテクモホールディングス,情報通信・サービスその他,コーエー|テクモ|コーエーテクモ|KOEI TECMO|KTホールディングス,信長の野望|DEAD OR ALIVE|三國志|Nioh|Atelier,"[""会社名: コーエー, テクモ, KOEI TECMO, コーエーテクモ, KTホールディングス  \nブランド名: 信長の野望, 真・三國無双, DEAD OR ALIVE, Atelierシリーズ, 仁王"", ""会社名: コーエー, テクモ, KT, Koei Tecmo, コーエーテクモ\nブランド名: 信長の野望, 三國志, DEAD OR ALIVE, Nioh, Atelier"", ""会社名: コーエーテクモ, コーエー, テクモ,\nブランド名: 信長の野望, 三國志, DEAD OR ALIVE, Atelier, Nioh""]"
36360,３６３６０,三菱総合研究所,情報通信・サービスその他,MRI|三菱総研|Mitsubishi Research Institute|三菱総合研|総研,未来創発センター|経済分析レポート|社会システム研究|環境・エネルギー研究|ITソリューションサービス,"[""会社名: MRI, 三菱総研, Mitsubishi Research Institute, 三菱総合研, Mitsubishi Research\nブランド名: 未来創発センター, 経済分析レポート, 社会システム研究, 環境・エネルギー研究, ITソリューションサービス"", ""会社名: 三菱総研, MRI, Mitsubishi Research Institute, 総研, 三菱リサーチ\nブランド名: ありません"", ""会社名: MRI, 三菱総研, 三菱総合研, 総研,\nブランド名: 特定のブランド名や製品名は一般的に知られていません。""]"
36490,３６４９０,ファインデックス,情報通信・サービスその他,Findex|FDX|3649|Findex Inc.,Medical Station|Claio|Medical Station Pro|Claio Lite|Claio Cloud,"[""会社名: ファインデックス, Findex,\nブランド名: Medical Station, Claio, Medical Station Pro, Claio Lite, Claio Cloud"", ""申し訳ありませんが、「ファインデックス」（証券コード: 36490）についての具体的な略称やブランド名のリストを提供することはできません。ただし、一般的に企業の略称やブランド名は、公式ウェブサイトやプレスリリース、またはSNSでの使用例を参考にすることができます。具体的な情報を知りたい場合は、これらの情報源を確認することをお勧めします。"", ""会社名: Findex, FDX, ファインデックス, 3649, Findex Inc.,\nブランド名: メディコム, Medix, ファインシステム, FineSystem, 医療ITソリューション""]"
36550,３６５５０,ブレインパッド,情報通信・サービスその他,BP|BrainPad|ブレパ,Rtoaster|DEGREE|datamix|ABEJA Insight|ABEJA Platform,"[""会社名: ブレインパッド, BrainPad,\nブランド名: Rtoaster, DEGREE, datamix, ABEJA Insight, ABEJA Platform"", ""会社名: ブレインパッド, BP,\nブランド名: Rtoaster, DEG, datamix, B→Dash, Tableau導入支援サービス"", ""会社名: ブレインパッド, BP, ブレパ, \nブランド名: Rtoaster, DEGREE, Visual Analytics, DataRobot, Tableau""]"
36560,３６５６０,ＫＬａｂ,情報通信・サービスその他,KLab|KLab Inc.|KLab Corp,ラブライブ！スクールアイドルフェスティバル|BLEACH Brave Souls|キャプテン翼 ～たたかえドリームチーム～|うたの☆プリンスさまっ♪ Shining Live|魔法使いと黒猫のウィズ,"[""会社名: KLab, KLab Inc., KLab株式会社, KLab Corp,\nブランド名: ラブライブ！スクールアイドルフェスティバル, BLEACH Brave Souls, キャプテン翼 ～たたかえドリームチーム～, 魔法使いと黒猫のウィズ, うたの☆プリンスさまっ♪ Shining Live"", ""会社名: KLab, クラブ,\nブランド名: ラブライブ！スクールアイドルフェスティバル, BLEACH Brave Souls, キャプテン翼 ～たたかえドリームチーム～, 魔法使いと黒猫のウィズ, うたの☆プリンスさまっ♪ Shining Live"", ""会社名: KLab, KLab株式会社, KLab Inc.,\nブランド名: ブレイブフロンティア, ラブライブ！スクールアイドルフェスティバル, キャプテン翼 ～たたかえドリームチーム～, BLEACH Brave Souls, うたの☆プリンスさまっ♪ Shining Live""]"
36570,３６５７０,ポールトゥウィンホールディングス,情報通信・サービスその他,ポールトゥウィン|PTW|ポールウィン,ポールトゥウィン|エンタライズ|サイバースタジオ|クオンタム|エンタライズジャパン,"[""会社名: ポールトゥウィン, PTW, ポールトゥウィンHD, ポールトゥウィンホールディングス,\nブランド名: ポールトゥウィン, クオンタム, エンタライズ, サイバースタジオ, エンタライズジャパン"", ""会社名: ポールトゥウィン, ポールウィン, PTW, ポールトゥウィンHD, ポールトゥウィンホールディングス\nブランド名: ポールトゥウィン, クラウドテック, エンタライズ, サイバースタジオ, PITCREW"", ""会社名: ポールトゥウィン, PTW, ポールトゥウィンHD, ポールトゥウィンホールディングス, 36570,\nブランド名: なし""]"
36590,３６５９０,ネクソン,情報通信・サービスその他,NEXON|NEXON Co.|Ltd.|NX,メイプルストーリー|アラド戦記|カートライダー|サドンアタック|FIFA ONLINE,"[""会社名: ネクソン, NEXON, NEXON Co., Ltd.,\nブランド名: メイプルストーリー, アラド戦記, FIFA ONLINE, カートライダー, サドンアタック"", ""会社名: ネクソン, NEXON, NX\nブランド名: メイプルストーリー, アラド戦記, マビノギ, カートライダー, サドンアタック"", ""会社名: ネクソン, NEXON, 36590,\nブランド名: メイプルストーリー, アラド戦記, FIFAオンライン, カートライダー, サドンアタック""]"
36600,３６６００,アイスタイル,情報通信・サービスその他,istyle|36600|istyle Inc.|アイスタ,@cosme|アットコスメ|@cosme SHOPPING|@cosme STORE|@cosme store,"[""会社名: アイスタイル, istyle, istyle Inc.,\nブランド名: @cosme, @cosme store, @cosme shopping, @cosme TOKYO, @cosme BEAUTY DAY"", ""会社名: アイスタイル, istyle, 36600, アイスタ,\nブランド名: @cosme, アットコスメ, @cosme SHOPPING, @cosme STORE, BeautyTech.jp"", ""会社名: アイスタイル, istyle, 36600,\nブランド名: @cosme, アットコスメ, Beauty Day, @cosme SHOPPING, @cosme STORE""]"
36610,３６６１０,エムアップホールディングス,情報通信・サービスその他,エムアップ|M-Up Holdings|M-UP,music.jp|mu-mo|Fanplus|アーティスト公式サウンド|コミックシーモア,"[""会社名: エムアップ, M-Up, エムアップHD, M-Up Holdings, エムアップホールディングス\nブランド名: music.jp, Fanplus, mu-mo, アーティスト公式サウンド, コミックシーモア"", ""会社名: エムアップ, M-UP, エムアップHD, M-Up Holdings, エムアップホールディングス  \nブランド名: ファンクラブプラス, mu-mo, music.jp, fanicon, V-Liver"", ""会社名: エムアップ, M-UP, エムアップHD, M-Up Holdings, エムアップホールディングス,\nブランド名: music.jp, ファミマプリント, mu-mo, UULA, Fanplus""]"
36620,３６６２０,エイチームホールディングス,情報通信・サービスその他,エイチーム|Ateam|Ateam Holdings,ヴァルキリーコネクト|ユニゾンリーグ|三国大戦スマッシュ|暴走列伝 単車の虎|リアルステージ,"[""会社名: エイチーム, Ateam  \nブランド名: ヴァルキリーコネクト, 三国大戦スマッシュ！, ユニゾンリーグ, ライトニングブレイド, スタートゥインクルプリキュア"", ""会社名: エイチーム, Ateam, Ateam Holdings, エイチームHD, エイチームホールディングス\nブランド名: ヴァルキリーコネクト, 三国大戦スマッシュ, ユニゾンリーグ, 暴走列伝 単車の虎, リアルステージ"", ""会社名: エイチーム, Ateam, Ateam Holdings, Ateam HD, 3662,\nブランド名: ヴァルキリーコネクト, 三国大戦スマッシュ, 暴走列伝 単車の虎, レギオンウォー, リアルステージ""]"
36630,３６６３０,セルシス,情報通信・サービスその他,Celsys|CELSYS|36630,CLIP STUDIO PAINT|CLIP STUDIO|CLIP STUDIO ASSETS|CLIP STUDIO TABMATE|クリスタ,"[""会社名: セルシス, CELSYS,\nブランド名: CLIP STUDIO PAINT, CLIP STUDIO, クリスタ, CLIP STUDIO ASSETS, CLIP STUDIO TABMATE"", ""会社名: セルシス, Celsys,\nブランド名: CLIP STUDIO PAINT, CLIP STUDIO, CLIP STUDIO ASSETS, CLIP STUDIO TABMATE, CLIP STUDIO MODELer"", ""会社名: セルシス, Celsys, 36630,\nブランド名: CLIP STUDIO, CLIP STUDIO PAINT, EX, PRO, CLIP STUDIO ASSETS, CLIP STUDIO TABMATE""]"
36650,３６６５０,エニグモ,情報通信・サービスその他,Enigmo|ENIGMO|3665|エニグモ株式会社,BUYMA|バイマ|BUYMA TRAVEL|BUYMA PRO|BUYMA ENGLISH,"[""会社名: エニグモ, Enigmo,\nブランド名: BUYMA, バイマ, BUYMA PRO, BUYMA TRAVEL, BUYMA ENGLISH"", ""会社名: エニグモ, ENIGMO, 3665, エニグモ株式会社, Enigmo Inc.,\nブランド名: BUYMA, バイマ"", ""会社名: エニグモ, Enigmo, 36650,\nブランド名: BUYMA, バイマ, つながるバイマ, BUYMA TRAVEL, BUYMA BEAUTY""]"
36680,３６６８０,コロプラ,情報通信・サービスその他,Colopl|コロプラ社|コロプラ株式会社|Colopl Inc.,白猫プロジェクト|黒猫のウィズ|クイズRPG 魔法使いと黒猫のウィズ|白猫テニス|ドラゴンプロジェクト,"[""会社名: コロプラ, Colopl,\nブランド名: 白猫プロジェクト, 黒猫のウィズ, クイズRPG 魔法使いと黒猫のウィズ, 白猫テニス, ドラゴンプロジェクト"", ""会社名: コロプラ, Colopl, コロプラ社, コロプラ株式会社, Colopl Inc.,\nブランド名: 白猫プロジェクト, 黒猫のウィズ, クイズRPG 魔法使いと黒猫のウィズ, 白猫テニス, ドラゴンプロジェクト"", ""会社名: コロプラ, COLOPL, 3668,  \nブランド名: 白猫プロジェクト, 黒猫のウィズ, VRプロダクト,  \n\n(Note: The list may not be exhaustive and could change over time as new products or brands are introduced.)""]"
36730,３６７３０,ブロードリーフ,情報通信・サービスその他,Broadleaf|ブロリ|BL|BLF,Carpod|Parts Station|BL Parts Order System|Super Front Desk|Maintenance.c,"[""会社名: ブロードリーフ, Broadleaf,\nブランド名: Carpod, Parts Station, Super Front Desk, Maintenance.c, BL Parts Order System"", ""会社名: ブロリ, BL, Broadleaf,\nブランド名: Carpod, SPG, Parts Station, BL Parts Order System, BL Cloud Platform"", ""会社名: ブロードリーフ, BLF, ブロリ, ブロード, リーフ,\nブランド名: Carpod, Broadleaf Cloud Platform, Parts Station, Repair Order System, BL Parts Order""]"
36760,３６７６０,デジタルハーツホールディングス,情報通信・サービスその他,デジタルハーツ|Digital Hearts|DH|デジハ,未知のため情報なし|不具合検証サービス|セキュリティ診断サービス|ゲームデバッグ,"[""会社名: デジタルハーツ, Digital Hearts,\nブランド名: 未知のため情報なし"", ""申し訳ありませんが、「デジタルハーツホールディングス」についての具体的な略称やブランド名のリストを提供することはできません。ただし、一般的には企業名の略称としては「デジタルハーツ」や「DH」などが使われることがあります。ブランド名や製品名については、公式な情報を参照することをお勧めします。"", ""会社名: デジタルハーツ, DH, デジハ, デジタルハーツHD, デジハHD,\nブランド名: 不具合検証サービス, セキュリティ診断サービス, ゲームデバッグ, QAサービス, テストソリューション,""]"
36780,３６７８０,メディアドゥ,情報通信・サービスその他,Media Do|メディアドゥホールディングス|MD|Media Do Holdings,Flier|MyAnimeList|Pubridge|Media Do International|Media Do Book Store,"[""会社名: メディアドゥ, Media Do, メディアドゥホールディングス, Media Do Holdings,\nブランド名: Flier, MyAnimeList, Media Do Book Store, Pubridge, Media Do International"", ""会社名: メディアドゥ, Media Do, メディアドゥHD, メディアドゥホールディングス, MD\nブランド名: Flier, Media Do Books, MyAnimeList, Pubridge, Media Do International"", ""会社名: メディアドゥ, MD,\nブランド名: ...""]"
36790,３６７９０,じげん,情報通信・サービスその他,ZIGExN|ZIGExN Co.|Ltd.|ZIGExN Inc.,転職EX|バイトルNEXT|リジョブ|ミツモア|スマイスター,"[""会社名: じげん, ZIGExN, ZIGExN Co., Ltd.,\nブランド名: 転職EX, バイトルNEXT, リジョブ, ミツモア, スマイスター"", ""会社名: じげん, ZIGExN, ZIGExN Co., Ltd., ZIGExN Inc.,\nブランド名: 転職EX, バイトルNEXT, リジョブ, ハウジングEX, 自動車EX"", ""会社名: じげん, ZIGExN, ZIGExN Co., Ltd.,  \nブランド名: 転職EX, バイトルNEXT, リジョブ, スマートキャリア, ミドルの転職""]"
36810,３６８１０,ブイキューブ,情報通信・サービスその他,V-Cube|Vキューブ|Vcube,V-CUBE ミーティング|V-CUBE セミナー|V-CUBE ドキュメント|V-CUBE センター|V-CUBE ボード,"[""会社名: V-Cube, Vキューブ, ブイキューブ,\nブランド名: V-CUBE ミーティング, V-CUBE セミナー, V-CUBE センター, V-CUBE ドキュメント, V-CUBE ボード"", ""会社名: Vキューブ, V-Cube, Vcube, ブイキューブ,\nブランド名: V-CUBE ミーティング, V-CUBE セミナー, V-CUBE コラボレーション, V-CUBE ドキュメント, V-CUBE ボード"", ""会社名: Vキューブ, V-Cube, ブイキューブ,\nブランド名: V-CUBE ミーティング, V-CUBE セミナー, V-CUBE センター, V-CUBE コラボレーション, V-CUBE ドキュメント""]"
36870,３６８７０,フィックスターズ,情報通信・サービスその他,Fixstars|36870,Accel|FTL|F3|M3|FDX,"[""会社名: フィックスターズ, Fixstars,\nブランド名: Accel, F3, M3, FTL, FDX"", ""会社名: フィックスターズ, Fixstars,\nブランド名: Accel, F3, M3, FTL, FTL SDK"", ""会社名: フィックスターズ, Fixstars, 36870,   \nブランド名: Accel, FTL, M³, SSD, OpenCL Solutions""]"
36880,３６８８０,ＣＡＲＴＡ　ＨＯＬＤＩＮＧＳ,情報通信・サービスその他,CARTA|カルタホールディングス,Zucks|PORTO|Fluct|VeleT|XICA,"[""会社名: CARTA, CARTA HOLDINGS, カルタホールディングス, カルタ,\nブランド名: Zucks, PORTO, Fluct, VeleT, XICA"", ""会社名: CARTA, CARTA HD, CARTA Holdings, カルタHD, カルタホールディングス  \nブランド名: Zucks, Fluct, PORTO, VeleT, EC Navi"", ""会社名: CARTA, CARTA HD, カルタHD, カルタ, 36880,\nブランド名: ...,""]"
36940,３６９４０,オプティム,情報通信・サービスその他,OPTiM|オプティム株式会社|OPTiM Corporation|オプティムジャパン,Optimal Biz|Optimal Remote|Optimal Second Sight|Optimal IoT|Optimal Virtual,"[""会社名: オプティム, OPTiM, オプティム株式会社, OPTiM Corporation\nブランド名: Optimal Biz, Optimal Remote, Optimal Second Sight, Optimal IoT, Optimal Virtual"", ""会社名: オプティム, OPTiM, オプティムジャパン, オプティム株式会社, OPTiM Japan  \nブランド名: Optimal Biz, Optimal Remote, Optimal Second Sight, Optimal IoT, Optimal Virtual"", ""会社名: オプティム, OPTiM,\nブランド名: Optimal Biz, Optimal Remote, Optimal Second Sight, Optimal IoT, Optimal AI""]"
36960,３６９６０,セレス,情報通信・サービスその他,CERES|Ceres|36960,Moppy|Moppyクレジットカード|Moppyゲーム,"[""会社名: セレス, CERES,\nブランド名: Moppy, Moppyリサーチ, Moppyポイント, Moppyクレジットカード, Moppyゲーム"", ""会社名: セレス, Ceres, 36960,\nブランド名: Moppy, Moppyガチャ, Moppyクレジットカード, Moppyポイント, Moppyゲーム"", ""会社名: セレス, CERES,  \nブランド名: Moppy, ポイントインカム, BITDAYS,  \n\n(Note: The company \""セレス\"" (Ceres Inc.) primarily operates in the digital marketing and cryptocurrency sectors, and these are some of the brands and services associated with it. The list may not be exhaustive and can change over time.)""]"
36970,３６９７０,ＳＨＩＦＴ,情報通信・サービスその他,SHIFT|シフト|SHIFT Inc.|36970,CAT|CAT検定|CATテスト|CATプラットフォーム|CAT試験,"[""会社名: SHIFT, シフト,\nブランド名: CAT, CAT検定, CATテスト, CAT試験, CATプラットフォーム"", ""会社名: SHIFT, シフト,\nブランド名: CAT, CAT検定, CATテスト, CATプラットフォーム, CATツール"", ""会社名: SHIFT, シフト, SHIFT Inc., 株式会社SHIFT, 36970  \nブランド名: 特定のブランド名や製品名は公表されていない可能性があります。""]"
37080,３７０８０,特種東海製紙,素材・化学,特種東海|Tokushu Tokai Paper Co.|Ltd.|Tokushu Tokai,クリーンペーパー|エコグリーン|スーパーホワイト|ハイパーブライト|エコフレンドリー,"[""会社名: 特種東海, 特種東海製紙, Tokushu Tokai Paper Co., Ltd., Tokushu Tokai, TTP\nブランド名: エコグリーン, クリーンペーパー, スーパーホワイト, ハイパーブライト, エコフレンドリー"", ""申し訳ありませんが、「特種東海製紙」（証券コード: 37080）についての具体的な略称やブランド名のリストを提供することはできません。ただし、一般的に企業の略称やブランド名は、企業の公式ウェブサイトや投資家向け資料、または業界のニュースなどで確認できることがあります。特種東海製紙の公式情報を参照することをお勧めします。"", ""会社名: 特種東海, 特種東海製紙, 特東, 特種製紙, 東海製紙  \nブランド名: エコペーパー, クリーンペーパー, フレッシュペーパー, スーパーリサイクル, プレミアムペーパー""]"
37410,３７４１０,セック,情報通信・サービスその他,SECC,,"[""申し訳ありませんが、証券コード「37410」に該当する日本の企業情報は確認できません。証券コードや企業名が正しいか再度ご確認いただけますか？また、特定の企業についての情報が必要な場合は、企業名やブランド名を具体的に教えていただければ、可能な範囲でお手伝いいたします。"", ""申し訳ありませんが、証券コード「37410」に該当する企業情報が見つかりませんでした。証券コードや企業名が正しいかどうか再度ご確認いただけますか？また、具体的な企業名を教えていただければ、より正確な情報を提供できるかもしれません。"", ""会社名: セック, SECC,\nブランド名: ありません。""]"
37620,３７６２０,テクマトリックス,情報通信・サービスその他,テクマト|TMX|TechMatrix|テクマ,TechMatrix Cloud|TechMatrix Security|ProTech|WebSAM|ScanNet,"[""会社名: テクマト, TechMatrix, TMX,\nブランド名: ProTech, WebSAM, ScanNet, TechMatrix Cloud, TechMatrix Security"", ""会社名: テクマ, テクマト, TechMatrix, TMX, テクマトリックス\nブランド名: ProActive, WebSAM, FastAPP, TechMatrix Cloud, TechMatrix Security"", ""会社名: テクマト, テクマ, TMX, テクマトリ, 37620,\nブランド名: ProTech, TechMatrix Cloud, TechMatrix Security, TechMatrix Solutions, TechMatrix Analytics""]"
37630,３７６３０,プロシップ,情報通信・サービスその他,ProShip|PS,ProPlus|ProPlus固定資産管理|ProPlusリース管理|ProPlus減損会計|ProPlus資産管理,"[""会社名: プロシップ, ProShip,\nブランド名: ProPlus, ProPlus固定資産管理, ProPlusリース管理, ProPlus減損会計, ProPlus資産管理"", ""会社名: プロシップ, ProShip, PS,\nブランド名: ProPlus, AMMIC, ProPlus Cloud, ProPlus AI, ProPlus IoT"", ""会社名: プロシップ, PS, ProShip,\nブランド名: ProPlus, ProPlus1, ProPlus2, ProPlus3, ProPlus4""]"
37650,３７６５０,ガンホー・オンライン・エンターテイメント,情報通信・サービスその他,ガンホー|ガンホー・オンライン|GungHo|GungHo Online|ガンホーエンターテイメント,パズドラ|ラグナロクオンライン|TEPPEN|サモンズボード|ニンジャラ,"[""会社名: ガンホー, ガンホー・オンライン, GungHo, ガンホー・エンターテイメント, GungHo Online\nブランド名: パズドラ, ラグナロクオンライン, TEPPEN, サモンズボード, ケリ姫スイーツ"", ""会社名: ガンホー, GungHo, ガンホー・オンライン, ガンホーエンターテイメント, GungHo Online Entertainment  \nブランド名: パズドラ, ラグナロクオンライン, TEPPEN, ニンジャラ, サモンズボード"", ""会社名: ガンホー, ガンホー・オンライン, ガンホーエンターテイメント, GungHo, GungHo Online,\nブランド名: パズドラ, ラグナロクオンライン, TEPPEN, ニンジャラ, グランディア""]"
37690,３７６９０,ＧＭＯペイメントゲートウェイ,情報通信・サービスその他,GMO-PG|GMOペイメント|ペイメントゲートウェイ|GMO Payment Gateway|PG,PGマルチペイメントサービス|PGマルチペイメントプラットフォーム|GMO-PG決済代行サービス|PGマルチペイメントAPI,"[""会社名: GMO-PG, GMOペイメント, ペイメントゲートウェイ, GMO Payment Gateway,\nブランド名: PGマルチペイメントサービス, PGマルチペイメントプラットフォーム, GMO-PG決済代行サービス, PGマルチペイメントAPI, PGマルチペイメントセキュリティ"", ""会社名: GMO-PG, GMOペイメント, ペイメントゲートウェイ, GMO Payment Gateway, PG\nブランド名: PGマルチペイメントサービス, PGマルチペイメントプラットフォーム, PGカード, PGコンビニ決済, PG後払い"", ""会社名: GMO-PG, GMOペイメント, ペイメントゲートウェイ, GMO PG, PG\nブランド名: PGマルチペイメントサービス, PGマルチペイメント, GMO-PG決済, PG決済, GMOペイメントゲートウェイサービス""]"
37710,３７７１０,システムリサーチ,情報通信・サービスその他,シスリサ|SR|シスリ|System Research,なし,"[""申し訳ありませんが、「システムリサーチ」（証券コード: 37710）に関する具体的な略称やブランド名の情報は持っていません。一般的に、企業の略称やブランド名は公式ウェブサイトやプレスリリースで確認することができます。具体的な情報が必要な場合は、直接企業の公式情報源を参照してください。"", ""会社名: シスリサ, システムリサーチ, SR, シスリ, System Research  \nブランド名: なし"", ""会社名: シスリサ, システムリサーチ, SR,\nブランド名: 申し訳ありませんが、システムリサーチの具体的なブランド名や製品名についての情報は持っていません。""]"
37740,３７７４０,インターネットイニシアティブ,情報通信・サービスその他,IIJ|インターネットイニシアティブジャパン|Internet Initiative Japan|3774,IIJmio|IIJ GIO|IIJ SmartKey|IIJ Omnibus|IIJ Secure MX Service,"[""会社名: IIJ, インターネットイニシアティブジャパン, Internet Initiative Japan,\nブランド名: IIJmio, IIJ GIO, IIJ SmartKey, IIJ Secure MX, IIJ Omnibus"", ""会社名: IIJ, インターネットイニシアティブ, Internet Initiative Japan, 3774,\nブランド名: IIJmio, IIJ GIO, IIJ SmartKey, IIJ Secure MX Service, IIJ Omnibus"", ""会社名: IIJ, インターネットイニシアティブ, インターネットイニシアティブジャパン, 3774, IIJグループ,\nブランド名: IIJmio, IIJ GIO, IIJ SmartKey, IIJ Secure MX Service, IIJ Omnibus,""]"
37780,３７７８０,さくらインターネット,情報通信・サービスその他,さくら|Sakura Internet|Sakura|37780|さくらインター,さくらのVPS|さくらのクラウド|さくらのレンタルサーバ|さくらのメールボックス|さくらのSSL,"[""会社名: さくら, Sakura Internet, Sakura, さくらインターネット,\nブランド名: SAKURA Cloud, SAKURA VPS, SAKURA Dedicated Server, SAKURA Rental Server, SAKURA Internet of Things"", ""会社名: さくら, さくらインターネット, Sakura Internet, Sakura, 37780  \nブランド名: さくらのVPS, さくらのクラウド, さくらのレンタルサーバ, さくらのメールボックス, さくらのSSL"", ""会社名: さくら, さくらインターネット, Sakura Internet, Sakura, 37780  \nブランド名: さくらのクラウド, さくらのVPS, さくらのレンタルサーバ, さくらのメールボックス, さくらのSSL""]"
37880,３７８８０,ＧＭＯグローバルサイン・ホールディングス,情報通信・サービスその他,グローバルサイン|GMOグローバルサイン|GMO GlobalSign|GlobalSign Holdings|GMO-GSHD,GMO Sign|GMO SSL|GlobalSign|GMO TrustLogin|GMO Cloud,"[""会社名: GMOグローバルサイン, グローバルサイン, GMO GlobalSign, GlobalSign Holdings, GMO-GSHD  \nブランド名: GlobalSign, GMO Sign, GMO TrustLogin, GMO SSL, GMO Cloud"", ""申し訳ありませんが、「ＧＭＯグローバルサイン・ホールディングス」（証券コード: 37880）に関する具体的な略称やブランド名のリストを提供することはできません。ただし、一般的にGMOグループの企業は「GMO」や「グローバルサイン」といった略称で呼ばれることが多いです。また、ブランド名としては「GlobalSign」がよく知られています。具体的な情報については、公式サイトや関連資料をご確認ください。"", ""会社名: ＧＭＯグローバルサイン, グローバルサイン, GMO GS, GS Holdings, GMOサイン,\nブランド名: グローバルサイン, GMO Sign, GMOトラストログイン, GMOクラウド, GMO SSL""]"
38170,３８１７０,ＳＲＡホールディングス,情報通信・サービスその他,SRA|SRA Holdings|エスアールエー|ＳＲＡ,OpenStandia|SecureSAM|CodeDepot|WebSAM|SRA OSS,"[""会社名: SRA, SRA Holdings, エスアールエー, SRAホールディングス,\nブランド名: OpenStandia, SecureSAM, CodeDepot, WebSAM, SRA OSS, Inc."", ""申し訳ありませんが、「ＳＲＡホールディングス」（証券コード: 38170）についての具体的な略称やブランド名の情報は私のデータベースには含まれていないようです。一般的には、企業の略称やブランド名は公式ウェブサイトやプレスリリース、または業界内での通称として知られていることが多いです。具体的な情報を得るには、直接企業の公式情報を参照することをお勧めします。"", ""申し訳ありませんが、「ＳＲＡホールディングス」に関する具体的な略称やブランド名、製品名についての情報は持っていません。一般的には、企業の略称やブランド名、製品名は公式な資料や企業のウェブサイトで確認することができます。具体的な情報を知りたい場合は、公式な情報源を参照してください。""]"
38340,３８３４０,朝日ネット,情報通信・サービスその他,Asahi Net|ASN|38340|Asahi|朝日,ASAHIネット|ASAHI光|ASAHIネットWiMAX|ASAHIネットLTE,"[""会社名: 朝日ネット, Asahi Net,\nブランド名: ASAHIネット, ASAHIモバイル, ASAHI光, ASAHIネットWiMAX, ASAHIネットLTE"", ""申し訳ありませんが、「朝日ネット」（証券コード: 38340）に関する具体的な略称やブランド名のリストを提供することはできません。一般的には、企業の略称やブランド名は公式ウェブサイトやプレスリリースなどで確認することができます。"", ""会社名: 朝日ネット, Asahi Net, ASN, 38340, Asahi,\nブランド名: Asahi Net FTTH, Asahi Net WiMAX, Asahi Net LTE, Asahi Mobile WiMAX, Asahi Net docomo Hikari""]"
38350,３８３５０,ｅＢＡＳＥ,情報通信・サービスその他,eBASE|イーベース|eBASE Co.|Ltd.,eBASE PLM|eBASE DB|eBASE Web|eBASE Mobile|eBASE Cloud,"[""会社名: eBASE, イーベース,\nブランド名: eBASE PLM, eBASE DB, eBASE Web, eBASE Mobile, eBASE Cloud"", ""申し訳ありませんが、「ｅＢＡＳＥ」（証券コード: 38350）に関する具体的な略称やブランド名の情報は私のデータベースには含まれていません。一般的に、企業の略称やブランド名は公式ウェブサイトやプレスリリース、またはSNSでの利用状況を確認することで得られることが多いです。公式な情報源を参照することをお勧めします。"", ""会社名: eBASE, eBASE株式会社, eBASE Co., Ltd., eBASE Inc., eBASE Corp.,\nブランド名: eBASEプラットフォーム, eBASEソフトウェア, eBASEソリューション, eBASEサービス, eBASE製品""]"
38360,３８３６０,アバントグループ,情報通信・サービスその他,アバント|Avant Group|Avant|アバントG,DIVA|GLOVIA|ZEUS|Biz-IR|STRAVIS,"[""会社名: アバント, Avant Group, アバントグループ,\nブランド名: DIVA, ZEUS, GLOVIA, Biz-Analyst, SuperStream"", ""会社名: アバント, Avant Group, アバントグループ, Avant,\nブランド名: DIVA, ZEAL, GLOVIA, Biz-IR, STRAVIS"", ""会社名: アバント, アバントG, アバントHD, アバントホールディングス, AG,\nブランド名: DIVA, ZEUS, GLOVIA, Biz-IR, STRAVIS""]"
38370,３８３７０,アドソル日進,情報通信・サービスその他,アドソル|日進|38370|ADN,AD-SOL|AD-SOL NISSIN|AD-SOL IoT|AD-SOL AI,"[""会社名: アドソル, アドソル日進,\nブランド名: 申し訳ありませんが、アドソル日進の代表的なブランド名や製品名についての具体的な情報は持ち合わせていません。"", ""会社名: アドソル, 日進, アドソル日進,\nブランド名: AD-SOL, AD-SOL NISSIN, AD-SOL IoT, AD-SOL AI, AD-SOL Security"", ""会社名: アドソル, 日進, アドソル日進, 38370, ADN\nブランド名: 情報が不足しています。""]"
38430,３８４３０,フリービット,情報通信・サービスその他,FreeBit|FB,AdSiP|freebit mobile|ServersMan|Tone|CloudGarage,"[""会社名: フリービット, FreeBit,\nブランド名: AdSiP, freebit mobile, ServersMan, freebit cloud, freebit MVNO"", ""会社名: フリービット, FreeBit,\nブランド名: AdSiP, ServersMan, freebit mobile, Tone, CloudGarage"", ""会社名: フリービット, FB, FreeBit,\nブランド名: AdSiP, ServersMan, freebit mobile, Tone, CloudGarage""]"
38440,３８４４０,コムチュア,情報通信・サービスその他,コムチュア株式会社|Comture|Comture Corporation|COMTURE,特定のブランド名や製品名は公表されていない可能性があります。,"[""申し訳ありませんが、「コムチュア」（証券コード: 38440）についての具体的な略称やブランド名のリストを提供することはできません。ただし、一般的に企業の略称やブランド名は公式ウェブサイトやプレスリリース、または金融ニュースで確認することができます。"", ""会社名: コムチュア, Comture, コムチュア株式会社, Comture Corporation  \nブランド名:"", ""会社名: コムチュア, COMTURE, 38440, CT, コムチュア株式会社  \nブランド名: 特定のブランド名や製品名は公表されていない可能性があります。""]"
38530,３８５３０,アステリア,情報通信・サービスその他,ASTERIA|アステリア株式会社|Asteria Corporation|Asteria Co.,Gravio|Platio|ASTERIA Warp|Handbook|SnapCal,"[""会社名: アステリア, ASTERIA,\nブランド名: Gravio, Platio, ASTERIA Warp, Handbook, SnapCal"", ""会社名: アステリア, ASTERIA, アステリア株式会社, Asteria Corporation, Asteria Co., Ltd.,\nブランド名: Gravio, Platio, ASTERIA Warp, Handbook, Asteria Vision,"", ""会社名: アステリア, ASTERIA, 3853,  \nブランド名: Gravio, Platio, ASTERIA Warp, Handbook, SnapCal""]"
38540,３８５４０,アイル,情報通信・サービスその他,iL|IL|アイエル|Isle,アラジンオフィス|アラジンEC|アラジンPOS|物流大臣|販売大臣,"[""会社名: アイル, iL,\nブランド名: アラジンオフィス, 物流大臣, 販売大臣, 生産大臣, 建設大臣"", ""会社名: アイル, iL, IL, アイエル, Isle  \nブランド名: アラジンオフィス, アラジンEC, アラジンコネクト, アラジンPOS, アラジンモバイル"", ""会社名: アイル, Aile, AILE, 38540, アイル株式会社  \nブランド名: アラジンオフィス, Aladdin Office, アラジンEC, Aladdin EC, アラジンPOS""]"
38610,３８６１０,王子ホールディングス,素材・化学,王子HD|王子製紙|Oji Holdings|Oji Group|Oji Paper,ネピア|エルム|パルプ|フィルム|パッケージ,"[""会社名: 王子HD, Oji Holdings, Oji Group, Oji Paper, 王子製紙  \nブランド名: ネピア, エルム, パルプ, フィルム, パッケージ"", ""会社名: 王子HD, Oji Holdings, 王子製紙, Oji Paper, Oji Group  \nブランド名: ネピア, パンパ, エルム, プリントスター, クリネックス"", ""会社名: 王子HD, 王子製紙, 王子,\nブランド名: フレッシュライフ, ネピア, エルヴェール, パルプ, プリンターペーパー""]"
38630,３８６３０,日本製紙,素材・化学,Nippon Paper|Nippon Paper Group|日紙|NPHD,クリネックス|スコッティ|ネピア|プレミアムソフト|エコロジーパルプ,"[""会社名: 日本製紙, Nippon Paper, Nippon Paper Group, NPG,\nブランド名: クリネックス, スコッティ, ネピア, プレミアムソフト, エコロジーパルプ"", ""会社名: 日紙, Nippon Paper, NPHD, 日本製紙グループ,\nブランド名: ネピア, クリネックス, スコッティ, エコロジー, プレミアムソフト"", ""会社名: 日紙, 日本製紙, NPHD, Nippon Paper, Nippon Paper Group  \nブランド名: クリネックス, スコッティ, ネピア, プレミアムソフト, エコロジーパック""]"
38650,３８６５０,北越コーポレーション,素材・化学,北越|北越製紙|北越コーポ|Hokuetsu|Hokuetsu Corporation,北越パルプ|北越紙|北越クラフト|Hokuetsu Paper|Hokuetsu Premium,"[""会社名: 北越, 北越製紙, 北越コーポ, Hokuetsu Corporation, Hokuetsu\nブランド名: 北越パルプ, 北越紙, Hokuetsu Paper, Hokuetsu Premium, 北越クラフト"", ""会社名: 北越, 北越コーポ, 北越製紙, Hokuetsu, Hokuetsu Corp.,\nブランド名: フェザーカット, パルプ, 北越パルプ, 北越紙, 北越クラフト"", ""会社名: 北越, 北越コーポ, 北越紙, 北越製紙, 北越パルプ,\nブランド名: フロンテアライト, ホクエツペーパー, ホクエツボード, ホクエツパルプ, ホクエツパッケージ,""]"
38800,３８８００,大王製紙,素材・化学,大王|Daio Paper|Daio|DAIWA,エリエール|アテント|エルモア|クリンビュー|プレミアムティッシュ,"[""会社名: 大王, Daio Paper, Daio,\nブランド名: エリエール, アテント, エルモア, プレミアムティッシュ, エリエールトイレットティシュー"", ""会社名: 大王, 大王製紙, Daio, Daio Paper, DAIWA\nブランド名: エリエール, アテント, エルモア, プレミアム, クリンビュー"", ""会社名: 大王, エリエール, \nブランド名: エリエール, アテント, エルモア, クリンビュー, フルーツ王国""]"
39010,３９０１０,マークラインズ,情報通信・サービスその他,MarkLines|マークラインズ株式会社|ML|MARKLINES,情報プラットフォーム|自動車情報データベース|マーケットインテリジェンスサービス|自動車産業情報サービス|自動車市場分析ツール,"[""会社名: マークラインズ, MarkLines, マークラインズ株式会社,\nブランド名: 情報プラットフォーム, 自動車情報データベース, マーケットインテリジェンスサービス, 自動車産業情報サービス, 自動車市場分析ツール"", ""会社名: マークラインズ, MarkLines, ML  \nブランド名: 申し訳ありませんが、マークラインズに関連する具体的なブランド名や製品名の情報は見つかりませんでした。"", ""会社名: マークラインズ, MARKLINES, マークラインズ株式会社,  \nブランド名: 情報プラットフォーム, 自動車情報プラットフォーム,  \n\n(Note: The company is primarily known as \""マークラインズ\"" or \""MARKLINES\"" in financial news. Specific brand or product names may not be as prominently featured in typical financial news contexts.)""]"
39020,３９０２０,メディカル・データ・ビジョン,情報通信・サービスその他,MDV|メディカルデータビジョン|メディカルデータ|39020|Medical Data Vision,EVE|MDVコンテンツ|MDVアナリティクス|MDVデータサービス|MDV Act,"[""会社名: MDV, メディカルデータビジョン, Medical Data Vision, メディカル・データ・ビジョン,\nブランド名: EVE, MDV Act, MDV Analyzer, MDV Platform, MDV Data Lake"", ""会社名: MDV, メディカルデータビジョン, メディカルデータ, メディビジョン, 39020  \nブランド名: EVE, MDVコンテンツ, MDVアナリティクス, MDVデータプラットフォーム, MDVデータサービス"", ""会社名: MDV, メディカルデータビジョン, メディカルデータ, 39020,\nブランド名: EVE, MDVコンテンツ, MDVアナリティクス, MDVプラットフォーム, MDVデータサービス""]"
39030,３９０３０,ｇｕｍｉ,情報通信・サービスその他,gumi|GUMI Inc.|gumi Corporation|gumi Co.|Ltd.,Brave Frontier|The Alchemist Code|Brave Frontier 2|Phantom of the Kill|Final Fantasy Brave Exvius (collaboration),"[""会社名: gumi, GUMI Inc., gumi Corporation, gumi Co., Ltd.,\nブランド名: Brave Frontier, The Alchemist Code, Phantom of the Kill, Brave Frontier 2, Final Fantasy Brave Exvius (collaboration)"", ""会社名: gumi, GUMI, グミ, Gumi,\nブランド名: Brave Frontier, ファントム オブ キル, 誰ガ為のアルケミスト, The Alchemist Code, Brave Frontier 2"", ""会社名: gumi, gumi Inc., gumi株式会社,\nブランド名: Brave Frontier, The Alchemist Code, Phantom of the Kill, Brave Frontier 2, Final Fantasy Brave Exvius (collaboration)""]"
39150,３９１５０,テラスカイ,情報通信・サービスその他,TerraSky|Sky|テラスカイ株式会社|TerraSky Co.,SkyVisualEditor|SkyOnDemand|SkyEditor|SkyAuto|SkyVisualTest,"[""会社名: テラスカイ, TerraSky, テラスカイ株式会社, TerraSky Co., Ltd.,\nブランド名: SkyVisualEditor, SkyOnDemand, SkyEditor, SkyAuto, SkyVisualTest"", ""会社名: テラスカイ, TerraSky, TS, Sky,\nブランド名: SkyVisualEditor, SkyOnDemand, SkyEditor, SkyGateway, SkyAI"", ""会社名: テラスカイ, TSKY, Sky, テラス,\nブランド名: SkyVisualEditor, SkyOnDemand, SkyAutoConnector, SkySync, SkyEditor""]"
39160,３９１６０,デジタル・インフォメーション・テクノロジー,情報通信・サービスその他,DIT|デジタルインフォメーションテクノロジー|Digital Information Technology|デジタルインフォ|デジタル情報技術,WebARGUS|ShieldCMS|Aloft|DIT Security|DIT Cloud,"[""会社名: DIT, デジタルインフォメーションテクノロジー, Digital Information Technology,\nブランド名: WebARGUS, ShieldCMS, Aloft, DIT Security, DIT Cloud"", ""申し訳ありませんが、「デジタル・インフォメーション・テクノロジー」（証券コード: 39160）についての具体的な略称やブランド名の情報は持ち合わせていません。一般的には、企業の略称やブランド名は公式ウェブサイトやプレスリリース、またはSNSでの言及を通じて確認することができます。具体的な情報を得るには、これらの情報源を直接参照することをお勧めします。"", ""会社名: DIT, デジタルインフォ, デジタル情報技術, デジタル・インフォ, デジタルIT,\nブランド名: AEGIS, DITクラウド, DITモバイル, DITセキュリティ, DITソリューション,""]"
39210,３９２１０,ネオジャパン,情報通信・サービスその他,NeoJapan|NeoJ|39210,AppSuite|ChatLuck|desknet's NEO|desknet's CAMS|desknet's SSS,"[""会社名: ネオジャパン, NeoJapan, NeoJ,\nブランド名: desknet's NEO, AppSuite, ChatLuck, desknet's CAMS, desknet's SSS"", ""申し訳ありませんが、「ネオジャパン」（証券コード: 39210）に関する具体的な略称やブランド名のリストを提供することはできません。ただし、一般的な方法として、企業の略称やニックネームは通常、会社名を短縮したものや、英語名の頭文字を取ったものが使われることが多いです。また、ブランド名や製品名は企業の公式ウェブサイトやプレスリリースで確認することができます。具体的な情報をお求めの場合は、公式な情報源を参照してください。"", ""会社名: ネオジャパン, NeoJapan, 39210, ネオジャ, NeoJ,\nブランド名: desknet's, AppSuite, ChatLuck, NeoThru, NeoMobile""]"
39220,３９２２０,ＰＲ　ＴＩＭＥＳ,情報通信・サービスその他,PR TIMES|PRタイムズ|プレスリリース配信サービス|PR Times Japan|PR Times Inc.,PR TIMES|PR TIMES STORY|PR TIMES TV|PR TIMES LIVE|PR TIMES RESEARCH,"[""会社名: PR TIMES, プレスリリース配信サービス, PRタイムズ, PR Times Japan, PR Times Inc.,\nブランド名: PR TIMES, PR TIMES STORY, PR TIMES TV, PR TIMES LIVE, PR TIMES RESEARCH"", ""会社名: PR TIMES, プレスリリースタイムズ, PRタイムズ, PR TIMES Inc.,\nブランド名: PR TIMES, PR TIMES STORY, PR TIMES TV, PR TIMES LIVE, PR TIMES RESEARCH"", ""会社名: PR TIMES, PRタイムズ, PRタイムス, ピーアールタイムズ, ピーアールタイムス  \nブランド名: PR TIMES, PR TIMESニュース, PR TIMESストーリー, PR TIMESリリース, PR TIMESプロダクト""]"
39230,３９２３０,ラクス,情報通信・サービスその他,RAKUS|ラクス株式会社|RAKUS Co.|Ltd.,楽楽精算|楽楽明細|楽楽販売|楽楽勤怠|メールディーラー,"[""会社名: ラクス, RAKUS, ラクス株式会社, RAKUS Co., Ltd.,\nブランド名: 楽楽精算, 楽楽明細, 楽楽販売, 楽楽勤怠, メールディーラー"", ""会社名: ラクス, RAKUS, ラクス株式会社, RAKUS Co., Ltd.,\nブランド名: 楽楽精算, 楽楽明細, 楽楽販売, 楽楽勤怠, メールディーラー"", ""会社名: ラクス, RAKUS,  \nブランド名: 楽楽精算, 楽楽明細, 楽楽販売, 楽楽勤怠, 楽楽ワークフロー""]"
39250,３９２５０,ダブルスタンダード,情報通信・サービスその他,ダブスタ|DS,情報が不足しています,"[""申し訳ありませんが、「ダブルスタンダード」（証券コード: 39250）に関する具体的な略称やブランド名の情報は持っていません。一般的には、企業の略称やブランド名は公式ウェブサイトやプレスリリースで確認できます。"", ""申し訳ありませんが、「ダブルスタンダード」（証券コード: 39250）に関する具体的な略称やブランド名のリストを提供することはできません。ただし、一般的に企業の略称やブランド名は、企業の公式ウェブサイトやプレスリリース、または業界内での通称として知られていることが多いです。具体的な情報を知りたい場合は、公式な情報源を確認することをお勧めします。"", ""申し訳ありませんが、「ダブルスタンダード」（証券コード: 39250）に関する具体的な略称、ニックネーム、ブランド名、製品名についての情報は持ち合わせていません。ただし、一般的に企業名やブランド名は以下のように略されることがあります。\n\n1. 会社名: ダブスタ, DS\n2. ブランド名: 情報が不足しています\n\n具体的な情報は、公式の企業ウェブサイトや金融ニュースの報道を参照してください。""]"
39260,３９２６０,オープンドア,情報通信・サービスその他,OpenDoor|オープンドア株式会社|オープンドアジャパン|OD,たびらい|たびらいレンタカー|Travelko|たびらいツアー,"[""会社名: オープンドア, OpenDoor,\nブランド名: たびらい, Travelko, たびらいレンタカー, たびらいツアー, たびらいホテル"", ""会社名: オープンドア, OpenDoor, オープンドア株式会社, オープンドアジャパン, OD\nブランド名: たびらい, Travelko, 旅ココ, たびらいレンタカー, たびらいツアー"", ""会社名: オープンドア, OPEN DOOR, オープンドア株式会社,  \nブランド名: たびらい, TRAVELKO, 旅コ, 旅らい, たびらいレンタカー""]"
39320,３９３２０,アカツキ,情報通信・サービスその他,Akatsuki|AKTK|AKATSUKI|39320,八月のシンデレラナイン|ドラゴンボールZ ドッカンバトル|サウザンドメモリーズ|ロマンシング サガ リ・ユニバース|クリスタル オブ リユニオン,"[""会社名: アカツキ, Akatsuki,\nブランド名: 八月のシンデレラナイン, ドラゴンボールZ ドッカンバトル, サウザンドメモリーズ, ロマンシング サガ リ・ユニバース, クリスタル オブ リユニオン"", ""会社名: アカツキ, Akatsuki, AKTK,\nブランド名: 八月のシンデレラナイン, ドラゴンボールZ ドッカンバトル, サウザンドメモリーズ, クリスタル オブ リユニオン, ロマンシング サガ リ・ユニバース"", ""会社名: アカツキ, AKATSUKI, 39320,  \nブランド名: 八月のシンデレラナイン, ドラゴンボールZ ドッカンバトル, サウザンドメモリーズ, ロマンシング サガ リ・ユニバース,  \n\n(Note: The company name \""アカツキ\"" and its ticker symbol \""39320\"" are used as identifiers. The brand and product names listed are associated with Akatsuki Inc. and may vary over time as new products are developed or existing ones are rebranded.)""]"
39370,３９３７０,Ｕｂｉｃｏｍホールディングス,情報通信・サービスその他,Ubicom|Ubicom Holdings|Ubicom Group|Ubicom Co.|Ｕｂｉｃｏｍ,Sequoia|Ubicom AI|Ubicom Cloud|Ubicom IoT|Ubicom Solutions,"[""会社名: Ubicom, Ubicom Holdings, Ubicom HD, Ubicom Group, Ubicom Co.\nブランド名: Sequoia, Ubicom AI, Ubicom Cloud, Ubicom IoT, Ubicom Solutions"", ""申し訳ありませんが、「Ｕｂｉｃｏｍホールディングス」（証券コード: 39370）についての具体的な略称やブランド名の情報は私のデータベースには含まれていません。一般的には、企業の略称やブランド名は公式ウェブサイトや投資家向け資料、またはSNSでの使用例を確認することで得られることが多いです。"", ""会社名: Ubicom, Ubicom HD, Ubicom Holdings, 39370,\nブランド名: 申し訳ありませんが、Ubicomホールディングスの具体的なブランド名や製品名についての情報は持っていません。""]"
39390,３９３９０,カナミックネットワーク,情報通信・サービスその他,カナミック|KNW|カナミック社,カナミッククラウドサービス|カナミックケアプラットフォーム|カナミックヘルスケアシステム|カナミック介護支援システム|カナミック医療連携システム,"[""会社名: カナミック, カナミックネット, KNW, カナミックネットワークス, カナミック社  \nブランド名: カナミッククラウドサービス, カナミックケアプラットフォーム, カナミックヘルスケアシステム, カナミック介護支援システム, カナミック医療連携システム"", ""会社名: カナミック, カナミックネット, カナミックネットワーク, Kanamic,\nブランド名: カナミッククラウドサービス, カナミックケアプラットフォーム, カナミックヘルスケアソリューションズ, カナミックケアマネジメントシステム, カナミック在宅医療支援システム"", ""会社名: カナミック, カナミックネット, KNW, カナミック社, カナミックネットワーク,\nブランド名: カナミッククラウド, カナミックケア, カナミックヘルスケア, カナミックソリューション, カナミックプラットフォーム,""]"
39410,３９４１０,レンゴー,素材・化学,Rengo|Rengo Co.|Ltd.|Rengo Group,トライウォール|トライウォールジャパン|レンゴーパッケージング|レンゴーボックス|レンゴーコンテナ,"[""会社名: レンゴー, Rengo Co., Ltd., Rengo,\nブランド名: トライウォール, トライウォールジャパン, レンゴーパッケージング, レンゴーボックス, レンゴーコンテナ"", ""会社名: レンゴー, Rengo,\nブランド名: トライウォール, トライウォールパッケージ, トライウォールコンテナ, トライウォールボックス, トライウォールパレット"", ""会社名: レンゴー, Rengo, Rengo Co., Ltd., Rengo Group, レンゴー株式会社,\nブランド名: トライウォール, トライウォールジャパン, Rengo Packaging, Rengo Box, Rengo Container,""]"
39460,３９４６０,トーモク,素材・化学,Tohmoku|Tomoku|東洋木材|Tohmoku Co.,...,"[""会社名: トーモク, Tomoku,\nブランド名: 申し訳ありませんが、トーモクの代表的なブランド名や製品名に関する具体的な情報は提供できません。"", ""会社名: トーモク, Tohmoku,\nブランド名: ..."", ""会社名: トーモク, Tohmoku, 東洋木材, Tohmoku Co., Ltd.,  \nブランド名: 特定のブランド名や製品名は確認できません。""]"
39500,３９５００,ザ・パック,素材・化学,THE PACK|ザパック|PACK|39500,...|パックマン|エコパック|スマートパック|フレッシュパック,"[""会社名: ザ・パック, THE PACK,\nブランド名: ..."", ""会社名: ザ・パック, THE PACK, ザパック,\nブランド名: パックマン, エコパック, スマートパック, フレッシュパック, プロテクトパック"", ""会社名: ザ・パック, ザパック, PACK, 39500,  \nブランド名: 申し訳ありませんが、ザ・パックの具体的なブランド名や製品名についての情報は持っていません。""]"
39620,３９６２０,チェンジホールディングス,情報通信・サービスその他,チェンジ|CHG|Change Holdings,ふるさとチョイス|ふるさと納税|Change Digital Transformation|Change Management,"[""申し訳ありませんが、「チェンジホールディングス」（証券コード: 39620）に関する具体的な略称やブランド名の情報は持っていません。一般的に、企業の略称やブランド名は公式ウェブサイトやプレスリリース、または金融ニュースなどで確認することができます。具体的な情報が必要な場合は、これらの情報源を参照することをお勧めします。"", ""会社名: チェンジ, CHG, チェンジHD, Change Holdings, チェンジホールディングス\nブランド名: ふるさとチョイス, ふるさと納税, Change Digital Transformation, Change Management, Change AI"", ""申し訳ありませんが、「チェンジホールディングス」（証券コード: 39620）に関する具体的な略称やブランド名、製品名についての情報は持っていません。一般的には、企業の略称やブランド名は公式ウェブサイトやプレスリリース、または金融ニュースなどで確認することができます。""]"
39640,３９６４０,オークネット,情報通信・サービスその他,AUCNET|オーク|39640,AUCNET Exchange|AUCNET Auction|AUCNET Market|AUCNET Live|AUCNET BIZ,"[""会社名: オークネット, AUCNET,\nブランド名: AUCNET Exchange, AUCNET Auction, AUCNET Market, AUCNET BIZ, AUCNET Live"", ""会社名: オークネット, AUCNET, オーク,\nブランド名: Aucnet Exchange, Aucnet Auction, Aucnet Marketplace"", ""会社名: オークネット, AUCNET, 39640,\nブランド名: AUCNET Exchange, AUCNET Auction, AUCNET Market, AUCNET Live, AUCNET Solutions""]"
39830,３９８３０,オロ,情報通信・サービスその他,ORO,ZAC|ZAC Enterprise|ZAC Accounting|Reforma|CREWSENSE,"[""会社名: オロ, ORO,\nブランド名: ZAC, Reforma, CREWSENSE, ZAC Enterprise, ZAC Accounting"", ""申し訳ありませんが、「オロ」（証券コード: 39830）についての具体的な略称やブランド名のリストを提供することはできません。オロ株式会社は日本の企業で、主にクラウドサービスやERPソフトウェアの提供を行っています。一般的な情報として、企業の略称やブランド名は公式サイトやプレスリリースなどで確認することができます。"", ""会社名: オロ, ORO,  \nブランド名: ZAC, ZAC Enterprise, ZAC Sales, ZAC Accounting, ZAC CRM""]"
39840,３９８４０,ユーザーローカル,情報通信・サービスその他,User Local|UL|ユーロカ,Social Insight|User Insight|Social Media Analytics|Social Monitor|Social Trend,"[""会社名: ユーザーローカル, User Local,\nブランド名: Social Insight, User Insight, Social Monitor, Social Trend, Media Insight"", ""会社名: ユーザーローカル, User Local, UL, ユーロカ,\nブランド名: Social Insight, User Insight, Social Media Analytics, AIアナリスト, テキストマイニングツール"", ""会社名: ユーザーローカル, UL,\nブランド名: Social Insight, User Insight, Alchemy, Social Media Analytics, AI Analytics""]"
39930,３９９３０,ＰＫＳＨＡ　Ｔｅｃｈｎｏｌｏｇｙ,情報通信・サービスその他,PKSHA|PKSHA Technology|PKSHA Tech|PKSHAテック,PKSHA AI|PKSHA Insight|PKSHA Security|PKSHA Chatbot|PKSHA Predict,"[""会社名: PKSHA, PKSHA Technology, PKSHA Tech, PKSHAテクノロジー, PKSHAテック  \nブランド名: PKSHA AI, PKSHA Chatbot, PKSHA Insight, PKSHA Security, PKSHA Predict"", ""会社名: PKSHA, PKSHA Tech, PKSHA Technology, PKSHAテクノロジー, PKSHAテック  \nブランド名: PKSHA AI, PKSHA Chatbot, PKSHA Insight, PKSHA Security, PKSHA Analytics"", ""会社名: PKSHA, PKSHA Tech, PKSHA Technology,\nブランド名: PKSHA AI, PKSHA Insight, PKSHA Robotics, PKSHA Security, PKSHA Finance""]"
39940,３９９４０,マネーフォワード,情報通信・サービスその他,マネフォ|MF|Money Forward,マネーフォワード ME|マネーフォワード クラウド|マネーフォワード X|マネーフォワード ケッサイ|マネーフォワード ファミリー,"[""会社名: マネフォ, Money Forward, MF,\nブランド名: マネーフォワード ME, マネーフォワード クラウド, マネーフォワード X, マネーフォワード ケッサイ, マネーフォワード みんかぶ"", ""会社名: マネフォ, MF, Money Forward, マネーフォワード,\nブランド名: マネーフォワード ME, マネーフォワード クラウド, マネーフォワード X, マネーフォワード ケッサイ, マネーフォワード ファミリー"", ""会社名: マネフォ, MF, マネーフォワード,\nブランド名: マネーフォワード ME, マネーフォワード クラウド, マネーフォワード ケッサイ, マネーフォワード X, マネーフォワード ファミリー""]"
40040,４００４０,レゾナック・ホールディングス,素材・化学,レゾナック|Resonac|RH|レゾナック・,テクノポリマー|ダイセル|エポキシ樹脂|シリコーン|ポリカーボネート,"[""会社名: レゾナック, レゾナックHD, レゾナックホールディングス, Resonac,\nブランド名: テクノポリマー, ダイセル, エポキシ樹脂, シリコーン, ポリカーボネート"", ""申し訳ありませんが、「レゾナック・ホールディングス」に関する具体的な略称やブランド名のリストを提供することはできません。ただし、一般的に企業の略称やブランド名は、公式ウェブサイトやプレスリリース、業界の報道などで確認することができます。"", ""会社名: レゾナック, レゾナックHD, RH, レゾナックホールディングス, レゾナックHLDG,\nブランド名: レゾナックブランド, レゾナック製品, レゾナックテクノロジー, レゾナックマテリアル, レゾナックソリューションズ""]"
40050,４００５０,住友化学,素材・化学,Sumitomo Chemical|住化|住友化|Sumitomo Chem|スミトモケミカル,SumikaExcel|Sumikasuper|Sumifilm|Sumipex|Olyset Net,"[""会社名: Sumitomo Chemical, Sumitomo Chem, 住化,\nブランド名: Olyset Net, SumikaExcel, Sumikasuper, Sumifilm, Sumipex"", ""会社名: 住化, Sumitomo Chemical, スミトモケミカル, 住友ケミカル, 住友化,\nブランド名: ラウンドアップ, メトロノーム, アクティック, プロフィア, スミトモケミカル農薬"", ""会社名: 住化, Sumitomo Chemical, SC, 住友化,\nブランド名: Olyset, SumikaExcel, Sumikasuper, Sumifilm, Sumipex""]"
40080,４００８０,住友精化,素材・化学,Sumitomo Seika|SEIKA|Seika|住精,SUMIKAGEL|SUMIKATHENE|Aquapearl|PEO|SeikaSol,"[""会社名: 住友精化, Sumitomo Seika, Seika, 住精  \nブランド名: Aquapearl, PEO, SeikaSol, SUMIKAGEL, SUMIKATHENE"", ""会社名: 住友精化, Sumitomo Seika, SEIKA,\nブランド名: AQUA KEEP, SUMIKAGEL, SUMIFILM, SUMIKASUPER, SUMIKATHENE"", ""会社名: 住友精化, 住友化学, Sumitomo Seika, SEIKA, 40080  \nブランド名: 特定のブランド名や製品名は一般的に公開されていない場合があります。""]"
40210,４０２１０,日産化学,素材・化学,Nissan Chemical|NCK|日化|日産化学工業,ラウンドアップ|サンフード|サンアグラ|サンノック|サンフレッシュ,"[""会社名: 日産化学, Nissan Chemical,\nブランド名: ラウンドアップ, サンフード, サンアグラ, サンノック, サンフレッシュ"", ""会社名: 日産化学, Nissan Chemical, 日産化学工業, NCK, 日化,\nブランド名: ラウンドアップ, サンフード, トリフミン, ペンタキュロン, サンレッド,"", ""会社名: 日産化学, 日産化, NCK, Nissan Chemical, 日化,\nブランド名: ラウンドアップ, トリフルアミン, サンフロン, ペンタキュア, アリスタ""]"
40220,４０２２０,ラサ工業,素材・化学,ラサ|ラサ工|Rasa Industries|Rasa Kogyo|40220,ラサライト|ラサセラミックス|ラサケミカル|ラサメタル,"[""申し訳ありませんが、「ラサ工業」（証券コード: 40220）についての具体的な略称やブランド名の情報は私のデータベースには含まれていないようです。一般的には、企業の略称やブランド名は公式ウェブサイトやプレスリリース、または金融ニュースの報道などで確認することができます。"", ""会社名: ラサ, ラサ工, Rasa Industries, Rasa Kogyo, 40220,\nブランド名: ラサライト, ラサセラミックス, ラサケミカル, ラサメタル, ラサコンポジット,"", ""会社名: ラサ, ラサ工, ラサ工業,\nブランド名: 特定のブランド名や製品名は確認できません。""]"
40230,４０２３０,クレハ,素材・化学,Kureha|Kureha Corporation|KHC|Kureha Chemical,クレラップ|Seaguar|NEWクレラップ|Krehalon|Krefine,"[""会社名: クレハ, Kureha Corporation, Kureha,\nブランド名: クレラップ, NEWクレラップ, Seaguar, Krehalon, Krefine"", ""会社名: クレハ, Kureha,\nブランド名: クレラップ, シンセロン, クレハカーボン, クレハフロー, クレハフィルム"", ""会社名: クレハ, Kureha, KHC, Kureha Chemical, クレハ化学,\nブランド名: クレラップ, Seaguar, Kremezin, New Krewrap, PGA Resin,""]"
40250,４０２５０,多木化学,素材・化学,Taki Chemical|多木|40250|Taki Chem,Taki Fertilizer|タキロン|たき肥料|たき化成|Taki Compound,"[""会社名: 多木化学, Taki Chemical, Taki Chem,\nブランド名: たき肥料, Taki Fertilizer, たき化成, Taki Compound, たき農業資材"", ""会社名: 多木, 多木化, Taki Chemical, Taki, 40250,\nブランド名: タキロン, タキロンシーアイ, タキロンエコ, タキロンバイオ, タキロンアグリ,"", ""会社名: 多木化学, TAKI, Taki Chemical, 40250, 多木  \nブランド名: タキロン, Taki Fertilizer, Taki Chemical Products, Taki Agro, Taki Industrial""]"
40270,４０２７０,テイカ,素材・化学,TEIKA|帝人化成|帝化|帝人化学,テイカフォーム|テイカライト|テイカコート|テイカフィルム|テイカトップ,"[""会社名: テイカ, TEIKA,\nブランド名: テイカトップ, テイカライト, テイカコート, テイカシール, テイカフォーム"", ""会社名: テイカ, TEIKA, 帝人化成, 帝化,\nブランド名: エコテイカ, テイカライト, テイカフォーム, テイカフィルム, テイカパック"", ""会社名: テイカ, 帝人化成, 帝化, 帝人化学, 帝人ケミカル,\nブランド名: エコテック, テイカポリマー, テイカフィルム, テイカフォーム, テイカコート,""]"
40280,４０２８０,石原産業,素材・化学,石原|ISK|石原産,ルチル|チタンオックス|クリスタルティン|クリスタルパール,"[""申し訳ありませんが、「石原産業」（証券コード: 40280）に関する具体的な略称やブランド名についての情報は持ち合わせていません。ただし、一般的に企業の略称やブランド名は公式ウェブサイトやプレスリリース、または業界のニュースなどで確認することができます。石原産業の公式情報や業界の報道を参照することをお勧めします。"", ""会社名: 石原, ISK, 石原産,\nブランド名: チタンオックス, ルチル, クリスタルティン, クリスタルパール, クリスタルクリア"", ""会社名: 石原, ISK, 石原産,\nブランド名: ルチル, チタン, クリスタルガード, クリスタルプロテクト, クリスタルシールド""]"
40410,４０４１０,日本曹達,素材・化学,日曹|Nippon Soda|Nisso|日曹達|Nisso Group,モスピラン|アグロス|トレファノサイド|ニッソラン|ニッソーケミカル,"[""会社名: 日曹, Nippon Soda, Nisso,\nブランド名: モスピラン, アグロス, トレファノサイド, ニッソラン, ニッソーケミカル"", ""会社名: 日曹, 日曹達, Nippon Soda, Nisso, Nisso Group  \nブランド名: モスピラン, アグロカート, トレファラン, サンケム, サンフロン"", ""会社名: 日曹, 日本曹達, 日曹工業, 日曹化学, 日曹グループ,\nブランド名: アグリノール, ソーダッシュ, ソーダライト, ソーダミックス, ソーダクリーン""]"
40420,４０４２０,東ソー,素材・化学,Tosoh|東ソー株式会社|Tosoh Corporation|東ソーケミカル,Zeonex|Nipoflex|Toyopearl|Zeonor|Toyocat,"[""会社名: Tosoh, 東ソー,\nブランド名: Zeonex, Zeonor, Nipoflex, Toyopearl, Toyocat"", ""会社名: 東ソー, Tosoh, 東ソー株式会社, Tosoh Corporation, 東ソーケミカル,\nブランド名: Zeonex, Toyopearl, Nipoflex, Hivis, Zirconia"", ""会社名: 東ソー, TOSOH,   \nブランド名: Zeonex, Zeonor, Toyopearl, Nipoflex, TOSOH Bioscience""]"
40430,４０４３０,トクヤマ,素材・化学,Tokuyama|Tokuyama Corporation|40430,セメント|シリカ|ポバール|ポリオレフィン|電子材料,"[""会社名: トクヤマ, Tokuyama Corporation, Tokuyama,\nブランド名: セメント, シリカ, ポリオレフィン, 電子材料, 医薬品"", ""会社名: トクヤマ, Tokuyama,\nブランド名: セメント, シリカ, ポバール, イオン交換樹脂, アルミナ"", ""会社名: トクヤマ, Tokuyama, 40430,\nブランド名: セメント, シリカ, ポバール, ソーダ灰, フレークアルカリ""]"
40440,４０４４０,セントラル硝子,素材・化学,CGC|Central Glass|セントラル|中央硝子,セントラルミラー|セントラルガラス|セントラルフィルム|セントラルケミカル|セントラルコーティング,"[""会社名: セントラル硝子, Central Glass, CGC,\nブランド名: セントラルミラー, セントラルガラス, セントラルフィルム, セントラルケミカル, セントラルコーティング"", ""会社名: セントラル硝子, セントラル, CGC, Central Glass,\nブランド名: セントラルガラス, セントラルミラー, セントラルケミカル, セントラルフィルム, セントラルコーティング"", ""会社名: セントラル硝子, セントラル, CGC, 中央硝子, セン硝,\nブランド名: セントラルガラス, セントラルミラー, セントラルフィルム, セントラルケミカル, セントラルエナジー""]"
40450,４０４５０,東亞合成,素材・化学,TOAGOSEI|東亞|東亞化学|TOA,アロンアルフア|アロンテープ|アロンフィックス|アロンボンド|Aron Alpha,"[""会社名: 東亞合成, TOAGOSEI, 東亞, 東亞化学, 東亞グループ  \nブランド名: アロンアルフア, Aron Alpha, Aronix, Aron Mighty, Aron Coat"", ""会社名: 東亞, 東亞合成, TOA, TOAGOSEI, 東亞化学,\nブランド名: アロンアルフア, アロンテープ, アロンコート, アロンフィックス, アロンボンド"", ""会社名: 東亞合成, TOA, 東亞, 合成, TOAGOSEI  \nブランド名: アロンアルフア, アロンテープ, アロンフィックス, アロン, アロンボンド""]"
40460,４０４６０,大阪ソーダ,素材・化学,OSAKA SODA CO.|LTD.|OSAKA SODA|大ソ,エポキシ樹脂|アクリル樹脂|ソーダ灰|塩化ビニル|界面活性剤,"[""会社名: 大阪ソーダ, Osaka Soda, OSAKA SODA CO., LTD.,\nブランド名: エポキシ樹脂, アクリル樹脂, ソーダ灰, 塩化ビニル, 界面活性剤"", ""会社名: 大阪ソーダ, OSAKA SODA, 大ソ, オーソーダ, OSAKA SODA CO., LTD.,\nブランド名: エピクロマー, エピコート, ソーダライト, ソーダクリーン, ソーダフレッシュ"", ""会社名: 大阪ソーダ, 大ソ, OSAKA SODA,  \nブランド名: エポキシ樹脂, アクリル樹脂, フェノール樹脂, 塩化ビニル, ソーダ灰""]"
40470,４０４７０,関東電化工業,素材・化学,Kanto Denka|KDK|関電化|Kanto Denka Kogyo|Kanto Chemical,KDKフッ素化学製品|KDK高純度ガス|KDK電子材料|KDK化学品,"[""申し訳ありませんが、関東電化工業についての具体的な略称やブランド名のリストを提供することはできません。ただし、一般的に企業の略称やブランド名は、企業の公式ウェブサイトや金融ニュース、業界レポートなどで確認することができます。関東電化工業の公式な情報源を参照することをお勧めします。"", ""会社名: 関電化, Kanto Denka, KDK, Kanto Denka Kogyo, Kanto Chemical,\nブランド名: KDKフッ素化学製品, KDK高純度ガス, KDK電子材料, KDK化学品, KDK触媒"", ""会社名: 関東電化, 関東電化工, Kanto Denka, KDK, 40470  \nブランド名: 特定のブランド名や製品名は一般的に公開されていない可能性があります。""]"
40530,４０５３０,Ｓｕｎ　Ａｓｔｅｒｉｓｋ,情報通信・サービスその他,サンアスタリスク|Sun*|Sun Asterisk|サンアス|Sun Asterisk Inc.,Sun* Startups|Sun* Ventures|Astarisk Platform|Sun* Tech Lab|Sun* Academy,"[""会社名: サンアスタリスク, Sun*, Sun Asterisk, サンアス  \nブランド名: Astarisk Platform, Sun* Tech Lab, Sun* Startups, Sun* Ventures, Sun* Academy"", ""会社名: サンアス, Sun*, Sun Asterisk, サンアスタリスク, Sun Asterisk Inc.,\nブランド名: Astarisk, Sun* Consulting, Sun* Startups, Sun* Tech, Sun* Ventures"", ""会社名: Sun*, サンアスタリスク, サンアス, Sun Asterisk, サン*,\nブランド名: 特定のブランド名や製品名は一般的に報道されていません。""]"
40610,４０６１０,デンカ,素材・化学,Denka|デンカ株式会社|Denka Company Limited|デンカケミカル,セラミックス|エラストマー|ポリマー|セラミックフィルター|デンカブラック,"[""会社名: デンカ, Denka, デンカ株式会社, Denka Company Limited, デンカケミカル\nブランド名: セラミックフィルター, デンカブラック, デンカスチレン, デンカポリマー, デンカエラストマー"", ""会社名: デンカ, Denka,\nブランド名: アグリバイオ, セラミックス, エラストマー, ポリマー, フィルム"", ""会社名: デンカ, DENKA, デンカ株式会社, Denka Co., Ltd., 4061,\nブランド名: セラミックス, エラストマー, ポリマー, アセチレンブラック, シリコーン,""]"
40620,４０６２０,イビデン,電機・精密,IBIDEN|イビデン株式会社|Ibiden|IBIDEN Co.,IBIDEN Ceramics|IBIDEN Electronics|IBIDEN Graphite|IBIDEN Porous|IBIDEN Power,"[""会社名: イビデン, Ibiden,\nブランド名: IBIDEN Ceramics, IBIDEN Electronics, IBIDEN Graphite, IBIDEN Porous, IBIDEN Power"", ""会社名: イビデン, IBIDEN, イビデン株式会社, IBIDEN Co., Ltd.,\nブランド名: IBIDEN Ceramics, IBIDEN Graphite, IBIDEN Electronics, IBIDEN Fine Ceramics, IBIDEN Power Systems"", ""会社名: イビデン, IBIDEN, イビデン株式会社,\nブランド名: IBIDEN DPF, IBIDEN CERAM, IBIDEN GRAPHITE, IBIDEN FOIL, IBIDEN PCB""]"
40630,４０６３０,信越化学工業,素材・化学,信越化学|信越|SEH|Shin-Etsu,シンエツポリマー|シンエツシリコーン|シリコーン|シンエツケミカル|シンエツPVC,"[""会社名: 信越化学, Shin-Etsu Chemical, 信越, SEH, Shin-Etsu\nブランド名: シリコーン, シンエツポリマー, シンエツケミカル, シンエツシリコーン, シンエツPVC"", ""会社名: 信越化学, 信越, Shin-Etsu, SEH, 信越化学工業\nブランド名: シンエツシリコーン, シンエツポリマー, シンエツPVC, シンエツケミカルズ, シンエツエレクトロニクス"", ""会社名: 信越化学, 信越, Shin-Etsu, SEH, 信越化学工業,\nブランド名: シリコーン, シンエツ, シンエツポリマー, シンエツケミカル, シンエツシリコーン,""]"
40640,４０６４０,日本カーバイド工業,素材・化学,日本カーバイド|Nippon Carbide Industries|カーバイド|NIC,カーバイドフィルム|カーバイドシート|カーバイドコーティング|カーバイドレジン|カーバイドテープ,"[""会社名: 日本カーバイド, 日本カーバイド工業, Nippon Carbide Industries,\nブランド名: カーバイドフィルム, カーバイドシート, カーバイドテープ, カーバイドコーティング, カーバイドラベル"", ""会社名: 日本カーバイド, カーバイド, NIC, Nihon Carbide, NCI\nブランド名: カーボンブラック, カーバイドフィルム, カーバイドレジン, カーバイドコーティング, カーバイドケミカル"", ""会社名: 日カーバイド, JCI, 日本カーバイド, カーバイド工業, JCC\nブランド名: カーボンマスター, カーバイドフィルム, カーバイドレジン, カーバイドペレット, カーバイドシート""]"
40710,４０７１０,プラスアルファ・コンサルティング,情報通信・サービスその他,PAC|プラスアルファ|プラアル|プラスアルファコンサル|プラスアルファ・コンサル,Talent Palette|Customer Rings|POSITIVE|Visual Mieruka,"[""申し訳ありませんが、「プラスアルファ・コンサルティング」についての具体的な略称やブランド名の情報は私のデータベースには含まれていません。一般的に、企業の略称やブランド名は公式ウェブサイトやプレスリリースで確認することができます。"", ""会社名: PAC, プラアル, プラスアルファ, プラスアルファコンサル, プラスアルファ・コンサル,\nブランド名: Talent Palette, Customer Rings, Visual Mieruka, POSITIVE, Talent Palette Analytics"", ""会社名: PAC, プラスアルファ,\nブランド名: Talent Palette, Customer Rings, Visual Mining Studio, POSITIVE, KARTE Blocks""]"
40720,４０７２０,電算システムホールディングス,情報通信・サービスその他,電算システム|Densan System Holdings|DSH|Densan,PayB|DS Payment|DS Trust|DS Cloud|DS Security,"[""会社名: 電算システム, Densan System Holdings, DSH,\nブランド名: PayB, DS Payment, DS Trust, DS Cloud, DS Security"", ""申し訳ありませんが、「電算システムホールディングス」（証券コード: 40720）についての具体的な略称やブランド名の情報は持ち合わせていません。一般的には、企業の略称やニックネームはSNSやトレーダーの間で独自に作られることが多く、公式な情報としては提供されていないことが多いです。また、ブランド名や製品名も企業の公式発表やマーケティング資料に依存するため、具体的な情報が必要な場合は、企業の公式サイトや関連するニュースリリースを参照することをお勧めします。"", ""会社名: 電算システム, Densan,\nブランド名: なし""]"
40780,４０７８０,堺化学工業,素材・化学,堺化学|堺化|Sakai Chemical|Sakai Chem|SKC,サカエライト|サカエライトZ|サカエライトG|サカエライトS|サカエライトP,"[""会社名: 堺化学, Sakai Chemical, Sakai Chem, SKC, 堺化\nブランド名: サカエライト, サカエライトZ, サカエライトG, サカエライトS, サカエライトP"", ""会社名: 堺化学, 堺化, Sakai Chemical, Sakai Chem, SCK  \nブランド名: ハイライト, サカライト, サカラック, サカミック, サカテック"", ""会社名: 堺化学, 堺化, SKC,  \nブランド名: ルミライト, ルミパール, ルミナック, ルミフィル, ルミシェード""]"
40820,４０８２０,第一稀元素化学工業,素材・化学,第一稀元素|DKG|DAIICHI KIGEN|DKG Chemical|Daiichi Kigenso,ZrO2|ZIRCONIA|DAIICHI ZIRCONIA|DAIICHI CERAMICS|DAIICHI POWDER,"[""会社名: DKG, 第一稀元素, DKG Chemical, Daiichi Kigenso, Daiichi Kigenso Kagaku Kogyo\nブランド名: ZrO2, ZIRCONIA, DAIICHI ZIRCONIA, DAIICHI CERAMICS, DAIICHI POWDER"", ""会社名: DAIICHI, 第一稀元素, DAIICHI KIGEN, DAIICHI RARE ELEMENTS, 第一化学,\nブランド名: KIGEN, DAIICHI PRODUCTS, RARE ELEMENTS SERIES, DAIICHI CHEMICALS, ELEMENTAL SOLUTIONS,"", ""会社名: 第一稀元素, DAIICHI KIGEN, DKG,\nブランド名: 申し訳ありませんが、具体的なブランド名や製品名の情報は見つかりませんでした。""]"
40880,４０８８０,エア・ウォーター,素材・化学,エアウォーター|AW|Air Water,アクアクララ|エアウォーターガス|ミネラルウォーター|クリンスイ|フレッシュマスター,"[""会社名: エア・ウォーター, Air Water,\nブランド名: ミネラルウォーター, アクアクララ, クリンスイ, フレッシュマスター, エアウォーターガス"", ""会社名: エアウォーター, AW, エア・ウォーター,\nブランド名: ミライエ, アクアクララ, エアウォーター農園, エアウォーターガス, エアウォーター物流"", ""会社名: エアウォーター, AW,\nブランド名: 具体的なブランド名や製品名は公開されていない場合がありますが、一般的に「エアウォーター」関連の製品やサービスはそのまま「エアウォーター」として認識されることが多いです。""]"
40910,４０９１０,日本酸素ホールディングス,素材・化学,NSHD|日本酸素|Nippon Sanso Holdings|NS Holdings|NS Group,MATHESON|Thermos|Sanarc|OXYPURE|VIVANT,"[""会社名: NSHD, 日本酸素, Nippon Sanso Holdings, NS Holdings, NS Group  \nブランド名: MATHESON, Thermos, Sanarc, OXYPURE, VIVANT"", ""申し訳ありませんが、「日本酸素ホールディングス」（証券コード: 40910）についての具体的な略称やブランド名のリストを提供することはできません。ただし、一般的な情報として、日本酸素ホールディングスは「Nippon Sanso Holdings」として知られ、産業ガス関連の製品やサービスを提供しています。ブランド名や製品名については、公式ウェブサイトや関連資料を参照することをお勧めします。"", ""会社名: 日本酸素, NSHD, 日本酸素HD, 日本酸素ホールディングス, NSホールディングス,\nブランド名: エアウォーター, オキシジェン, アクアガス, サンソテック, ガスプロ""]"
40920,４０９２０,日本化学工業,素材・化学,日化工|JCI|Nihon Kagaku Kogyo|Japan Chemical Industry Co.|Ltd.,硫酸バリウム|硫酸マグネシウム|カルシウムカーボネート|硫酸カルシウム|硫酸亜鉛,"[""会社名: 日化工, JCI, Nihon Kagaku Kogyo, Japan Chemical Industry Co., Ltd.,\nブランド名: カルシウムカーボネート, 硫酸バリウム, 硫酸カルシウム, 硫酸マグネシウム, 硫酸亜鉛"", ""会社名: 日化工, JCI, Nihon Kagaku Kogyo, NKK, Japan Chemical Industry,\nブランド名: フェロシアン化カリウム, 硫酸バリウム, 酸化亜鉛, 硫酸銅, 硫酸マグネシウム"", ""会社名: 日化工, JCI, NCI, 日本化工, Nihon Kagaku Kogyo,\nブランド名: 申し訳ありませんが、具体的なブランド名や製品名の情報は提供できません。""]"
40950,４０９５０,日本パーカライジング,素材・化学,日本パーカ|パーカライジング|Nihon Parkerizing|NPAC|NPK,パルコート|パルクリーン|パルサーム|パルパス|パルフラックス,"[""会社名: 日本パーカ, Nihon Parkerizing, NPAC,\nブランド名: パルコート, パルクリーン, パルサーム, パルパス, パルフラックス"", ""会社名: 日本パーカ, パーカライジング, NPK,\nブランド名: パルコート, パルファイン, パルホス, パルクリーン, パルクエスト"", ""会社名: 日本パーカ, パーカライジング, JPパーカ, 日パー, パーカ,\nブランド名: パルク, パルクテック, パーカコート, パーカプロテクト, パーカシール,""]"
40970,４０９７０,高圧ガス工業,素材・化学,高圧ガス|KOG|KOGAS|KOG Co.,エアウォーター|アルゴンガス|酸素ガス|窒素ガス|液化ガス,"[""会社名: 高圧ガス, 高圧ガス工業, KOG, KOGAS, KOG Co., Ltd.,\nブランド名: エアウォーター, アルゴンガス, 酸素ガス, 窒素ガス, 液化ガス"", ""会社名: 高圧ガス, 高圧ガス工業, KOG,\nブランド名: エアセーバー, ガスパック, ハイパーガス, スーパーガス, エコガス"", ""会社名: 高圧ガス, 高圧ガス工, KOG, 高圧ガス工業,\nブランド名: 具体的なブランド名や製品名は公開されていない可能性があります。""]"
40990,４０９９０,四国化成ホールディングス,素材・化学,四国化成|Shikoku Chemicals|Shikoku Chemical Holdings,エクステリア|ガーデンルーム|パレットクリート|セメントエース|セラミックコート,"[""会社名: 四国化成, 四国化成HD, Shikoku Chemicals, Shikoku Chemical Holdings, 四国化成ホールディングス\nブランド名: パレットクリート, セメントエース, セラミックコート, アクアシール, エポキシボンド"", ""会社名: 四国化成, 四国化成HD, Shikoku Kasei, Shikoku Kasei Holdings, SKH\nブランド名: パレット, エクステリア, フェンス, ガーデンルーム, カーポート"", ""会社名: 四国化成, 四国化成HD, 四国化成ホールディングス,\nブランド名: パレットHG, エクステリア, アルミス, セラミックウォール, ガーデンルーム""]"
41000,４１０００,戸田工業,素材・化学,戸田工|戸田|TDK,なし,"[""申し訳ありませんが、「戸田工業」（証券コード: 41000）に関する具体的な略称やブランド名の情報は持っていません。一般的に、企業の略称やブランド名は公式な情報源や企業のウェブサイトで確認することができます。"", ""申し訳ありませんが、「戸田工業」（証券コード: 41000）に関する具体的な略称やブランド名のリストを提供することはできません。一般的に、企業の略称やブランド名は、企業の公式ウェブサイトやプレスリリース、または業界の専門誌などで確認することができます。"", ""会社名: 戸田工, 戸田, TDK,  \nブランド名: なし""]"
41090,４１０９０,ステラ　ケミファ,素材・化学,ステラケミファ|ステラ|ステラ化学|Stella Chemifa|ステラケミカル,フッ化水素|エレクトロニクスケミカルズ|半導体用薬品|化学品|フッ素化学製品,"[""会社名: ステラケミファ, ステラ, Stella Chemifa,\nブランド名: フッ化水素, エレクトロニクスケミカルズ, 半導体用薬品, 化学品, フッ素化学製品"", ""会社名: ステラ, ステラケミファ, ステラ化学, ステラケミカル, SK\nブランド名: ステラガード, ステラシールド, ステラクリーナー, ステラプロテクト, ステラバリア"", ""会社名: ステラ, ステラケミファ, ステラ化学, ケミファ, 41090,\nブランド名: 該当なし""]"
41120,４１１２０,保土谷化学工業,素材・化学,保土谷|Hodogaya Chemical|保土谷化学|Hodogaya|41120,タフガード|タフガードE|タフガードS|タフガードP|タフガードF,"[""会社名: 保土谷, Hodogaya Chemical,\nブランド名: タフガード, タフガードE, タフガードS, タフガードF, タフガードP"", ""会社名: 保土谷, Hodogaya Chemical, 保土谷化学, Hodogaya,\nブランド名: タフガード, タフガードE, タフガードS, タフガードR, タフガードP"", ""会社名: 保土谷, 保土谷化学, Hodogaya Chemical, Hodogaya, 41120  \nブランド名: タフラム, ニューホープ, ニューレッド, ニューブラック, ニューブルー""]"
41140,４１１４０,日本触媒,素材・化学,Nippon Shokubai|日触|NS|NSC,アクリマー|エポマー|ハイポール|セポマー|アクアポール,"[""会社名: 日本触媒, Nippon Shokubai, NS,\nブランド名: アクリマー, エポマー, ハイポール, セポマー, アクアポール"", ""会社名: 日触, Nippon Shokubai, NSC, Shokubai, Nippon Catalyst  \nブランド名: アクリマー, エポマー, AQUA KEEP, NAIGUARD, HIZENTRAL"", ""会社名: 日触, 触媒, NSK, Nippon Shokubai, 日本触媒,\nブランド名: アクリポール, エポキシ, ソフレン, アクリル酸, ポリマー""]"
41160,４１１６０,大日精化工業,素材・化学,大日精|大日精化,ルミライト|ダイニック|ダイニックカラー,"[""申し訳ありませんが、「大日精化工業」についての具体的な略称やブランド名のリストを提供することはできません。ただし、一般的に企業の略称やブランド名は、企業の公式ウェブサイトや金融ニュース、業界の出版物などで確認することができます。"", ""申し訳ありませんが、「大日精化工業」（証券コード: 41160）についての具体的な略称やブランド名のリストを提供することはできません。ただし、一般的に企業の略称やブランド名は公式ウェブサイトや投資家向け資料などで確認できることが多いです。具体的な情報をお求めの場合は、公式な情報源を参照することをお勧めします。"", ""会社名: 大日精, 大日精化,\nブランド名: ルミライト, ダイニック, ダイニックカラー, ダイニックフィルム, ダイニックペイント""]"
41180,４１１８０,カネカ,素材・化学,Kaneka Corporation|Kaneka|カネカグループ|カネカケミカル,カネカQ10|カネカプロバイオティクス|カネカエポキシ樹脂|カネカコレステロール|カネカグルタチオン,"[""会社名: カネカ, Kaneka Corporation, Kaneka,\nブランド名: カネカコレステロール, カネカQ10, カネカプロバイオティクス, カネカグルタチオン, カネカエポキシ樹脂"", ""会社名: カネカ, Kaneka, Kaneka Corporation, カネカグループ, カネカケミカル,\nブランド名: カネカQ10, カネカプロバイオティクス, カネカオメガ3, カネカグルコサミン, カネカビタミンE"", ""会社名: カネカ, Kaneka, 4118, Kaneka Corporation, カネカグループ,\nブランド名: カネカQ10, カネカプロバイオティクス, カネカサプリメント, カネカバイオポリマー, カネカエポキシ樹脂,""]"
41510,４１５１０,協和キリン,医薬品,Kyowa Kirin|キリンファーマ|協和発酵キリン|KK,ポテリジオ|ノイトロジン|アムジェン|NESP|Poteligeo,"[""会社名: 協和キリン, Kyowa Kirin, KK,\nブランド名: NESP, Poteligeo, Crysvita, REGPARA, NOURIANZ"", ""会社名: 協和キリン, キリンファーマ, Kyowa Kirin, KKPC, 協和発酵キリン  \nブランド名: ポテリジオ, ノイトロジン, ナルトバン, アムジェン, クリザンチュマブ"", ""会社名: 協和キリン, 協和発酵キリン, キリンファーマ, KHK, Kyowa Kirin  \nブランド名: ポテリジオ, ノイトロジン, ナルフラフィン, アムジェン, クリザンチズマブ""]"
41800,４１８００,Ａｐｐｉｅｒ　Ｇｒｏｕｐ,情報通信・サービスその他,Appier|Appier Group|Appier Inc.|Appier Japan|Appier Co.,AiDeal|CrossX|AIXON|AIQUA|Appier AI Solutions,"[""会社名: Appier, Appier Group, Appier Inc.,\nブランド名: AiDeal, CrossX, AIXON, AIQUA, Appier AI Solutions"", ""会社名: Appier, Appier Group, Appier Inc., Appier Japan, Appier Co., Ltd.\n\nブランド名: AiDeal, CrossX, AIXON, AIQUA, Appier AI Solutions"", ""会社名: Appier, Appier Group, Appier社, Appierグループ, Appier Inc.,\nブランド名: AiDeal, CrossX, AIXON, BotBonnie, Appier AIQUA""]"
41820,４１８２０,三菱瓦斯化学,素材・化学,MGC|Mitsubishi Gas Chemical|三菱ガス|三菱瓦斯|三菱ガス化学,Iupilon|Novacure|MX-Nylon|Metton|Aromatic Aldehydes,"[""会社名: MGC, Mitsubishi Gas Chemical,\nブランド名: Iupilon, MX-Nylon, Novacure, Metton, Aromatic Aldehydes"", ""会社名: 三菱ガス, MGC, Mitsubishi Gas Chemical, 三菱瓦斯,\nブランド名: ノバペックス, イノバロン, キシレン, MXナイロン, ゼオノア"", ""会社名: 三菱ガス化学, MGC, 三菱ガス, ガス化学, MGCグループ,\nブランド名: Iupilon, Novacure, Reny, Shodex, Meta-Biome""]"
41830,４１８３０,三井化学,素材・化学,Mitsui Chemicals|MCI|三井化|Mitsui Chem,Tafmer|Lucant|Apel|ADMER|MILASTOMER,"[""会社名: 三井化学, Mitsui Chemicals, MCI, 三井化, Mitsui Chem  \nブランド名: Tafmer, Milastomer, Admer, Lucant, Apel"", ""会社名: 三井化学, Mitsui Chemicals, MCI, 三井ケミカル, Mitsui Chem,\nブランド名: ADMER, MILASTOMER, Tafmer, Lucant, Apel"", ""会社名: 三井化学, 三井化, Mitsui Chemicals, MCI, 4183,\nブランド名: ADMER, MILASTOMER, Tafmer, Lucant, STABiO""]"
41860,４１８６０,東京応化工業,素材・化学,TOK|東京応化|東応|東応化|TOC,TARC|OFPR|TMMR|TUV|TSP,"[""会社名: TOK, 東京応化,\nブランド名: TARC, OFPR, TMMR, TUV, TSP"", ""会社名: 東応, TOK, 東京応化  \nブランド名: TARC, OFPR, ARF, TMMR, TUVR"", ""会社名: 東応化, TOK, 東京応化, TOC, 東京応化工業,\nブランド名: TARC, OFPR, OEBR, OCG, ODC""]"
41870,４１８７０,大阪有機化学工業,素材・化学,大阪有機|大阪有機化学|Osaka Organic Chemical|OYC|OOC,OOCブランド|OOCレジン|OOCポリマー|OOCケミカル,"[""会社名: 大阪有機, 大阪有機化学, Osaka Organic Chemical, OOC, Osaka Yuki\nブランド名: OOCブランド, OOCレジン, OOCポリマー, OOCケミカル, OOCソリューション"", ""会社名: 大阪有機, 大阪有機化学, OYC, Osaka Organic Chemical,\nブランド名: OLIC, OLYESTER, OLICURE, OLICOL, OLIACID"", ""会社名: 大阪有機, 大阪有機化学, OYC, \nブランド名: 具体的なブランド名や製品名は公開されていない可能性があります。""]"
41880,４１８８０,三菱ケミカルグループ,素材・化学,三菱ケミカル|MCC|Mitsubishi Chemical|MCG,DIAMIRON|SHINKOLITE|ACRYPET|DURABIO|KAYAKU,"[""会社名: 三菱ケミカル, MCC, Mitsubishi Chemical, 三菱ケミカルグループ, Mitsubishi Chemical Group  \nブランド名: DURABIO, DIAMIRON, SHINKOLITE, KAYAKU, ACRYPET"", ""会社名: 三菱ケミカル, MCC, Mitsubishi Chemical, 三菱ケミカルグループ, MCG\nブランド名: ダイアペット, ケミカルガーデン, ルミフィル, アクアフィル, テクノポリマー"", ""会社名: 三菱ケミカル, MCC, 三菱ケミ, 三菱化学, MCG,\nブランド名: DIAMIRON, SHINKOLITE, NOVADURAN, DIACRON, ACRYPET""]"
41890,４１８９０,ＫＨネオケム,素材・化学,KHNC|ネオケム|KHネオケム|41890,ネオケムブランド|ネオケムケミカルズ|ネオケムソリューションズ|ネオケムスペシャリティーズ,"[""会社名: KHネオケム, KHNC, ネオケム,\nブランド名: ネオケムブランド, ネオケムケミカルズ, ネオケムソリューションズ, ネオケムスペシャリティーズ, ネオケムプロダクツ"", ""会社名: KHネオケム, KHNC, ネオケム, 41890,\nブランド名: ネオケム, ネオソルブ, ネオペンタン, ネオパール, ネオフロン"", ""会社名: ＫＨネオケム, KHNC, ネオケム, KH Neochem, 41890  \nブランド名: エコオール, Neocool, Neoflon, Neosol, Neofluid""]"
41940,４１９４０,ビジョナル,情報通信・サービスその他,41940|Visional|ビジョ|VSL,ビズリーチ|キャリトレ|HRMOS|BizReach|キャリアトレック,"[""申し訳ありませんが、具体的な企業の略称やブランド名についての最新情報は提供できません。ただし、一般的な情報として、企業の略称やブランド名は通常、企業の公式ウェブサイトやプレスリリース、または金融ニュースサイトで確認することができます。"", ""会社名: ビジョナル, Visional, 41940, ビジョ, VSL  \nブランド名: ビズリーチ, キャリトレ, HRMOS, BizReach, キャリアトレック"", ""会社名: ビジョナル, VIS, VJ, 41940, ビジョナル株式会社  \nブランド名: ビズリーチ, キャリトレ, HRMOS, BizReach, キャリアトレック""]"
42020,４２０２０,ダイセル,素材・化学,Daicel|Daicel Corporation|ダイセル化学工業|42020,トリアセテート|ダイアセテート|セルロイド|プラスチックフィルム|エポキシ樹脂,"[""会社名: ダイセル, Daicel Corporation, Daicel,\nブランド名: セルロイド, トリアセテート, ダイアセテート, プラスチックフィルム, エポキシ樹脂"", ""会社名: ダイセル, Daicel,\nブランド名: セルロースアセテート, トーレセプト, ダイフロン, ダイアナ, ダイパール"", ""会社名: ダイセル, Daicel, ダイセル化学工業, Daicel Corporation, 42020  \nブランド名: セルロース, トリアセテート, ダイアセテート, プラスチック, エポキシ""]"
42030,４２０３０,住友ベークライト,素材・化学,Sumitomo Bakelite|住ベ|住友ベーク|ベークライト|Sumibe,Durez|Sumilite|Sumiploy|Sumilene|Sumipex,"[""会社名: Sumitomo Bakelite, Sumibe, SBK, 住ベ, 住友ベーク  \nブランド名: Durez, Sumilite, Sumiploy, Sumilene, Sumipex"", ""会社名: 住友ベーク, ベークライト, Sumitomo Bakelite, SB, 住ベ\nブランド名: ベークライト, SUMIBON, SUMILITE, SUMIFLON, SUMIPEX"", ""会社名: 住ベ, ベークライト, 住友ベ, Sumitomo Bakelite, SBH,\nブランド名: Durez, Sumilite, Sumiploy, Sumilite Film, Sumilite Sheet,""]"
42040,４２０４０,積水化学工業,素材・化学,積水化学|Sekisui Chemical|セキスイ|SKC|セキスイケミカル,セキスイハイム|セキスイメディカル|セキスイハウス|セキスイファミエス|セキスイエコロジー,"[""会社名: 積水化学, Sekisui Chemical,\nブランド名: セキスイハイム, セキスイハウス, セキスイファミエス, セキスイエコロジー, セキスイメディカル"", ""会社名: 積水化学, セキスイ, Sekisui Chemical, SKC, セキスイケミカル  \nブランド名: セキスイハイム, セキスイファミエス, セキスイメディカル, セキスイエコロジー, セキスイアクアシステム"", ""会社名: 積水化学, SEKISUI, 積水,  \nブランド名: セキスイハイム, セキスイハウス, エスロン, セキスイメディカル, セキスイフィルム""]"
42050,４２０５０,日本ゼオン,素材・化学,ゼオン|Zeon Corporation|Zeon,ZEONEX|ZEONOR|ZEOCOAT|ZEOPEL|ZEOFLARE,"[""会社名: 日本ゼオン, Zeon Corporation, ゼオン,\nブランド名: ZEONEX, ZEONOR, ZEONCHEM, ZEONEX C, ZEONORFILM"", ""会社名: 日本ゼオン, Zeon, ゼオン, Zeon Corporation, ゼオン株式会社  \nブランド名: ZEOCOAT, ZEONEX, ZEONOR, ZEOPEL, ZEOFLARE"", ""会社名: ゼオン, 日本ゼオン, ZEON,  \nブランド名: ZEONEX, ZEONOR, ZEOCOAT, ZEOPEL, ZEOFLARE""]"
42060,４２０６０,アイカ工業,素材・化学,アイカ|AICA|AICA Kogyo,セラール|アイカメラミン|アイカボンド|アイカフロア|アイカコート,"[""会社名: アイカ, AICA,\nブランド名: セラール, アイカボンド, アイカメラミン, アイカコート, アイカフロア"", ""会社名: アイカ, アイカ工業, AICA, AICA Kogyo, アイカコーポレーション  \nブランド名: セラール, アイカボンド, アイカメラミン, アイカフロア, アイカウォール"", ""会社名: アイカ, アイカ工業, AICA, AICA工業, AICA Kogyo  \nブランド名: セラール, アイカボード, アイカメラミン, アイカラミネート, アイカフローリング""]"
42080,４２０８０,ＵＢＥ,素材・化学,UBE|宇部興産|宇部|UBE Corporation,エコマックス|エコセメント|エコプラスチック|エコプロダクト|エコマテリアル,"[""会社名: UBE, 宇部興産, UBE Corporation, 宇部, UBEグループ  \nブランド名: エコマックス, エコセメント, エコプラスチック, エコプロダクト, エコマテリアル"", ""会社名: 宇部興産, UBE,\nブランド名: ポリクラフト, ポリブタジエン, ポリエステル, ナイロン, ポリカーボネート"", ""会社名: UBE, 宇部興産, 宇部, UBEグループ, UBE株式会社,\nブランド名: UBEケミカルズ, UBEマテリアルズ, UBEエンジニアリング, UBEプラスチックス, UBEエレクトロニクス,""]"
42120,４２１２０,積水樹脂,素材・化学,Sekisui Jushi|セキスイジュシ|Sekisui Plastic|42120,エスロン|エスロンパイプ|エスロンテープ|エスロンフィルム|エスロンシート,"[""会社名: 積水樹脂, Sekisui Jushi,\nブランド名: エスロン, セキスイ, スマートフェンス, ガードレール, プラスチックフェンス"", ""会社名: 積水樹脂, セキスイジュシ, Sekisui Jushi, Sekisui Plastic, 42120,\nブランド名: エスロン, エスロンパイプ, エスロンテープ, エスロンフィルム, エスロンシート,"", ""会社名: 積水樹脂, 積水, SEKISUI,\nブランド名: エスロン, エスロンパイプ, エスロンテープ, エスロンシート, エスロンフィルム""]"
42160,４２１６０,旭有機材,素材・化学,Asahi Yukizai|AYK|Asahi Organic Materials|Asahi Kasei Plastics,C-PVC|Eslon|Asahitec|AsahiGuard|AsahiBond,"[""会社名: 旭有機材, Asahi Yukizai, AYK, Asahi Organic Materials, Asahi Kasei Plastics,\nブランド名: C-PVC, Eslon, Asahitec, AsahiGuard, AsahiBond,"", ""会社名: 旭有機材, 旭有機, Asahi Yukizai, AYK, 旭,\nブランド名: C-PVC, HYPER, ASAHI AV, ASAHI AV VALVE, ASAHI AV FITTING"", ""会社名: 旭有機材, 旭有機材工業, 旭有機材株式会社, 旭有機材工業株式会社, 旭有機材工業(株),\nブランド名: なし""]"
42180,４２１８０,ニチバン,素材・化学,Nichiban,セロテープ|バトルウィン|ケアリーヴ|ナイスタック|ロイヒつぼ膏,"[""会社名: ニチバン, Nichiban,\nブランド名: セロテープ, バトルウィン, ケアリーヴ, ロイヒつぼ膏, ナイスタック"", ""会社名: ニチバン, Nichiban,\nブランド名: セロテープ, バトルウィン, ケアリーヴ, ロイヒつぼ膏, ナイスタック"", ""会社名: ニチバン,  \nブランド名: セロテープ, ケアリーヴ, ロイヒ, バトルウィン, ナイスタック""]"
42200,４２２００,リケンテクノス,素材・化学,リケン|RTK|Riken Technos|Riken,RIKEN|RIKENFLEX|RIKENFILM|リケンテクノスフィルム|リケンテクノスシート,"[""会社名: リケン, リケンテクノス, Riken Technos, RTK, Riken,\nブランド名: リケンテクノスフィルム, リケンテクノスシート, リケンテクノスコンパウンド, リケンテクノスパイプ, リケンテクノスラミネート"", ""会社名: リケン, リケンテクノス, RIKEN TECHNOS, リケテク, RT\nブランド名: RIKEN, RIKENFLEX, RIKENFOAM, RIKENFILM, RIKENPLATE"", ""会社名: リケン, リケンテク, RTK, リケンテクノ,\nブランド名: RIKEN TECHNOS, RIKEN, RIKENFLEX, RIKENPLAST, RIKENFILM""]"
42210,４２２１０,大倉工業,素材・化学,大倉|Okura|Okura Industrial|Okura Industries|Okura Corp,オクロン|Okulon|オクレート|Okurate|オクタック,"[""会社名: 大倉, Okura, Okura Industrial,\nブランド名: オクロン, Okulon, オクレート, Okurate, オクタック, Oktac"", ""会社名: 大倉, Okura, Okura Industries, Okura Corp, Okura Kogyo,\nブランド名: タフライト, オクライト, オクロン, オクタイト, オクシート"", ""会社名: 大倉, オークラ, OKURA, 大倉工, 42210  \nブランド名: オークラプラスチック, オークラフィルム, オークラテープ, オークラシート, オークラパック""]"
42280,４２２８０,積水化成品工業,素材・化学,積水化成品|Sekisui Plastics|Sekisui Chemical|積水化成|SEKISUI CHEMICAL,ピオセラン|セキスイフォーム|セキスイエアライト|セキスイライトロン|セキスイエコロン,"[""会社名: 積水化成品, Sekisui Plastics, Sekisui Chemical,\nブランド名: ピオセラン, セキュレックス, セキスイフォーム, セキスイエアライト, セキスイエコフォーム"", ""会社名: 積水化成品, Sekisui Plastics, Sekisui Chemical,\nブランド名: ピオセラン, セキスイライトロン, セキスイフォーム, セキスイエアライト, セキスイエコロン"", ""会社名: 積水化成品, 積水化成, SEKISUI CHEMICAL, SEKISUI, SEKISUI PLASTICS,\nブランド名: ピオセラン, セキスイライトロン, セキスイフォーム, セキスイエアロセル, セキスイエコロン""]"
42290,４２２９０,群栄化学工業,素材・化学,群栄化学|Gunei Chemical|Gunei|群栄,ポリオール|ポリウレタン|エポキシ樹脂|群栄化学製品|群栄化学ポリマー,"[""会社名: 群栄化学, Gunei Chemical, Gunei,\nブランド名: ポリオール, ポリウレタン, エポキシ樹脂, 群栄化学製品, 群栄化学ポリマー"", ""会社名: 群栄化学, 群栄, Gunei Chemical, Gunei, 群栄化学工業\nブランド名: GUARDIAN, GUARDIAN EX, GUARDIAN PLUS, GUARDIAN PRO, GUARDIAN ULTRA"", ""会社名: 群栄化学, 群栄, GSIクレオス,  \nブランド名: 特定のブランド名や製品名は確認できません。""]"
42460,４２４６０,ダイキョーニシカワ,素材・化学,ダイキョー|ニシカワ|DNK|DAIKYO NISHIKAWA,情報が不足しているため、具体的なブランド名や製品名は特定できません。|情報が不足しているため、代表的なブランド名や製品名は特定できません。|特定のブランド名や製品名は公表されていない可能性があります。,"[""会社名: ダイキョー, ニシカワ, DAIKYO NISHIKAWA, DNK, ダイキョーニシカワ\nブランド名: 情報が不足しているため、具体的なブランド名や製品名は特定できません。"", ""会社名: ダイキョー, ニシカワ, DNK, ダイキョーニシ, 大協西川,\nブランド名: 情報が不足しているため、代表的なブランド名や製品名は特定できません。"", ""会社名: ダイキョー, ニシカワ, DNK, ダイキョーニシカワ,\nブランド名: 特定のブランド名や製品名は公表されていない可能性があります。""]"
42490,４２４９０,森六,素材・化学,森六ホールディングス|Moriroku|MORIROKU|モリロク,Moriroku Technology|Moriroku Chemicals|Moriroku Holdings|Moriroku Group|Moriroku Automotive,"[""会社名: 森六ホールディングス, Moriroku,\nブランド名: Moriroku Technology, Moriroku Chemicals, Moriroku Holdings, Moriroku Group, Moriroku Automotive"", ""会社名: 森六, Moriroku,\nブランド名: 申し訳ありませんが、森六の代表的なブランド名や製品名に関する具体的な情報は提供できません。"", ""会社名: 森六, 森六ホールディングス, MORIROKU, モリロク, モリロクHD,\nブランド名: MORIROKU CHEMICALS, MORIROKU TECHNOLOGY, モリロクケミカルズ, モリロクテクノロジー, 森六化学工業,""]"
42510,４２５１０,恵和,素材・化学,KEIWA|42510,ルミナスフィルム|ディスプレイフィルム|エコフィルム|プロテクトフィルム|クリーンフィルム,"[""会社名: 恵和, KEIWA,\nブランド名: ルミナスフィルム, エコフィルム, プロテクトフィルム, クリーンフィルム, ディスプレイフィルム"", ""会社名: 恵和, KEIWA,\nブランド名: ルミナスフィルム, オプティカルフィルム, プロテクションフィルム, ディスプレイフィルム, バリアフィルム"", ""会社名: 恵和, KEIWA, 42510,\nブランド名: ルミナスフィルム, ルミナスシート, ルミナスパネル, ルミナスライト, ルミナスディスプレイ""]"
42720,４２７２０,日本化薬,素材・化学,日化薬|Nippon Kayaku|NKK|NKC|Nippon Kayaku Co.,パルナック|リポビタンD|カロナール|アルミノン|ケイセイ,"[""会社名: 日化薬, Nippon Kayaku, NKC, Nippon Kayaku Co., Ltd.,\nブランド名: リポビタンD, カロナール, アルミノン, ケイセイ, フェルビナク"", ""会社名: 日化薬, NKK, Nihon Kayaku, Japan Chemical, Nihon Chemical,\nブランド名: パルナック, リピディル, エピルビシン, ブレオ, アルキサノール,"", ""会社名: 日化薬, NKK, Nippon Kayaku, 日本化薬株式会社,  \nブランド名: カコフロン, カコテック, パルナック, エフメック, ルミノール""]"
42750,４２７５０,カーリット,素材・化学,カーリットHD|Carlit Holdings,,"[""申し訳ありませんが、「カーリット」（証券コード: 42750）についての具体的な略称やブランド名の情報は持ち合わせていません。カーリットの正式な会社名やブランド名については、公式の情報源や金融ニュースを参照してください。"", ""会社名: カーリット, カーリットHD, カーリットホールディングス, Carlit Holdings, CHD,\nブランド名: 申し訳ありませんが、カーリットホールディングスの代表的なブランド名や製品名に関する具体的な情報は提供できません。"", ""会社名: カーリット, CARLIT,\nブランド名: 申し訳ありませんが、カーリットの具体的なブランド名や製品名に関する情報は提供できません。""]"
42860,４２８６０,ＣＬホールディングス,情報通信・サービスその他,ＣＬ,42860）に関する具体的な情報は私のデータベースには含まれていないようです。そのため、会社の略称やブランド名についての情報を提供することができません。最新の情報については、公式の会社資料や金融ニュースを参照してください。,"[""申し訳ありませんが、「ＣＬホールディングス」（証券コード: 42860）に関する具体的な情報は私のデータベースには含まれていないようです。そのため、会社の略称やブランド名についての情報を提供することができません。最新の情報については、公式の会社資料や金融ニュースを参照してください。"", ""申し訳ありませんが、「ＣＬホールディングス」（証券コード: 42860）についての具体的な情報は私のデータベースには含まれていないようです。そのため、略称やブランド名についてのリストを提供することができません。最新の情報は、公式ウェブサイトや関連するニュースソースを参照してください。"", ""申し訳ありませんが、「ＣＬホールディングス」（証券コード: 42860）に関する具体的な略称やニックネーム、ブランド名、製品名についての情報は持っていません。一般的に、企業の略称やブランド名は公式な情報源や企業のウェブサイトで確認することができます。""]"
42900,４２９００,プレステージ・インターナショナル,情報通信・サービスその他,プレステージ|PI|プレイン|Prestige International|プレステージ・,すみませんが、プレステージ・インターナショナルの代表的なブランド名や製品名に関する具体的な情報は持っていません。|カスタマーリレーションズ|ロードアシスタンス|グローバルサポート|ヘルスケアサポート,"[""会社名: プレステージ, プレステージ・インターナショナル, Prestige International, PI, プレステージ社  \nブランド名: すみませんが、プレステージ・インターナショナルの代表的なブランド名や製品名に関する具体的な情報は持っていません。"", ""会社名: プレイン, PI, プレイン社, プレステージ, プレステージインターナショナル  \nブランド名: カスタマーリレーションズ, ロードアシスタンス, グローバルサポート, ヘルスケアサポート, トラベルサポート"", ""会社名: プレイン, PI, プレステージ,\nブランド名: なし,""]"
42990,４２９９０,ハイマックス,情報通信・サービスその他,,,"[""申し訳ありませんが、「ハイマックス」（証券コード: 42990）に関する具体的な略称やブランド名の情報は私のデータベースには含まれていないようです。一般的には、企業の略称やブランド名は公式ウェブサイトやプレスリリース、または金融ニュースで確認することができます。具体的な情報を得るためには、これらの情報源を参照することをお勧めします。"", ""申し訳ありませんが、「ハイマックス」（証券コード: 42990）についての具体的な略称やブランド名の情報は私のデータベースには含まれていないようです。一般的に、企業の略称やブランド名はその企業の公式サイトやプレスリリース、または業界内での使用例を参照することで確認できます。具体的な情報が必要な場合は、直接企業の公式情報を確認することをお勧めします。"", ""申し訳ありませんが、「ハイマックス」（証券コード: 42990）に関する具体的な略称、ニックネーム、ブランド名、製品名についての情報は持っていません。一般的には、企業の略称やニックネームは業界やメディアでの使用状況に依存するため、特定の情報源やニュース記事を参照することをお勧めします。""]"
43010,４３０１０,アミューズ,情報通信・サービスその他,AMUSE|アミュ|アミューズメント|43010,A-Sketch|AMUSE+U|AMUSE FES|AMUSE ARTISTS,"[""申し訳ありませんが、「アミューズ」（証券コード: 43010）に関する具体的な略称やブランド名のリストを提供することはできません。ただし、一般的に企業の略称やブランド名は公式ウェブサイトやプレスリリース、または金融ニュースで確認することができます。"", ""会社名: アミューズ, AMUSE, アミュ, アミューズメント,\nブランド名: A-Sketch, AMUSE+U, AMUSE FES, AMUSE ARTISTS, AMUSE MUSIC"", ""会社名: アミューズ, AMUSE, 43010, アミューズ社, アミューズ株式会社  \nブランド名: 申し訳ありませんが、アミューズの具体的なブランド名や製品名についての情報は持っていません。""]"
43070,４３０７０,野村総合研究所,情報通信・サービスその他,NRI|野村総研|Nomura Research Institute|野村総合研|野村リサーチインスティテュート,I-STAR|T-MONOLIX|BESTWAY|NRI Secure Insight|DOLPHIN,"[""会社名: NRI, 野村総研, Nomura Research Institute, 野村リサーチインスティテュート, 野村総合研,\nブランド名: I-STAR, T-MONOLIX, BESTWAY, DOLPHIN, NRI Secure Insight"", ""会社名: NRI, 野村総研, Nomura Research Institute, 野村リサーチ,\nブランド名: I-STAR, BESTWAY, T-MONOLIX, T-STAR, NRI Secure Insight"", ""会社名: NRI, 野村総研, 野村総合研, Nomura Research Institute, Nomura RI  \nブランド名: NRI Secure, NRI Digital, NRI Financial Solutions, NRI Consulting, NRI Systems""]"
43100,４３１００,ドリームインキュベータ,情報通信・サービスその他,DI|Dream Incubator|ドリイン|Dream Incubator Inc.,未来創造プラットフォーム|DIベンチャーズ|DIコンサルティング|DIキャピタル|DIデジタル,"[""会社名: DI, Dream Incubator,\nブランド名: 未来創造プラットフォーム, DIベンチャーズ, DIコンサルティング, DIキャピタル, DIデジタル"", ""会社名: DI, ドリームインキュベータ, Dream Incubator, ドリイン, Dream Incubator Inc.,\nブランド名: 申し訳ありませんが、ドリームインキュベータの代表的なブランド名や製品名に関する具体的な情報は見つかりませんでした。"", ""会社名: DI, ドリームインキュベータ, Dream Incubator, 43100,\nブランド名: 申し訳ありませんが、特定のブランド名や製品名の情報はありません。""]"
43180,４３１８０,クイック,情報通信・サービスその他,QUICK|QUICK Corp,QUICK Money World|QUICK FactSet Workstation|QUICK Data Factory|QUICK Astra|QUICK LevelX,"[""会社名: QUICK, クイック,\nブランド名: 日経QUICKニュース, QUICK Money World, QUICK FactSet Workstation, QUICK Astra Manager, QUICK Data Factory"", ""会社名: QUICK, クイック, QUICK Corp,\nブランド名: QUICK Money World, QUICK Astra, QUICK FactSet Workstation, QUICK LevelX, QUICK Consensus"", ""会社名: QUICK, クイック, QUICK Corp,\nブランド名: QUICK Money World, QUICK Astra, QUICK FactSet Workstation, QUICK LevelX, QUICK Data Factory""]"
43230,４３２３０,日本システム技術,情報通信・サービスその他,JAST|日本システム|JS Tech|日本システム技術株式会社,GAKUEN|BankNeo|JAST Cloud|WebRings|DataNature,"[""会社名: JAST, 日本システム技術,\nブランド名: GAKUEN, BankNeo, WebRings, DataNature, JAST Cloud"", ""会社名: JAST, 日本システム, JS Tech, 日本システム技術株式会社, JSTech  \nブランド名: ALADIN, BANK・R, BI・R, e-Path, JAST Cloud"", ""会社名: JAST, 日本システム技術,\nブランド名: GAKUEN, BankNeo, Be.Cloud, Be.Adaptive, Be.Learning""]"
43240,４３２４０,電通グループ,情報通信・サービスその他,電通|Dentsu|Dentsu Group,Dentsu X|Carat|iProspect|Merkle|Isobar,"[""会社名: 電通, Dentsu, 電通グループ, Dentsu Group,\nブランド名: なし"", ""会社名: 電通, Dentsu, 電通グループ, Dentsu Group,\nブランド名: Dentsu X, Carat, iProspect, Merkle, Isobar"", ""会社名: 電通, Dentsu, Dentsu Group,\nブランド名: Dentsu X, Carat, iProspect, Merkle, Isobar""]"
43260,４３２６０,インテージホールディングス,情報通信・サービスその他,インテージ|INTAGE,i-SSP|i-PLUG|i-CAST|i-Panel|i-Research,"[""会社名: インテージ, INTAGE,\nブランド名: i-SSP, i-PLUG, i-CAST, i-Panel, i-Research"", ""会社名: インテージ, インテージHD, INTAGE,\nブランド名: i-SSP, i-PLUG, i-CAST, i-TRUST, i-REPORT"", ""会社名: インテージ, インテージHD, インテージホールディングス,\nブランド名: i-SSP, QPR, SRI+, SCI, i-PLUG""]"
43310,４３３１０,テイクアンドギヴ・ニーズ,情報通信・サービスその他,T&G|テイクアンドギヴ|T&Gニーズ|TGN|テイクアンドギヴニーズ,ザ・マグナス|ザ・グランダブリュー|アンフェリシオン|アルモニーソルーナ|ラグナヴェール,"[""会社名: T&G, テイクアンドギヴ, T&Gニーズ, TGN, テイクアンドギヴニーズ,\nブランド名: アンフェリシオン, ザ・マグナス, アルモニーソルーナ, ラグナヴェール, ザ・グランダブリュー"", ""会社名: テイクアンドギヴ, T&G, TGN, テイクギヴ, テイクアンドギヴ・ニーズ,\nブランド名: アニヴェルセル, ゲストハウスウエディング, ストリングスホテル, アルカンシエル, ザ・コンダーハウス"", ""会社名: T&G, テイクアンドギヴ, T&Gニーズ,\nブランド名: アーフェリーク, ザ・マグナス, ザ・グランダブリュー, ザ・サウスハーバー, ザ・リュクス銀座""]"
43330,４３３３０,東邦システムサイエンス,情報通信・サービスその他,東邦システム|TSS|Toho System Science|43330,なし,"[""会社名: 東邦システム, TSS, Toho System Science, 東邦システムサイエンス,\nブランド名: 申し訳ありませんが、東邦システムサイエンスの代表的なブランド名や製品名に関する具体的な情報は提供できません。"", ""会社名: 東邦システム, TSS, 東邦システムサイエンス, Toho System Science, 43330,\nブランド名: なし"", ""会社名: 東邦システム, TSS,\nブランド名: 申し訳ありませんが、東邦システムサイエンスに関連する具体的なブランド名や製品名の情報は見つかりませんでした。""]"
43370,４３３７０,ぴあ,情報通信・サービスその他,Pia,チケットぴあ|ぴあクラブ|ぴあステーション|ぴあアリーナMM|ぴあフィルムフェスティバル,"[""会社名: ぴあ,\nブランド名: チケットぴあ, ぴあアリーナMM, ぴあフィルムフェスティバル, ぴあクラブ, ぴあBOOKS"", ""会社名: ぴあ, Pia,\nブランド名: チケットぴあ, ぴあ映画生活, ぴあデジタル, ぴあステーション, ぴあクラブ"", ""会社名: ぴあ,  \nブランド名: チケットぴあ, ぴあステーション, ぴあスポット, ぴあアリーナ, ぴあフェス""]"
43430,４３４３０,イオンファンタジー,情報通信・サービスその他,イオンファン|イオンF|AEON Fantasy|AEONF,モーリーファンタジー|PALO|Kidzoona|ファンタジースキッズガーデン|Fanpekka,"[""会社名: イオンファンタジー, AEON Fantasy, イオンF, イオンファン, AEONF  \nブランド名: モーリーファンタジー, PALO, Kidzoona, Fanpekka, Mollyfantasy"", ""会社名: イオンファン, イオンファンタジー,\nブランド名: モーリーファンタジー, PALO, Kidzoona, ファンタジースキッズガーデン, モーリーファンタジーf"", ""会社名: イオンファン, イオンF, ファンタジー,\nブランド名: モーリーファンタジー, PALO, Kidzoona, ファンタジースキッズガーデン, あそびパークPLUS""]"
43440,４３４４０,ソースネクスト,情報通信・サービスその他,Sourcenext|SN|SOURCENEXT,POCKETALK|ZERO|B's Recorder|超ホーダイ|筆王,"[""会社名: ソースネクスト, SOURCENEXT,\nブランド名: POCKETALK, B's Recorder, ZERO, 超ホーダイ, 筆王"", ""会社名: ソースネクスト, ソース, Sourcenext, SN,\nブランド名: POCKETALK, 超字幕, ZERO, B's Recorder, 筆王"", ""会社名: ソースネクスト, Sourcenext, 43440, ソース, SN,\nブランド名: POCKETALK, BIZ, ZERO, 超ホーダイ, いきなりPDF,""]"
43450,４３４５０,シーティーエス,情報通信・サービスその他,CTS|CTスキャン（誤解されやすいが関連性なし）,具体的なブランド名や製品名は特定できません。|該当なし,"[""申し訳ありませんが、「シーティーエス」（証券コード: 43450）に関する具体的な略称やブランド名についての情報は持っていません。一般的に、企業の略称やブランド名は公式な資料やニュースリリースで確認することができます。企業の公式ウェブサイトや金融情報サイトで最新の情報を確認することをお勧めします。"", ""会社名: CTS, シーティーエス, CTスキャン（誤解されやすいが関連性なし）,\nブランド名: 具体的なブランド名や製品名は特定できません。"", ""会社名: CTS, シーティーエス, CTS株式会社, 株式会社CTS, CTS Japan  \nブランド名: 該当なし""]"
43500,４３５００,メディカルシステムネットワーク,小売,メディシス|MSN|メディカルシステム,なの花薬局|なの花調剤薬局|なの花メディカル|なの花ドラッグ|なの花ファーマシー,"[""会社名: メディシス, MSN, メディカルシステム,\nブランド名: なの花薬局, なの花メディカル, なの花ドラッグ, なの花調剤薬局, なの花ファーマシー"", ""会社名: メディシス, MSN, メディカルネット, メディカルシステム, メディカルシステムネットワーク,\nブランド名: なの花薬局, なの花, メディカルシステムネットワーク薬局, メディカルシステムネットワーク調剤薬局, なの花調剤薬局"", ""会社名: メディシス, MSN, メディカルシステム, メディカルネット, メディネット,\nブランド名: ちょっと調査が必要です。""]"
43620,４３６２０,日本精化,素材・化学,Nippon Seika|日精化|Nippon Seika Co.|Ltd.,...|特定のブランド名や製品名は公開されていない可能性があります。,"[""会社名: 日本精化, Nippon Seika,\nブランド名: 申し訳ありませんが、日本精化の代表的なブランド名や製品名に関する具体的な情報は提供できません。"", ""会社名: 日精化, Nippon Seika, Nippon Seika Co., Ltd.,\nブランド名: ..."", ""会社名: 日本精化, Nippon Seika, 日精化, NSK, Nippon Seika Co., Ltd.,\nブランド名: 特定のブランド名や製品名は公開されていない可能性があります。""]"
43680,４３６８０,扶桑化学工業,素材・化学,扶桑化学|Fuso Chemical|Fuso Chem|43680,リン酸エステル|フマル酸|アスコルビン酸|クエン酸|グルコン酸,"[""会社名: 扶桑化学, 扶桑化学工業, Fuso Chemical,\nブランド名: リン酸エステル, フマル酸, アスコルビン酸, クエン酸, グルコン酸"", ""会社名: 扶桑化学, 扶桑化学工業, Fuso Chemical, Fuso Chem, 43680  \nブランド名: リン酸エステル, フマル酸, クエン酸, アスコルビン酸, グルコン酸"", ""会社名: 扶桑化学, 扶桑化, Fuso Chemical, Fuso Chem, 43680  \nブランド名: 該当なし""]"
43690,４３６９０,トリケミカル研究所,素材・化学,トリケミカル|トリケミ|Tri-Chemical|Tri-Chemical Laboratories,TMAH|HCDS|SiH4|TEOS|BDEAS,"[""会社名: トリケミカル, トリケミカル研究所, Tri-Chemical, Tri-Chemical Laboratories,\nブランド名: TMAH, HCDS, SiH4, TEOS, BDEAS"", ""会社名: トリケミ, トリケミカル, トリケミ研究所, トリケミカル研究所, TRI-CHEMICAL\nブランド名: TCM, Tri-Chemical, Tri-Chem, トリケミカル製品, トリケミカルブランド"", ""会社名: トリケミカル, トリケミ, トリ研,   \nブランド名: 特定のブランド名や製品名は一般的に公開されていない場合が多いです。""]"
43730,４３７３０,シンプレクス・ホールディングス,情報通信・サービスその他,シンプレクス|シンプレクス・,具体的なブランド名や製品名は公開されていない可能性があります。,"[""申し訳ありませんが、「シンプレクス・ホールディングス」についての具体的な略称やブランド名の情報は私のデータベースには含まれていないようです。一般的には、会社の略称やニックネームは企業の公式ウェブサイトやプレスリリース、または金融ニュースなどで確認することができます。ブランド名や製品名についても同様に、企業の公式情報を参照することをお勧めします。"", ""申し訳ありませんが、「シンプレクス・ホールディングス」（証券コード: 43730）についての具体的な略称やブランド名の情報は持ち合わせていません。一般的に企業の略称やブランド名は、公式ウェブサイトやプレスリリース、または業界内での使用状況に基づいて決まることが多いです。公式な情報源を確認することをお勧めします。"", ""会社名: シンプレクス, シンプレクスHD, シンプレクスホールディングス,\nブランド名: 具体的なブランド名や製品名は公開されていない可能性があります。""]"
43820,４３８２０,ＨＥＲＯＺ,情報通信・サービスその他,HEROZ|ヒーローズ|4382|HEROZ Inc.,将棋ウォーズ|ポケモンコマスター|HEROZ Kishin|HEROZ Analytics|HEROZ AIサービス,"[""会社名: HEROZ, HEROZ Inc., HEROZ株式会社, HEROZ Co., Ltd.,\nブランド名: 将棋ウォーズ, ポケモンコマスター, HEROZ Kishin, HEROZ Analytics, HEROZ AIサービス"", ""会社名: HEROZ, ヒーローズ, 4382,\nブランド名: 将棋ウォーズ, ポケモンコマスター, HEROZ Kishin, HEROZ Analytics, 将棋クエスト"", ""会社名: HEROZ, ヒーローズ, 4382,\nブランド名: 将棋ウォーズ, ポケモンコマスター, HEROZ Kishin, 将棋AI, HEROZ Analytics""]"
43840,４３８４０,ラクスル,情報通信・サービスその他,Raksul|RAKSUL Inc.,ジモティー|ハコベル|ラクスル|ノハナ|ノハナプリント,"[""会社名: ラクスル, Raksul,\nブランド名: ラクスル, ノハナ, ジモティー, ハコベル, ノハナプリント"", ""会社名: ラクスル, Raksul, RAKSUL Inc.,\nブランド名: ラクスル, ノハナ, ハコベル, ジモティー, メルカリ便"", ""会社名: ラクスル, Raksul,  \nブランド名: ノバセル, ハコベル, ジモティー, スマートキャンプ, ラクスルプリント""]"
43850,４３８５０,メルカリ,情報通信・サービスその他,Mercari|メルカリ株式会社|メルカリ社,メルカリ|メルペイ|メルカリShops|メルカリUS|Mercari,"[""会社名: メルカリ, Mercari,\nブランド名: メルカリ, メルペイ, Mercari, Merpay, メルカリショップス"", ""会社名: メルカリ, Mercari, メルカリ株式会社, メルカリグループ, メルカリ社  \nブランド名: メルカリ, メルペイ, メルカリShops, メルカリUS, メルカリステーション"", ""会社名: メルカリ, Mercari, メルカリ株式会社, メルカリグループ, メルカリジャパン  \nブランド名: メルカリ, メルペイ, メルカリShops, メルカリUS, メルカリNOW""]"
43900,４３９００,アイ・ピー・エス,情報通信・サービスその他,IPS|アイピーエス|IPS Co.|Ltd.,具体的なブランド名や製品名の情報は提供されていません。|該当なし,"[""会社名: IPS, アイ・ピー・エス,\nブランド名: 具体的なブランド名や製品名の情報は提供されていません。"", ""会社名: IPS, アイピーエス, アイ・ピー・エス, IPS Co., Ltd., アイピーエス株式会社  \nブランド名: 該当なし"", ""会社名: アイ・ピー・エス, IPS, 43900,  \nブランド名: 申し訳ありませんが、アイ・ピー・エスの具体的なブランド名や製品名についての情報は持っていません。""]"
43960,４３９６０,システムサポートホールディングス,情報通信・サービスその他,システムサポート,,"[""申し訳ありませんが、「システムサポートホールディングス」（証券コード: 43960）についての具体的な略称やブランド名の情報は持っていません。一般的には、企業の略称やブランド名は公式ウェブサイトやプレスリリースで確認することができます。もし具体的な情報が必要であれば、直接企業の公式情報を参照することをお勧めします。"", ""申し訳ありませんが、「システムサポートホールディングス」（証券コード: 43960）に関する具体的な略称やブランド名の情報は持ち合わせていません。一般的には、企業の略称やブランド名は公式ウェブサイトやプレスリリース、またはSNSでの利用状況から確認することができます。公式な情報源を参照することをお勧めします。"", ""申し訳ありませんが、「システムサポートホールディングス」（証券コード: 43960）に関する具体的な略称やニックネーム、ブランド名、製品名についての情報は持ち合わせていません。一般的には、企業の略称やブランド名は公式のウェブサイトやプレスリリース、金融ニュースなどで確認することができます。""]"
44010,４４０１０,ＡＤＥＫＡ,素材・化学,ADEKA|ADEKA Corporation|ADEKA Co.|Ltd.|アデカ,ADEKAノックス|ADEKA NO.1|ADEKA ULTRA SEAL|ADEKA SOLID|ADEKA FOAM,"[""会社名: ADEKA, ADEKA Corporation, ADEKA Co., Ltd.,\nブランド名: ADEKA NO.1, ADEKA ULTRA SEAL, ADEKA SOLID, ADEKA FOAM, ADEKA BARRIER"", ""会社名: ADEKA, アデカ, 44010, ADEKA Corporation, ADEKAグループ  \nブランド名: ADEKAノックス, ADEKAパルミン, ADEKAスタビライザー, ADEKAソルブ, ADEKAノンフロスト"", ""会社名: ADEKA, アデカ, ADEKAグループ, ADEKA株式会社, ADEKA Co., Ltd.,\nブランド名: ADEKAノックス, ADEKAポリマー, ADEKAフレーム, ADEKAケミカル, ADEKAフード""]"
44030,４４０３０,日油,素材・化学,NOF|NOF Corporation|日本油脂,ニッスイ|ニッスイオイル|ニッスイケミカル|ニッスイフード|ニッスイバイオ,"[""会社名: 日油, NOF Corporation, 日本油脂,\nブランド名: ニッスイ, ニッポンオイル, サンフレッシュ, ニュートリオ, サンソフト"", ""会社名: 日油, NOF,\nブランド名: ニッスイ, ニッスイオイル, ニッスイケミカル, ニッスイフード, ニッスイバイオ"", ""会社名: 日油, NOF,\nブランド名: ニッスイ, ニッスイオイル, ニッスイケミカル, ニッスイバイオ, ニッスイフード""]"
44100,４４１００,ハリマ化成グループ,素材・化学,ハリマ化成|Harima|ハリマ|HKG,ハリマケミカル|ハリマレジン|ハリマワックス|ニューハリマ|ハリマエマルジョン,"[""会社名: ハリマ化成, Harima,\nブランド名: ニューハリマ, ハリマケミカル, ハリマエマルジョン, ハリマレジン, ハリマワックス"", ""会社名: ハリマ, ハリマ化成, Harima,\nブランド名: ニューロカ, ハリマケミカル, ハリマワックス, ハリマエポキシ, ハリマレジン"", ""会社名: ハリマ化成, ハリマ, HKG, Harima,\nブランド名: ニューレジン, ハリマレジン, ハリマワックス, ハリマケミカル, ハリマバイオ""]"
44130,４４１３０,ボードルア,情報通信・サービスその他,,44130）に関する具体的な情報は私のデータベースには含まれていないようです。そのため、会社の略称やブランド名についてのリストを提供することができません。最新の情報については、金融ニュースや公式の企業情報をご確認ください。|44130）についての具体的な情報は私のデータベースには含まれていないようです。そのため、SNSやトレーダー間での略称やブランド名についてのリストを提供することができません。もし他にお手伝いできることがあれば教えてください。|44130）に関する具体的な情報は私のデータベースには含まれていないようです。そのため、略称やニックネーム、ブランド名、製品名についての情報を提供することができません。最新の情報については、金融ニュースサイトや企業の公式発表をご確認ください。,"[""申し訳ありませんが、「ボードルア」（証券コード: 44130）に関する具体的な情報は私のデータベースには含まれていないようです。そのため、会社の略称やブランド名についてのリストを提供することができません。最新の情報については、金融ニュースや公式の企業情報をご確認ください。"", ""申し訳ありませんが、「ボードルア」（証券コード: 44130）についての具体的な情報は私のデータベースには含まれていないようです。そのため、SNSやトレーダー間での略称やブランド名についてのリストを提供することができません。もし他にお手伝いできることがあれば教えてください。"", ""申し訳ありませんが、「ボードルア」（証券コード: 44130）に関する具体的な情報は私のデータベースには含まれていないようです。そのため、略称やニックネーム、ブランド名、製品名についての情報を提供することができません。最新の情報については、金融ニュースサイトや企業の公式発表をご確認ください。""]"
44200,４４２００,イーソル,情報通信・サービスその他,イーソル株式会社|eSOL|eSOL Co.|Ltd.,eMCOS|eT-Kernel|eBinder|eSOL IDE|eSOL Professional Services,"[""会社名: イーソル, eSOL, イーソル株式会社, eSOL Co., Ltd.,\nブランド名: eMCOS, eT-Kernel, eBinder, eSOL IDE, eSOL Professional Services"", ""会社名: イーソル, eSOL, イーソル株式会社, eソル, e-SOL,\nブランド名: eMCOS, eT-Kernel, eBinder, eSOL IDE, eSOL Professional Services"", ""会社名: イーソル, ESOL, イーソル株式会社,   \nブランド名: eMCOS, eT-Kernel, eBinder, eSOLVER, eParts""]"
44320,４４３２０,ウイングアーク１ｓｔ,情報通信・サービスその他,ウイングアーク|WingArc1st|WingArc|ウイングアーク1st|ワンスト,Dr.Sum|MotionBoard|SVF|SPA|WingArc Data Empowerment Platform,"[""会社名: ウイングアーク, WingArc1st, WingArc,\nブランド名: Dr.Sum, MotionBoard, SVF, SPA, WingArc Data Empowerment Platform"", ""会社名: ウイングアーク, ワンスト, ウイングアーク1st, WingArc, WingArc1st  \nブランド名: Dr.Sum, MotionBoard, SVF, SPA, WingArc BI"", ""会社名: ウイングアーク, ウイングアーク1st, WingArc1st, WingArc, WA1st  \nブランド名: Dr.Sum, MotionBoard, SVF, SPA, WingArc Data Empowerment""]"
44330,４４３３０,ヒト・コミュニケーションズ・ホールディングス,情報通信・サービスその他,ヒトコム|ヒト・コミュニケーションズ|Hito-Communications|HitoCom|ヒトコミュ,ヒトコムエージェンシー|HitoCom Agency|HitoCom Marketing|ヒトコムプロモーション,"[""会社名: ヒトコム, Hito-Communications, HitoCom, ヒト・コミュニケーションズ,\nブランド名: ヒトコムエージェンシー, HitoCom Agency, ヒトコムマーケティング, HitoCom Marketing, ヒトコムプロモーション"", ""申し訳ありませんが、「ヒト・コミュニケーションズ・ホールディングス」（証券コード: 44330）についての具体的な略称やブランド名の情報は持ち合わせていません。一般的には、企業の略称やブランド名は公式ウェブサイトやプレスリリース、またはSNSでの言及などを通じて確認することができます。"", ""会社名: ヒトコム, ヒトコミュ, HCHD, ヒト・コミュニケーションズ,\nブランド名: なし""]"
44340,４４３４０,サーバーワークス,情報通信・サービスその他,Serverworks|SW|サバワ|サーバーワークス株式会社,Cloud Automator|Cloud Automator for AWS|Cloud Automator for GCP|SWATWORKS|Serverworks Cloud Management,"[""会社名: サーバーワークス, Serverworks, SW\nブランド名: Cloud Automator, SWATWORKS, Cloud Automator for AWS, Serverworks Cloud Management, SWATWORKS for AWS"", ""会社名: サーバーワークス, サバワ, SW, サーバーワークス株式会社, Serverworks  \nブランド名: Cloud Automator, Cloud Automator for AWS, Cloud Automator for GCP, Cloud Automator for Azure, Cloud Automator for Multi-Cloud"", ""会社名: サーバーワークス, SWX, サバワ, サーバー, ワークス  \nブランド名: Cloud Automator, AWS導入支援, Cloud Automator for AWS, サーバーワークスクラウド, Cloud Automator for GCP""]"
44430,４４４３０,Ｓａｎｓａｎ,情報通信・サービスその他,Sansan|サンサン|Sansan Inc.|Sansan Co.,Sansan|Eight|Bill One|Contract One|Link Knowledge,"[""会社名: Sansan, Sansan Inc., Sansan株式会社, Sansan Co., Ltd.,\nブランド名: Sansan, Eight, Bill One, Contract One, Link Knowledge"", ""会社名: Sansan, サンサン,\nブランド名: Sansan, Eight, Bill One, Contract One, Collabo One"", ""会社名: Sansan, サンサン,  \nブランド名: Sansan, Eight, Bill One, Contract One, Sansan Data Hub""]"
44490,４４４９０,ギフティ,情報通信・サービスその他,giftee|Gifty|ギフティ株式会社,giftee for Business|giftee STAMP|eギフト|giftee Box|giftee OMAKASE,"[""会社名: ギフティ, giftee,\nブランド名: eギフト, giftee Box, giftee for Business, giftee STAMP, giftee OMAKASE"", ""会社名: ギフティ, giftee,\nブランド名: eギフト, giftee for Business, giftee Box, giftee STAMP, giftee OMAKASE"", ""会社名: ギフティ, Gifty, ギフティ株式会社,  \nブランド名: eGift, giftee, giftee for Business, giftee STAMP, giftee Omakase""]"
44520,４４５２０,花王,素材・化学,Kao|Kao Corporation|Kao Group|Kao Corp,ビオレ|メリーズ|アタック|キュレル|花王ソフィーナ,"[""会社名: Kao, Kao Corporation, Kao Group, Kao Corp, Kao Co., Ltd.,\nブランド名: ビオレ, メリーズ, アタック, キュレル, 花王ソフィーナ"", ""会社名: 花王, Kao,\nブランド名: ビオレ, メリーズ, アタック, キュレル, リーゼ"", ""会社名: 花王, Kao,   \nブランド名: ビオレ, メリーズ, アタック, キュレル, ソフィーナ""]"
44610,４４６１０,第一工業製薬,素材・化学,DKS|第一工業|DKS Holdings|第一工業化学,アミノ酸シリーズ|DKシリーズ|ポリグリセリンシリーズ|セラミドシリーズ|フッ素化学製品シリーズ,"[""会社名: 第一工業製薬, DKS,\nブランド名: アミノ酸シリーズ, DKシリーズ, ポリグリセリンシリーズ, セラミドシリーズ, フッ素化学製品シリーズ"", ""会社名: 第一工業, DKS, 第一工業製薬, DKS Holdings, 第一工業化学  \nブランド名: アクアエース, アクアフィルム, アクアコート, アクアシールド, アクアガード"", ""会社名: 第一工業, 第一工業製薬, DKS,   \nブランド名: 具体的なブランド名や製品名は公開されていない場合があります。""]"
44620,４４６２０,石原ケミカル,素材・化学,ISHIHARA CHEMICAL|石原化学|石原|ISK,ISK|イシハラケミカル製品|石原ケミカル製品|ISHIHARA PRODUCTS|ISK PRODUCTS,"[""会社名: 石原ケミカル, ISHIHARA CHEMICAL, 石原化学,\nブランド名: ISK, イシハラケミカル製品, 石原ケミカル製品, ISHIHARA PRODUCTS, ISK PRODUCTS"", ""申し訳ありませんが、「石原ケミカル」（証券コード: 44620）についての具体的な略称やブランド名の情報は私のデータベースには含まれていません。一般的に企業の略称やブランド名は、公式ウェブサイトや業界の資料、SNSでの言及などを参考にすることができます。具体的な情報を得るためには、これらの情報源を確認することをお勧めします。"", ""会社名: 石原ケミカル, 石原, ISK,  \nブランド名: なし""]"
44710,４４７１０,三洋化成工業,素材・化学,三洋化成|Sanyo Chemical|Sanyo Chemical Industries|Sanyo Chemical Ind.,AQUPORIN|EXCEPARL|PELESTAT|SANMODUR|SANFRESH,"[""会社名: 三洋化成, Sanyo Chemical, Sanyo Chemical Industries,\nブランド名: AQUPORIN, EXCEPARL, PELESTAT, SANMODUR, SANFRESH"", ""申し訳ありませんが、「三洋化成工業」についての具体的な略称やブランド名のリストを提供することはできません。ただし、一般的な企業の略称やブランド名の探し方についてアドバイスを提供することはできます。企業の略称やブランド名は、公式ウェブサイトやプレスリリース、または業界関連のニュース記事などで確認することができます。"", ""会社名: 三洋化成, 三洋化成工業, Sanyo Chemical, Sanyo Chemical Industries, Sanyo Chemical Ind.  \nブランド名: サンフレッシュ, サンソフト, サンワックス, サンテック, サンノール""]"
44800,４４８００,メドレー,情報通信・サービスその他,Medley|メド,ジョブメドレー|CLINICS|MEDLEY|MEDiPASS,"[""申し訳ありませんが、「メドレー」（証券コード: 44800）に関する具体的な略称やブランド名の情報は持ち合わせていません。一般的には、企業の略称やブランド名は公式ウェブサイトやプレスリリースで確認することができます。"", ""会社名: メドレー, Medley, メド,\nブランド名: ジョブメドレー, CLINICS, MEDLEY, MEDiPASS, Fast DOCTOR"", ""会社名: メドレー, Medley,  \nブランド名: ジョブメドレー, CLINICS, MEDLEY,  \n\n(Note: The company \""メドレー\"" is often referred to simply as \""メドレー\"" or \""Medley\"" in financial news. The brand names listed are some of the key services or products associated with the company.)""]"
44810,４４８１０,ベース,情報通信・サービスその他,BASE|ベース株式会社|ベース(44810),BASE|BASE Shop,"[""会社名: BASE, ベース,\nブランド名: BASE, BASE Shop, BASE Apps, BASE U, PAY ID"", ""会社名: BASE, ベース,\nブランド名: BASEショップ, BASEライブ, BASEアプリ, BASEロゴ, BASEデザイン"", ""会社名: ベース, BASE, ベース株式会社, BASE株式会社, ベース(44810),\nブランド名: BASE, BASEショップ, BASEアプリ, BASEマーケット, BASEデザイン""]"
44830,４４８３０,ＪＭＤＣ,情報通信・サービスその他,JMDC|JMDC Inc.|JMDC Corporation|Japan Medical Data Center,JMDCヘルスケア|JMDCアナリティクス|JMDCソリューション|JMDC Claims Database|JMDC Health Data,"[""会社名: JMDC, JMDC Inc., JMDC Corporation, JMDC株式会社, Japan Medical Data Center  \nブランド名: JMDC Claims Database, JMDC Health Data, JMDC Analytics, JMDC Solutions, JMDC Platform"", ""会社名: JMDC, JMDC Inc, JMDC株式会社, JMDC Japan, JMDC Group  \nブランド名: JMDCデータプラットフォーム, JMDCヘルスケア, JMDCアナリティクス, JMDCソリューション, JMDCクラウド"", ""会社名: ＪＭＤＣ, JMDC,\nブランド名: JMDCデータ, JMDCアナリティクス, JMDCプラットフォーム, JMDCヘルスケア, JMDCソリューション""]"
45020,４５０２０,武田薬品工業,医薬品,武田|Takeda|武田薬品|Takeda Pharma|Takeda Pharmaceutical,エンティビオ|ニンラーロ|アジルバ|アルニサルタン|デクスラント,"[""会社名: 武田, Takeda, 武田薬品, Takeda Pharmaceutical,\nブランド名: エンティビオ, ニンラーロ, アルニサルタン, デクスラント, アジルバ"", ""会社名: 武田, Takeda, 武田薬品, Takeda Pharma, 武田製薬\nブランド名: エンティビオ, ニンラーロ, アルニタ, デクスリンサス, アジルバ"", ""会社名: 武田, 武田薬品, Takeda, Takeda Pharma, 4502,\nブランド名: エンティビオ, アルニカ, デクスラゾン, ニンラーロ, アドセトリス,""]"
45030,４５０３０,アステラス製薬,医薬品,アステラス|Astellas|Astellas Pharma|4503,プログラフ|XTANDI|ベタニス|イクスタンジ|ミルセラ,"[""会社名: アステラス, Astellas, アステラス製薬,\nブランド名: プログラフ, XTANDI, ベタニス, イクスタンジ, ミルセラ"", ""会社名: アステラス, Astellas, アステラス製薬, Astellas Pharma, 4503,\nブランド名: プログラフ, XTANDI, ベタニス, イクスタンジ, ミルセラ,"", ""会社名: アステラス, アステラス製薬, Astellas, Astellas Pharma,\nブランド名: Xtandi, Prograf, Vesicare, Myrbetriq, Xospata""]"
45060,４５０６０,住友ファーマ,医薬品,住友製薬|Sumitomo Pharma|Sumitomo Dainippon Pharma|SDP,ラツーダ|ロナセン|メマリー|トレリーフ|トルバプタン,"[""会社名: 住友ファーマ, Sumitomo Pharma, 住友製薬, Sumitomo Dainippon Pharma, SDP\nブランド名: ラツーダ, ロナセン, トルバプタン, アプティオ, メマリー"", ""会社名: 住友ファーマ, 住友製薬, Sumitomo Pharma, Sumitomo Dainippon Pharma, 45060,\nブランド名: ラツーダ, ロナセン, メマリー, トレリーフ, アプティオド"", ""会社名: 住友ファーマ, 住友, 住友製薬, 住友薬品, ファーマ  \nブランド名: ラツーダ, ランマーク, メトグルコ, スミトモ, トレリーフ""]"
45070,４５０７０,塩野義製薬,医薬品,塩野義|SHIONOGI|シオノギ|Shionogi,クレストール|イナビル|ピーエムエス|ゾフルーザ|ロイコトミン,"[""会社名: 塩野義, Shionogi, 塩野義製薬, Shionogi & Co., Ltd.,\nブランド名: ピーエムエス, クレストール, ロイコトミン, イナビル, ゾフルーザ"", ""会社名: 塩野義, SHIONOGI, シオノギ, シオノ,\nブランド名: イナビル, ピーエムエス, クレストール, ロイコトロン, フルカリックス"", ""会社名: 塩野義, 塩野義製薬, SHIONOGI, シオノギ, シオノギ製薬  \nブランド名: クレストール, ピーエス, イナビル, ゾフルーザ, シンバスタチン""]"
45160,４５１６０,日本新薬,医薬品,Nippon Shinyaku|日新薬|NS Pharma|NSY,トラセミック|リュープリン|シルデナフィル|オルメテック|アレギサール,"[""会社名: 日本新薬, Nippon Shinyaku,\nブランド名: シルデナフィル, トラセミック, リュープリン, オルメテック, アレギサール"", ""会社名: 日新薬, Nippon Shinyaku, NS Pharma, NSY, 日本新薬株式会社  \nブランド名: トラセミック, リュープリン, アドセトリス, オプジーボ, シンポニー"", ""会社名: 日本新薬, 日新薬, Nippon Shinyaku, NS Pharma, NSC  \nブランド名: Adcirca, Uptravi, Viltepso, NS-065/NCNP-01, Tracleer""]"
45190,４５１９０,中外製薬,医薬品,中外|Chugai|CHUGAI|Chugai Pharma,アクテムラ|アレセンサ|ヘムライブラ|エディロール|ガザイバ,"[""会社名: 中外, 中外製薬, Chugai,\nブランド名: アクテムラ, アレセンサ, エディロール, ヘムライブラ, ガザイバ"", ""会社名: 中外, 中外製薬, Chugai, Chugai Pharma, CHUGAI,\nブランド名: アクテムラ, アレセンサ, エディロール, ヘムライブラ, ロゼウム"", ""会社名: 中外, CHUGAI, 中外製薬,\nブランド名: アクテムラ, アレセンサ, ヘムライブラ, ロゼウム, ガザイバ""]"
45210,４５２１０,科研製薬,医薬品,科研|Kaken Pharmaceutical|Kaken,アクトシン|パスタロン|プロスタンディン|アンテベート|ケラチナミン,"[""会社名: 科研, 科研製薬, Kaken Pharmaceutical,\nブランド名: アクトシン, パスタロン, プロスタンディン, アンテベート, ケラチナミン"", ""申し訳ありませんが、「科研製薬」についての具体的な略称やブランド名のリストを提供することはできません。ただし、一般的な情報として、企業の略称やブランド名は通常、企業の公式ウェブサイトや投資家向け資料で確認することができます。"", ""会社名: 科研, 科研製薬, Kaken,\nブランド名: アクトシン, レスタミン, パスタロン, ケフラール, プロスタール""]"
45230,４５２３０,エーザイ,医薬品,Eisai,アリセプト|レンビマ|メチコバール|ハルナール|パリエット,"[""会社名: エーザイ, Eisai,\nブランド名: アリセプト, レンビマ, ハルナール, メチコバール, パリエット"", ""会社名: エーザイ, Eisai,\nブランド名: アリセプト, メチコバール, パリエット, ハラヴェン, レンビマ"", ""会社名: エーザイ,  \nブランド名: アリセプト, ルネスタ, ハルナール, メチコバール, レンビマ""]"
45260,４５２６０,理研ビタミン,食品,理研|Riken Vitamin|Riken|理研ビタ,リケンのノンオイル|リケンのふえるわかめちゃん|リケンのわかめスープ|リケンのドレッシング|リケンの青汁,"[""会社名: 理研, 理研ビタミン, Riken Vitamin, Riken,\nブランド名: リケンのノンオイル, リケンのふえるわかめちゃん, リケンのわかめスープ, リケンのドレッシング, リケンの中華スープ"", ""会社名: 理研, 理研ビタ, Riken Vitamin, Riken, 理ビタ  \nブランド名: ノンオイルドレッシング, リケンのわかめスープ, リケンのふえるわかめちゃん, リケンの青汁, リケンのノンオイル"", ""会社名: 理研,  \nブランド名: リケンのノンオイル, わかめスープ, リケンのふえるわかめちゃん, リケンの青汁, リケンのドレッシング""]"
45270,４５２７０,ロート製薬,医薬品,ロート|Rohto|Rohto Pharmaceutical,メンソレータム|肌ラボ|ロートCキューブ|ロートジー|オバジ,"[""会社名: ロート, Rohto, ロート製薬,\nブランド名: メンソレータム, 肌ラボ, ロートCキューブ, ロートジー, ロートリセ"", ""会社名: ロート, Rohto, ロート製薬, Rohto Pharmaceutical,\nブランド名: メンソレータム, 肌ラボ, オバジ, ロートCキューブ, デ・オウ"", ""会社名: ロート,  \nブランド名: メンソレータム, 肌ラボ, ロートCキューブ, ロートジー, オバジ""]"
45280,４５２８０,小野薬品工業,医薬品,小野薬品|オノファーマ|小野薬|ONO|Ono Pharmaceutical,オプジーボ|オノアクト|オノン|オノプロ|オノファール,"[""会社名: 小野薬品, Ono Pharmaceutical, オノファーマ, オノヤクヒン, オノ\nブランド名: オプジーボ, オノアクト, オノン, オノプロ, オノファール"", ""会社名: 小野薬, 小野薬品, Ono Pharma, Ono, ONO,\nブランド名: オプジーボ, エミシズマブ, グラニセトロン, オノアクト, オノリス,"", ""会社名: 小野薬, 小野薬品, ONO, オノヤク, オノファーマ,\nブランド名: オプジーボ, グラセプター, フィコンパ, エムパワー, オノアクト""]"
45300,４５３００,久光製薬,医薬品,Hisamitsu|久光|Hisamitsu Pharmaceutical|45300,サロンパス|フェイタス|モーラス|アレグラ|ライフセラ,"[""会社名: Hisamitsu, Hisamitsu Pharmaceutical, 久光,\nブランド名: サロンパス, フェイタス, モーラス, アレグラ, パップA"", ""会社名: 久光, Hisamitsu, 久光製薬,\nブランド名: サロンパス, フェイタス, ライフセラ, モーラス, アレグラ"", ""会社名: 久光, 久光製薬, Hisamitsu, 45300,\nブランド名: サロンパス, フェイタス, ライフセラ, モーラス, パップシリーズ""]"
45340,４５３４０,持田製薬,医薬品,持田|Mochida Pharmaceutical|Mochida|MOCHIDA,フィトリフト|アトリックス|モイストラボ|モイストバリア|ルミンA,"[""会社名: 持田, Mochida Pharmaceutical, Mochida,\nブランド名: フィトリフト, アトリックス, ルミンA, モイストラボ, モイストバリア"", ""会社名: 持田, MOCHIDA, 持田製薬, Mochida Pharmaceutical,\nブランド名: フィトリフト, アトリックス, モイストラボ, モイストバリア, スキンケアシリーズ"", ""会社名: 持田, 持田薬, MOCHIDA, Mochida, 4534,\nブランド名: アトラント, フルメタ, ロコイド, アズノール, モイストヒーリング,""]"
45360,４５３６０,参天製薬,医薬品,参天|Santen|Santen Pharmaceutical,サンテFX|サンテ|フレッシュアイ|ソフトサンティア|タフティー,"[""会社名: 参天, Santen,\nブランド名: サンテ, フレッシュアイ, タフティー, ソフトサンティア, サンテFX"", ""会社名: 参天, Santen, 参天製薬, Santen Pharmaceutical,\nブランド名: サンテFX, サンテPC, サンテ40, サンテAL, サンテドライケア"", ""会社名: 参天, 参天製薬, Santen,\nブランド名: サンテ, フレッシュアイ, ソフトサンティア, サンテFX, サンテドウ,""]"
45380,４５３８０,扶桑薬品工業,医薬品,扶桑薬品|扶桑|Fuso Pharmaceutical|Fuso,フソー|アクアライト|アルフレッサ,"[""会社名: 扶桑薬品, 扶桑薬品工業,\nブランド名: アルフレッサ, フソー, フソーソリューション, フソー製薬, フソーケア"", ""会社名: 扶桑薬品, 扶桑, 扶桑薬品工業, Fuso Pharmaceutical, Fuso,\nブランド名: ポカリスエット, アクアライト, アクアライトプラス, アクアライトゼリー, アクアライトパウダー"", ""会社名: 扶桑薬品, 扶桑,  \nブランド名: ラクテック, アクアライト, フソー, フソーソリューション, フソーエイド""]"
45400,４５４００,ツムラ,医薬品,Tsumura|ツムラ製薬|ツムラ漢方,ツムラの漢方薬|ツムラ漢方|バスクリン|漢方製剤|ツムラの漢方製品,"[""会社名: ツムラ, Tsumura,\nブランド名: 漢方製剤, ツムラの漢方薬, ツムラの漢方製品, ツムラの医薬品, ツムラの健康食品"", ""会社名: ツムラ, Tsumura, ツムラ製薬, ツムラ漢方,\nブランド名: ツムラ漢方, バスクリン, クラシエ漢方, ツムラの漢方薬, ツムラのくすり"", ""会社名: ツムラ,  \nブランド名: 漢方, バスクリン, ツムラ漢方, ツムラの漢方薬, ツムラ製品""]"
45430,４５４３０,テルモ,電機・精密,Terumo|テルモ株式会社|Terumo Corporation|TM,カテーテル|シリンジ|血糖測定器|血圧計|体温計,"[""会社名: テルモ, Terumo, テルモ株式会社, Terumo Corporation  \nブランド名: カテーテル, シリンジ, 血糖測定器, 血圧計, 体温計"", ""会社名: テルモ, Terumo, TM\nブランド名: シリンジ, カテーテル, セーフティーネオ, ベノバス, スカイライト"", ""会社名: テルモ,   \nブランド名: セーフティス, カテーテル, シリンジ, カーディオメンブレン, フローシステム""]"
45440,４５４４０,Ｈ．Ｕ．グループホールディングス,情報通信・サービスその他,H.U.グループ|HUHD|H.U. Group Holdings|H.U. Holdings|Ｈ．Ｕ．グループ,BML|SRL|ラボテック|ファルコバイオシステムズ|メディカルラボサービス,"[""会社名: H.U.グループ, H.U. Group Holdings, H.U.グループホールディングス,\nブランド名: BML, SRL, ファルコバイオシステムズ, ラボテック, メディカルラボサービス"", ""会社名: H.U.グループ, HUHD, H.U. Holdings, エイチユーグループ, H.U. Group\nブランド名: ラボコープ, メディカルラボ, サイエンスラボ, ヘルスケアラボ, バイオラボ"", ""会社名: H.U.グループ, H.U.ホールディングス, HUHD, HUGHD, H.U.G.,\nブランド名: BML, SRL, ファルコ, メディカル・ラボ, ラボテック""]"
45470,４５４７０,キッセイ薬品工業,医薬品,キッセイ|Kissei|キッセイ薬品,アクトネル|グルファスト|アレギサール|パラプラチン|スルホニルウレア,"[""会社名: キッセイ, Kissei,\nブランド名: グルファスト, パラプラチン, スルホニルウレア, クレメジン, アクトネル"", ""会社名: キッセイ, Kissei, キッセイ薬品,\nブランド名: グルファスト, ピルシカイニド, アレギサール, スプレンジス, アクトネル"", ""会社名: キッセイ, キッセイ薬品,\nブランド名: グルコバイ, アレギサール, メサペイン, エディロール, アクトネル""]"
45480,４５４８０,生化学工業,医薬品,生化学|Seikagaku Corporation|Seikagaku|生化学工,アルツ|ジャルダック|シュアリス|オスタート|シナビス,"[""会社名: 生化学, Seikagaku Corporation, 生化学工業,\nブランド名: ジャルダック, オスタート, シュアリス, アルツ, シナビス"", ""会社名: 生化学, Seikagaku,\nブランド名: ジョイクル, ハイアール, シュアリス, アルツ, シュアリスワン"", ""会社名: 生化学, 生化学工,   \nブランド名: ジャルダック, ヒアルロン酸製剤, アルツ, ルミカ, セルシス""]"
45490,４５４９０,栄研化学,医薬品,栄研|Eiken Chemical|栄研化|Eiken,ラピッドテスト|フェノテック|フェカリア|OCセンサー|クリニテスト,"[""会社名: 栄研, 栄研化学, Eiken Chemical,\nブランド名: フェカリア, ラピッドテスト, OCセンサー, クリニテスト, パンデックス"", ""会社名: 栄研, 栄研化, Eiken, Eiken Chemical, 栄研化学株式会社\n\nブランド名: フェノテック, ラピッドテスト, エイケンラボ, イムノクロマト, バイオキット"", ""会社名: 栄研, 栄研化, 栄研化学,\nブランド名: フェノテック, フェノステップ, フェノティップ, フェノテスト, フェノチェック""]"
45510,４５５１０,鳥居薬品,医薬品,Torii|Torii Pharmaceutical|鳥居|鳥居薬,トリーチーム|トリーハイ|トリーホワイト|トリーミン|トリーハート,"[""会社名: 鳥居薬品, Torii, Torii Pharmaceutical,\nブランド名: トリーチーム, トリーハイ, トリーホワイト, トリーミン, トリーハート"", ""会社名: 鳥居, 鳥居薬, Torii, Torii Pharma, Torii Pharmaceutical,\nブランド名: トラマール, アレグラ, フルティフォーム, トリルダン, オルメテック"", ""会社名: 鳥居, 鳥居薬, 鳥居薬品, Torii, Torii Pharma  \nブランド名: トリビック, トリナスタ, トリメディック, トリフル, トリゾール""]"
45520,４５５２０,ＪＣＲファーマ,医薬品,JCR Pharma|JCRファーマ|JCR|JCR Pharmaceuticals,グロウジェクト|テムセル|イデュリプロ|ジェイコム|ジェイゾロフト,"[""会社名: JCR, JCR Pharma, JCRファーマ,\nブランド名: グロウジェクト, テムセル, イデュリプロ, ジェイコム, ジェイゾロフト"", ""会社名: JCR, JCR Pharma, JCRファーマ, JCR製薬, JCR Pharmaceuticals  \nブランド名: グロウジェクト, テムセル, エミクスケル, ダルベポエチン アルファ, アルプロスタジル"", ""会社名: ＪＣＲ, JCRファーマ, JCR Pharma, JCR製薬, JCRファーマ株式会社  \nブランド名: テムセル, グロウジェクト, アイソレッド, メディポート, アルファエポ""]"
45530,４５５３０,東和薬品,医薬品,Towa|東和|Towa Pharmaceutical|東和薬,トーワジェネリック|トーワ|トーワ製品|TOWAジェネリック|TOWA,"[""会社名: 東和薬品, Towa Pharmaceutical, Towa, 東和,\nブランド名: トーワジェネリック, トーワ, TOWAジェネリック, TOWA, トーワ製品"", ""会社名: 東和, Towa,\nブランド名: トーワジェネリック, トーワテック, トーワヘルスケア, トーワファーマ, トーワメディカル"", ""会社名: 東和, 東和薬, Towa, Towa Pharma, Towa Pharmaceutical,\nブランド名: トーワ, トーワジェネリック, トーワ製薬, トーワブランド, トーワ製品""]"
45540,４５５４０,富士製薬工業,医薬品,富士製薬|富士薬品|Fuji Pharma|Fuji Pharmaceutical,LUNABELL|ALLELOCK|FAVOIR|FAVOIR INJECTION|FAVOIR TABLET,"[""会社名: 富士製薬, 富士製薬工業, Fuji Pharma, Fuji Pharmaceutical, 富士薬品,\nブランド名: LUNABELL, ALLELOCK, FAVOIR, FAVOIR INJECTION, FAVOIR TABLET"", ""会社名: 富士製薬, 富士製薬工業, 富士薬品, Fuji Pharma, Fuji Pharmaceutical,\nブランド名: レボミル, フジリード, フジコール, フジピリン, フジセファン"", ""会社名: 富士製薬, 富士製薬工業, 富士薬品, 富士, 45540  \nブランド名: フジフィルム, フジメディック, フジケア, フジヘルス, フジファーマ""]"
45590,４５５９０,ゼリア新薬工業,医薬品,ゼリア|Zeria|ゼリア新薬,ヘパリーゼ|アロパノール|コンドロイチン|プロマック|アサコール,"[""会社名: ゼリア, Zeria,\nブランド名: ヘパリーゼ, アロパノール, コンドロイチン, プロマック, アサコール"", ""会社名: ゼリア, ゼリア新薬, Zeria,\nブランド名: ヘパリーゼ, アロパノール, コンドロイチン, プロマック, エーザイ"", ""会社名: ゼリア,  \nブランド名: アロパノール, ヘパリーゼ, コンドロイチン, プレフェミン, プロマック""]"
45650,４５６５０,ネクセラファーマ,医薬品,ネクセラ|ネクファーマ|NXP|NEXCELA|45650,なし,"[""申し訳ありませんが、「ネクセラファーマ」（証券コード: 45650）に関する具体的な略称やブランド名の情報は持っていません。一般的に、企業の略称やブランド名は公式の広報資料や企業のウェブサイトで確認することができます。最新の情報を得るためには、直接企業の公式発表や金融ニュースを参照することをお勧めします。"", ""申し訳ありませんが、「ネクセラファーマ」（証券コード: 45650）に関する具体的な略称やブランド名についての情報は持ち合わせていません。一般的に、企業の略称やブランド名はSNSやトレーダーの間で独自に使われることが多いため、公式な情報源やコミュニティの動向を直接確認することをお勧めします。"", ""会社名: ネクセラ, ネクファーマ, NXP, NEXCELA, 45650,\nブランド名: なし""]"
45680,４５６８０,第一三共,医薬品,Daiichi Sankyo|DSKY|DAIICHI SANKYO|DAIICHI,オルメテック|エフィエント|ネキシウム|エンハーツ|ラニビズマブ,"[""会社名: 第一三共, Daiichi Sankyo, DSKY,\nブランド名: オルメテック, ネキシウム, エフィエント, ラニビズマブ, エンハーツ"", ""会社名: 第一三共, DAIICHI SANKYO, DAIICHI, DS, 第一,\nブランド名: オルメテック, ネキシウム, エフィエント, ラニナック, メバロチン"", ""会社名: 第一三共, DSK, Daiichi Sankyo, 4568, 三共,\nブランド名: オルメテック, ネシーナ, ラニスティン, エフィエント, エンハーツ,""]"
45690,４５６９０,杏林製薬,医薬品,杏林,,"[""申し訳ありませんが、「杏林製薬」（証券コード: 45690）に関する具体的な略称やブランド名のリストを提供することはできません。一般的に、企業の略称やブランド名は公式な情報源や企業のウェブサイトで確認することができます。もし具体的な情報が必要であれば、公式な情報源を参照してください。"", ""申し訳ありませんが、「杏林製薬」（証券コード: 45690）に関する具体的な略称やブランド名のリストを提供することはできません。ただし、一般的に企業の略称やブランド名は、企業の公式ウェブサイトや投資家向け資料、またはSNSでのユーザーの投稿から見つけることができます。具体的な情報を得るためには、これらの情報源を確認することをお勧めします。"", ""申し訳ありませんが、「杏林製薬」（証券コード: 45690）に関する具体的な略称やニックネーム、ブランド名、製品名についての情報は持っていません。ただし、一般的に企業名や製品名の略称やニックネームは、業界内での通称やマーケティング資料などで使用されることが多いです。具体的な情報は、杏林製薬の公式ウェブサイトや金融ニュース、業界誌などで確認することをお勧めします。""]"
45740,４５７４０,大幸薬品,医薬品,Taiko Pharmaceutical|大幸|Taiko,正露丸|セイロガン|Seirogan|ノロキラー|クレベリン,"[""会社名: 大幸薬品, Taiko Pharmaceutical,\nブランド名: 正露丸, セイロガン, Seirogan, ノロキラー, パブロン"", ""会社名: 大幸, Taiko, 大幸薬品,\nブランド名: 正露丸, クレベリン, セイロガン, クレベ＆クレベリン, ノロキラー"", ""会社名: 大幸薬品, 大幸, Taiko, Taiko Pharmaceutical,\nブランド名: 正露丸, セイロガン, Seirogan, クレベリン, Clevair""]"
45770,４５７７０,ダイト,医薬品,Daito|45770|Daito Pharmaceutical|ダイト製薬,該当なし,"[""申し訳ありませんが、指定された証券コード「45770」に関連する企業情報が見つかりませんでした。証券コードや企業名に誤りがないか確認してください。また、特定の企業に関する情報は、最新のニュースや公式発表を参照することをお勧めします。"", ""申し訳ありませんが、指定された証券コード「45770」に関連する企業情報やブランド名についての具体的なデータは持ち合わせていません。証券コードや企業名が正しいか再確認し、必要に応じて追加の情報を提供していただければ、一般的な情報提供やアドバイスが可能かもしれません。"", ""会社名: ダイト, Daito, 45770, Daito Pharmaceutical, ダイト製薬,\nブランド名: 該当なし""]"
45780,４５７８０,大塚ホールディングス,医薬品,大塚HD|Otsuka|Otsuka Holdings|OHD,ポカリスエット|オロナミンC|カロリーメイト|ボンカレー|ソイジョイ,"[""会社名: 大塚HD, Otsuka Holdings, Otsuka,\nブランド名: ポカリスエット, オロナミンC, カロリーメイト, ソイジョイ, ボンカレー"", ""会社名: 大塚, Otsuka, 大塚HD, Otsuka Holdings, OHD  \nブランド名: ポカリスエット, オロナミンC, カロリーメイト, ソイジョイ, ボンカレー"", ""会社名: 大塚HD, 大塚, Otsuka,\nブランド名: ポカリスエット, オロナミンC, カロリーメイト, SOYJOY, ボンカレー""]"
45870,４５８７０,ペプチドリーム,医薬品,PD|ペプドリ|ペプチド|PeptiDream,PDPS|モジュレーターペプチド|共同研究プログラム|ペプチドライブラリー,"[""会社名: ペプチドリーム, PeptiDream, PD\nブランド名: 申し訳ありませんが、ペプチドリームの代表的なブランド名や製品名についての具体的な情報は持っていません。"", ""会社名: ペプドリ, ペプチド, PD, ペプチドリーム,\nブランド名: PDPS, モジュレーターペプチド, 共同研究プログラム, ペプチドライブラリー, ペプチド創薬プラットフォーム"", ""会社名: ペプドリ, ペプチド, PD, ペプチ, ペプド,\nブランド名: 該当なし""]"
46110,４６１１０,大日本塗料,素材・化学,DNT|大日塗|大日本|日塗,ネオガード|エコフレッシュ|アクアシールド|ダイナミックトップ|ハイパーユニテックス,"[""会社名: 大日本塗料, DNT, 大日塗,\nブランド名: ネオガード, ダイナミックトップ, エコフレッシュ, ハイパーユニテックス, アクアシールド"", ""会社名: 大日塗, DNT, 大日本塗料,\nブランド名: ネオガード, ネオラック, ネオフロン, ネオシリコン, ネオクリア"", ""会社名: 大日塗, DNT, 大日本, 日塗,\nブランド名: ネオコート, アクアシールド, エコフレッシュ, スーパーガード, ハイパーシールド""]"
46120,４６１２０,日本ペイントホールディングス,素材・化学,日本ペイント|NPHD|Nippon Paint|日ペ,パーフェクトトップ|パーフェクトインテリア|パーフェクトフィラー|パーフェクトシーラー|パーフェクトサーフ,"[""会社名: 日本ペイント, Nippon Paint, NPHD, 日本ペイントHD, Nippon Paint Holdings  \nブランド名: パーフェクトトップ, パーフェクトインテリア, パーフェクトフィラー, パーフェクトシーラー, パーフェクトサーフ"", ""会社名: 日ペ, 日本ペイント, Nippon Paint, NPHD, 日本ペイントHD  \nブランド名: パーフェクトトップ, ファインSi, クリスタルアート, エコフレッシュ, ウレタンU100"", ""会社名: 日ペ, 日本ペイント, 日本ペイントHD, NPHD, 日ペHD,\nブランド名: パーフェクトインテリア, パーフェクトトップ, パーフェクトフィラー, パーフェクトサーフ, パーフェクトシーラー""]"
46130,４６１３０,関西ペイント,素材・化学,関ペ|KP|Kansai Paint|カンペ|関西P,アレス|パワーテック|エコフレッシュ|アクアシリコン|スーパーコート,"[""会社名: 関ペ, Kansai Paint, KP,\nブランド名: アレス, パワーテック, エコフレッシュ, スーパーコート, マイルドシリーズ"", ""会社名: カンペ, Kansai Paint, 関ペ, KP, 関西P,\nブランド名: アレス, アクアシリコン, セラMフッ素, パワーシリコン, アクアセラミック,"", ""会社名: 関ペ, KP, 関西ペ, 関西ペイント, KANSAI,\nブランド名: アレス, アクアシリコン, パワーテック, エコフレッシュ, スーパーテック""]"
46170,４６１７０,中国塗料,素材・化学,Chugoku Marine Paints|CMP|Chugoku Paint|Chugoku Coatings,SEAJET|BANNOH 500|CMP BIOCLEAN|CMP BIOCLEAN PLUS|BANNOH 400,"[""会社名: 中国塗料, Chugoku Marine Paints, CMP, Chugoku Paint, Chugoku Coatings  \nブランド名: SEAJET, BANNOH 500, CMP BIOCLEAN, CMP BIOCLEAN PLUS, BANNOH 400"", ""会社名: 中国塗料, チャイナペイント, 中塗,\nブランド名: プロガード, エポマリン, エポカラー, エポクリーン, エポライト"", ""会社名: 中国塗料, チュウゴクトリョウ, Chugoku Marine Paints, CMP, 46170,\nブランド名: SEAFLO NEO, BANNOH 500, CMP BIOCLEAN, FASTAR, SEAJET""]"
46200,４６２００,藤倉化成,素材・化学,藤倉|Fujikura Kasei|Fujikura Chemical|FK,フジクラコート|フジクラペイント|フジクラフィルム|フジクロン|フジタック,"[""会社名: 藤倉化成, Fujikura Kasei, Fujikura Chemical,\nブランド名: フジクロン, フジタック, フジペイント, フジコート, フジシール"", ""会社名: 藤倉, 藤倉化成,\nブランド名: フジクラコート, フジクラペイント, フジクラプロテクト, フジクラシールド, フジクラフィルム"", ""会社名: 藤倉, 藤倉化成, FK,\nブランド名: フジクラ, フジクラケミカル, フジクラコート, フジクラペイント, フジクラフィルム""]"
46260,４６２６０,太陽ホールディングス,素材・化学,太陽HD|Taiyo Holdings|Taiyo HD,PSR|TAIYO INK|TAIYO INK MFG|V-TECH|SUNFORT,"[""会社名: 太陽HD, Taiyo Holdings,\nブランド名: PSR, V-TECH, SUNFORT, TAIYO INK, TAIYO INK MFG"", ""会社名: 太陽HD, 太陽ホールディングス, Taiyo Holdings, Taiyo HD, 太陽\nブランド名: PSR, THB, TAIYO INK, TAIYO INK MFG, TAIYO GREEN ENERGY"", ""会社名: 太陽HD, 太陽ホールディングス, 太陽インク, 太陽, 太陽グループ,\nブランド名: タイヨーインク, タイヨーソルダーレジスト, タイヨーケミカル, タイヨーエレクトロニクス, タイヨープリント""]"
46310,４６３１０,ＤＩＣ,素材・化学,DIC|大日本インキ化学工業|大日本インキ|DIC Corporation|Dainippon Ink and Chemicals,Sun Chemical|Paliotol|Liofol|Daicure|Megaface,"[""会社名: DIC, 大日本インキ化学工業,\nブランド名: Sun Chemical, Paliotol, Liofol, Daicure, Megaface"", ""会社名: DIC, 大日本インキ, DIC Corporation, 大日本インキ化学工業, Dainippon Ink and Chemicals  \nブランド名: Paliocrom, Sun Chemical, DIC Graphics, DIC Color, DIC Epoxy"", ""会社名: DIC,\nブランド名: サンフラワー, パスティコート, パスティプリント, パスティフレックス, パスティフィルム""]"
46330,４６３３０,サカタインクス,素材・化学,Sakata Inx|サカタ|Sakata Ink|INX,AQUA LIONA|AQUA GREEN|AQUA BARRIER|AQUA NEO|AQUA VIVID,"[""会社名: サカタインクス, Sakata Inx, Sakata Ink\nブランド名: AQUA LIONA, AQUA GREEN, AQUA BARRIER, AQUA NEO, AQUA VIVID"", ""会社名: サカタ, サカタインクス, Sakata Inx, INX,\nブランド名: AQUALESS, INXhrc, INXFlex, INX International, INX Digital"", ""会社名: サカタ, サカタインクス, サカタインク, インクス, 46330  \nブランド名: (該当するブランド名や製品名が特に知られていないため、情報がありません)""]"
46340,４６３４０,ａｒｔｉｅｎｃｅ,素材・化学,,46340）に関する具体的な情報は私のデータベースには含まれていないようです。そのため、会社の略称やブランド名についてのリストを提供することができません。最新の情報については、公式の金融ニュースや企業の公式発表を参照してください。,"[""申し訳ありませんが、「artience」（証券コード: 46340）に関する具体的な情報は私のデータベースには含まれていないようです。そのため、会社の略称やブランド名についてのリストを提供することができません。最新の情報については、公式の金融ニュースや企業の公式発表を参照してください。"", ""申し訳ありませんが、具体的な証券コード「46340」に関連する企業「artience」についての情報は私のデータベースにはありません。そのため、一般的な情報を提供することができません。企業の略称やブランド名については、公式ウェブサイトや金融情報サービスを参照することをお勧めします。"", ""申し訳ありませんが、「artience」（証券コード: 46340）に関する具体的な略称、ニックネーム、ブランド名、製品名についての情報は持っていません。一般的には、企業の略称やブランド名は公式の発表や市場での通称に基づいていますので、公式な情報源や金融ニュースを参照することをお勧めします。""]"
46410,４６４１０,アルプス技研,情報通信・サービスその他,Alps Giken|アルプス|AGK|Alps Engineering,該当なし,"[""会社名: アルプス技研, Alps Giken,\nブランド名: 申し訳ありませんが、アルプス技研の代表的なブランド名や製品名に関する具体的な情報は見つかりませんでした。"", ""会社名: アルプス, アルプス技研, Alps Giken, AGK, Alps Engineering  \nブランド名: 該当なし"", ""会社名: アルプス技研, アルプス, AGK, Alps Giken, Alps技研,\nブランド名: 申し訳ありませんが、アルプス技研に特定のブランド名や製品名は一般的に知られていません。""]"
46510,４６５１０,サニックスホールディングス,情報通信・サービスその他,サニックス,なし,"[""申し訳ありませんが、「サニックスホールディングス」（証券コード: 46510）に関する具体的な略称やブランド名についての情報は持ち合わせていません。一般的には、企業の略称やブランド名は公式ウェブサイトやプレスリリース、または金融ニュースなどで確認することができます。"", ""申し訳ありませんが、「サニックスホールディングス」（証券コード: 46510）についての具体的な略称やブランド名のリストは提供できません。ただし、一般的に企業の略称やブランド名は公式ウェブサイトや企業のプレスリリース、または業界のニュースなどで確認することができます。"", ""会社名: サニックス, サニックスHD, サニックスホールディングス,   \nブランド名: なし""]"
46580,４６５８０,日本空調サービス,情報通信・サービスその他,日本空調|NKS|Nihon Kuucho|日空|空調サービス,情報が不足しているため、代表的なブランド名や製品名を特定できません。|なし,"[""会社名: 日本空調, NKS, Nihon Kuucho,\nブランド名: 申し訳ありませんが、日本空調サービスの代表的なブランド名や製品名に関する具体的な情報は提供できません。"", ""会社名: 日空, NKS, 日本空調, 空調サービス, Nihon Kuucho\nブランド名: 情報が不足しているため、代表的なブランド名や製品名を特定できません。"", ""会社名: 日本空調, 日空調,\nブランド名: なし""]"
46610,４６６１０,オリエンタルランド,情報通信・サービスその他,OLC|オリエンタル|Oriental Land,東京ディズニーランド|東京ディズニーシー|ディズニーホテル|イクスピアリ|ボン・ヴォヤージュ,"[""会社名: オリエンタルランド, OLC, Oriental Land,\nブランド名: 東京ディズニーランド, 東京ディズニーシー, ディズニーホテル, イクスピアリ, ボン・ヴォヤージュ"", ""会社名: オリエンタル, OLC, オリエンタルランド,\nブランド名: 東京ディズニーランド, 東京ディズニーシー, ディズニーホテル, イクスピアリ, ボン・ヴォヤージュ"", ""会社名: オリエンタルランド, OLC, オリエンタル,\nブランド名: 東京ディズニーランド, 東京ディズニーシー, TDL, TDS, ディズニーリゾート""]"
46620,４６６２０,フォーカスシステムズ,情報通信・サービスその他,フォーカス|フォーカスシス|FS|Focus Systems,なし,"[""会社名: フォーカスシステムズ, フォーカス, Focus Systems, FS, フォーカスシス,\nブランド名: なし"", ""会社名: フォーカス, フォーカスシス, FCS, フォーカスシステムズ,\nブランド名: なし"", ""会社名: フォーカスシステムズ, フォーカス, FS, フォーカスシス, 46620,\nブランド名: 申し訳ありませんが、フォーカスシステムズの具体的なブランド名や製品名についての情報は持っていません。""]"
46650,４６６５０,ダスキン,情報通信・サービスその他,Duskin|DSKN|46650,ミスタードーナツ|Mister Donut|ダスキンヘルスケア|モスバーガー|モスド,"[""会社名: ダスキン, Duskin,\nブランド名: ミスタードーナツ, Mister Donut, モスバーガー, モスド, ダスキンヘルスケア"", ""会社名: ダスキン, Duskin, DSKN,\nブランド名: ミスタードーナツ, ダスキンメリーメイド, ダスキンヘルスレント, ダスキンレントオール, ダスキンケアサービス"", ""会社名: ダスキン, Duskin, 46650,\nブランド名: ミスタードーナツ, Mister Donut, モップ, Clean Service, ダスキンヘルスケア,""]"
46660,４６６６０,パーク２４,不動産,PARK24|パーク24|24,タイムズ|タイムズカー|タイムズパーキング|タイムズカープラス,"[""会社名: パーク24, PARK24,\nブランド名: タイムズ, タイムズカー, タイムズパーキング, タイムズクラブ, タイムズカーシェアリング"", ""会社名: パーク24, PARK24, パーク, 24,\nブランド名: タイムズ, タイムズカー, タイムズパーキング, タイムズクラブ, タイムズカープラス"", ""会社名: パーク２４, PARK24,\nブランド名: タイムズ, タイムズカー, タイムズパーキング, タイムズクラブ, タイムズカープラス""]"
46680,４６６８０,明光ネットワークジャパン,情報通信・サービスその他,明光|Meiko|Meiko Network,明光義塾|明光サッカースクール|明光キッズ|速読解・思考力講座|明光プラス,"[""会社名: 明光, 明光ネット, Meiko, Meiko Network,\nブランド名: 明光義塾, 速読解・思考力講座, 明光サッカースクール, 明光キッズ, 明光プラス"", ""会社名: 明光, 明光ネット, Meiko, Meiko Network, 明光ネットワーク,\nブランド名: 明光義塾, 早稲田アカデミー, 明光サッカースクール, 明光キッズ, 明光ゼミナール"", ""会社名: 明光, 明光ネット, MNJ, 明光ネットワーク, 明光ジャパン,\nブランド名: 明光義塾, 速読解・思考力講座, 明光サッカースクール, 明光キッズ, 明光オンライン""]"
46710,４６７１０,ファルコホールディングス,情報通信・サービスその他,ファルコ,,"[""申し訳ありませんが、「ファルコホールディングス」（証券コード: 46710）についての具体的な略称やブランド名の情報は持ち合わせていません。一般的には、企業の略称やブランド名は公式ウェブサイトやプレスリリース、または金融ニュースなどで確認することができます。"", ""申し訳ありませんが、「ファルコホールディングス」（証券コード: 46710）についての具体的な略称やブランド名の情報は持ち合わせていません。一般的に企業の略称やブランド名は、公式ウェブサイトやプレスリリース、または業界内での使用例を参照することで確認できます。"", ""申し訳ありませんが、「ファルコホールディングス」（証券コード: 46710）に関する具体的な略称やブランド名、製品名についての情報は持ち合わせていません。一般的には、企業の略称やブランド名は公式ウェブサイトやプレスリリース、または金融ニュースサイトで確認することができます。""]"
46740,４６７４０,クレスコ,情報通信・サービスその他,CRESCO|クレスコ株式会社|クレスコジャパン,,"[""会社名: クレスコ, CRESCO,\nブランド名: 申し訳ありませんが、クレスコの具体的なブランド名や製品名についての情報は提供できません。"", ""会社名: クレスコ, CRESCO, クレスコ株式会社, クレスコジャパン, クレスコグループ  \nブランド名: 申し訳ありませんが、クレスコの代表的なブランド名や製品名に関する具体的な情報は提供できません。"", ""申し訳ありませんが、クレスコ（証券コード: 46740）に関する具体的な略称やニックネーム、ブランド名、製品名の情報は持っていません。一般的に、企業の略称やブランド名は公式な情報源や企業のウェブサイトで確認することができます。クレスコに関する詳細な情報を知りたい場合は、公式なリリースや金融ニュースを参照することをお勧めします。""]"
46760,４６７６０,フジ・メディア・ホールディングス,情報通信・サービスその他,フジメディアHD|フジ|フジ・メディア・,BSフジ|フジサンケイビジネスアイ|ニッポン放送|フジテレビ|フジサンケイグループ,"[""会社名: フジテレビ, フジメディアHD, Fuji Media Holdings, フジサンケイグループ, フジ\nブランド名: フジテレビジョン, BSフジ, フジサンケイビジネスアイ, ニッポン放送, 産経新聞"", ""会社名: フジメディアHD, フジHD, フジメディア, FMH, フジホールディングス  \nブランド名: フジテレビ, BSフジ, フジサンケイグループ, ニッポン放送, 文化放送"", ""会社名: フジHD, フジメディア, フジホールディングス, フジ,\nブランド名: フジテレビ, BSフジ, フジサンケイグループ, フジサンケイビジネスアイ, フジニュースネットワーク""]"
46800,４６８００,ラウンドワン,情報通信・サービスその他,R1|ラウワン|ROUND1|ラウンド1,ボウリング|カラオケ|アミューズメント|スポッチャ|ゲームセンター,"[""会社名: ラウンドワン, Round1, R1,\nブランド名: スポッチャ, ボウリング, カラオケ, アミューズメント, ゲームセンター"", ""会社名: ラウンドワン, R1, ラウワン, ROUND1, ラウンド1  \nブランド名: SPO-CHA, ROUND1 STADIUM, ボウリング, カラオケ, アミューズメント"", ""会社名: ラウンドワン, R1, ラウワン, ROUND1, ラウンド1,\nブランド名: スポッチャ, ボウリング, カラオケ, アミューズメント, ビリヤード""]"
46810,４６８１０,リゾートトラスト,情報通信・サービスその他,リゾトラ|RT|Resort Trust,エクシブ|サンメンバーズ|ベイコートクラブ|トラスティーレジデンス|トラスティーヴィラ,"[""会社名: リゾトラ, Resort Trust, RT,\nブランド名: エクシブ, サンメンバーズ, ベイコートクラブ, トラスティーレジデンス, トラスティーヴィラ"", ""会社名: リゾトラ, RT, Resort Trust, リゾートトラスト,\nブランド名: エクシブ, サンメンバーズ, ベイコートクラブ, ホテルラフォーレ, トラスティホテル"", ""会社名: リゾトラ, RT,\nブランド名: エクシブ, サンメンバーズ, ベイコートクラブ, トラスティ, ホテルトラスティ""]"
46840,４６８４０,オービック,情報通信・サービスその他,OBIC|オービックシステム|オービックソフトウェア|オービックコンサルティング,OBIC7|OBIC7 ERP|OBIC7 Cloud|OBIC7シリーズ|OBIC7会計,"[""会社名: オービック, OBIC,\nブランド名: OBIC7, OBIC7シリーズ, OBIC7 ERP, OBIC7会計, OBIC7人事給与"", ""会社名: オービック, OBIC, オービックシステム, オービックソフトウェア, オービックコンサルティング,\nブランド名: OBIC7, OBIC7 Cloud, OBIC7 ERP, OBIC7 HR, OBIC7 SCM"", ""会社名: オービック, OBIC, OBIC7, OBIC Business Consultant, オービックビジネスコンサルタント,\nブランド名: OBIC7, OBIC Enterprise, OBIC7 Cloud, OBIC7 ERP, OBIC7 HRM""]"
46860,４６８６０,ジャストシステム,情報通信・サービスその他,JS|JustSystems|ジャスト|ジャストシス,一太郎|ATOK|JUST Office|JUST PDF|花子,"[""会社名: ジャストシステム, JustSystems, JS,\nブランド名: 一太郎, ATOK, 花子, JUST Office, JUST PDF"", ""会社名: ジャスト, JustSystems, JS, ジャストシス, ジャストコーポレーション  \nブランド名: 一太郎, ATOK, 花子, JUST PDF, JUST Office"", ""会社名: ジャストシステム, JUST, JS,\nブランド名: 一太郎, ATOK, ジャストスマイル, JUST Office, JUST PDF""]"
46870,４６８７０,ＴＤＣソフト,情報通信・サービスその他,TDCソフト|TDC Software|TDC|TDCソフトウェアエンジニアリング,なし|TDCソリューション|TDCクラウド|TDCデータ分析,"[""会社名: TDCソフト, TDC Software, TDCソフトウェアエンジニアリング, TDC,\nブランド名: なし"", ""会社名: TDC, TDCソフト, TDC Software, TDCソフトウェア, TDCソフト株式会社  \nブランド名: TDCソリューション, TDCクラウド, TDCセキュリティ, TDCデータ分析, TDCモバイルソリューション"", ""会社名: TDC, TDCソフト, TDC Software, TDCソフトウェアエンジニアリング, TDCソフト株式会社  \nブランド名: 具体的なブランド名や製品名は公開されていない可能性があります。""]"
46890,４６８９０,ＬＩＮＥヤフー,情報通信・サービスその他,LINEヤフー|Zホールディングス|LINE Yahoo|Yahoo Japan,LINE|Yahoo! JAPAN|PayPay|LINE Pay|Yahoo!ショッピング,"[""会社名: LINEヤフー, Zホールディングス, LINE Yahoo, ZHD, Yahoo Japan,\nブランド名: LINE, Yahoo! JAPAN, PayPay, LINE Pay, Yahoo!ショッピング"", ""会社名: LINEヤフー, Zホールディングス, LINE Yahoo, LYホールディングス, ZHD\nブランド名: LINE, Yahoo! JAPAN, PayPay, LINE Pay, Yahoo!ショッピング"", ""会社名: Ｚホールディングス, ＺＨＤ, ＬＩＮＥヤフー, ＹａｈｏｏＪａｐａｎ, ＬＩＮＥ,\nブランド名: ＬＩＮＥ, Ｙａｈｏｏ！, ＰａｙＰａｙ, ＬＩＮＥマンガ, ＬＩＮＥミュージック""]"
46940,４６９４０,ビー・エム・エル,情報通信・サービスその他,BML|ビーエムエル|BML Inc.|BioMedical Laboratories|バイオメディカルラボラトリーズ,BMLメディカル|BMLヘルスケア|ルーチェ|BMLダイレクト|メディカルサポートシステム,"[""会社名: BML, ビーエムエル, BioMedical Laboratories,\nブランド名: ルーチェ, BMLダイレクト, メディカルサポートシステム, BMLメディカル, BMLヘルスケア"", ""会社名: BML, ビーエムエル, バイオメディカルラボラトリーズ, バイオメディカル, BML Inc.,\nブランド名: ..."", ""会社名: BML, BML Inc., BML株式会社,\nブランド名: BML総合ラボ, BMLメディカル, BMLヘルスケア, BMLダイアグノスティクス, BMLバイオテック""]"
47040,４７０４０,トレンドマイクロ,情報通信・サービスその他,Trend Micro|トレンド|TM|トレマイ,ウイルスバスター|Deep Security|Apex One|Cloud One|OfficeScan,"[""会社名: トレンドマイクロ, Trend Micro,\nブランド名: ウイルスバスター, Deep Security, Apex One, Cloud One, OfficeScan"", ""会社名: トレンド, トレンドマイクロ, Trend Micro, TM, トレマイ,\nブランド名: ウイルスバスター, Deep Security, Apex One, Cloud One, OfficeScan"", ""会社名: トレンド, トレンドマイクロ, TMICRO, TREND, 4704,\nブランド名: ウイルスバスター, Trend Micro Antivirus, Deep Security, Apex One, Cloud One,""]"
47090,４７０９０,ＩＤホールディングス,情報通信・サービスその他,IDホールディングス|ID Holdings|IDH|アイディーホールディングス|ＩＤ,,"[""申し訳ありませんが、「ＩＤホールディングス」（証券コード: 47090）についての具体的な略称やブランド名の情報は持ち合わせていません。一般的には、企業の略称やブランド名は公式ウェブサイトやプレスリリースで確認することができます。"", ""申し訳ありませんが、「ＩＤホールディングス」（証券コード: 47090）に関する具体的な略称やブランド名の情報は持っていません。一般的に、企業の略称やブランド名は公式ウェブサイトやプレスリリース、またはSNSでの使用例を参考にすることができます。具体的な情報を得るためには、これらの情報源を確認することをお勧めします。"", ""会社名: IDホールディングス, IDHD, ID Holdings, IDH, アイディーホールディングス,\nブランド名: 申し訳ありませんが、IDホールディングスの具体的なブランド名や製品名に関する情報は提供できません。""]"
47140,４７１４０,リソー教育,情報通信・サービスその他,リソー|Riso Kyoiku|Riso|47140,トーマス|TOMAS|Meiko Kids e|インターナショナルスクールオブトーマス|プロ家庭教師のトライ,"[""会社名: リソー教育, リソー, Riso Kyoiku,\nブランド名: トーマス, TOMAS, プロ家庭教師のトライ, Meiko Kids e, インターナショナルスクールオブトーマス"", ""会社名: リソー, リソー教育, Riso Kyoiku, Riso, 47140  \nブランド名: トーマス, プラスワン教育, スクールTOMAS, インターナショナルTOMAS, TOMAS英会話"", ""会社名: リソー, リソー教育, Riso Kyoiku, Riso, 47140,\nブランド名: トーマス, TOMAS, プロ家庭教師のトーマス, インターナショナルスクールオブトーマス, Meiko Kids e,""]"
47160,４７１６０,日本オラクル,情報通信・サービスその他,Oracle Japan|オラクルジャパン|オラクル|ORCL,Oracle Database|Oracle Cloud|Oracle ERP|Oracle Fusion|Oracle NetSuite,"[""会社名: 日本オラクル, Oracle Japan, オラクルジャパン, オラクル,\nブランド名: Oracle Database, Oracle Cloud, Oracle ERP, Oracle Fusion, Oracle NetSuite"", ""会社名: オラクルジャパン, Oracle Japan, 日本オラクル,\nブランド名: Oracle Database, Oracle Cloud, Oracle E-Business Suite, Oracle Fusion Middleware, Oracle Java"", ""会社名: 日本オラクル, オラクルジャパン, オラクル, ORCL, Oracle Japan  \nブランド名: Oracle Database, Oracle Cloud, Oracle ERP, Oracle Fusion, Oracle NetSuite""]"
47180,４７１８０,早稲田アカデミー,情報通信・サービスその他,早稲アカ|Waseda Academy|Wアカ|Wアカデミー|早稲田塾,早稲田アカデミー|早稲田アカデミー個別指導|早稲田アカデミー中学受験コース|早稲田アカデミー高校受験コース|早稲田アカデミー大学受験コース,"[""会社名: 早稲アカ, Waseda Academy,\nブランド名: 早稲田アカデミー, 早稲田アカデミー個別指導, 早稲田アカデミー中学受験コース, 早稲田アカデミー高校受験コース, 早稲田アカデミー大学受験コース"", ""会社名: 早稲アカ, Wアカデミー, Waseda Academy, 早稲田塾, Wアカ,\nブランド名: サクセス18, 早稲アカ模試, 早稲アカオンライン, 早稲アカ個別指導, 早稲アカ中学受験コース"", ""会社名: 早稲アカ, Wアカ, 早アカ, WASEACA, 早稲田アカ,\nブランド名: 早稲田アカデミー, 早稲アカ, Wアカ, 早アカ, WASEACA""]"
47190,４７１９０,アルファシステムズ,情報通信・サービスその他,アルファ|Alpha Systems|アルファシス|AS,なし,"[""会社名: アルファ, Alpha Systems, アルファシステムズ,\nブランド名: なし"", ""申し訳ありませんが、「アルファシステムズ」（証券コード: 47190）に関する具体的な略称やブランド名についての情報は持ち合わせていません。一般的に、企業の略称やブランド名はSNSやトレーダー間での使用状況により異なることがありますので、具体的な情報は公式ウェブサイトや関連するSNSアカウント、または業界のフォーラムなどで確認することをお勧めします。"", ""会社名: アルファ, アルファシス, AS, アルシス, アルファシステムズ,\nブランド名: 申し訳ありませんが、アルファシステムズの具体的なブランド名や製品名についての情報は持っていません。""]"
47220,４７２２０,フューチャー,情報通信・サービスその他,FUTURE|4722|フューチャーアーキテクト|FA,,"[""申し訳ありませんが、「フューチャー」（証券コード: 47220）についての具体的な略称やブランド名の情報は持ち合わせていません。一般的には、企業の略称やブランド名は公式ウェブサイトやプレスリリース、または金融ニュースなどで確認することができます。"", ""申し訳ありませんが、「フューチャー」（証券コード: 47220）についての具体的な略称やブランド名の情報は持ち合わせていません。一般的に、企業の略称やブランド名はその企業の公式な発表や広く認知されている情報に基づくことが多いです。公式な情報源や企業のウェブサイトなどを確認することをお勧めします。"", ""会社名: フューチャー, FUTURE, 4722, フューチャーアーキテクト, FA,  \nブランド名: 特定のブランド名や製品名は確認できません。""]"
47250,４７２５０,ＣＡＣ　Ｈｏｌｄｉｎｇｓ,情報通信・サービスその他,CAC|CAC Holdings|ＣＡＣ,情報が不足しています。,"[""会社名: CAC, CAC Holdings, CACグループ, CACホールディングス,\nブランド名: 申し訳ありませんが、CAC Holdingsの具体的なブランド名や製品名についての情報は提供できません。"", ""申し訳ありませんが、「ＣＡＣ　Ｈｏｌｄｉｎｇｓ」（証券コード: 47250）に関する具体的な略称やブランド名の情報は持っていません。一般的には、企業の略称やブランド名は公式ウェブサイトやプレスリリース、または業界の専門メディアで確認することができます。"", ""会社名: ＣＡＣ, ＣＡＣＨＤ, ＣＡＣホールディングス, ＣＡＣグループ, ＣＡＣＨＤグループ,\nブランド名: 情報が不足しています。""]"
47320,４７３２０,ユー・エス・エス,情報通信・サービスその他,USS|ユーエスエス|USSオークション|USSジャパン,USSオークション|USSネットワーク|USSオートオークション,"[""会社名: USS, ユーエスエス, USS Co., Ltd., USS Corporation, ユーエスエス株式会社  \nブランド名: USSオークション, USSネットワーク, USSグループ, USSオートオークション, USSバリューアップ"", ""会社名: USS, ユーエスエス, USSオークション, USSグループ, USSジャパン  \nブランド名: USSオークション, USSネットワーク, USSモバイル, USSトレーディング, USSリース"", ""会社名: USS, ユーエスエス, USSオークション, USSグループ, USSジャパン  \nブランド名: USSオークション, USSネットワーク, USSモバイル, USSマーケット, USSプラットフォーム""]"
47330,４７３３０,オービックビジネスコンサルタント,情報通信・サービスその他,OBC|オービック|オービックコンサルタント,勘定奉行|給与奉行|商奉行|人事奉行|OBC奉行シリーズ,"[""会社名: OBC, オービック, オービックビジネスコンサルタント,\nブランド名: 勘定奉行, 給与奉行, 商奉行, 人事奉行, OBC奉行シリーズ"", ""会社名: OBC, オービック, オービックビジネス, オービックコンサルタント, オービックBC\nブランド名: 勘定奉行, 給与奉行, 商奉行, 人事奉行, OBC製品"", ""会社名: OBC, オービック, オービックビジネス,\nブランド名: 勘定奉行, 給与奉行, 商奉行, 奉行シリーズ, OBC奉行シリーズ""]"
47430,４７４３０,アイティフォー,情報通信・サービスその他,ITFOR|IT4|アイティ4|ITフォー,FALCON|NetFOR|WinFOR|iFORCE|iCUBE,"[""会社名: アイティフォー, ITFOR,\nブランド名: FALCON, NetFOR, WinFOR, iFORCE, iCUBE"", ""会社名: アイティフォー, ITFOR, IT4, アイティ4, ITフォー  \nブランド名: SaAT, SaAT Netizen, SaAT System, SaAT Finance, SaAT Manager"", ""会社名: ITFOR, アイティフォー,\nブランド名: すみませんが、特定のブランド名や製品名に関する情報は提供できません。""]"
47450,４７４５０,東京個別指導学院,情報通信・サービスその他,東京個別|TKG|個別指導学院|個別指導|Tokyo Individualized Educational Institute,ベネッセ個別指導学院|Benesse My Tutor|東京個別指導学院|個別指導学院|ベネッセ,"[""会社名: 東京個別, TKG, 個別指導学院, Tokyo Individualized Educational Institute, TIEI  \nブランド名: ベネッセ個別指導学院, Benesse My Tutor"", ""会社名: 東京個別, TKG, 個別指導, 東京個別指導, ベネッセ個別,\nブランド名: ベネッセ個別指導学院, 東京個別指導学院, 個別指導学院, ベネッセ, 個別指導スクール"", ""会社名: 東京個別, 個別指導学院, TKG, 個別指導, 東個別,\nブランド名: ベネッセ個別指導, 進学個別指導, 個別指導塾, 学習サポート, 教育サポート,""]"
47460,４７４６０,東計電算,情報通信・サービスその他,Tokei|Tokei Densan|Tokei Electric|東計|東計電,,"[""申し訳ありませんが、「東計電算」に関する具体的な略称やブランド名の情報は私のデータベースには含まれていません。一般的に、企業の略称やブランド名は公式な情報源や企業のウェブサイトで確認することができます。"", ""会社名: 東計, 東計電, Tokei, Tokei Densan, Tokei Electric,\nブランド名: すみませんが、東計電算の代表的なブランド名や製品名に関する具体的な情報はありません。"", ""会社名: 東計電算, Tokei, Tokei Densan, Tokei Electric, Tokei Computing,\nブランド名: 申し訳ありませんが、東計電算の具体的なブランド名や製品名に関する情報は手元にありません。""]"
47510,４７５１０,サイバーエージェント,情報通信・サービスその他,サイバー|CA|CyberAgent|サイバーA|サイエー,AbemaTV|WINTICKET|Ameba|AbemaNews|Abemaビデオ,"[""会社名: サイバー, CA, CyberAgent, サイバーエージェント,\nブランド名: AbemaTV, Ameba, WINTICKET, AbemaNews, Abemaビデオ"", ""会社名: サイバー, CA, サイバーA, CyberAgent, サイエー\nブランド名: AbemaTV, Amebaブログ, WINTICKET, グランブルーファンタジー, オンラインクレーンゲーム「トレバ」"", ""会社名: サイバー, CA, サイバーA, サイバーエ, サイエー,\nブランド名: AbemaTV, Ameba, WINTICKET, AbemaNews, Abemaビデオ,""]"
47550,４７５５０,楽天グループ,情報通信・サービスその他,楽天|Rakuten|Rakuten Group,楽天市場|楽天カード|楽天トラベル,"[""会社名: 楽天, Rakuten, 楽天グループ, 楽天株式会社, Rakuten Group,\nブランド名: 楽天市場, 楽天カード, 楽天銀行, 楽天モバイル, 楽天トラベル"", ""会社名: 楽天, Rakuten, 楽天グループ, 楽天市場, 楽天証券  \nブランド名: 楽天市場, 楽天カード, 楽天モバイル, 楽天トラベル, 楽天銀行"", ""会社名: 楽天, 楽天グループ, 楽天HD,  \nブランド名: 楽天市場, 楽天カード, 楽天銀行, 楽天モバイル, 楽天トラベル""]"
47630,４７６３０,クリーク・アンド・リバー社,情報通信・サービスその他,クリーク・アンド・リバー|C&R社|クリーク社|CREEK & RIVER Co.,...|AGEX|CREEK|C&R Creative|C&R Entertainment,"[""会社名: クリーク・アンド・リバー, C&R社, クリーク社, クリーク・アンド・リバーコーポレーション, CREEK & RIVER Co., Ltd.\nブランド名: ..."", ""会社名: クリーク・アンド・リバー, C&R社, クリーク社, クリークアンドリバー,\nブランド名: AGEX, CREEK, C&R Creative, C&R Entertainment, C&R Healthcare"", ""会社名: クリーク・アンド・リバー, C&R社, クリーク社, クリーク, C&R,\nブランド名: 特定のブランド名や製品名は一般的に知られていません。""]"
47650,４７６５０,ＳＢＩグローバルアセットマネジメント,情報通信・サービスその他,SBIグローバル|SBIアセット|SBIグローバルAM|SBI GAM|ＳＢＩグローバルアセット,ＳＢＩファンド|ＳＢＩインベストメント|ＳＢＩマネージャー,"[""会社名: SBIグローバル, SBIアセット, SBIグローバルAM, SBI GAM, SBI\nブランド名: 申し訳ありませんが、具体的なブランド名や製品名の情報は提供できません。"", ""申し訳ありませんが、「SBIグローバルアセットマネジメント」（証券コード: 47650）に関する具体的な略称やブランド名についての情報は持っていません。一般的に、企業の略称やブランド名は公式の情報源や企業のウェブサイトで確認することができます。"", ""会社名: ＳＢＩ, ＳＢＩグローバル, ＳＢＩアセット, ＳＢＩＧＡＭ, ＳＢＩ資産管理,\nブランド名: ＳＢＩファンド, ＳＢＩインベストメント, ＳＢＩマネージャー, ＳＢＩポートフォリオ, ＳＢＩウェルス""]"
47670,４７６７０,テー・オー・ダブリュー,情報通信・サービスその他,TOW|テーオーダブリュー|テーオー|TOW Co.|テーオーW,,"[""会社名: TOW, テーオーダブリュー, テーオーW, テーオー・ダブリュー,\nブランド名: 申し訳ありませんが、TOWに関連する具体的なブランド名や製品名の情報はありません。"", ""会社名: テーオー, TOW, テーオーダブリュー, テーオー社, TOW Co.,\nブランド名: 申し訳ありませんが、テー・オー・ダブリュー（TOW）に関連する代表的なブランド名や製品名の情報はありません。"", ""会社名: TOW, テーオーダブリュー, テーオー, TOW Co., Ltd., TOW株式会社  \nブランド名: 特に一般的なブランド名や製品名は確認できません。""]"
47680,４７６８０,大塚商会,情報通信・サービスその他,OTSUKA CORPORATION|大塚|Otsuka Shokai|Otsuka,SMILE|AlphaOffice|eValue|CASTER|ActFit,"[""会社名: 大塚商会, Otsuka Shokai, OTSUKA CORPORATION,\nブランド名: SMILE, AlphaOffice, eValue, ActFit, CASTER"", ""会社名: 大塚, Otsuka, 大塚商会,\nブランド名: SMILE, AlphaOffice, eValue, ActiBook, CACHATTO"", ""会社名: 大塚商会, OTSUKA, OTSUKA CORPORATION, 47680, 大塚  \nブランド名: SMILE, AlphaOffice, eValue, CASTER, TANOSEE""]"
47760,４７７６０,サイボウズ,情報通信・サービスその他,Cybozu|CYB|CYBOZU,kintone|Garoon|サイボウズ Office|Mailwise|サイボウズLive,"[""会社名: サイボウズ, Cybozu,\nブランド名: kintone, Garoon, サイボウズ Office, Mailwise, サイボウズ デヂエ"", ""会社名: サイボウズ, Cybozu, CYB,\nブランド名: kintone, Garoon, サイボウズ Office, Mailwise, サイボウズLive"", ""会社名: サイボウズ, CYBOZU,  \nブランド名: kintone, Garoon, サイボウズ Office, Mailwise, サイボウズLive""]"
47840,４７８４０,ＧＭＯインターネット,情報通信・サービスその他,GMO|GMOインターネット|GMO Internet Group|GMO Internet|ＧＭＯインター,お名前.com|Z.com|GMOクリック証券|GMOペパボ|GMOコイン,"[""会社名: GMO, GMOインターネット, GMOグループ, GMO Internet Group, GMO Internet,\nブランド名: お名前.com, Z.com, GMOクリック証券, GMOペパボ, GMOコイン"", ""会社名: GMO, GMOインターネット, GMOグループ, GMO Internet Group, GMO Internet Holdings  \nブランド名: お名前.com, Z.com, GMOクリック証券, GMOペパボ, GMOコイン"", ""会社名: GMO, GMOインターネット, GMOグループ, GMO-I, GMO Internet,\nブランド名: お名前.com, Z.com, GMOクリック証券, GMOペパボ, GMOクラウド""]"
47920,４７９２０,山田コンサルティンググループ,情報通信・サービスその他,山田コンサル|YCG|山田コンサルティング|Yamada Consulting|山田CG,該当なし|なし,"[""申し訳ありませんが、「山田コンサルティンググループ」についての具体的な略称やブランド名の情報は持ち合わせていません。一般的には、企業の略称やブランド名は公式ウェブサイトやプレスリリースで確認することができます。"", ""会社名: 山田コンサル, YCG, 山田コンサルティング, Yamada Consulting, 山田CG\nブランド名: 該当なし"", ""会社名: 山田コンサル, YCG, 山田CG, 山田コンサルティング, Yamada Consulting,\nブランド名: なし""]"
48010,４８０１０,セントラルスポーツ,情報通信・サービスその他,セントラル|センスポ|CS|セントスポ,セントラルフィットネス|セントラルウェルネス|2. 代表的なブランド名・製品名,"[""申し訳ありませんが、「セントラルスポーツ」（証券コード: 48010）に関する具体的な略称やブランド名の情報は持っていません。しかし、一般的に企業の略称やブランド名は以下のように考えられることがあります。\n\n会社名: セントラル, セントラルスポーツ,\nブランド名: セントラルフィットネス, セントラルウェルネス,\n\nこれらは一般的な例であり、実際の使用状況は異なる可能性があります。正確な情報については、公式の企業資料やニュースソースを確認することをお勧めします。"", ""申し訳ありませんが、「セントラルスポーツ」（証券コード: 48010）に関する具体的な略称やブランド名のリストを提供することはできません。ただし、一般的に日本の企業に関しては、以下のような形式で略称やブランド名が使われることが多いです。\n\n1. 会社の略称・ニックネーム・通称・英語名\n   - セントラル, センスポ\n\n2. 代表的なブランド名・製品名\n   - セントラルフィットネスクラブ, セントラルウェルネスクラブ\n\nこれらは一般的な例であり、実際の使用状況"", ""会社名: セントラル, セントラルスポーツ, センスポ, CS, セントスポ,\nブランド名: セントラルフィットネスクラブ, セントラルウェルネスクラブ, セントラルキッズ, セントラルスイミング, セントラルテニス""]"
48090,４８０９０,パラカ,不動産,,なし,"[""申し訳ありませんが、「パラカ」（証券コード: 48090）に関する具体的な略称やブランド名の情報は持っていません。一般的には、企業の略称やブランド名は公式ウェブサイトや金融ニュース、企業のプレスリリースなどで確認することができます。"", ""申し訳ありませんが、「パラカ」（証券コード: 48090）に関する具体的な略称やブランド名の情報は私のデータベースには含まれていません。一般的には、企業の略称やブランド名は公式ウェブサイトやプレスリリース、または業界のフォーラムやSNSで確認することができます。"", ""会社名: パラカ,  \nブランド名: なし""]"
48120,４８１２０,電通総研,情報通信・サービスその他,,,"[""申し訳ありませんが、「電通総研」（証券コード: 48120）に関する具体的な略称やブランド名についての情報は持ち合わせていません。電通総研は一般的に「電通」や「Dentsu」として知られることが多いですが、詳細な略称やブランド名については公式な情報源を確認することをお勧めします。"", ""申し訳ありませんが、「電通総研」（証券コード: 48120）に関する具体的な略称やブランド名の情報は持ち合わせていません。電通総研が実在する企業であるかどうかも確認できません。一般的に、企業の略称やブランド名は公式な情報源や企業のウェブサイトで確認することができます。"", ""申し訳ありませんが、「電通総研」（証券コード: 48120）に関する具体的な略称やブランド名、製品名についての情報は持ち合わせていません。一般的に、企業の略称やブランド名は公式な情報源や企業のウェブサイトで確認することができます。""]"
48130,４８１３０,ＡＣＣＥＳＳ,情報通信・サービスその他,ACCESS|アクセス|ACCESS CO.|LTD.,NetFront|ACCESS Twine|ACCESS Connect|ACCESS MyTV|ACCESS Twine for Car,"[""会社名: ACCESS, アクセス,\nブランド名: NetFront, ACCESS Twine, ACCESS Connect, ACCESS MyTV, ACCESS Twine for Car"", ""申し訳ありませんが、具体的な企業の略称やブランド名についての情報は提供できません。ただし、一般的な情報や質問についてお手伝いできることがあればお知らせください。"", ""会社名: ACCESS, アクセス, ACCESS CO., LTD.,   \nブランド名: NetFront, ACCESS Twine, ぷららモバイル, ACCESS Connect, NetFront Browser""]"
48190,４８１９０,デジタルガレージ,情報通信・サービスその他,デジガレ|DG|Digital Garage|デジタルG|デジタルガレージホールディングス,カカクコム|DG Lab|Open Network Lab|DG Ventures|食べログ,"[""会社名: デジガレ, DG, Digital Garage,\nブランド名: カカクコム, 食べログ, DG Lab, Open Network Lab, DG Ventures"", ""会社名: デジガレ, DG, Digital Garage, デジタルG, デジタルガレージホールディングス  \nブランド名: カカクコム, iemo, Open Network Lab, DG Lab, THE BRIDGE"", ""会社名: DG, デジガレ, デジタルG, デジタルガレージ,\nブランド名: カカクコム, DG Lab, Open Network Lab, DG Ventures, DG FinTech""]"
48200,４８２００,イーエムシステムズ,情報通信・サービスその他,イーエム|EMシステムズ|EM Systems|EM,MAPs|MAPs for PHARMACY|MAPs for CLINIC|MAPs for DISPENSING,"[""申し訳ありませんが、「イーエムシステムズ」（証券コード: 48200）についての具体的な略称やブランド名の情報は私のデータベースには含まれていないようです。一般的には、企業の略称やブランド名は公式ウェブサイトやプレスリリース、または金融ニュースなどで確認することができます。"", ""会社名: イーエム, EMシステムズ, EM, イーエムシステム, EM Systems  \nブランド名: MAPs, MAPs for PHARMACY, MAPs for CLINIC, MAPs for DISPENSING, MAPs for MEDICAL"", ""会社名: イーエムシステムズ, EMシステムズ, EM Systems, EMシス, イーエム,\nブランド名: メディコム, EMクラウド, EMR, メディカルサポート, ファーマシーサポート""]"
48250,４８２５０,ウェザーニューズ,情報通信・サービスその他,WNI|ウェザーニュース|WN|Weathernews,ウェザーニュースLiVE|ウェザーニュースアプリ|ウェザーニュースチャンネル|ウェザーニュースタッチ,"[""会社名: ウェザーニューズ, WNI,\nブランド名: ウェザーニュース, ウェザーニューズタッチ, ウェザーニュースLiVE, ウェザーニュースアプリ, ウェザーニュースチャンネル"", ""会社名: ウェザーニューズ, WNI, Weathernews, ウェザーニュース, WN\nブランド名: ウェザーニュースLiVE, ウェザーニュースアプリ, ウェザーニュースチャンネル, ウェザーニュースタッチ, ウェザーニュースウェブ"", ""会社名: ウェザーニューズ, WNI, ウェザーニュース, WN, ウェザーニュース社,\nブランド名: ウェザーニュース, ウェザーニュースタッチ, ウェザーニュースLiVE, ウェザーニュースアプリ, ウェザーニュースウェブ""]"
48260,４８２６０,ＣＩＪ,情報通信・サービスその他,CIJ|Computer Institute of Japan,,"[""会社名: CIJ, Computer Institute of Japan,\nブランド名: 申し訳ありませんが、CIJの代表的なブランド名や製品名に関する具体的な情報は提供できません。"", ""申し訳ありませんが、「ＣＩＪ」（証券コード: 48260）に関する具体的な略称やブランド名についての情報は持っていません。一般的には、企業の略称やブランド名は公式ウェブサイトやプレスリリース、または業界のニュースなどで確認することができます。具体的な情報を得るためには、これらの情報源を参照することをお勧めします。"", ""会社名: CIJ, CIJ株式会社,\nブランド名: 申し訳ありませんが、CIJに関連する具体的なブランド名や製品名の情報は見つかりませんでした。""]"
48280,４８２８０,ビジネスエンジニアリング,情報通信・サービスその他,BENG|ビジエン|BE|ビジネスエンジ|B-en-g,mcframe|mcframe GA|mcframe MOTION|mcframe SIGNAL CHAIN|mcframe RAKU-PAD,"[""会社名: B-en-g, ビジネスエンジニアリング,\nブランド名: mcframe, mcframe GA, mcframe MOTION, mcframe SIGNAL CHAIN, mcframe RAKU-PAD"", ""会社名: BENG, ビジエン, BE, ビジネスエンジ, ビジエンジ,\nブランド名: Biz∫, AToMsQube, mcframe, POLARIS, Business Engineering Cloud"", ""会社名: B-ENG, ビジエン, BENG, ビジネスエンジ, BE,\nブランド名: mcframe, mcframe GA, mcframe MOTION, mcframe SIGNAL CHAIN, mcframe RAKU-PAD""]"
48390,４８３９０,ＷＯＷＯＷ,情報通信・サービスその他,WOWOW|WOWOW Inc.|WOWOW Corporation|WOWOW Co.|Ltd.,WOWOWオンデマンド|WOWOWプライム|WOWOWライブ|WOWOWシネマ|WOWOWメンバーズオンデマンド,"[""会社名: WOWOW, WOWOW Inc., WOWOW Corporation, WOWOW Co., Ltd.,\nブランド名: WOWOWオンデマンド, WOWOWプライム, WOWOWライブ, WOWOWシネマ, WOWOWメンバーズオンデマンド"", ""会社名: WOWOW, WOWOW Inc., WOWOW Corporation, WOWOW Co., Ltd., WOWOWエンターテインメント\nブランド名: WOWOWプライム, WOWOWライブ, WOWOWシネマ, WOWOWオンデマンド, WOWOWメンバーズオンデマンド"", ""会社名: WOWOW, WOWOW Inc.,   \nブランド名: WOWOWプライム, WOWOWライブ, WOWOWシネマ, WOWOWオンデマンド, WOWOWメンバーズオンデマンド""]"
48450,４８４５０,スカラ,情報通信・サービスその他,Scala|スカラグループ|Scala Inc.,i-ask|i-gift|i-live|iChie|i-Gateway,"[""会社名: スカラ, Scala, スカラグループ, スカラ株式会社, Scala Inc.\nブランド名: iChie, i-Gateway, i-Reporter, i-Compass, i-Manager"", ""会社名: スカラ, Scala, スカラグループ, スカラ株式会社, スカラHD  \nブランド名: i-ask, i-gift, i-live, i-ask Biz, i-ask HR"", ""会社名: スカラ, Scala, スカラグループ, スカラ株式会社, Scala Inc.,\nブランド名: ソーシャルスタジオ, i-ask, i-gift, i-live, i-PR,""]"
48480,４８４８０,フルキャストホールディングス,情報通信・サービスその他,フルキャスト|Fullcast|FCホールディングス,なし|フルキャストジョブ|フルキャストポータル|フルキャストオンライン,"[""会社名: フルキャスト, Fullcast,\nブランド名: 申し訳ありませんが、フルキャストホールディングスの代表的なブランド名や製品名に関する具体的な情報は提供できません。"", ""会社名: フルキャスト, FCホールディングス, Fullcast,\nブランド名: なし"", ""会社名: フルキャスト, フルキャストHD, FCホールディングス, フルキャストグループ, FCグループ,\nブランド名: フルキャストジョブ, フルキャストポータル, フルキャストオンライン, フルキャストワークス, フルキャストサービス,""]"
48490,４８４９０,エン・ジャパン,情報通信・サービスその他,エンジャパン|ENJ|エン|en-japan|エン・ジャパン株式会社,エン転職|AMBI|ミドルの転職|エン派遣|エンジニアHub,"[""会社名: エンジャパン, en-japan, ENJ,\nブランド名: エン転職, AMBI, ミドルの転職, エン派遣, エンジニアHub"", ""会社名: エンジャパン, ENJ, エン,\nブランド名: エン転職, AMBI, ミドルの転職, エン派遣, エンジニアHub"", ""会社名: エンジャパン, ENJ, エン・ジャパン株式会社, EN Japan, エン,\nブランド名: エン転職, AMBI, ミドルの転職, エン派遣, エンバイト""]"
48800,４８８００,セルソース,医薬品,CellSource|セルソ,セルソースメディカル|セルソースラボ|セルソースヘルスケア|セルソースバイオ,"[""会社名: セルソース, CellSource,\nブランド名: セルソースメディカル, セルソースラボ, セルソースバイオ, セルソーステクノロジー, セルソースヘルスケア"", ""会社名: セルソース, CellSource, セルソ,\nブランド名: セルソースメディカル, セルソースラボ, セルソースクリニック, セルソースバイオテック, セルソースヘルスケア"", ""会社名: セルソース, セルソ,  \nブランド名: セルソースラボ, セルソースメディカル, セルソースバイオ, セルソーステクノロジー, セルソースヘルスケア""]"
48860,４８８６０,あすか製薬ホールディングス,医薬品,あすか製薬|Aska,プレマリン|プロゲストン|アスパラ|アスパラCA,"[""申し訳ありませんが、「あすか製薬ホールディングス」についての具体的な略称やブランド名の情報は私のデータベースには含まれていないようです。一般的には、企業の略称やブランド名は公式ウェブサイトやプレスリリース、または業界のニュースなどで確認することができます。"", ""申し訳ありませんが、指定された証券コード「48860」に該当する「あすか製薬ホールディングス」という会社は存在しないようです。証券コードや会社名に誤りがないか確認してください。また、他の情報があれば提供してください。"", ""会社名: あすか製薬, あすかHD, あすか, Aska, Aska HD  \nブランド名: プレマリン, プロゲストン, アスパラ, アスパラCA, アスパラK""]"
48870,４８８７０,サワイグループホールディングス,医薬品,サワイ|サワイGHD|Sawai|Sawai Group,SAVAY|SAVAY Premium|Sawai Pharmaceutical,"[""申し訳ありませんが、「サワイグループホールディングス」についての具体的な略称やブランド名の情報は持っていません。一般的には、企業の略称やブランド名は公式ウェブサイトやプレスリリースなどで確認できます。"", ""申し訳ありませんが、「サワイグループホールディングス」（証券コード: 48870）についての具体的な略称やブランド名の情報は持ち合わせていません。一般的には、企業の略称やニックネームはSNSやトレーダーの間で独自に作られることが多く、公式な情報としては提供されていないことがあります。また、ブランド名や製品名についても、企業の公式ウェブサイトやプレスリリースなどで確認することができます。具体的な情報をお求めの場合は、公式な情報源を参照されることをお勧めします。"", ""会社名: サワイ, サワイHD, サワイGHD, Sawai, Sawai Group,\nブランド名: SAVAY, SAVAY Premium, Sawai Pharmaceutical, Sawai Generic, Sawai Healthcare""]"
49010,４９０１０,富士フイルムホールディングス,素材・化学,富士フイルム|FFHD|Fujifilm|富士,Xシリーズ|アスタリフト|インスタントカメラ チェキ|フジノン|フジカラー,"[""会社名: 富士フイルム, Fujifilm, FFHD, 富士フイルムHD, 富士フィルム  \nブランド名: Xシリーズ, instax, ASTALIFT, FUJINON, Acuity"", ""会社名: 富士フイルム, 富士, Fujifilm, FFHD, フジフィルム,\nブランド名: アスタリフト, インスタントカメラ チェキ, フジノン, フジカラー, Xシリーズ,"", ""会社名: 富士フイルム, 富士フイルムHD, 富士HD, FFHD, 富士,\nブランド名: アスタリフト, フジカラー, インスタントカメラ チェキ, フジノン, ゼロックス""]"
49020,４９０２０,コニカミノルタ,電機・精密,コニカ|ミノルタ|Konica Minolta|KM,bizhub|Accurio|Planetarium|MOBOTIX|SpectraMagic,"[""会社名: コニカ, ミノルタ, Konica Minolta, KM, コニカミノルタ,\nブランド名: bizhub, Accurio, Spectra, Planetarium, MOBOTIX,"", ""会社名: コニカ, ミノルタ, コニミノ, KM, Konica Minolta  \nブランド名: bizhub, Accurio, Planetarium, SpectraMagic, AeroDR"", ""会社名: コニカ, ミノルタ, KM, Konica Minolta, 49020  \nブランド名: bizhub, Accurio, Planetarium, MOBOTIX, SpectraMagic""]"
49110,４９１１０,資生堂,素材・化学,SHISEIDO|Shiseido|シセイドウ|Shiseido Co.,マキアージュ|クレ・ド・ポー ボーテ|アネッサ|エリクシール|ウーノ,"[""会社名: 資生堂, Shiseido,\nブランド名: マキアージュ, クレ・ド・ポー ボーテ, アネッサ, エリクシール, ウーノ"", ""会社名: 資生堂, SHISEIDO, シセイドウ, Shiseido Co., Ltd.,\nブランド名: マキアージュ, クレ・ド・ポー ボーテ, アネッサ, エリクシール, インテグレート"", ""会社名: 資生堂, SHISEIDO, 49110,\nブランド名: マキアージュ, エリクシール, アネッサ, クレ・ド・ポー ボーテ, ウーノ""]"
49120,４９１２０,ライオン,素材・化学,LION|ライオン株式会社,クリニカ|チャーミー|ソフラン|システマ|ルック,"[""会社名: ライオン, LION,\nブランド名: クリニカ, チャーミー, ソフラン, システマ, ルック"", ""会社名: ライオン, LION, ライオン株式会社, ライオンコーポレーション, ライオンカンパニー  \nブランド名: クリニカ, システマ, チャーミー, ソフラン, キレイキレイ"", ""会社名: ライオン, LION, ライオン株式会社,  \nブランド名: クリニカ, チャーミー, ソフラン, システマ, ルック""]"
49140,４９１４０,高砂香料工業,素材・化学,高砂香料|高砂|Takasago|Takasago International|TKS,L-メントール|アロマケミカル|フレーバー|フレグランス|サボールテック,"[""会社名: 高砂香料, 高砂, Takasago,\nブランド名: L-メントール, フレーバー, フレグランス, アロマケミカル, サボールテック"", ""会社名: 高砂, 高砂香料, Takasago, Takasago International, TKS\nブランド名: L-メントール, フレーバー＆フレグランス, アロマケミカル, サステナブルフレグランス, ナチュラルフレーバー"", ""会社名: 高砂香料, 高砂, T. Hasegawa,  \nブランド名: 具体的なブランド名や製品名は一般的に公表されていない場合が多いです。""]"
49170,４９１７０,マンダム,素材・化学,Mandom|49170|MNDM|マンダム株式会社,ギャツビー|ルシード|バリアリペア|ビフェスタ|ピアー,"[""会社名: マンダム, Mandom, 49170,\nブランド名: ギャツビー, ルシード, バリアリペア, ビフェスタ, ピアー"", ""会社名: マンダム, Mandom, MNDM, マンダム株式会社, Mandom Corp,\nブランド名: ギャツビー, ルシード, バリアリペア, ビフェスタ, ピアー"", ""会社名: マンダム, Mandom,\nブランド名: ギャツビー, ルシード, バリアリペア, ビフェスタ, ピアー""]"
49190,４９１９０,ミルボン,素材・化学,MILBON|ミルボン株式会社|ミルボン社|ミルボンジャパン,オージュア|プラーミア|ディーセス|クロナ|エルジューダ,"[""会社名: ミルボン, MILBON,\nブランド名: オージュア, プラーミア, クロナ, ディーセス, インフェノム"", ""会社名: ミルボン, MILBON, ミルボン株式会社, ミルボン社, ミルボンジャパン  \nブランド名: オージュア, プラーミア, ディーセス, ヴィラロドラ, エルジューダ"", ""会社名: ミルボン,  \nブランド名: オージュア, プラーミア, クロナ, ディーセス, エルジューダ""]"
49220,４９２２０,コーセー,素材・化学,KOSÉ|KOSE,雪肌精|エスプリーク|コスメデコルテ|ジルスチュアート|アディクション,"[""会社名: KOSÉ, コーセー,\nブランド名: 雪肌精, エスプリーク, コスメデコルテ, ジルスチュアート, アディクション"", ""会社名: コーセー, KOSÉ,\nブランド名: 雪肌精, エスプリーク, コスメデコルテ, ヴィセ, プレディア"", ""会社名: コーセー, KOSE,   \nブランド名: 雪肌精, エスプリーク, コスメデコルテ, ジルスチュアート, アディクション""]"
49230,４９２３０,コタ,素材・化学,,,"[""申し訳ありませんが、「コタ」（証券コード: 49230）に関する具体的な情報は提供できません。一般的に、企業の略称やブランド名は公式な情報源や企業のウェブサイトで確認することができます。もし他にお手伝いできることがあれば教えてください。"", ""申し訳ありませんが、「コタ」（証券コード: 49230）に関する具体的な略称やブランド名のリストを提供することはできません。一般的に、企業の略称やブランド名は公式な情報源や企業のウェブサイトで確認することができます。企業の公式サイトや投資情報サイトを参照して、正確な情報を確認することをお勧めします。"", ""申し訳ありませんが、「コタ」（証券コード: 49230）に関する具体的な略称やニックネーム、ブランド名、製品名についての情報は持ち合わせていません。一般的には、企業名やブランド名は公式な情報源や企業のウェブサイトで確認することをお勧めします。""]"
49270,４９２７０,ポーラ・オルビスホールディングス,素材・化学,ポーラ|オルビス|POLA ORBIS|POLA|ORBIS,POLA|ORBIS|THREE|DECENCIA|Jurlique,"[""会社名: ポーラ, オルビス, POLA ORBIS,\nブランド名: POLA, ORBIS, THREE, DECENCIA, Jurlique"", ""会社名: ポーラ, オルビス, POLA ORBIS, POLA, ORBIS  \nブランド名: POLA, ORBIS, THREE, DECENCIA, Amplitude"", ""会社名: ポーラ, オルビス, POLA, ORBIS, ポーラ・オルビス,\nブランド名: POLA, ORBIS, THREE, DECENCIA, Jurlique""]"
49280,４９２８０,ノエビアホールディングス,素材・化学,ノエビア|NOEVIR|Noevir Holdings|Noevir,ノエビア|サナ|レイセラ|エクセル|ノブ,"[""会社名: ノエビア, ノエビアHD, Noevir Holdings, Noevir,\nブランド名: ノエビア, サナ, ノブ, レイセラ, エクセル"", ""会社名: ノエビア, ノエビアHD, NOEVIR,\nブランド名: ノエビア, サナ, 常盤薬品, レイセラ, エクセル"", ""会社名: ノエビア, ノエビアHD, ノエビアホールディングス, NOEVIR, 49280  \nブランド名: ノエビア, サナ, ノブ, レイセラ, エクセル""]"
49310,４９３１０,新日本製薬,素材・化学,新日薬|Shinnihonseiyaku|SNSeiyaku|SNS|新日本,パーフェクトワン|Perfect One|Dr.シーラボ|Dr.Ci:Labo|エンリッチリフト,"[""会社名: 新日本製薬, Shinnihonseiyaku, SNSeiyaku, 新日薬, SNS\nブランド名: パーフェクトワン, Perfect One, Dr.シーラボ, Dr.Ci:Labo, エンリッチリフト, Enrich Lift, クレンジングリキッド, Cleansing Liquid"", ""申し訳ありませんが、「新日本製薬」（証券コード: 49310）に関する具体的な略称やブランド名のリストを提供することはできません。ただし、一般的な情報として、新日本製薬は化粧品や健康食品を扱う企業であり、製品ブランドとしては「パーフェクトワン」などが知られています。具体的な略称やニックネームについては、SNSやトレーダーの間での使用状況を直接確認することをお勧めします。"", ""会社名: 新日薬, 新日本製薬, 49310,\nブランド名: パーフェクトワン, クリアエステライン, ホワイトニングジェル, モイスチャージェル, リフティングジェル""]"
49330,４９３３０,Ｉ−ｎｅ,素材・化学,アイエヌイー|アイネ|INE|I-ne,BOTANIST|SALONIA|YOLU|SKIN VILLAGE|COCONE,"[""会社名: Ｉ−ｎｅ, アイエヌイー,\nブランド名: BOTANIST, SALONIA, SKIN VILLAGE, YOLU, COCONE"", ""会社名: Ｉ−ｎｅ, アイネ,\nブランド名: BOTANIST, SALONIA, SKIN VILLAGE, YOLU, COCUU"", ""会社名: Ｉ−ｎｅ, アイエヌイー, INE, アイネ, I-ne,\nブランド名: BOTANIST, SALONIA, SKINCARE Labo, YOLU, LIPPS,""]"
49360,４９３６０,アクシージア,素材・化学,AXXZIA|AXZIA,AGtheory|Beauty Eyes|Venus Recipe|Le Ciel de L'aube|Essence Sheet Mask,"[""会社名: アクシージア, AXXZIA,\nブランド名: AGtheory, Beauty Eyes, Venus Recipe, Le Ciel de L'aube, Essence Sheet Mask"", ""申し訳ありませんが、アクシージア（証券コード: 49360）についての具体的な略称やブランド名のリストを提供することはできません。ただし、一般的に企業の略称やブランド名は、企業の公式ウェブサイトやプレスリリース、またはSNSでの一般的な使用法を参考にすることができます。アクシージアに関しては、公式な情報源を確認することをお勧めします。"", ""会社名: アクシージア, AXZIA,  \nブランド名: AGtheory, Venus Recipe, Le Ciel de L'aube, Beauty Eyes, Essence Sheet""]"
49510,４９５１０,エステー,素材・化学,ST,消臭力|ムシューダ|ドライペット|脱臭炭|お部屋の消臭力,"[""会社名: エステー, ST,\nブランド名: 消臭力, ムシューダ, ドライペット, 脱臭炭, お部屋の消臭力"", ""会社名: エステー, ST,\nブランド名: 消臭力, ムシューダ, ドライペット, 脱臭炭, お部屋の消臭力"", ""会社名: エステー,  \nブランド名: 消臭力, ムシューダ, ドライペット, かおりムシューダ, 脱臭炭""]"
49560,４９５６０,コニシ,素材・化学,コニシ株式会社|Konishi Co.|Ltd.|Konishi,ボンド|ボンド木工用|ボンドG17|ボンドE330|ボンドウルトラ多用途SU,"[""会社名: コニシ, Konishi Co., Ltd.,\nブランド名: ボンド, ボンド木工用, ボンドG17, ボンドE330, ボンドウルトラ多用途SU"", ""会社名: コニシ, コニシ株式会社, Konishi,\nブランド名: ボンド, ボンドウルトラ多用途, ボンド木工用, ボンドG17, ボンドE330"", ""申し訳ありませんが、「コニシ」（証券コード: 49560）に関する具体的な略称やニックネームについての情報は持ち合わせていません。ただし、一般的に企業名やブランド名、製品名は以下のように表現されることがあります。\n\n1. 会社名: コニシ, コニシ株式会社\n2. ブランド名: ボンド, アロンアルフア, コニシボンド, コニシ接着剤, コニシ化成品\n\nこれらは一般的な例であり、実際の使用状況に応じて異なる場合があります。""]"
49580,４９５８０,長谷川香料,素材・化学,長谷川|Hasegawa|長谷川香料株式会社|Hasegawa Koryo Co.|Ltd.,...,"[""会社名: 長谷川, Hasegawa, 長谷川香料株式会社, Hasegawa Koryo Co., Ltd.\nブランド名: ..."", ""申し訳ありませんが、「長谷川香料」（証券コード: 49580）についての具体的な略称やブランド名の情報は私のデータベースには含まれていません。一般的に企業の略称やブランド名は、公式ウェブサイトや業界の資料、またはSNSでの使用状況から確認することができます。具体的な情報を得るには、これらのリソースを参照することをお勧めします。"", ""会社名: 長谷川, Hasegawa, Hasegawa Koryo, Hasegawa Fragrance, 49580,\nブランド名: 特定のブランド名や製品名は一般的に公開されていない可能性があります。""]"
49670,４９６７０,小林製薬,素材・化学,Kobayashi Pharmaceutical|小林|49670|Kobayashi,熱さまシート|ブルーレット|トイレその後に|ナイシトール|サカムケア,"[""会社名: 小林製薬, Kobayashi Pharmaceutical,\nブランド名: 熱さまシート, サカムケア, ブルーレット, トイレその後に, ナイシトール"", ""会社名: 小林, 小林製薬, Kobayashi, Kobayashi Pharmaceutical, 49670\nブランド名: ブルーレット, サラサーティ, 熱さまシート, のどぬ〜る, トイレその後に"", ""会社名: 小林製薬, 小林, KOBAYASHI, 49670,\nブランド名: ブルーレット, サワデー, 熱さまシート, ナイシトール, アンメルツ""]"
49680,４９６８０,荒川化学工業,素材・化学,荒川化学|Arakawa Chemical|Arakawa Chemical Industries|ACI,ウッドロジン|アラカワレジン|アラカワワックス|アラカワエマルジョン|アラカワアディティブ,"[""会社名: 荒川化学, 荒川化学工業, Arakawa Chemical Industries, ACI, Arakawa Chemical  \nブランド名: ウッドロジン, アラカワレジン, アラカワワックス, アラカワエマルジョン, アラカワアディティブ"", ""会社名: 荒川化学, 荒川, Arakawa Chemical,\nブランド名: ノバラック, ノバラックHR, ノバラックER, ノバラックCR, ノバラックSR"", ""会社名: 荒川化学, 荒川化, Arakawa Chemical,\nブランド名: アラカワ, Arakawa, Pinecrystal, Arkon, Arkon P""]"
49710,４９７１０,メック,素材・化学,MEC|メック株式会社|MEC Company,BGA Prepreg|V-Bond|V-Bond EX|V-Bond EX II|V-Bond EX III,"[""会社名: メック, MEC,\nブランド名: BGA Prepreg, V-Bond, V-Bond EX, V-Bond EX II, V-Bond EX III"", ""会社名: メック, MEC, メック株式会社, MEC Company, メックコーポレーション  \nブランド名: BPS, BPS-H, BPS-T, BPS-Q, BPS-F"", ""会社名: メック, MEC, MEC Co., Ltd., メック株式会社, メックコーポレーション  \nブランド名: 無し""]"
49730,４９７３０,日本高純度化学,素材・化学,日本高純度|高純度化学|日高化|JPC,PureChem|HighPurity|NihonPure|ChemPure,"[""会社名: 日本高純度化学, 日本高純度, 高純度化学,\nブランド名: 申し訳ありませんが、日本高純度化学の代表的なブランド名や製品名に関する具体的な情報は提供できません。"", ""会社名: 日高化, JPC, Nihon Kasei, Nihon Koujun, Nihon Koujun Kagaku  \nブランド名: PureChem, HighPurity, NihonPure, ChemPure, PureKagaku"", ""申し訳ありませんが、「日本高純度化学」（証券コード: 49730）に関する具体的な略称やブランド名、製品名についての情報は持ち合わせていません。一般的に企業の略称やブランド名は、業界や市場での認知度に依存することが多いため、公式な資料や業界のニュースなどを参照することをお勧めします。""]"
49740,４９７４０,タカラバイオ,素材・化学,Takara Bio|タカラ|TBio|タカラバイオ株式会社,Cellartis|PrimeSTAR|SMARTer|Clontech|In-Fusion,"[""会社名: タカラバイオ, Takara Bio,\nブランド名: PrimeSTAR, In-Fusion, SMARTer, Cellartis, RetroNectin"", ""会社名: タカラ, タカラバイオ, Takara Bio, TBio, タカラバイオ株式会社  \nブランド名: Ex Taq, PrimeScript, Clontech, Cellartis, SMARTer"", ""会社名: タカラバイオ, タカラ,  \nブランド名: Clontech, Cellartis, Guide-it, PrimeSTAR, Dragon Genomics""]"
49750,４９７５０,ＪＣＵ,素材・化学,JCU,Aurotech|Uniplate|Cupra|HyperZinc|HyperCu,"[""会社名: JCU,\nブランド名: Aurotech, Uniplate, Cupra, HyperZinc, HyperCu"", ""申し訳ありませんが、具体的な企業の略称やブランド名についての情報は提供できません。ただし、一般的に企業の略称やブランド名を調べる方法としては、企業の公式ウェブサイトやプレスリリース、または業界関連のニュースサイトを参照することが考えられます。"", ""申し訳ありませんが、特定の企業やその製品に関する詳細な情報を提供することはできません。ただし、一般的に企業の略称やブランド名、製品名は公式ウェブサイトや金融ニュース、企業のプレスリリースなどで確認することができます。企業の証券コードや正式名称を使用して、これらの情報源を調べることをお勧めします。""]"
49790,４９７９０,ＯＡＴアグリオ,素材・化学,OATアグリオ|OAT|OAT Agrio|オーエーティーアグリオ|オートアグリオ,アグリオガード|オーエー|オーエーシー|オーエーシー・フューチャー|アグリオシールド,"[""会社名: OATアグリオ, OAT Agrio, オーエーティーアグリオ, OAT,\nブランド名: オーエーシー, オーエーシー・フューチャー, アグリオガード, アグリオシールド, アグリオプロテクト"", ""会社名: OAT, OATアグリオ, オートアグリオ, オート, OATAGRI  \nブランド名: オーエー, アグリオスター, アグリオプロ, アグリオガード, アグリオフレッシュ"", ""会社名: OATアグリオ, OAT, OATアグリ,\nブランド名: オーエー, アグリオ, OATバイオ, OATプロテクト, OATグリーン""]"
49800,４９８００,デクセリアルズ,素材・化学,Dexerials|デクス|49800|デクセ,Anisotropic Conductive Film|Optical Elastic Resin|Surface Mount Fuse|Thermal Conductive Sheet|Anti-reflection Film,"[""会社名: デクセリアルズ, Dexerials,\nブランド名: Anisotropic Conductive Film, Optical Elastic Resin, Surface Mount Fuse, Thermal Conductive Sheet, Anti-reflection Film"", ""申し訳ありませんが、「デクセリアルズ」（証券コード: 49800）に関する具体的な略称やブランド名のリストを提供することはできません。ただし、一般的な方法として、企業の略称やニックネームは通常、社名の一部を短縮したものや、英語名の頭文字を取ったものが使われることが多いです。ブランド名や製品名については、企業の公式ウェブサイトや製品カタログを参照することをお勧めします。"", ""会社名: デクセリアルズ, Dexerials, デクス, 49800, デクセ  \nブランド名: クリスタルクレア, セルベスト, アニコート, フレックスバリア, アクアブロック""]"
49850,４９８５０,アース製薬,素材・化学,アース|Earth Corporation,アースノーマット|バスロマン|アースジェット|モンダミン|サラテクト,"[""会社名: アース製薬, Earth Corporation, アース,\nブランド名: アースノーマット, バスロマン, アースジェット, サラテクト, モンダミン"", ""会社名: アース製薬, アース,\nブランド名: バスロマン, アースノーマット, アースジェット, アースガーデン, アースレッド"", ""会社名: アース製薬, アース,\nブランド名: バスロマン, モンダミン, アースノーマット, アースジェット, ゴキジェット""]"
49920,４９９２０,北興化学工業,素材・化学,北興化|北興|HOKKO|北興化学,,"[""申し訳ありませんが、「北興化学工業」（証券コード: 49920）についての具体的な略称やブランド名の情報は持ち合わせていません。一般的には、企業の略称やブランド名は公式ウェブサイトやプレスリリース、業界のニュースなどで確認することができます。"", ""申し訳ありませんが、「北興化学工業」についての具体的な略称やブランド名のリストは提供できません。一般的に、企業の略称やブランド名はSNSやトレーダーの間での使用状況によって異なることが多いため、正確な情報を得るには公式サイトや関連するニュースソースを確認することをお勧めします。"", ""会社名: 北興化, 北興, HOKKO,   \nブランド名: 特定のブランド名や製品名の情報はありません。""]"
49940,４９９４０,大成ラミックグループ,素材・化学,大成ラミック,,"[""申し訳ありませんが、「大成ラミックグループ」（証券コード: 49940）についての具体的な略称やブランド名のリストを提供することはできません。一般的に、企業の略称やブランド名は公式の企業情報やプレスリリース、または金融ニュースなどで確認することができます。公式な情報源を参照することをお勧めします。"", ""申し訳ありませんが、「大成ラミックグループ」（証券コード: 49940）についての具体的な略称やブランド名の情報は持っていません。一般的には、企業の略称やブランド名は公式サイトやプレスリリース、またはSNSでの使用例などから確認することができます。"", ""申し訳ありませんが、「大成ラミックグループ」に関する具体的な略称やブランド名、製品名についての情報は持っていません。一般的には、企業の略称やブランド名は公式ウェブサイトやプレスリリース、または金融ニュースなどで確認することができます。具体的な情報を得るためには、これらの情報源を参照することをお勧めします。""]"
49960,４９９６０,クミアイ化学工業,素材・化学,クミアイ化学|KUMIAI|KUMIAI CHEMICAL|クミアイ,アグリメイト|スタークル|クミアグロ|トリフルアミド|フェニックス,"[""会社名: クミアイ化学, KUMIAI CHEMICAL, KUMIAI,\nブランド名: アグリメイト, スタークル, クミアグロ, トリフルアミド, フェニックス"", ""申し訳ありませんが、「クミアイ化学工業」についての具体的な略称やブランド名のリストを提供することはできません。ただし、一般的に企業の略称やブランド名は、企業の公式ウェブサイトや投資家向け資料で確認することができます。"", ""会社名: クミアイ化学, クミアイ, KUMIAI,   \nブランド名: なし""]"
49970,４９９７０,日本農薬,素材・化学,日本農薬株式会社|Ltd.|日農|Nihon Nohyaku,アグリトップ|サンコール|トリフミン|アミスター|ダコニール,"[""会社名: 日本農薬, 日本農薬株式会社, Nihon Nohyaku, Nihon Nohyaku Co., Ltd.,\nブランド名: アグリトップ, サンコール, トリフミン, アミスター, ダコニール"", ""会社名: 日農, NICHINO, 日本農薬株式会社, Nichino Co., Ltd.,\nブランド名: アグリメック, サンコル, トレファノサイド, ニチノール, アクタラ"", ""会社名: 日農, 日本農薬, JNC, NNC, ニチノー  \nブランド名: アグリトップ, トップガード, トップジン, トップスター, トップラン""]"
50110,５０１１０,ニチレキグループ,エネルギー資源,ニチレキ|NRK,ロードスター|アスファルトマスター|スーパーシール,"[""申し訳ありませんが、「ニチレキグループ」（証券コード: 50110）に関する具体的な略称やブランド名の情報は持ち合わせていません。一般的には、企業の略称やブランド名は公式ウェブサイトやプレスリリース、または金融ニュースなどで確認することができます。"", ""申し訳ありませんが、「ニチレキグループ」（証券コード: 50110）についての具体的な略称やブランド名の情報は私のデータベースには含まれていません。一般的に、企業の略称やブランド名は公式ウェブサイトや投資家向け資料で確認することができます。"", ""会社名: ニチレキ, NRK, ニチレキグループ,\nブランド名: ロードスター, アスファルトマスター, スーパーシール, ニチレキペイント, エコタフ""]"
50130,５０１３０,ユシロ,エネルギー資源,Yushiro|ユシロ化学|Yushiro Chemical,Yushiro Metalworking Fluids|Yushiro Lubricants|Yushiro Cleaners|Yushiro Chemical|Yushiron,"[""会社名: ユシロ, Yushiro,\nブランド名: Yushiro Chemical, Yushiron, Yushiro Metalworking Fluids, Yushiro Lubricants, Yushiro Cleaners"", ""会社名: ユシロ, Yushiro, ユシロ化学,\nブランド名: Yushiro Metalworking Fluids, Yushiro Lubricants, Yushiro Coolants, Yushiro Cleaners, Yushiro Rust Preventives"", ""会社名: ユシロ, Yushiro, ユシロ化学工業, Yushiro Chemical, 50130  \nブランド名: 不明""]"
50160,５０１６０,ＪＸ金属,鉄鋼・非鉄,JX金属|JX Metals|JX|JX Holdings|JX Nippon Mining & Metals,なし,"[""申し訳ありませんが、「ＪＸ金属」（証券コード: 50160）に関する具体的な略称やブランド名のリストを提供することはできません。ただし、一般的に企業の略称やブランド名は公式ウェブサイトやプレスリリースで確認できることが多いです。具体的な情報をお求めの場合は、公式な情報源を参照することをお勧めします。"", ""申し訳ありませんが、「ＪＸ金属」（証券コード: 50160）に関する具体的な略称やブランド名のリストを提供することはできません。ただし、一般的に企業の略称やブランド名は、公式ウェブサイトやプレスリリース、または業界のニュースなどで確認することができます。"", ""会社名: JX金属, JX Metals, JX, JX Holdings, JX Nippon Mining & Metals  \nブランド名: なし""]"
50170,５０１７０,富士石油,エネルギー資源,Fuji Oil|FOC|富士石|富士,Aspec|Fuji Oil Lubricants|FOCENE|FOCAS|FOCAL,"[""会社名: 富士石油, Fuji Oil, FOC,\nブランド名: Aspec, Fuji Oil Lubricants, FOCENE, FOCAS, FOCAL"", ""会社名: 富士石油, 富士石, Fuji Oil, FOC, 富士,\nブランド名: ..."", ""会社名: 富士石油, 富士石, 富士油,\nブランド名: 特定のブランド名や製品名は確認できません。""]"
50190,５０１９０,出光興産,エネルギー資源,出光|Idemitsu|Idemitsu Kosan|50190,ゼプロ|アポロイル|出光スーパーゼアス|出光ゼアス|ダフニード,"[""会社名: 出光, 出光興産, Idemitsu,\nブランド名: アポロイル, ゼプロ, 出光ゼアス, 出光スーパーゼアス, ダフニード"", ""会社名: 出光, 出光興産, Idemitsu, Idemitsu Kosan, 50190  \nブランド名: アポロイル, ゼプロ, ダフニ, スーパージャスミン, エコパワー"", ""会社名: 出光, 出光興産, 出光石油, 出光グループ, 出光コーポレーション,\nブランド名: アポロステーション, ゼプロ, 出光カード, 出光スーパーゼアス, 出光ダフニ""]"
50200,５０２００,ＥＮＥＯＳホールディングス,エネルギー資源,ENEOS|JXTG|NOC|ＥＮＥＯＳ,ENEOS|エネオスカード|エッソ|モービル|ゼネラル,"[""会社名: ENEOS, ENEOSホールディングス, JXTG, JXTGホールディングス, NOC\nブランド名: ENEOS, エネオスカード, エッソ, モービル, ゼネラル"", ""会社名: ENEOS, ENEOSホールディングス, JXTG, JXTGホールディングス, NOC  \nブランド名: ENEOS, エネゴリくん, エッソ, モービル, ゼネラル"", ""会社名: ENEOS, ENEOS HD, ENEOSホールディングス, ENEOSグループ, ENEOS Holdings,\nブランド名: ENEOS, エネオスカード, エネオス電気, エネオスガス, エネオスカーシェア""]"
50210,５０２１０,コスモエネルギーホールディングス,エネルギー資源,コスモ|コスモ石油|CEH|コスモエネルギー,コスモ・ザ・カード|コスモ・ザ・カード・オーパス|コスモ・ザ・カード・ハウス|コスモ石油|エコパワー,"[""会社名: コスモ, コスモエネルギー, コスモ石油, Cosmo Energy, CEH\nブランド名: コスモ石油, エコパワー, コスモ・ザ・カード, コスモ・ザ・カード・オーパス, コスモ・ザ・カード・ハウス"", ""会社名: コスモ, コスモエネルギー, コスモHD, CEH, コスモ石油,\nブランド名: コスモ石油, エコ・パワー, コスモ・ザ・カード, コスモ・ザ・カード・オーパス, コスモ・ザ・カード・ハウス"", ""会社名: コスモ, コスモエネ, コスモHD, CEH, コスモ石油,\nブランド名: エコパワー, コスモ・ザ・カード, コスモ・ザ・カード・オーパス, コスモ・ザ・カード・ハウス, コスモ・ザ・カード・ビジネス""]"
50320,５０３２０,ＡＮＹＣＯＬＯＲ,情報通信・サービスその他,ANYCOLOR|エニーカラー|エニカラー|ANYC|エニカラ,にじさんじ|NIJISANJI|いちから|Ichikara|Vtuber,"[""会社名: ANYCOLOR, エニーカラー,\nブランド名: にじさんじ, NIJISANJI, いちから, Ichikara, Vtuber"", ""会社名: ANYCOLOR, エニカラー, ANYC, エニカラ, 50320  \nブランド名: にじさんじ, NIJISANJI, VirtuaReal, にじさんじEN, にじさんじKR"", ""会社名: ANYCOLOR, エニーカラー,  \nブランド名: にじさんじ, NIJISANJI, いちから, いちから株式会社, いちからプロジェクト""]"
50740,５０７４０,テスホールディングス,建設・資材,テス,,"[""申し訳ありませんが、「テスホールディングス」（証券コード: 50740）に関する具体的な略称やブランド名の情報は持っていません。一般的には、企業の略称やブランド名は公式ウェブサイトやプレスリリース、または金融ニュースで確認することができます。"", ""申し訳ありませんが、「テスホールディングス」（証券コード: 50740）についての具体的な略称やブランド名の情報は私のデータベースには含まれていないようです。そのため、正確なリストを提供することができません。最新の情報は、公式ウェブサイトや関連するニュースソースを確認することをお勧めします。"", ""申し訳ありませんが、「テスホールディングス」に関する具体的な略称やブランド名、製品名についての情報は持っていません。一般的に、企業の略称やブランド名は公式な情報源や企業のウェブサイトで確認することができます。""]"
50760,５０７６０,インフロニア・ホールディングス,建設・資材,インフロニア|INF|インフロ|INFRONIA|インフロニア・,該当なし,"[""申し訳ありませんが、「インフロニア・ホールディングス」についての具体的な略称やブランド名の情報は私のデータベースには含まれていないようです。一般的には、企業の略称やブランド名は公式ウェブサイトやプレスリリース、または金融ニュースなどで確認することができます。"", ""申し訳ありませんが、「インフロニア・ホールディングス」（証券コード: 50760）に関する具体的な略称やブランド名の情報は持ち合わせていません。一般的に企業の略称やブランド名は、企業の公式ウェブサイトやプレスリリース、またはSNS上でのユーザーの投稿などから得られることが多いです。公式な情報源を確認することをお勧めします。"", ""会社名: インフロニア, INF, INFホールディングス, インフロ, INFRONIA,\nブランド名: 該当なし""]"
51010,５１０１０,横浜ゴム,自動車・輸送機,YRC|Yokohama Rubber|ヨコハマタイヤ,ADVAN|GEOLANDAR|iceGUARD|BluEarth|PARADA,"[""会社名: YRC, Yokohama Rubber, 横浜ゴム,\nブランド名: ADVAN, GEOLANDAR, iceGUARD, BluEarth, PARADA"", ""会社名: YRC, ヨコハマタイヤ, 横浜ゴム,\nブランド名: ADVAN, GEOLANDAR, BluEarth, iceGUARD, PARADA"", ""会社名: YRC, 横浜ゴム,\nブランド名: ADVAN, GEOLANDAR, BluEarth, iceGUARD, PARADA""]"
51050,５１０５０,ＴＯＹＯ　ＴＩＲＥ,自動車・輸送機,TOYO|トーヨー|トーヨータイヤ|TOYO TIRE,PROXES|OPEN COUNTRY|TRANPATH|NANOENERGY|OBSERVE,"[""会社名: TOYO, TOYO TIRE, トーヨータイヤ, トーヨー,\nブランド名: PROXES, OPEN COUNTRY, TRANPATH, NANOENERGY, OBSERVE"", ""会社名: トーヨータイヤ, TOYO, トーヨー\nブランド名: PROXES, OPEN COUNTRY, TRANPATH, NANOENERGY, OBSERVE"", ""会社名: TOYO, トーヨー,\nブランド名: PROXES, OPEN COUNTRY, NANOENERGY, TRANPATH, OBSERVE""]"
51080,５１０８０,ブリヂストン,自動車・輸送機,Bridgestone|BS|ブリジストン|ブリ,ブリヂストンタイヤ|Potenza|Turanza|Blizzak|Ecopia,"[""会社名: ブリヂストン, Bridgestone,\nブランド名: ブリヂストンタイヤ, Potenza, Turanza, Blizzak, Ecopia"", ""会社名: ブリヂストン, BS, Bridgestone, ブリジストン, ブリ\nブランド名: ブリザック, ポテンザ, エコピア, タービランザ, アレンザ"", ""会社名: ブリヂストン, BS, ブリジストン, ブリヂ, ブリジ,\n\nブランド名: ブリヂストンタイヤ, POTENZA, TURANZA, ECOPIA, ALENZA""]"
51100,５１１００,住友ゴム工業,自動車・輸送機,住友ゴム|Sumitomo Rubber|Sumitomo Rubber Industries|SRK,ダンロップ|ファルケン|エナセーブ|ル・マン|ビューエル,"[""会社名: 住友ゴム, Sumitomo Rubber Industries,\nブランド名: ダンロップ, ファルケン, ビューエル, ル・マン, エナセーブ"", ""会社名: 住友ゴム, 住友ゴム工業, Sumitomo Rubber, SRK, 住ゴム  \nブランド名: ダンロップ, ファルケン, ビューラ, エナセーブ, スタッドレスタイヤ"", ""会社名: 住友ゴム, 住友ゴム工業, 住友タイヤ, Sumitomo Rubber, SRI,\nブランド名: ダンロップ, ファルケン, ル・マン, エナセーブ, ビューロ""]"
51210,５１２１０,藤倉コンポジット,自動車・輸送機,藤倉|FC|藤倉コンポ|Fujikura Composite|フジクラ,フジクラケーブル|フジクララバー|フジクラ|フジクラゴルフ|フジクラテープ,"[""会社名: 藤倉, 藤倉コンポ, Fujikura Composite, FC,\nブランド名: フジクラ, フジクラゴルフ, フジクラケーブル, フジクララバー, フジクラテープ"", ""会社名: 藤倉, フジクラ, FC, 藤倉コンポ,\nブランド名: フジクラケーブル, フジクララバー, フジクラコンポジット, フジクラホース, フジクラシール"", ""会社名: 藤倉コンポジット, 藤倉, FC, 藤倉C, 51210,  \nブランド名: 特定のブランド名や製品名は確認できません。""]"
51220,５１２２０,オカモト,自動車・輸送機,Okamoto Corporation|Okamoto Co.|Ltd.|Okamoto,オカモトラテックス|オカモトゼロワン|オカモトコンドーム|ゼロゼロスリー|オカモトゴム,"[""会社名: オカモト, Okamoto Corporation, Okamoto Co., Ltd.,\nブランド名: オカモトコンドーム, ゼロゼロスリー, オカモトラテックス, オカモトゴム, オカモトプロテクション"", ""会社名: オカモト, Okamoto, オカモトコーポレーション, オカモト株式会社, 51220,\nブランド名: オカモトゼロワン, オカモトスーパー, オカモトラテックス, オカモトフィット, オカモトプロテクター"", ""会社名: オカモト,  \nブランド名: オカモトゼロワン, オカモトラテックス, オカモトバルーン, オカモトフィルム, オカモトグローブ""]"
51420,５１４２０,アキレス,素材・化学,Achilles,瞬足|アキレスシューズ|アキレスボート|ソルボ|アキレスソルボ,"[""会社名: アキレス, Achilles,\nブランド名: 瞬足, Achillesソルボ, アキレスシューズ, アキレスボート, アキレスマット"", ""会社名: アキレス, Achilles,\nブランド名: 瞬足, ソルボ, シューズドクター, アキレスソルボ, アキレスシューズ"", ""会社名: アキレス,  \nブランド名: 瞬足, ソルボ, アキレスソルボ, アキレスシューズ, アキレスボート""]"
51850,５１８５０,フコク,自動車・輸送機,フコクゴム|Fukoku|フコク株式会社,フコクシール|フコクパッキン|フコクホース|フコクラバー,"[""申し訳ありませんが、「フコク」（証券コード: 51850）に関する具体的な略称やブランド名の情報は持ち合わせていません。一般的には、企業の略称やブランド名は企業の公式ウェブサイトやプレスリリース、または金融ニュースなどで確認することができます。"", ""会社名: フコク, フコクゴム, Fukoku,\nブランド名: フコクシール, フコクパッキン, フコクホース, フコクラバー, フコクダンパー"", ""会社名: フコク, フコクゴム, フコク株式会社,  \nブランド名: すみませんが、フコクの具体的なブランド名や製品名についての情報は持っていません。""]"
51860,５１８６０,ニッタ,自動車・輸送機,Nitta|Nitta Corporation|NITTA|ニッタ株式会社,ベルト|エアフィルター|コンベヤ|シール|チューブ,"[""会社名: ニッタ, Nitta Corporation, Nitta,\nブランド名: ベルト, コンベヤベルト, トランスミッションベルト, エアフィルター, シール製品"", ""会社名: ニッタ, Nitta,\nブランド名: ベルト, コンベヤ, エアスプリング, シール, チューブ"", ""会社名: ニッタ, NITTA, ニッタ株式会社, NITTA Corporation, ニッタグループ,\nブランド名: ベルト, コンベヤ, エアフィルター, シール, チューブ,""]"
51910,５１９１０,住友理工,自動車・輸送機,Sumitomo Riko|STR|SRI|住理工,e-Rubber|TRI|Dyna-Mix|AQUAER|Dyna-Form,"[""会社名: 住友理工, Sumitomo Riko, STR\nブランド名: AQUAER, e-Rubber, Dyna-Form, Sumitomo Riko Vibration Control, Sumitomo Riko Hose"", ""会社名: 住友理工, Sumitomo Riko, STR,\nブランド名: e-Rubber, TRI, Dyna-Mix, Aqua-Flex, Anti-Vibration Systems"", ""会社名: 住友理工, SRI, Sumitomo Riko, 住理工, Sumitomo Riko Company Limited  \nブランド名: TRI, Dyna-Mix, e-Rubber, Aqua-Free, Sumitomo Riko Elastomer""]"
51920,５１９２０,三ツ星ベルト,自動車・輸送機,Mitsuboshi Belting|三ツ星|MBL|Mitsuboshi,STAR|STARMAX|STARFIT|STARFLEX|MBスター,"[""会社名: 三ツ星ベルト, Mitsuboshi Belting, 三ツ星  \nブランド名: STAR, MBスター, STARMAX, STARFIT, STARFLEX"", ""申し訳ありませんが、「三ツ星ベルト」（証券コード: 51920）に関する具体的な略称やブランド名についての情報は持ち合わせていません。一般的に、企業の略称やブランド名は企業の公式ウェブサイトや業界の資料で確認することができます。具体的な情報を得るためには、公式な情報源を参照することをお勧めします。"", ""会社名: 三ツ星ベルト, 三ツ星, MBL, Mitsuboshi, Mitsuboshi Belting  \nブランド名: STAR, STARFIT, STARPOWER, STARMAX, STARFLEX""]"
51950,５１９５０,バンドー化学,自動車・輸送機,バンドー|Bando Chemical|Bando|バンドーケミカル,バンドーVベルト|バンドータイミングベルト|バンドーコンベヤベルト|バンドーオートテンショナー|バンドーベルト,"[""会社名: バンドー, Bando Chemical, バンドー化学, Bando, Bando Co., Ltd.\nブランド名: バンドーVベルト, バンドータイミングベルト, バンドーコンベヤベルト, バンドーオートテンショナー, バンドーエアスプリング"", ""会社名: バンドー, バンドー化学, Bando, Bando Chemical, バンドーケミカル  \nブランド名: バンドーVベルト, バンドータイミングベルト, バンドーコンベヤベルト, バンドーオートテンショナー, バンドーベルト"", ""会社名: バンドー, バンドー化学, Bando, Bando Chemical, バンドーケミカル,\nブランド名: バンドーベルト, Bando Power, Bando V-Belts, Bando Timing Belts, Bando Automotive Belts,""]"
52010,５２０１０,ＡＧＣ,建設・資材,AGC|旭硝子|Asahi Glass Co.|Asahi Glass,Sunlux|Fluon|Iupilon|Leoflex|Amolea,"[""会社名: AGC, 旭硝子, Asahi Glass Co.,\nブランド名: Sunlux, Fluon, Iupilon, Leoflex, Amolea"", ""会社名: AGC, 旭硝子, Asahi Glass,\nブランド名: Sunlux, Fluon, Iupilon, Leoflex, Amolea"", ""会社名: AGC, 旭硝子, AGCグループ, AGC株式会社, AGC Inc.,\nブランド名: Sunlux, Fluon, Iupilon, Leoflex, Amolea""]"
52020,５２０２０,日本板硝子,建設・資材,NSG|日本板|日本硝子|Nippon Sheet Glass,Pilkington|Spacia|Solargain|Optiwhite|Pyrostop,"[""会社名: NSG, 日本板硝子,\nブランド名: Pilkington, Spacia, Solargain, Optiwhite, Pyrostop"", ""会社名: NSG, 日本板, Nippon Sheet Glass, 日本硝子, NSGグループ  \nブランド名: Pilkington, Spacia, Solargain, Pyrostop, Optiwhite"", ""会社名: 日板, NSG, 日本板, 日本硝子, 板硝子,  \nブランド名: Pilkington, Spacia, Solargain, Optiwhite, Pyrostop""]"
52080,５２０８０,有沢製作所,素材・化学,有沢,,"[""申し訳ありませんが、「有沢製作所」（証券コード: 52080）に関する具体的な略称やブランド名の情報は持っていません。一般的な情報源やニュース記事を参照して、最新の情報を確認することをお勧めします。"", ""申し訳ありませんが、「有沢製作所」（証券コード: 52080）に関する具体的な略称やブランド名の情報は私のデータベースには含まれていないようです。一般的には、企業の略称やブランド名は公式ウェブサイトやプレスリリース、または業界内での通称として知られていることが多いです。公式な情報源を確認することをお勧めします。"", ""申し訳ありませんが、「有沢製作所」（証券コード: 52080）に関する具体的な略称やブランド名、製品名についての情報は持っていません。一般的に企業の略称やブランド名、製品名は企業の公式ウェブサイトやプレスリリース、金融ニュースなどで確認することができます。具体的な情報を得るには、これらのソースを参照することをお勧めします。""]"
52140,５２１４０,日本電気硝子,建設・資材,NEG|Nippon Electric Glass|日本電硝|電気硝子,EAGLE XG|OA Glass|Glass Fiber|ITO Film|Micro Lens Array,"[""会社名: NEG, 日本電気硝子, Nippon Electric Glass,\nブランド名: EAGLE XG, OA Glass, Glass Fiber, ITO Film, Micro Lens Array"", ""会社名: NEG, 日本電硝, Nippon Electric Glass, 日本電気硝子,\nブランド名: EAGLE XG, OA-10G, OA-20G, OA-30G, OA-40G"", ""会社名: NEG, 日本電硝, 電気硝子, 日本電気ガラス, ガラスメーカー,\nブランド名: OAファイバー, EAGLE XG, OAガラス, クリスタルガラス, 超薄型ガラス,""]"
52180,５２１８０,オハラ,建設・資材,OHARA|Ohara Inc.|オハラガラス|オハラ株式会社,S-LAH|Clearceram|Fused Silica|Infrasil|i-Line,"[""会社名: オハラ, OHARA,\nブランド名: S-LAH, Clearceram, i-Line, Fused Silica, N-BK7"", ""会社名: オハラ, Ohara Inc., OHARA, オハラガラス, オハラ株式会社  \nブランド名: S-LAH, S-NPH, Clearceram, Infrasil, Fused Silica"", ""会社名: オハラ, OHARA, 52180,   \nブランド名: S-LAH, Clearceram, Infrasil,   \n\n(Note: The company OHARA is known for its optical glass and related products, and the brand names listed are associated with its products. However, specific brand names and product lines can vary, and the ones listed here are based on common associations with OHARA's offerings.)""]"
52320,５２３２０,住友大阪セメント,建設・資材,住友セメント|SOC|住セ|大セ|Sumitomo Cement,パワーセメント|スーパーセメント|エコセメント|ハイストレングスセメント|スペシャルセメント,"[""会社名: 住友セメント, Sumitomo Cement, SOC,\nブランド名: パワーセメント, スーパーセメント, ハイストレングスセメント, エコセメント, スペシャルセメント"", ""会社名: 住セ, 大セ, Sumitomo Osaka Cement, SOC, 住友セメント  \nブランド名: パワーセメント, スーパーセメント, ハイストレングスセメント, エコセメント, スペシャルセメント"", ""会社名: 住セ, 大セ, 住友セメント, 大阪セメント, 住友大阪,\nブランド名: パワーセメント, スーパーセメント, ハイストレングス, エコセメント, マックスセメント""]"
52330,５２３３０,太平洋セメント,建設・資材,太セメ|太平セメ|Taiheiyo Cement|TCC,パワーセメント|パワーミックス|パワーフロー|パワークリート|パワーグラウト,"[""会社名: 太平洋セメント, Taiheiyo Cement, 太セメ, 太平セメ, TCC,\nブランド名: パワーセメント, パワーミックス, パワーフロー, パワークリート, パワーグラウト,"", ""会社名: 太セメ, Taiheiyo Cement, 太平セメ, TCC, 太平洋Cement  \nブランド名: パワーセメント, パワーブレンド, パワーミックス, パワーフロー, パワークリート"", ""会社名: 太セメ, 太平セメ, 太平洋セメ, 太平洋C, 太セメント,\nブランド名: パワーセメント, スーパーセメント, エコセメント, ハイパーセメント, マックスセメント""]"
52620,５２６２０,日本ヒューム,建設・資材,Nihon Hume|NHPC|日ヒューム|NHC,ヒューム管|プレキャストコンクリート製品|ヒュームパイプ|コンクリートパイル|プレストレストコンクリート製品,"[""会社名: 日本ヒューム, Nihon Hume, NHPC,\nブランド名: ヒューム管, プレキャストコンクリート製品, ヒュームパイプ, コンクリートパイル, プレストレストコンクリート製品"", ""申し訳ありませんが、「日本ヒューム」（証券コード: 52620）についての具体的な略称やブランド名の情報は私のデータベースには含まれていません。一般的には、企業の略称やニックネームは公式なものではなく、SNSやトレーダー間で独自に使われることが多いため、特定の情報を提供することが難しい場合があります。\n\nただし、一般的な方法として、企業の略称は社名の一部を短縮したものや、英語名の頭文字を取ったものが使われることが多いです。また、ブランド名や製品名については、企業の公式ウェブサイト"", ""会社名: 日本ヒューム, 日ヒューム, NHC,  \nブランド名: ヒューム管, プレキャストコンクリート製品,""]"
52690,５２６９０,日本コンクリート工業,建設・資材,日コン|JCI|コンクリート工業|日本コン|ニチコン,PCa|コンクリートパイル|プレキャストコンクリート製品|プレストレストコンクリート,"[""申し訳ありませんが、「日本コンクリート工業」に関する具体的な略称やブランド名の情報は私のデータベースには含まれていません。一般的には、企業の略称やブランド名は公式ウェブサイトやプレスリリース、業界のニュースなどで確認することができます。"", ""会社名: 日コン, JCI, 日本コン, コンクリート工業, ニチコン,\nブランド名: プレキャストコンクリート製品, PCa, プレストレストコンクリート, コンクリートパイル, プレキャストパネル,"", ""会社名: 日コン, JCI, 日本コン工, コンクリート工業, 日コンクリ  \nブランド名: プレキャスト, プレストレスト, コンクリートパイル, PCa, プレキャストコンクリート""]"
52730,５２７３０,三谷セキサン,建設・資材,,,"[""申し訳ありませんが、「三谷セキサン」（証券コード: 52730）についての具体的な略称やブランド名の情報は持ち合わせていません。一般的には、企業の略称やブランド名は公式ウェブサイトやプレスリリース、または金融ニュースなどで確認することができます。"", ""申し訳ありませんが、「三谷セキサン」（証券コード: 52730）についての具体的な略称やブランド名の情報は持ち合わせていません。一般的には、企業の略称やブランド名は公式ウェブサイトやプレスリリース、またはSNSでの使用例を確認することで得られることが多いです。公式な情報源を参照することをお勧めします。"", ""申し訳ありませんが、「三谷セキサン」に関する具体的な略称やニックネーム、ブランド名、製品名についての情報は持っていません。一般的に企業名やブランド名、製品名は企業の公式ウェブサイトやプレスリリース、または金融ニュースなどで確認することができます。""]"
52880,５２８８０,アジアパイルホールディングス,建設・資材,アジアパイル|APH,具体的なブランド名や製品名の情報は提供されていません。,"[""会社名: アジアパイル, APH, アジアパイルHD, アジアパイルホールディングス,\nブランド名: 具体的なブランド名や製品名の情報は提供されていません。"", ""申し訳ありませんが、「アジアパイルホールディングス」（証券コード: 52880）についての具体的な略称やブランド名の情報は持ち合わせていません。一般的には、企業の略称やニックネームはSNSやトレーダーの間で独自に作られることが多く、公式な情報としては提供されていないことが多いです。\n\nただし、一般的な方法として、企業の略称は会社名の一部を取ったものや、英語名の頭文字を組み合わせたものが使われることがあります。また、ブランド名や製品名については、企業の公式ウェブサイトやプレスリリース"", ""会社名: アジアパイル, APH, アジアパイルHD, アジアパイルホールディングス, 52880,\nブランド名: 情報が不足しているため、具体的なブランド名や製品名は確認できません。""]"
53010,５３０１０,東海カーボン,建設・資材,Tokai Carbon|TKK|東カ|Tokai,カーボラックス|カーボグラファイト|カーボファイン|カーボライト|カーボシール,"[""会社名: 東海カーボン, Tokai Carbon, TKK, 東カ, Tokai,\nブランド名: カーボラックス, カーボファイン, カーボグラファイト, カーボライト, カーボシール"", ""会社名: 東海カ, 東海カーボン, Tokai Carbon, TKK, 東カ\nブランド名: カーボラックス, カーボファイン, カーボグラファイト, カーボシール, カーボライト"", ""会社名: 東海カーボン, 東海, カーボン, TCC, Tokai Carbon  \nブランド名: カーボラックス, カーボグラファイト, カーボブラック, カーボシリカ, カーボセラミック""]"
53020,５３０２０,日本カーボン,建設・資材,日カ|日本カ|Jカーボン|Jカ|日カーボン,カーボラックス|カーボファイバー|カーボンブラック,"[""申し訳ありませんが、「日本カーボン」（証券コード: 53020）に関する具体的な略称やブランド名の情報は持っていません。一般的には、企業の略称やブランド名は公式ウェブサイトやプレスリリース、または業界の専門誌などで確認することができます。"", ""申し訳ありませんが、「日本カーボン」についての具体的な略称やブランド名のリストを提供することはできません。ただし、一般的に企業の略称やブランド名は、公式ウェブサイトや投資家向け資料などで確認できることが多いです。日本カーボンの公式情報を参照することをお勧めします。"", ""会社名: 日カ, 日本カ, Jカーボン, Jカ, 日カーボン  \nブランド名: カーボラックス, カーボファイバー, カーボンブラック, カーボンブラシ, カーボンコンポジット""]"
53100,５３１００,東洋炭素,建設・資材,東炭|Tanso|Toyo Tanso|TOYOTANSO,PERMA-FOIL|PERMA KOTE|isotropic graphite|C/C composite|TOYOTANSO Graphite,"[""会社名: 東洋炭素, Toyo Tanso,\nブランド名: isotropic graphite, C/C composite, PERMA-FOIL, TOYOTANSO Graphite, PERMA KOTE"", ""会社名: 東炭, TOYOTANSO, Tanso,\nブランド名: C/Cコンポジット, ISOTROPIC GRAPHITE, PERMA-FOIL, PERMA KOTE, PERMA-ROD"", ""会社名: 東炭, 東洋炭, Tanso, Tansoco, Tanso Co.,\nブランド名: CNovel, Isotropic Graphite, TOYO TANSO, Graphite Products, TTK Products""]"
53310,５３３１０,ノリタケ,建設・資材,ノリタケカンパニーリミテド|ノリタケカンパニー|Noritake Co.,ノリタケチャイナ|ノリタケボーンチャイナ|ノリタケカトラリー|ノリタケテーブルウェア|ノリタケアブラスティブプロダクツ,"[""会社名: ノリタケカンパニーリミテド, Noritake Co., Limited, ノリタケ,\nブランド名: ノリタケチャイナ, ノリタケボーンチャイナ, ノリタケカトラリー, ノリタケテーブルウェア, ノリタケアブラスティブプロダクツ"", ""会社名: ノリタケ, Noritake, ノリタケカンパニーリミテド, ノリタケカンパニー, ノリタケ株式会社  \nブランド名: ノリタケチャイナ, ノリタケボーンチャイナ, ノリタケカトラリー, ノリタケテーブルウェア, ノリタケクラフト"", ""会社名: ノリタケ, ノリタケカンパニーリミテド, ノリタケカンパニー, ノリタケ株式会社, ノリタケコーポレーション,\nブランド名: ノリタケチャイナ, ノリタケボーンチャイナ, ノリタケカトラリー, ノリタケグラスウェア, ノリタケセラミックス,""]"
53320,５３３２０,ＴＯＴＯ,建設・資材,TOTO|東陶機器|TOTO Ltd.|東陶|トートー,ウォシュレット|ネオレスト|サザナ|シンラ|GGシリーズ,"[""会社名: TOTO, 東陶機器, TOTO Ltd.,\nブランド名: ウォシュレット, ネオレスト, サザナ, シンラ, GGシリーズ"", ""会社名: TOTO, 東陶,\nブランド名: ウォシュレット, ネオレスト, GGシリーズ, サザナ, シンラ"", ""会社名: TOTO, トートー, 東陶機器, TOTO株式会社, TOTO Ltd.,\nブランド名: ウォシュレット, ネオレスト, GG, サザナ, シンラ""]"
53330,５３３３０,日本碍子,建設・資材,NGK|日本ガイシ|NGK Insulators|ガイシ,EnerCera|NAS電池|CeramNex|HONEYCERAM|Metox,"[""会社名: NGK, 日本ガイシ,\nブランド名: EnerCera, NAS電池, CeramNex, HONEYCERAM, NOxセンサー"", ""会社名: NGK, 日本ガイシ, NGK Insulators, ガイシ,\nブランド名: EnerCera, EnerVenue, NAS電池, Metox, CeramNex"", ""会社名: NGK, 日本ガイシ, NGK Insulators, ガイシ, NGKグループ,\nブランド名: EnerCera, NAS電池, Metox, HONEYCERAM, PLZT,""]"
53340,５３３４０,日本特殊陶業,建設・資材,NGKスパークプラグ|日特|NTK|NGK,NGK|NTK|スパークプラグ|センサー|イグニッションコイル,"[""会社名: NGKスパークプラグ, 日本特殊陶業,\nブランド名: NGK, NTK, スパークプラグ, イグニッションコイル, センサー"", ""申し訳ありませんが、「日本特殊陶業」（証券コード: 53340）についての具体的な略称やブランド名のリストを提供することはできません。ただし、一般的に企業の略称やブランド名は、企業の公式ウェブサイトや公開されている資料で確認することができます。また、SNSやトレーダー間での通称については、SNSの投稿やフォーラムでの会話を直接確認することをお勧めします。"", ""会社名: 日本特殊陶業, 日特, NGKスパークプラグ, NTK, NGK,\nブランド名: NGK, NTK, スパークプラグ, センサー, セラミック""]"
53440,５３４４０,ＭＡＲＵＷＡ,建設・資材,MARUWA|マルワ|MARUWA Corporation|マルワセラミックス|MARUWA Co.,MARUWA CERAMICS|MARUWA ELECTRONICS|MARUWA OPTO|MARUWA THERMAL|MARUWA THERMAL SOLUTIONS,"[""会社名: MARUWA, マルワ,\nブランド名: MARUWA CERAMICS, MARUWA ELECTRONICS, MARUWA THERMAL SOLUTIONS, MARUWA OPTO, MARUWA QUARTZ"", ""会社名: MARUWA, マルワ, マルワセラミックス, MARUWA Co., Ltd., MARUWA Corporation  \nブランド名: MARUWA CERAMICS, MARUWA ELECTRONICS, MARUWA THERMAL, MARUWA OPTO, MARUWA MATERIALS"", ""会社名: MARUWA, マルワ, マルワグループ, MARUWA CO., LTD., MARUWA Corporation  \nブランド名: MARUWA CERAMICS, MARUWA ELECTRONICS, MARUWA THERMAL, MARUWA OPTO, MARUWA SYSTEM""]"
53510,５３５１０,品川リフラクトリーズ,建設・資材,品川リフ|品川|品リフ|SHINAGAWA|53510,,"[""申し訳ありませんが、「品川リフラクトリーズ」についての具体的な略称やブランド名の情報は持ち合わせていません。一般的には、企業の略称やブランド名は公式ウェブサイトや業界の資料で確認することができます。"", ""申し訳ありませんが、「品川リフラクトリーズ」（証券コード: 53510）についての具体的な略称やブランド名のリストを提供することはできません。ただし、一般的な情報として、企業の略称やブランド名は通常、企業の公式ウェブサイトや投資家向け資料に記載されていることが多いです。これらの情報源を確認することをお勧めします。"", ""会社名: 品川リフ, 品川, 品リフ, SHINAGAWA, 53510,\nブランド名: 特定のブランド名や製品名は一般的に公開されていない可能性があります。""]"
53520,５３５２０,黒崎播磨,建設・資材,黒崎|Krosaki Harima|黒播|KUROHANA,KRC耐火物|KRCセラミックス|KRCファインセラミックス|KRCエンジニアリング|KRCリサイクル,"[""会社名: 黒崎播磨, 黒崎, Krosaki Harima,\nブランド名: KRC耐火物, KRCセラミックス, KRCファインセラミックス, KRCエンジニアリング, KRCリサイクル"", ""会社名: 黒播, KUROHANA, Krosaki Harima, Krosaki, Kurohama  \nブランド名: スーパーハイロン, ハイロン, スーパーハイロンEX, ハイロンEX, スーパーハイロンZ"", ""会社名: 黒崎, 黒崎播磨, KUROSAKI, KUROSAKI HARIMA, 53520  \nブランド名: 特定のブランド名や製品名は一般的に公表されていない可能性があります。""]"
53570,５３５７０,ヨータイ,建設・資材,Yotai Corporation|YOTAI|ヨータイ株式会社|Yotai,サーモライト|サーモガード|サーモブロック|サーモシールド|サーモプロテクター,"[""会社名: ヨータイ, Yotai, Yotai Corporation, Yotai Co., Ltd.,\nブランド名: サーモライト, サーモガード, サーモブロック, サーモシールド, サーモプロテクター"", ""会社名: ヨータイ, YOTAI, ヨータイ株式会社, Yotai Corporation, ヨータイ工業,\nブランド名: ハイアルミナ, ヨーセラム, ヨーキャスト, ヨーボード, ヨーライト"", ""会社名: ヨータイ, ヨータイ株式会社, YOTAI,  \nブランド名: なし""]"
53840,５３８４０,フジミインコーポレーテッド,建設・資材,フジミ|フジミインコ|FUJIMI|FUJIMI INC|53840,具体的なブランド名や製品名は公開されていない可能性があります。,"[""申し訳ありませんが、「フジミインコーポレーテッド」（証券コード: 53840）に関する具体的な略称やブランド名の情報は持ち合わせていません。一般的には、企業の略称やブランド名は公式ウェブサイトやプレスリリースで確認することができます。"", ""申し訳ありませんが、「フジミインコーポレーテッド」（証券コード: 53840）に関する具体的な略称やブランド名のリストを提供することはできません。ただし、一般的に企業の略称やブランド名は公式ウェブサイトや業界の資料で確認することができます。"", ""会社名: フジミ, フジミインコ, FUJIMI, FUJIMI INC, 53840,\nブランド名: 具体的なブランド名や製品名は公開されていない可能性があります。""]"
53930,５３９３０,ニチアス,建設・資材,NICHIAS|ニチアス株式会社|Nichias Corporation|Nichias Co.,セラミックファイバー|パイロスタット|パイロクリート|フレキシブルジョイント|サーモラップ,"[""会社名: ニチアス, NICHIAS,\nブランド名: パイロクリート, パイロスタット, セラミックファイバー, フレキシブルジョイント, サーモラップ"", ""会社名: ニチアス, NICHIAS, ニチアス株式会社, Nichias Corporation, Nichias Co., Ltd.,\nブランド名: パイロスタット, セラミックファイバー, パイロブロック, ニチアスガスケット, ニチアスシール,"", ""会社名: ニチアス, NICHIAS,  \nブランド名: パイプカバー, セラミックファイバー, フレキシブルダクト, ガスケット, シール材""]"
54010,５４０１０,日本製鉄,鉄鋼・非鉄,日鉄|Nippon Steel|NSSMC|新日鉄住金,HYPER BEAM|ZINKOTE|NSafe|NSafe-Hull|NSafe-Auto,"[""会社名: 日本製鉄, 日鉄, Nippon Steel, NSSMC, 新日鉄住金  \nブランド名: HYPER BEAM, NSafe-Hull, NSafe-Auto, NSafe-Guard, ZINKOTE"", ""会社名: 日鉄, Nippon Steel, 日本製鉄, NSC, 新日鉄住金（旧名）  \nブランド名: HYPER BEAM, NSafe, ZINKOTE, NSCarbolex, NSFR（日本製鉄の製品ブランド名は多岐にわたりますが、これらは代表的なものです）"", ""会社名: 日鉄, NSSMC, 日本製鉄, 新日鉄住金, Nippon Steel  \nブランド名: HYPER BEAM, NSafe, ZAM, NSC, NSGP""]"
54060,５４０６０,神戸製鋼所,鉄鋼・非鉄,神鋼|KOBELCO|神戸製鋼|Kobe Steel,KOBELCO|Kobelco Construction Machinery|Kobelco Cranes|Kobelco Welding|Kobelco Materials Copper Tube,"[""会社名: 神鋼, Kobe Steel, KOBELCO, 神戸製鋼, 神戸製鋼所  \nブランド名: KOBELCO, Kobelco Construction Machinery, Kobelco Cranes, Kobelco Welding, Kobelco Materials Copper Tube"", ""会社名: 神鋼, Kobe Steel, KOBELCO, 神戸製鋼, 神戸製鋼所  \nブランド名: KOBELCO, Kobelion, Kobelco Construction Machinery, Kobelco Cranes, Kobelco Welding"", ""会社名: 神鋼, KOBELCO, 神戸製鋼, 神戸鋼, 神戸鉄,\nブランド名: KOBELCO, KOBE STEEL, KOBE WELDING, KOBE ALUMINUM, KOBE TITANIUM""]"
54080,５４０８０,中山製鋼所,鉄鋼・非鉄,中山鋼|中山製鋼|中山|54080|NAKAYAMA STEEL,該当なし,"[""申し訳ありませんが、「中山製鋼所」についての具体的な略称やブランド名の情報は持ち合わせていません。一般的には、企業の略称やブランド名は公式ウェブサイトやプレスリリース、業界の報道などで確認することができます。"", ""会社名: 中山鋼, 中山製鋼, NAKAYAMA STEEL, 中山, 54080  \nブランド名: ありません"", ""会社名: 中山鋼, 中山, NSK, 中山製鋼, 54080  \nブランド名: 該当なし""]"
54100,５４１００,合同製鐵,鉄鋼・非鉄,合同鉄|Godo Steel|合鉄|GODO,NS ECO-PILE|NS ECO-PILE II|NS ECO-PILE III|NS ECO-PILE IV|NS ECO-PILE V,"[""会社名: 合同製鐵, 合同鉄, Godo Steel, Godo, GODO STEEL LTD.,\nブランド名: NS ECO-PILE, NS ECO-PILE II, NS ECO-PILE III, NS ECO-PILE IV, NS ECO-PILE V"", ""会社名: 合同製鐵, 合同鉄, 合鉄, Godo Steel, GODO,\nブランド名: NS形鋼, NS鋼板, NS鉄筋, NSパイプ, NSワイヤー"", ""会社名: 合同製鐵, 合同鉄, 合鉄, GODO, GODO STEEL,\nブランド名: 特定のブランド名や製品名は一般的に公表されていない可能性があります。""]"
54110,５４１１０,ＪＦＥホールディングス,鉄鋼・非鉄,JFE|JFEスチール|JFE Holdings|ＪＦＥ,JFEスチール|JFEエンジニアリング|JFEケミカル|JFEメカニカル,"[""会社名: JFE, JFE Holdings, JFEスチール, JFEエンジニアリング, JFE商事  \nブランド名: JFEスチール, JFEエンジニアリング, JFE商事, JFEメカニカル, JFEケミカル"", ""会社名: JFE, JFEHD, JFE Holdings, JFEグループ, JFEスチール  \nブランド名: JFEスチール, JFEエンジニアリング, JFE商事, JFEメカニカル, JFEケミカル"", ""会社名: JFE, JFE HD, JFEホールディングス, JFEグループ, JFEスチール,\nブランド名: JFEスチール, JFEエンジニアリング, JFE商事, JFEケミカル, JFEシステムズ""]"
54230,５４２３０,東京製鐵,鉄鋼・非鉄,Tokyo Steel|東鉄|TTK|東京製鉄,...|H形鋼|鋼板|鋼管|鉄筋,"[""会社名: 東京製鐵, Tokyo Steel,\nブランド名: ..."", ""会社名: 東鉄, TTK, Tokyo Steel, 東京製鉄, トウテツ  \nブランド名: H形鋼, 鋼板, 鋼管, 鉄筋, 鋼材"", ""会社名: 東鉄, TTK, 東京鉄, Toko, Tosei,\nブランド名: スーパーダイマ, スーパーダイマZ, スーパーダイマX, スーパーダイマG, スーパーダイマS,""]"
54400,５４４００,共英製鋼,鉄鋼・非鉄,共英|Kyoei Steel|Kyoei|Kyoei Seiko,KSブランド|KS鋼|共英鋼材|共英鉄筋|共英スチール,"[""会社名: 共英, Kyoei Steel, Kyoei, 共英製鋼,\nブランド名: KSブランド, KS鋼, 共英鋼材, 共英鉄筋, 共英スチール"", ""会社名: 共英, 共英製鋼, Kyoei, Kyoei Steel, Kyoei Seiko  \nブランド名: KSブランド, KS鋼, KYOEIブランド, KYOEI鋼, KYOEI Steel"", ""会社名: 共英, 共英鋼, Kyoei, Kyoei Steel, KS  \nブランド名: なし""]"
54440,５４４４０,大和工業,鉄鋼・非鉄,大和|ダイワ|Daiwa Kogyo|Daiwa Industries,,"[""会社名: 大和工業, 大和, Daiwa Kogyo, Daiwa Industries, Daiwa Steel\nブランド名: 申し訳ありませんが、大和工業の具体的なブランド名や製品名に関する情報は提供できません。"", ""会社名: 大和, 大和工, YAMATO, ダイワ, ダイワコウギョウ  \nブランド名: 申し訳ありませんが、大和工業の代表的なブランド名や製品名に関する具体的な情報は提供できません。"", ""会社名: 大和工業, 大和, ダイワ,  \nブランド名: 申し訳ありませんが、大和工業の特定のブランド名や製品名についての情報は持っていません。""]"
54450,５４４５０,東京鐵鋼,鉄鋼・非鉄,TTK|東鉄|Tokyo Tekko|東京鉄鋼,...|形鋼|鉄筋|鋼材|鉄鋼製品,"[""会社名: 東京鐵鋼, TTK,\nブランド名: ..."", ""会社名: 東鉄, TTK, Tokyo Tekko, 東京鉄鋼, トウテツ  \nブランド名: 形鋼, 鉄筋, 鋼材, 鉄鋼製品, 建材"", ""会社名: 東京鐵鋼, 東鉄, TTK, 東京鉄, 東鉄鋼,\nブランド名: 申し訳ありませんが、東京鐵鋼の具体的なブランド名や製品名についての情報は持ち合わせていません。""]"
54490,５４４９０,大阪製鐵,鉄鋼・非鉄,OSAKA STEEL|大鉄|大阪鉄|Osaka Steel,OSブランド|大阪製鐵製品|大鉄鋼材|OSAKA STEEL PRODUCTS|大阪鋼材,"[""会社名: 大阪製鐵, 大阪鉄, Osaka Steel, OSAKA STEEL, 大鉄  \nブランド名: OSブランド, 大阪製鐵製品, 大鉄鋼材, OSAKA STEEL PRODUCTS, 大阪鋼材"", ""会社名: 大阪製鐵, 大阪鉄, OSAKA STEEL, OSAKA METAL, 大鉄,\nブランド名: みがき棒鋼, 鋼矢板, 鉄筋, 鋼管, 鋼板,"", ""会社名: 大阪製鐵, 大鉄, OSAKA STEEL, \nブランド名: 具体的なブランド名や製品名は一般的に公開されていないことが多いです。""]"
54510,５４５１０,淀川製鋼所,鉄鋼・非鉄,Yodogawa Steel|Yodoko|ヨドコウ|Yodogawa Steel Works|淀川,ヨド物置|ヨド倉庫|ヨドガレージ|YODOCOLOR|YODOCOAT,"[""会社名: Yodogawa Steel, Yodoko, Yodogawa Steel Works,\nブランド名: YODOCOLOR, YODOCOAT, YODOGALVA, YODOALUM, YODOZINC"", ""会社名: ヨドコウ, Yodogawa Steel, Yodoko, 淀川, Yodogawa  \nブランド名: ヨド物置, ヨド倉庫, ヨドガレージ, ヨドカーポート, ヨドサイクルポート"", ""会社名: 淀川製鋼, ヨドコウ,\nブランド名: ヨド物置, ヨドガレージ, ヨド倉庫, ヨドホーム, ヨドエクステリア""]"
54610,５４６１０,中部鋼鈑,鉄鋼・非鉄,中鋼|Chubu Steel Plate|CKB|中部鋼|CSG,なし|該当なし,"[""会社名: 中鋼, Chubu Steel Plate, CSG,\nブランド名: なし"", ""会社名: 中鋼, 中部鋼鈑, CKB, Chubu Steel Plate, 中部鋼,\nブランド名: なし"", ""会社名: 中鋼, 中部鋼, 鋼鈑, CKB, 中部鋼板,\nブランド名: 該当なし""]"
54630,５４６３０,丸一鋼管,鉄鋼・非鉄,丸一|Maruichi Steel Tube|MST|MKK,EXCEL|MARUICHI STAINLESS|MARUICHI ALUMINUM|MARUICHI PLASTIC|MARUICHI PIPE,"[""会社名: 丸一, Maruichi Steel Tube, MST,\nブランド名: EXCEL, MARUICHI STAINLESS, MARUICHI ALUMINUM, MARUICHI PLASTIC, MARUICHI PIPE"", ""申し訳ありませんが、「丸一鋼管」（証券コード: 54630）についての具体的な略称やブランド名の情報は持ち合わせていません。一般的に、企業の略称やブランド名は業界や地域によって異なることがあります。公式な情報やSNSでの一般的な呼称を確認することをお勧めします。"", ""会社名: 丸一, 丸一鋼管, MKK, Maruichi, 54630,\nブランド名: 情報がありません。""]"
54640,５４６４０,モリ工業,鉄鋼・非鉄,モリ,,"[""申し訳ありませんが、「モリ工業」（証券コード: 54640）に関する具体的な略称やブランド名の情報は持ち合わせていません。一般的には、企業の略称やブランド名は公式ウェブサイトやプレスリリース、または金融ニュースで確認することができます。具体的な情報が必要な場合は、これらの情報源を参照することをお勧めします。"", ""申し訳ありませんが、「モリ工業」（証券コード: 54640）についての具体的な略称やブランド名の情報は私のデータベースには含まれていません。モリ工業に関する情報は、公式ウェブサイトや金融情報サイトなどで確認することをお勧めします。"", ""会社名: モリ工業, モリ,  \nブランド名: 申し訳ありませんが、モリ工業の具体的なブランド名や製品名についての情報は持っていません。""]"
54710,５４７１０,大同特殊鋼,鉄鋼・非鉄,大同|Daido|Daido Steel|DSS|大同特鋼,DAIDO STEEL|DSR|DAIDO DURA|DAIDO MOLD|DAIDO STAINLESS,"[""会社名: 大同, Daido Steel, DSS, 大同特鋼, Daido,\nブランド名: DAIDO STEEL, DSR, DAIDO DURA, DAIDO MOLD, DAIDO STAINLESS"", ""会社名: 大同, 大同特鋼, Daido Steel, Daido, 5471,\nブランド名: DAIDO STEEL, DAIDO DSR, DAIDO DPF, DAIDO DSR-1, DAIDO DSR-2"", ""会社名: 大同, 大同鋼, DSS, Daido, 特鋼,\nブランド名: Daido Steel, DSR, Daido Brand, Daido Special Steel, Daido Steel Products,""]"
54800,５４８００,日本冶金工業,鉄鋼・非鉄,日冶金|日本冶金|日冶|Nisshin Steel,NAS|YAKIN|NAS 625|NAS 254N|NAS 354N,"[""会社名: 日冶金, 日本冶金, 日本冶金工業, Nisshin Steel, Nippon Yakin Kogyo  \nブランド名: NAS, NAS 625, NAS 254N, NAS 354N, NAS 600"", ""会社名: 日冶金, 日冶, 日本冶金, 日本冶金工業, NKK\nブランド名: YAKIN, NAS, NAS354N, NAS600, NAS800"", ""会社名: 日冶金, 日冶, JFE日冶, JFEスチール, JFEメタル,\nブランド名: YAKIN, YAKINブランド, YAKINステンレス, YAKIN合金, YAKIN特殊鋼,""]"
54820,５４８２０,愛知製鋼,鉄鋼・非鉄,Aichi Steel|Aichi Seiko|AISIN Steel|愛知スチール,Aichi Forge|Aichi Spring|Aichi Wire|Aichi Metal|Aichi Parts,"[""会社名: 愛知製鋼, 愛知スチール, Aichi Steel, Aichi Seiko, AISIN Steel  \nブランド名: Aichi Forge, Aichi Spring, Aichi Metal, Aichi Wire, Aichi Parts"", ""会社名: 愛知製鋼, Aichi Steel, 愛知鋼,\nブランド名: MYSTEEL, AICHIブランド, AICHI FORGE, AICHI MAGNET, AICHI SPRING"", ""会社名: 愛知製鋼, 愛知, Aichi Steel, AISIN Steel, Aichi Seiko,\nブランド名: Aichi Brand, Magfine, Aichi Forge, Aichi Spring, Aichi Wire""]"
55410,５５４１０,大平洋金属,鉄鋼・非鉄,太平洋金属|PAMCO|Pacific Metals Co.|Ltd.|太平金,PAMCOフェロニッケル|PAMCOステンレススチール|PAMCOスラグ|PAMCOニッケル鉱石|PAMCOリサイクル製品,"[""会社名: 太平洋金属, PAMCO, Pacific Metals Co., Ltd.,\nブランド名: PAMCOフェロニッケル, PAMCOステンレススチール, PAMCOスラグ, PAMCOニッケル鉱石, PAMCOリサイクル製品"", ""申し訳ありませんが、「大平洋金属」（証券コード: 55410）についての具体的な略称やブランド名の情報は持ち合わせていません。一般的に、企業の略称やニックネームはSNSやトレーダーの間で独自に使われることが多く、公式な情報としては提供されていないことが多いです。また、ブランド名や製品名についても、公開されている情報に基づいて提供することができません。\n\nもし具体的な情報が必要であれば、公式な企業のウェブサイトや金融情報サイトを参照することをお勧めします。"", ""会社名: 太平洋金属, 太平金, 太平洋メタル, 太平メタル, 太平洋金  \nブランド名: 特定のブランド名や製品名は一般的に知られていません。""]"
55630,５５６３０,新日本電工,鉄鋼・非鉄,新日電工|日電工|NIPPO DENKO|Nippon Denko|ND,FERROCHROME|SILICON METAL|CALCIUM SILICON|METAL POWDER,"[""申し訳ありませんが、「新日本電工」（証券コード: 55630）についての具体的な略称やブランド名の情報は持ち合わせていません。一般的に、企業の略称やブランド名は公式な情報源や企業のウェブサイトで確認することができます。"", ""会社名: 新日電工, NIPPO DENKO, Nippon Denko, 日電工, ND,\nブランド名: FERROCHROME, SILICON METAL, CALCIUM SILICON, METAL POWDER, HIGH-PURITY FERROSILICON"", ""会社名: 新日電工, 新日電, 日電工, 5563,\nブランド名: 申し訳ありませんが、具体的なブランド名や製品名の情報は見つかりませんでした。""]"
56020,５６０２０,栗本鐵工所,鉄鋼・非鉄,栗本鐵工|栗本鉄工所|Kurimoto Iron Works|Kurimoto|KIW,Kurimoto Valve|Kurimoto Pipe|Kurimoto Castings|Kurimoto Machinery|Kurimoto Environmental Systems,"[""会社名: 栗本鐵工, 栗本鉄工所, Kurimoto Iron Works, Kurimoto, KIW,\nブランド名: Kurimoto Valve, Kurimoto Pipe, Kurimoto Castings, Kurimoto Machinery, Kurimoto Environmental Systems"", ""申し訳ありませんが、「栗本鐵工所」（証券コード: 56020）に関する具体的な略称やブランド名の情報は持っていません。一般的には、企業の略称やニックネームはSNSやトレーダーの間で独自に作られることが多く、公式な情報としては提供されていないことが多いです。また、ブランド名や製品名についても、特定の情報がない場合があります。\n\nもし具体的な情報が必要であれば、公式な企業のウェブサイトやプレスリリース、または金融情報を提供するサービスを参照することをお勧めします。"", ""会社名: 栗本, 栗本鐵工, KURIMOTO, KURIMOTO IRON WORKS, 栗本工業,\nブランド名: 具体的なブランド名や製品名は公開されていない場合があります。""]"
56310,５６３１０,日本製鋼所,機械,日製鋼|JSW|日本製鋼|製鋼所|56310,Hitz|Hitz環境ソリューション|Hitzエネルギー|Hitz産業機械,"[""会社名: 日製鋼, JSW, 日本製鋼,\nブランド名: Hitz, Hitzエンジニアリング, Hitz環境ソリューション, Hitzエネルギー, Hitz産業機械"", ""会社名: 日製鋼, JSW, 日本製鋼,\nブランド名: Hitz, Steel Plantech, Muroran Works, Utsunomiya Works, Hiroshima Works"", ""会社名: JSW, 日製鋼, 日本製鋼, 製鋼所, 56310,\nブランド名: HOP, HPE, HINEX, JSWプレス, JSWエクストルーダー""]"
56320,５６３２０,三菱製鋼,鉄鋼・非鉄,三菱スチール|Mitsubishi Steel|MSTEEL|三鋼,MITSUBISHI STEEL Muroran|MITSUBISHI STEEL Muroran Works|MITSUBISHI STEEL Products|MITSUBISHI STEEL Bars|MITSUBISHI STEEL Springs,"[""会社名: 三菱スチール, Mitsubishi Steel, MSTEEL, 三菱製鋼,\nブランド名: MITSUBISHI STEEL Muroran, MITSUBISHI STEEL Muroran Works, MITSUBISHI STEEL Products, MITSUBISHI STEEL Bars, MITSUBISHI STEEL Springs"", ""会社名: 三鋼, 三菱鋼,\nブランド名: Sumikin, SUMIBORON, SUMIHARD, SUMIPAX, SUMIDIA"", ""会社名: 三菱製鋼, 三菱スチール, MKK,  \nブランド名: 具体的なブランド名や製品名は一般的に公開されていない場合が多いです。""]"
56590,５６５９０,日本精線,鉄鋼・非鉄,NSS|Nippon Seisen|Nippon Seisen Co.|Ltd.|日精線,NIKKOブランド|NIKKO WIRE|NIKKO STAINLESS|NIKKO ALLOY|NIKKO SPECIALTY,"[""会社名: 日本精線, NSS, Nippon Seisen, Nippon Seisen Co., Ltd.,\nブランド名: NIKKOブランド, NIKKO WIRE, NIKKO STAINLESS, NIKKO ALLOY, NIKKO SPECIALTY"", ""会社名: 日精線, NSS,\nブランド名: ..."", ""会社名: 日精線, NSS, Nippon Seisen, Nippon Seisen Co., Ltd.,  \nブランド名: NISSEI, NISSEI WIRE, NISSEI STAINLESS, NISSEI SPRING, NISSEI CABLE""]"
56980,５６９８０,エンビプロ・ホールディングス,鉄鋼・非鉄,エンビプロ|EPHD|56980|エンビプロ・,,"[""申し訳ありませんが、「エンビプロ・ホールディングス」（証券コード: 56980）に関する具体的な略称やブランド名の情報は私のデータベースには含まれていません。一般的に、企業の略称やブランド名は公式ウェブサイトやプレスリリース、または金融ニュースで確認することができます。"", ""申し訳ありませんが、「エンビプロ・ホールディングス」（証券コード: 56980）に関する具体的な略称やブランド名の情報は持ち合わせていません。ただし、一般的な企業の略称やブランド名の傾向として、以下のような形式が考えられます。\n\n会社名: エンビプロ, エンビプロHD, エンビプロホールディングス,\nブランド名: \n\n具体的な情報については、公式ウェブサイトや関連するニュースリリースをご確認ください。"", ""会社名: エンビプロ, エンビプロHD, エンビプロホールディングス, EPHD, 56980,\nブランド名: 申し訳ありませんが、エンビプロ・ホールディングスの特定のブランド名や製品名についての情報は持っていません。""]"
57020,５７０２０,大紀アルミニウム工業所,鉄鋼・非鉄,大紀アルミ|大紀アルミニウム|DAIKI,情報が不足しています。,"[""申し訳ありませんが、「大紀アルミニウム工業所」についての具体的な略称やブランド名の情報は持ち合わせていません。一般的には、企業の略称やブランド名は公式ウェブサイトやプレスリリース、業界の報道などで確認することができます。"", ""申し訳ありませんが、「大紀アルミニウム工業所」について具体的な略称やブランド名の情報は持ち合わせていません。一般的には、企業の略称やニックネームはSNSやトレーダー間で独自に作られることが多く、公式なものではない場合があります。また、ブランド名や製品名についても、企業の公式ウェブサイトやプレスリリースなどで確認するのが確実です。\n\nもし具体的な情報が必要であれば、企業の公式な情報源を確認することをお勧めします。"", ""会社名: 大紀アルミ, 大紀アルミニウム, DAIKI,\nブランド名: 情報が不足しています。""]"
57030,５７０３０,日本軽金属ホールディングス,鉄鋼・非鉄,日軽金|NLM|日本軽金|日軽HD|日本軽金属,アルミック|アルミックエース|アルミックライト|アルミックトゥルー|アルミックフレックス,"[""会社名: 日軽金, NLM, 日本軽金,\nブランド名: アルミック, アルミックトゥルー, アルミックエース, アルミックフレックス, アルミックライト"", ""会社名: 日軽金, NLM, 日本軽金,\nブランド名: アルミック, アルミックトーヨー, アルミックエース, アルミックフロー, アルミックライト"", ""会社名: 日軽金, 日軽HD, NLM, 日軽, 日軽ホールディングス,\nブランド名: アルミック, アルミックトンネル, アルミックハウス, アルミックシェルター, アルミックフレーム""]"
57060,５７０６０,三井金属鉱業,鉄鋼・非鉄,三井金属|Mitsui Kinzoku|Mitsui Mining & Smelting|三井鉱業|MKC,パーライト|ポーラスメタル|ハイパーキャスト|クリスタルバリヤ|マイクロメッシュ,"[""会社名: 三井金属, Mitsui Kinzoku, Mitsui Mining & Smelting,\nブランド名: パーライト, ポーラスメタル, ハイパーキャスト, クリスタルバリヤ, マイクロメッシュ"", ""会社名: 三井金属, 三井鉱業, Mitsui Kinzoku, MKC, Mitsui Mining & Smelting  \nブランド名: パーライト, パウダーテック, ハイパーZ, アルミナ, スーパーメタル"", ""会社名: 三井金属, 三井金, 三井鉱業, 三井鉱, 5706,\nブランド名: パウテックス, マイクロメット, ポーラスメット, イノメット, アルミナファイバー,""]"
57070,５７０７０,東邦亜鉛,鉄鋼・非鉄,Toho Zinc|亜鉛|東亜|東邦,ジンクトップ|ジンクメタル|ジンクアロイ|ジンクプレート|ジンクパウダー,"[""会社名: 東邦亜鉛, Toho Zinc,\nブランド名: ジンクトップ, ジンクメタル, ジンクアロイ, ジンクプレート, ジンクパウダー"", ""会社名: 東邦亜鉛, Toho Zinc, 東亜, 亜鉛,\nブランド名: ジンクス, Zinctech, TOHO ZN, TOHO ZINC, ZN Power"", ""会社名: 東邦亜鉛, 東邦, 亜鉛, TOHO ZINC, 5707,\nブランド名: 特定のブランド名や製品名は一般的に公表されていない可能性があります。""]"
57110,５７１１０,三菱マテリアル,鉄鋼・非鉄,MMC|三菱マテ|Mitsubishi Materials,ネオジム磁石|アルミナセラミックス|ダイヤメット|マテリアルズ・パーク|プレミアムゴールド,"[""会社名: 三菱マテリアル, MMC, Mitsubishi Materials,\nブランド名: ダイヤメット, マテリアルズ・パーク, ネオジム磁石, アルミナセラミックス, プレミアムゴールド"", ""会社名: 三菱マテ, MMC, 三菱マテリアル,\nブランド名: ダイヤモンドカッター, ネオジム磁石, アルミナセラミックス, スーパーハード合金, セラミックコーティング"", ""会社名: 三菱マテ, MMC, 三菱マテリアル,\nブランド名: ダイヤモンドツール, ネオジム磁石, アルミナセラミックス, MMCツール, マテリアルエンジニアリング""]"
57130,５７１３０,住友金属鉱山,鉄鋼・非鉄,SMM|Sumitomo Metal Mining|住友鉱|住友鉱山,Battery Materials|High-Purity Nickel|Gold Bullion|Electrolytic Copper|Cobalt Products,"[""会社名: SMM, Sumitomo Metal Mining, 住友鉱,\nブランド名: Battery Materials, High-Purity Nickel, Gold Bullion, Electrolytic Copper, Cobalt Products"", ""会社名: 住友鉱山, SMM, Sumitomo Metal Mining, 住友金属鉱山,\nブランド名: BATTERY MATERIALS, NICKEL PRODUCTS, COPPER PRODUCTS, GOLD PRODUCTS, SUMITOMO METAL MINING CHEMICAL"", ""会社名: 住友鉱, SMM, 住友金属, 住友鉱山, 住友金属鉱山,\nブランド名: なし""]"
57140,５７１４０,ＤＯＷＡホールディングス,鉄鋼・非鉄,DOWA|DOWA Holdings|同和鉱業|ＤＯＷＡ,ハードロック|プレシャスメタル|エコシステム|環境ソリューション|エコメタル,"[""会社名: DOWA, DOWA Holdings, DOWAグループ,\nブランド名: エコメタル, ハードロック, プレシャスメタル, エコリサイクル, エコプロダクツ"", ""会社名: DOWA, DOWAホールディングス, DOWAグループ, 同和鉱業, DOWA Holdings  \nブランド名: エコシステム, ハードロック, メタルリサイクル, 環境ソリューション, プレシャスメタル"", ""会社名: DOWA, DOWA HD, DOWA Holdings, DOWAグループ, DOWAホールディングス,\nブランド名: エコシステム, メタル, エレクトロニクス, 環境ソリューション, リサイクル""]"
57150,５７１５０,古河機械金属,鉄鋼・非鉄,古河機金|古河金属|古河機|FCM|Furukawa Co.,FURUKAWA UNIC|FURUKAWA ROCK DRILL|FURUKAWA BATTERY|FURUKAWA ELECTRIC|FURUKAWA MATERIALS,"[""会社名: 古河機金, Furukawa Co., Ltd., Furukawa Machinery, 古河機械, 古河金属\nブランド名: FURUKAWA UNIC, FURUKAWA ROCK DRILL, FURUKAWA BATTERY, FURUKAWA ELECTRIC, FURUKAWA MATERIALS"", ""会社名: 古河機金, 古河機, Furukawa, FCM, 古河金属,\nブランド名: ユニック, フルカワロックドリル, フルカワダイヤモンド, フルカワポンプ, フルカワコンプレッサー,"", ""会社名: 古河機金, 古河機, 古河金属, 古河, FCM,  \nブランド名: 具体的なブランド名や製品名は一般的に公開されていない場合がありますが、古河グループの一部として知られています。""]"
57260,５７２６０,大阪チタニウムテクノロジーズ,鉄鋼・非鉄,大チタ|OT|大阪チタ|OSAKA Titanium|Osaka Titanium,TILOP|TILASTAN|TILOP-45|TILOP-50|TILOP-60,"[""会社名: 大チタ, OT, Osaka Titanium, OSAKA Titanium Technologies, OSAKA Titanium Tech  \nブランド名: TILOP, TILASTAN, TILOP-45, TILOP-50, TILOP-60"", ""会社名: 大チタ, OTC, 大阪チタ, OSAKA Titanium, OSAKAチタニウム,\nブランド名: TILOP, TILASTAN, TILOP-45, TILOP-55, TILOP-65"", ""会社名: 大チタ, OSAKA Titanium, OT, 大阪チタ, 大阪チタニウム,\nブランド名: TIMETAL, TILOP, TILASTAN, TILOP-45, TILOP-50""]"
57270,５７２７０,東邦チタニウム,鉄鋼・非鉄,東邦チタ|TOHO TITANIUM|東チタ|Toho Titanium,TILOP|TIPAQUE|TICHIP|TILASTAN|TILOP SPHERICAL,"[""会社名: 東邦チタ, TOHO TITANIUM, 東邦チタニウム,\nブランド名: TILOP, TIPAQUE, TICHIP, TILASTAN, TILOP SPHERICAL"", ""会社名: 東チタ, Toho Titanium, 東邦チタ, THT, 東邦チタニウム,\nブランド名: TILOP, TILOP-45, TILOP-55, TILOP-60, TILOP-70,"", ""会社名: 東邦チタ, 東邦チタニウム, TOHO,  \nブランド名: なし""]"
57410,５７４１０,ＵＡＣＪ,鉄鋼・非鉄,UACJ|UACJ Corporation|UACJ Holdings,UACJアルミ|UACJ Foil|UACJ Metal Components|UACJ Extrusion|UACJ Automotive,"[""会社名: UACJ, ユーエーシージェー, UACJ Corporation, UACJグループ, UACJ Holdings  \nブランド名: UACJアルミ, UACJ Foil, UACJ Metal Components, UACJ Extrusion, UACJ Automotive"", ""会社名: UACJ, UACJ Corporation, UACJグループ, UACJホールディングス, UACJ Holdings  \nブランド名: UACJアルミ, UACJ Foil, UACJ Metal Components, UACJ Extrusion, UACJ Automotive"", ""会社名: UACJ, UACJグループ, UACJホールディングス, UACJ株式会社, UACJ Corp,\nブランド名: UACJアルミ, UACJパネル, UACJフォイル, UACJエンジニアリング, UACJメタル""]"
57570,５７５７０,ＣＫサンエツ,鉄鋼・非鉄,サンエツ|CK|CKサンエツ|57570,該当なし,"[""申し訳ありませんが、「ＣＫサンエツ」（証券コード: 57570）に関する具体的な略称やブランド名の情報は私のデータベースには含まれていないようです。一般的には、企業の略称やブランド名は公式ウェブサイトやプレスリリース、または金融ニュースなどで確認することができます。もし具体的な情報が必要であれば、これらの情報源を参照することをお勧めします。"", ""申し訳ありませんが、「ＣＫサンエツ」（証券コード: 57570）に関する具体的な略称やブランド名の情報は持ち合わせていません。一般的には、企業の略称やブランド名は公式ウェブサイトやプレスリリース、または業界の専門誌などで確認することができます。具体的な情報が必要な場合は、これらの情報源を参照することをお勧めします。"", ""会社名: ＣＫサンエツ, サンエツ, CK, CKサンエツ, 57570  \nブランド名: 該当なし""]"
58010,５８０１０,古河電気工業,鉄鋼・非鉄,古河電工|Furukawa Electric|古河|FEC|古河電,FITEL|FURUKAWA BATTERY|FURUKAWA MAGNET WIRE|FURUKAWA CABLE|FURUKAWA SOLAR,"[""会社名: 古河電工, Furukawa Electric, 古河, FEC, 古河電\nブランド名: FITEL, FURUKAWA BATTERY, FURUKAWA MAGNET WIRE, FURUKAWA CABLE, FURUKAWA FOAM"", ""会社名: 古河電工, Furukawa Electric, 古河, FE, 古河電気,\nブランド名: FITEL, FURUKAWA BATTERY, FURUKAWA MAGNET WIRE, FURUKAWA CABLE, FURUKAWA SOLAR"", ""会社名: 古河電工, 古河電, 古河, FEC, Furukawa Electric,\nブランド名: FITEL, FURUKAWA BATTERY, OFS, FURUKAWA MAGNET WIRE, FURUKAWA SOLAR""]"
58020,５８０２０,住友電気工業,鉄鋼・非鉄,住友電工|Sumitomo Electric|SEI|住電|Sumiden,Sumitomo Wiring Systems|Sumitomo Electric Lightwave|Sumitomo Electric Industries|Sumitomo Electric Hardmetal|Sumitomo Electric Device Innovations,"[""会社名: 住友電工, Sumitomo Electric, SEI, 住電, Sumiden  \nブランド名: Sumitomo Wiring Systems, Sumitomo Electric Lightwave, Sumitomo Electric Industries, Sumitomo Rubber Industries, Sumitomo Electric Hardmetal"", ""会社名: 住友電工, Sumitomo Electric, SEI, 住電, 住友電気  \nブランド名: Sumitomo Wiring Systems, Sumitomo Electric Industries, Sumitomo Electric Lightwave, Sumitomo Electric Hardmetal, Sumitomo Electric Device Innovations"", ""会社名: 住友電工, 住電, Sumitomo Electric, SEI, 58020,\nブランド名: Sumitomo Wiring Systems, Sumitomo Electric Lightwave, Sumitomo Electric Industries, Sumitomo Electric Fine Polymer, Sumitomo Electric Device Innovations,""]"
58030,５８０３０,フジクラ,鉄鋼・非鉄,Fujikura|5803|58030,FITEL|F-COOL|F-LINK|F-OP|F-CLAD,"[""会社名: フジクラ, Fujikura,\nブランド名: FITEL, F-LINK, F-COOL, F-CLAD, F-DRIVE"", ""会社名: フジクラ, Fujikura, 5803,\nブランド名: FITEL, F-Link, F-OP, F-LEX, F-COOL"", ""会社名: フジクラ, Fujikura, 58030,  \nブランド名: FITEL, F-LINK, F-OP, F-COOL, F-DRY""]"
58050,５８０５０,ＳＷＣＣ,鉄鋼・非鉄,SWCC|昭和電線ホールディングス,SWCCケーブル|SWCC電線|エコケーブル|エコワイヤ|SWCCファイバー,"[""会社名: SWCC, SWCC株式会社, SWCC Showa Holdings, 昭和電線ホールディングス, SWCCグループ\nブランド名: エコケーブル, エコワイヤ, SWCCケーブル, SWCC電線, SWCCファイバー"", ""会社名: SWCC, 昭和電線, 昭和電線ホールディングス, SWCC昭和電線, SWCCグループ  \nブランド名: SWCCケーブル, 昭和電線ケーブル, SWCCワイヤー, SWCC電線, SWCC光ファイバー"", ""会社名: ＳＷＣＣ, 昭和電線,\nブランド名: ...""]"
58210,５８２１０,平河ヒューテック,鉄鋼・非鉄,平河|ヒューテック|平河電線|HIRAKAWA,特定のブランド名や製品名は公表されていない可能性があります。,"[""申し訳ありませんが、「平河ヒューテック」についての具体的な略称やブランド名の情報は持ち合わせていません。一般的には、企業の略称やブランド名は公式ウェブサイトやプレスリリース、または業界のニュースなどで確認することができます。"", ""申し訳ありませんが、「平河ヒューテック」（証券コード: 58210）についての具体的な略称やブランド名のリストを提供することはできません。ただし、一般的に企業の略称やブランド名は公式ウェブサイトやプレスリリース、または業界内での通称として知られていることがあります。公式な情報源を確認することをお勧めします。"", ""会社名: 平河ヒューテック, 平河, ヒューテック, 平河電線, HIRAKAWA,\nブランド名: 特定のブランド名や製品名は公表されていない可能性があります。""]"
58300,５８３００,いよぎんホールディングス,銀行,Iyo Bank Holdings|いよぎん|IYOBANK|伊予銀,いよぎんダイレクト|いよぎんカード|いよぎんローン|いよぎん投資信託|いよぎん保険,"[""会社名: いよぎんHD, Iyo Bank Holdings, いよぎんホールディングス,\nブランド名: いよぎんダイレクト, いよぎんカード, いよぎんローン, いよぎん投資信託, いよぎん保険"", ""会社名: いよぎん, IYOBANK, 伊予銀, Iyo Bank Holdings, Iyo HD  \nブランド名: いよぎんダイレクト, いよぎんアプリ, いよぎんカード, いよぎんローン, いよぎん投信"", ""会社名: いよぎん, 伊予銀, IYOBANK, IYOHD, 58300,\nブランド名: 特に一般的なブランド名や製品名は確認できません。""]"
58310,５８３１０,しずおかフィナンシャルグループ,銀行,静岡FG|しずぎん|Shizuoka FG|Shizuoka Financial Group|静銀フィナンシャルグループ,しずぎんダイレクト|しずぎんカード|しずぎん住宅ローン|しずぎん投資信託|しずぎん保険,"[""会社名: しずぎん, Shizuoka FG, Shizuoka Financial Group, 静岡FG, 静銀フィナンシャルグループ\nブランド名: しずぎんダイレクト, しずぎんカード, しずぎん住宅ローン, しずぎん投資信託, しずぎん保険"", ""申し訳ありませんが、「しずおかフィナンシャルグループ」（証券コード: 58310）に関する具体的な略称やブランド名の情報は持ち合わせていません。一般的に、企業の略称やブランド名は公式な情報源や企業のウェブサイトで確認することができます。"", ""会社名: しずフィナ, しずおかFG, SFG, しずおかグループ, 静岡FG,\nブランド名: しずおか銀行, しずおか信託, しずおか証券, しずおかリース, しずおかキャピタル""]"
58320,５８３２０,ちゅうぎんフィナンシャルグループ,銀行,ちゅうぎんフィナンシャル,,"[""申し訳ありませんが、「ちゅうぎんフィナンシャルグループ」についての具体的な略称やブランド名の情報は持ち合わせていません。一般的には、企業の略称やブランド名は公式ウェブサイトやプレスリリースなどで確認できます。"", ""申し訳ありませんが、「ちゅうぎんフィナンシャルグループ」（証券コード: 58320）に関する具体的な略称やブランド名についての情報は持ち合わせていません。一般的に、企業の略称やブランド名は公式な情報源や企業のウェブサイト、またはSNSなどで確認することができます。"", ""申し訳ありませんが、「ちゅうぎんフィナンシャルグループ」（証券コード: 58320）に関する具体的な略称やブランド名、製品名についての情報は持っていません。一般的に、企業の略称やブランド名は公式な発表や市場での認知度に基づいていますので、公式な情報源や金融ニュースを参照することをお勧めします。""]"
58380,５８３８０,楽天銀行,銀行,楽銀|Rakuten Bank|楽天銀|R銀行|楽天,楽天銀行アプリ|楽天銀行口座|楽天デビットカード|楽天銀行デビットカード,"[""会社名: 楽天銀行, Rakuten Bank, 楽銀  \nブランド名: 楽天銀行アプリ, 楽天銀行デビットカード, 楽天銀行口座"", ""会社名: 楽天銀, Rakuten Bank, 楽天BK, 楽銀, R銀行  \nブランド名: 楽天銀行アプリ, 楽天デビットカード, 楽天銀行カード, 楽天銀行スーパーローン, 楽天銀行口座"", ""会社名: 楽天銀行, 楽天銀, R銀行, R銀, 楽銀,\nブランド名: 楽天銀行アプリ, 楽天デビットカード, 楽天銀行カード, 楽天銀行口座, 楽天銀行ローン,""]"
58440,５８４４０,京都フィナンシャルグループ,銀行,京都フィナンシャル,,"[""申し訳ありませんが、「京都フィナンシャルグループ」についての具体的な略称やブランド名の情報は持ち合わせていません。一般的に、企業の略称やブランド名は公式の発表や広報資料に基づいていますので、公式な情報源を確認することをお勧めします。"", ""申し訳ありませんが、「京都フィナンシャルグループ」（証券コード: 58440）に関する具体的な略称やブランド名の情報は持ち合わせていません。一般的に、企業の略称やブランド名は公式な情報源や企業のウェブサイトで確認することができます。"", ""申し訳ありませんが、「京都フィナンシャルグループ」（証券コード: 58440）に関する具体的な略称やブランド名、製品名についての情報は持っていません。一般的に企業の略称やブランド名は、企業の公式ウェブサイトやプレスリリース、金融ニュースなどで確認することができます。""]"
58510,５８５１０,リョービ,鉄鋼・非鉄,リョービ株式会社|RYOBI|Ryobi,リョービツール|リョービ電動工具|リョービガーデン|リョービドアクローザー|RYOBI,"[""会社名: リョービ, Ryobi, リョービ株式会社, Ryobi Limited, リョービグループ  \nブランド名: リョービツール, リョービ電動工具, リョービガーデン, リョービポンプ, リョービドアクローザー"", ""会社名: リョービ, RYOBI, リョービ株式会社, リョービグループ, リョービコーポレーション  \nブランド名: RYOBI, リョービツール, リョービ電動工具, リョービガーデン, リョービドアクローザー"", ""会社名: リョービ, RYOBI,  \nブランド名: RYOBI, リョービツール, リョービパワーツール, リョービマシナリー, リョービプリンティング""]"
58570,５８５７０,ＡＲＥホールディングス,鉄鋼・非鉄,ＡＲＥ,58570）についての具体的な情報は私のデータベースには含まれていないようです。そのため、会社の略称やブランド名についてのリストを提供することができません。最新の情報については、公式の企業ウェブサイトや金融ニュースを参照してください。,"[""申し訳ありませんが、「ＡＲＥホールディングス」（証券コード: 58570）についての具体的な情報は私のデータベースには含まれていないようです。そのため、会社の略称やブランド名についてのリストを提供することができません。最新の情報については、公式の企業ウェブサイトや金融ニュースを参照してください。"", ""申し訳ありませんが、「ＡＲＥホールディングス」（証券コード: 58570）についての具体的な略称やブランド名の情報は持ち合わせていません。一般的には、企業の略称やブランド名は公式ウェブサイトやプレスリリース、または業界のニュースなどで確認することができます。"", ""申し訳ありませんが、「ＡＲＥホールディングス」（証券コード: 58570）に関する具体的な略称やニックネーム、ブランド名、製品名についての情報は持っていません。一般的には、企業の略称やニックネームは業界やメディアでの使用に依存するため、公式な情報源やニュース記事を参照することをお勧めします。""]"
59010,５９０１０,東洋製罐グループホールディングス,建設・資材,東洋製罐|TSKG|Toyo Seikan Group,ボトル缶|スチール缶|アルミ缶|ペットボトル|キャップ,"[""会社名: 東洋製罐, 東洋製罐グループ, Toyo Seikan Group, TSKG,\nブランド名: ボトル缶, スチール缶, アルミ缶, ペットボトル, キャップ"", ""会社名: 東洋製罐, 東洋製罐グループ, 東洋製罐HD, TOYO SEIKAN GROUP, TSG\nブランド名: ボトル缶, スチール缶, アルミ缶, プラスチック容器, エコボトル"", ""会社名: 東洋製罐, 東洋製罐グループ, TOYO SEIKAN, 東洋, TSKG,\nブランド名: TULC, CanTainer, Toyo Glass, Toyo Seikan, Toyo Aerosol""]"
59020,５９０２０,ホッカンホールディングス,建設・資材,ホッカン|HOKKAN,ホッカンパック|ホッカンキャップ|ホッカンボトル,"[""申し訳ありませんが、「ホッカンホールディングス」についての具体的な略称やブランド名の情報は持っていません。一般的には、企業の略称やブランド名は公式ウェブサイトやプレスリリース、または業界のニュースなどで確認することができます。"", ""申し訳ありませんが、「ホッカンホールディングス」（証券コード: 59020）についての具体的な略称やブランド名のリストは提供できません。しかし、一般的に企業の略称やブランド名は、公式ウェブサイトや業界のニュース、SNSなどで確認することができます。"", ""会社名: ホッカン, ホッカンHD, HOKKAN,\nブランド名: ホッカンパック, ホッカンキャップ, ホッカンボトル, ホッカンカン, ホッカンテクノロジー""]"
59090,５９０９０,コロナ,建設・資材,CORONA|コロナ工業,コロナストーブ|コロナエアコン|コロナヒーター|コロナボイラー|コロナ除湿機,"[""会社名: コロナ,\nブランド名: コロナストーブ, コロナエアコン, コロナヒーター, コロナボイラー, コロナ除湿機"", ""申し訳ありませんが、指定された証券コード「59090」に関連する具体的な情報は私のデータベースにはありません。そのため、特定の会社名やブランド名を挙げることができません。証券コードや企業名が正しいかどうか再確認していただくか、別の情報を提供していただければと思います。"", ""会社名: コロナ, CORONA, コロナ工業, コロナ株式会社, コロナグループ  \nブランド名: コロナストーブ, コロナエアコン, コロナヒーター, コロナボイラー, コロナ除湿機""]"
59110,５９１１０,横河ブリッジホールディングス,建設・資材,横河ブリッジ|YBHD|Yokogawa Bridge Holdings|Yokogawa Bridge,具体的なブランド名や製品名は公開されていません。,"[""会社名: 横河ブリッジ, YBHD, 横河ブリッジHD, Yokogawa Bridge Holdings, Yokogawa Bridge  \nブランド名: ありません"", ""申し訳ありませんが、「横河ブリッジホールディングス」（証券コード: 59110）についての具体的な略称やブランド名の情報は私のデータベースには含まれていないようです。一般的に、企業の略称やニックネームはSNSやトレーダーの間で独自に作られることが多く、公式な情報としては提供されていない場合があります。\n\nもし具体的な情報が必要であれば、SNSや関連するフォーラムでの検索をお勧めします。"", ""会社名: 横河ブリッジ, 横河, YBHD,\nブランド名: 具体的なブランド名や製品名は公開されていません。""]"
59290,５９２９０,三和ホールディングス,建設・資材,三和,,"[""申し訳ありませんが、「三和ホールディングス」（証券コード: 59290）に関する具体的な略称やブランド名のリストは、私のデータベースには含まれていません。一般的に、企業の略称やブランド名は、企業の公式ウェブサイトや金融ニュース、業界の出版物などで確認することができます。"", ""申し訳ありませんが、「三和ホールディングス」（証券コード: 59290）に関する具体的な略称やブランド名についての情報は持ち合わせていません。一般的には、企業の略称やニックネームはSNSやトレーダーの間で独自に作られることが多く、公式な情報としては提供されていないことが多いです。また、ブランド名や製品名についても、公式な情報がない場合があります。\n\nもし具体的な情報が必要な場合は、公式な企業のウェブサイトやプレスリリース、または信頼できる金融情報サイトを参照することをお勧めします。"", ""申し訳ありませんが、「三和ホールディングス」（証券コード: 59290）に関する具体的な略称やブランド名、製品名についての情報は持っていません。一般的に、企業の略称やブランド名は公式な情報源や企業のウェブサイトで確認することができます。""]"
59300,５９３００,文化シヤッター,建設・資材,BUNKASHUTTER|文化シヤ|Bunka Shutter|BKS,スチールドア|ガレージドア|防火シャッター|オーバードア|シャッター,"[""会社名: 文化シヤッター, BUNKASHUTTER,\nブランド名: スチールドア, シャッター, ガレージドア, 防火シャッター, オーバードア"", ""会社名: 文化シヤ, Bunka Shutter, BKS, 文化シャッター, Bunka\nブランド名: スチールドア, スチールシャッター, 防火シャッター, ガレージドア, オーバースライダー"", ""会社名: 文化シヤッター, BUNKA, BUNKA SHUTTER, 文化, シヤッター,\nブランド名: スチールドア, 防火シャッター, ガレージドア, オーバードア, マドモア""]"
59320,５９３２０,三協立山,建設・資材,三協|立山|三協アルミ|Sankyo Tateyama,三協アルミ|三協シャッター|三協サッシ|三協ドア|三協立山アルミ,"[""会社名: 三協アルミ, 三協, Sankyo Tateyama, Sankyo, Tateyama,\nブランド名: 三協アルミ, 三協立山アルミ, 三協シャッター, 三協サッシ, 三協ドア"", ""会社名: 三協, 立山, 三協立山,\nブランド名: 三協アルミ, 三協シャッター, 三協玄関ドア, 三協カーポート, 三協サッシ"", ""会社名: 三協, 三協立山, 立山,\nブランド名: 三協アルミ, 三協シャッター, 三協ドア, 三協窓, 三協フェンス""]"
59330,５９３３０,アルインコ,建設・資材,ALINCO|アル|インコ|ALK,ALINCO FITNESS|ALINCO TOOLS|伸縮はしご|アルミ足場|トランシーバー,"[""会社名: アルインコ, ALINCO,\nブランド名: 伸縮はしご, アルミ足場, トランシーバー, フィットネス機器, DIY工具"", ""会社名: アルインコ, ALINCO, アル, インコ, ALK  \nブランド名: DJ, EX, EAGLE, ALINCO FITNESS, ALINCO TOOLS"", ""会社名: アルインコ, ALINCO, 59330,\nブランド名: DJポケット, EXGEL, ALINCO FITNESS, ALINCO TOOLS, ALINCO RADIO""]"
59380,５９３８０,ＬＩＸＩＬ,建設・資材,LIXIL|LIXIL Corporation|リクシル|LIXIL Group Corporation,INAX|GROHE|American Standard|TOSTEM|LIXIL Housing Technology,"[""会社名: LIXIL, LIXIL Corporation, LIXIL Group\nブランド名: INAX, GROHE, American Standard, TOSTEM, LIXIL Housing Technology"", ""会社名: LIXIL, リクシル, LIXILグループ, LIXIL Corporation, LIXIL Group Corporation  \nブランド名: INAX, TOSTEM, GROHE, American Standard, LIXIL住宅研究所"", ""会社名: LIXIL, リクシル, LIXILグループ, LIXIL Corporation, LIXIL Group Corporation  \nブランド名: INAX, トステム, 新日軽, サンウエーブ, TOEX""]"
59430,５９４３０,ノーリツ,建設・資材,NORITZ|ノーリツ工業,エコフィール|ガスふろ給湯器|エコジョーズ|ユパラ|ガスコンロ,"[""会社名: ノーリツ, NORITZ,\nブランド名: ユパラ, エコフィール, ガスふろ給湯器, エコジョーズ, ガスコンロ"", ""会社名: ノーリツ, NORITZ, ノーリツ工業, ノーリツ株式会社, ノーリツグループ  \nブランド名: ユパティオ, エコフィール, ガスふろ給湯器, エコジョーズ, マイクロバブルバスユニット"", ""会社名: ノーリツ, NORITZ, ノーリツコーポレーション,\nブランド名: エコフィール, ガスふろ給湯器, ユコア, マイクロバブル, エコジョーズ""]"
59460,５９４６０,長府製作所,建設・資材,長府|Chofu|長府製,エコキュート|エコフィール|ユニットバス|給湯器|ボイラー,"[""会社名: 長府, 長府製作所, Chofu,\nブランド名: エコフィール, エコキュート, ユニットバス, 給湯器, ボイラー"", ""会社名: 長府, 長府製, Chofu,\nブランド名: エコフィール, エコワン, エコキュート, エコジョーズ, エコフィールハイブリッド"", ""会社名: 長府, 長府製,\nブランド名: エコキュート, ユニットバス, ガス給湯器, 石油給湯器, 太陽熱温水器""]"
59470,５９４７０,リンナイ,建設・資材,Rinnai|リンナイ株式会社|Rinnai Corporation|Rinnai Co.,Rinnai|Mytone|DELICIA|Kanta|Eco Jozu,"[""会社名: リンナイ, Rinnai,\nブランド名: Rinnai, Mytone, DELICIA, Kanta, Eco Jozu"", ""会社名: リンナイ, Rinnai, リンナイ株式会社, Rinnai Corporation, Rinnai Co., Ltd.,\nブランド名: Rinnai, Mytone, DELICIA, ecoジョーズ, RUFシリーズ"", ""会社名: リンナイ, Rinnai, RIN, リンナイ株式会社, Rinnai Corporation  \nブランド名: Rinnai, Mytone, DELICIA, Kanta君, Eco One""]"
59490,５９４９０,ユニプレス,自動車・輸送機,UNIPRES|UP|Unipres,情報が不足しています。,"[""会社名: ユニプレス, Unipres,\nブランド名: 申し訳ありませんが、ユニプレスの具体的なブランド名や製品名に関する情報は提供できません。"", ""会社名: ユニプレス, UNIPRES, UP,\nブランド名: ありません。"", ""会社名: ユニプレス, UNIPRES, UP,\nブランド名: 情報が不足しています。""]"
59570,５９５７０,日東精工,建設・資材,Nitto Seiko|日東|Nitto,DELVO|NITTOSEIKO|QUICRUN|NITTO SEIKO FASTENING SYSTEM|NITTO SEIKO SCREW FEEDER,"[""会社名: 日東精工, Nitto Seiko, Nitto, 日東,\nブランド名: DELVO, QUICRUN, NITTO SEIKO FASTENING SYSTEM, NITTO SEIKO SCREW FEEDER, NITTO SEIKO ROBOT SYSTEM"", ""会社名: 日東, Nitto Seiko, 日東精工,\nブランド名: アロック, DELVO, PAX, LUBRO, NITTOSEIKO"", ""会社名: 日東精工, Nitto Seiko, Nitto, 日東,\nブランド名: Hard Lock, NITTOSEIKO, Neo Wing, Neo Spin, Neo Beam""]"
59590,５９５９０,岡部,建設・資材,OKABE|岡部製作所|オカベ|Okabe Inc.,メタルフィット|オカベメタル|オカベロック|スーパーロック,"[""申し訳ありませんが、「岡部」（証券コード: 59590）に関する具体的な略称やブランド名の情報は私のデータベースにはありません。一般的には、企業の略称やブランド名は公式ウェブサイトや金融ニュース、業界レポートなどで確認することができます。"", ""会社名: 岡部, OKABE, 岡部製作所, オカベ, Okabe Inc.,\nブランド名: メタルフィット, オカベメタル, オカベロック, スーパーロック, オカベフレーム"", ""申し訳ありませんが、「岡部」（証券コード: 59590）に関する具体的な略称やニックネーム、ブランド名、製品名についての情報は持っていません。ただし、一般的な企業の場合、以下のような形式で略称やブランド名が使われることがあります。\n\n1. 会社名（ブランドや製品名は除外）\n   - 岡部, OKABE\n\n2. ブランド名・製品名（あれば）\n   - 具体的なブランド名や製品名についての情報はありません。\n\n企業の公式ウェブサイトやプレスリリースを確認することで、より詳細な情報を得ることができるかもしれません。""]"
59700,５９７００,ジーテクト,建設・資材,G-TEKT|GT|Gテクト,G-TEKTブランド製品名は特に知られていません。|具体的なブランド名や製品名は公開されていない可能性があります。,"[""会社名: ジーテクト, G-TEKT,\nブランド名: 申し訳ありませんが、ジーテクトの代表的なブランド名や製品名に関する具体的な情報は提供できません。"", ""会社名: ジーテクト, G-TEKT, GT,\nブランド名: G-TEKTブランド製品名は特に知られていません。"", ""会社名: ジーテクト, G-TEKT, Gテクト,  \nブランド名: 具体的なブランド名や製品名は公開されていない可能性があります。""]"
59750,５９７５０,東プレ,建設・資材,トウプレ|Topre|TOPRE|トープレ,Type Heaven|Topre Capacitive Switch|Realforce|Topre Keyboard|Topre Silent Switch,"[""会社名: 東プレ, Topre,\nブランド名: Realforce, Type Heaven, Topre Capacitive Switch, Topre Keyboard, Topre Silent Switch"", ""会社名: 東プレ, TOPRE, トウプレ, トープレ, トウプレ  \nブランド名: REALFORCE, Type Heaven, 東プレキーボード, Topre Capacitive Switch, 東プレスイッチ"", ""会社名: 東プレ,  \nブランド名: キーボード, プレス機械, 自動車部品, 空調機器, 精密機器""]"
59760,５９７６０,高周波熱錬,建設・資材,高周波|JHF|JFE高周波|JFE-HF,HFインダクター|HFヒーター|HFコイル|HFトランス|HFプロセス,"[""会社名: 高周波, JFE高周波, JFE-HF, HF, 高周波熱錬\nブランド名: HFインダクター, HFヒーター, HFコイル, HFトランス, HFプロセス"", ""会社名: 高周波, JHF, 高周波熱錬,\nブランド名: HYPER ECO, HYPER TOUGH, HYPER COAT, HYPER SHIELD, HYPER SEAL"", ""会社名: 高周波, 高周波熱錬, JHF,\nブランド名: 特定のブランド名や製品名は一般的に公開されていない可能性があります。""]"
59810,５９８１０,東京製綱,建設・資材,東綱|TSK|TOKYO ROPE|東京製綱株式会社|TRC,スーパーロープ|ハイパーロープ|スチールコード|ワイヤーロープ|ソリッドロープ,"[""会社名: 東綱, TOKYO ROPE, 東京製綱株式会社, TRC, 東京ロープ\nブランド名: ソリッドロープ, スーパーロープ, ハイパーロープ, メガロープ, エコロープ"", ""会社名: 東綱, TSK, Tokyo Seiko, 東京製鋼, Tokyo Rope,\nブランド名: トーアロープ, スーパーロープ, ハイパーロープ, スチールコード, ワイヤーロープ,"", ""会社名: 東綱, TSK, 東京製綱,\nブランド名: ソフトロープ, ハードロープ, スチールコード, ワイヤーロープ, ケーブル製品""]"
59850,５９８５０,サンコール,建設・資材,Suncall|サンコール株式会社,,"[""会社名: サンコール, Suncall,\nブランド名: 申し訳ありませんが、サンコールの具体的なブランド名や製品名に関する情報は提供できません。"", ""申し訳ありませんが、具体的な証券コード「59850」に関連する企業情報やその略称、ブランド名についての詳細なデータは持っていません。一般的に、企業の略称やブランド名は公式ウェブサイトや金融情報サービスで確認することができます。もし特定の企業についての情報が必要であれば、公式な情報源を参照することをお勧めします。"", ""会社名: サンコール, サンコール株式会社, サンコールグループ,  \nブランド名: 情報が不足しているため、具体的なブランド名や製品名は提供できません。""]"
59880,５９８８０,パイオラックス,建設・資材,PIOX|パイオ|PIALUX|パイラック,スプリング|ファスナー|ダンパー|クリップ,"[""会社名: パイオラックス, PIALUX,\nブランド名: ありません。"", ""会社名: パイオラックス, PIOX, パイオ, パイラック, PIO  \nブランド名: スプリング, ファスナー, エンジニアリングプラスチック, ダンパー, クリップ"", ""会社名: パイオラックス, PIOX, パイオ,\nブランド名: クリップ, スプリング, ファスナー, ダンパー, シール""]"
59890,５９８９０,エイチワン,建設・資材,H-ONE|H1|Hワン|エッチワン,該当なし,"[""会社名: エイチワン, H-ONE,\nブランド名: 申し訳ありませんが、エイチワンの代表的なブランド名や製品名に関する具体的な情報は提供できません。"", ""会社名: エイチワン, H-ONE, H1, Hワン, エッチワン  \nブランド名: 該当なし"", ""会社名: エイチワン, H-ONE, H1, 59890, H-One Corporation  \nブランド名: 該当なし""]"
59910,５９９１０,日本発條,建設・資材,日発|NHK Spring|日本発条|NHK|日発バネ,スプリングエース|スプリングマスター|スプリングプロテクター|スプリングガード|スプリングシールド,"[""会社名: 日発, NHK Spring, 日本発条,\nブランド名: スプリングエース, スプリングマスター, スプリングプロテクター, スプリングガード, スプリングシールド"", ""会社名: 日発, NHK Spring, NHK,\nブランド名: スプリングエース, スプリングマスター, スプリングプロ"", ""会社名: 日発, 日発バネ, 日発スプリング, 日本発条, NHKスプリング,\nブランド名: NHKスプリング, NHKスプリングバネ, NHKスプリングシート, NHKスプリングサスペンション, NHKスプリングスタビライザー,""]"
59920,５９９２０,中央発條,建設・資材,CHKK|中発|Central Seiki|中央発条,スプリング|サスペンション|スタビライザー|トーションバー|コイルスプリング,"[""会社名: 中央発條, CHKK, Central Seiki,\nブランド名: スプリング, サスペンション, スタビライザー, トーションバー, コイルスプリング"", ""会社名: 中央発條, 中央発条, CHKK, Chuo Spring, 中発  \nブランド名: スプリング, サスペンション, スタビライザー, トーションバー, コイルスプリング"", ""会社名: 中央発條, 中央, 中発, CHKK, CHUOHATSUJO,  \nブランド名: スプリング, サスペンション, スタビライザー, スプリングアッセンブリ, トーションバー""]"
60050,６００５０,三浦工業,機械,三浦|MIURA|三浦工|Miura Co.|Ltd.,ボイラー|Zボイラー|エコボイラー|SQシリーズ|MIシリーズ,"[""会社名: 三浦, MIURA, 三浦工, Miura Co., Ltd., Miura Group  \nブランド名: ボイラー, Zボイラー, エコボイラー, SQシリーズ, MIシリーズ"", ""申し訳ありませんが、「三浦工業」（証券コード: 60050）に関する具体的な略称やブランド名のリストを提供することはできません。ただし、一般的に企業の略称やブランド名は、企業の公式ウェブサイトや投資家向け資料などで確認することができます。"", ""申し訳ありませんが、「三浦工業」に関する具体的な略称やニックネーム、ブランド名、製品名についての情報は持ち合わせていません。一般的には、企業の略称やブランド名は公式な情報源や企業のウェブサイトで確認することができます。""]"
60130,６０１３０,タクマ,機械,TAKUMA,,"[""会社名: タクマ, TAKUMA,\nブランド名:"", ""申し訳ありませんが、「タクマ」（証券コード: 60130）に関する具体的な略称やブランド名の情報は持っていません。一般的に、企業の略称やブランド名は公式ウェブサイトや関連するニュース記事、SNSなどで確認できます。具体的な情報が必要な場合は、これらの情報源を参照することをお勧めします。"", ""申し訳ありませんが、「タクマ」（証券コード: 60130）に関する具体的な略称やニックネーム、ブランド名、製品名についての情報は持っていません。一般的に、企業の略称やブランド名は公式な資料やニュース記事で確認することができます。公式ウェブサイトや金融ニュースサイトを参照することをお勧めします。""]"
60280,６０２８０,テクノプロ・ホールディングス,情報通信・サービスその他,テクノプロ|TechnoPro|TechnoPro Holdings|テクノプロ・,TechnoPro Design|TechnoPro IT|TechnoPro Construction|TechnoPro R&D|TechnoPro Engineering,"[""会社名: テクノプロ, TechnoPro, テクノプロHD, テクノプロホールディングス, TechnoPro Holdings  \nブランド名: TechnoPro Design, TechnoPro IT, TechnoPro Construction, TechnoPro R&D, TechnoPro Engineering"", ""申し訳ありませんが、「テクノプロ・ホールディングス」（証券コード: 60280）についての具体的な略称やブランド名のリストを提供することはできません。ただし、一般的な情報として、企業の略称やブランド名は通常、企業の公式ウェブサイトや投資家向けの資料で確認することができます。"", ""会社名: テクノプロ, テクノプロHD, テクノプロHLDGS, Tプロ, TechnoPro,\nブランド名: 特定のブランド名や製品名は一般的に公開されていない可能性があります。""]"
60350,６０３５０,アイ・アールジャパンホールディングス,情報通信・サービスその他,アイアールジャパン|IRJ|IRジャパン|アイ・アールジャパン|IR Japan,なし,"[""会社名: IRジャパン, アイアールジャパン, IRJ, アイ・アールジャパン,\nブランド名:"", ""会社名: IR Japan, アイアールジャパン, IRJ, アイアール, IRJHD  \nブランド名: なし"", ""会社名: IRジャパン, アイアールジャパン, IRJ,\nブランド名: なし""]"
60360,６０３６０,ＫｅｅＰｅｒ技研,情報通信・サービスその他,キーパー技研|キーパー|KeePer|KeePer技研|KeePer Giken,ダイヤモンドキーパー|クリスタルキーパー|ピュアキーパー|Wダイヤモンドキーパー|キーパーコーティング,"[""会社名: KeePer, KeePer技研, KeePer Giken, キーパー技研, キーパー,\nブランド名: キーパーコーティング, ダイヤモンドキーパー, クリスタルキーパー, ピュアキーパー, Wダイヤモンドキーパー"", ""会社名: KeePer, キーパー技研, キーパー,\nブランド名: KeePer LABO, ダイヤモンドキーパー, クリスタルキーパー, ピュアキーパー, Wダイヤモンドキーパー"", ""会社名: ＫｅｅＰｅｒ, キーパー技研, キーパー,\nブランド名: キーパーコーティング, ダイヤモンドキーパー, クリスタルキーパー, ピュアキーパー, Wダイヤモンドキーパー""]"
60470,６０４７０,Ｇｕｎｏｓｙ,情報通信・サービスその他,グノシー|Gunosy|GSY,グノシー|LUCRA|NewsPass|オトクル|Gunosy Ads,"[""会社名: グノシー, Gunosy,\nブランド名: グノシー, NewsPass, LUCRA, オトクル, Gunosy Ads"", ""会社名: グノシー, Gunosy, GSY,\nブランド名: グノシー, ニュースパス, LUCRA, オトクル, Gunosy Ads"", ""会社名: グノシー, Gunosy,\nブランド名: グノシー, Gunosy, NewsPass, LUCRA, グノシーQ""]"
60500,６０５００,イー・ガーディアン,情報通信・サービスその他,イーガーディアン|EG|イーガ|e-Guardian|ガーディアン,EGセキュア|EGアナリティクス|EGサポート|EGモニタリング|EGソリューションズ,"[""会社名: イーガーディアン, EG, e-Guardian,\nブランド名: EGセキュア, EGアナリティクス, EGサポート, EGモニタリング, EGソリューションズ"", ""会社名: イーガ, EG, イーガーディアン,\nブランド名: EGセキュア, EGサポート, EGアナリティクス, EGソリューション, EGモニタリング"", ""会社名: イーガーディアン, EG, イーガ, ガーディアン, EG社  \nブランド名: 特に一般的に知られているブランド名や製品名はありません。""]"
60550,６０５５０,ジャパンマテリアル,情報通信・サービスその他,JM|Japan Material|Jマテ|Jマテリアル,,"[""会社名: ジャパンマテリアル, JM, Japan Material,\nブランド名: 申し訳ありませんが、ジャパンマテリアルの具体的なブランド名や製品名についての情報は提供できません。"", ""申し訳ありませんが、「ジャパンマテリアル」（証券コード: 60550）に関する具体的な略称やブランド名についての情報は持ち合わせていません。一般的には、企業の略称やブランド名は公式ウェブサイトやプレスリリース、または業界のニュースなどで確認することができます。"", ""会社名: ジャパンマテリアル, JM, Jマテ, Jマテリアル, ジャパマテ  \nブランド名: 申し訳ありませんが、具体的なブランド名や製品名の情報は提供できません。""]"
60580,６０５８０,ベクトル,情報通信・サービスその他,Vector|ベクター,PR TIMES|NewsTV|SmartNews|Brandear,"[""申し訳ありませんが、具体的な企業の略称やブランド名についての詳細な情報は提供できません。ただし、一般的に企業の略称やブランド名は公式ウェブサイトやプレスリリース、または金融ニュースサイトで確認することができます。"", ""会社名: ベクトル, Vector, ベクター,\nブランド名: PR TIMES, NewsTV, SmartNews, Green Funding, Brandear"", ""会社名: ベクトル,  \nブランド名: PR TIMES, SmartNews, NewsTV, Brandear, Vector Group""]"
60620,６０６２０,チャーム・ケア・コーポレーション,情報通信・サービスその他,チャーム・ケア|チャームケア|チャーム|Charm Care Corporation|チャーム・ケア・,チャーム・スイート|チャーム・プレミア|チャーム・ヴィラ|チャーム・レジデンス|チャーム・ケア・ホーム,"[""会社名: チャーム・ケア, チャームケア, チャーム・ケア・コーポレーション, Charm Care Corporation, チャーム\nブランド名: チャーム・スイート, チャーム・プレミア, チャーム・ヴィラ, チャーム・レジデンス, チャーム・ケア・ホーム"", ""申し訳ありませんが、「チャーム・ケア・コーポレーション」についての具体的な略称やブランド名の情報は私のデータベースには含まれていないようです。一般的には、企業の略称やブランド名は公式ウェブサイトやプレスリリース、またはSNSでの使用例を参考にすることができます。"", ""会社名: チャームケア, チャーム, チャーム・ケア,\nブランド名: ...""]"
60700,６０７００,キャリアリンク,情報通信・サービスその他,キャリリンク|CL|Careerlink|キャリアリンク社,なし,"[""会社名: キャリアリンク, Careerlink,\nブランド名: なし"", ""会社名: キャリリンク, CL, キャリアリンク社, キャリアリンク株式会社, キャリアリンクジャパン  \nブランド名: なし"", ""会社名: キャリアリンク, CL, キャリリンク, キャリアL, 6070,\nブランド名: なし""]"
60710,６０７１０,ＩＢＪ,情報通信・サービスその他,IBJ|アイビー|アイビージェイ|IBJ Inc.|アイビー・ジェイ,ブライダルネット|パートナーエージェント|IBJメンバーズ|Rush|婚活ラウンジIBJメンバーズ,"[""会社名: IBJ, アイビージェイ, IBJ Inc.,\nブランド名: ブライダルネット, パートナーエージェント, Rush, 婚活ラウンジIBJメンバーズ, IBJメンバーズ"", ""会社名: IBJ, アイビー, アイビー・ジェイ, IBJ Inc, アイビー・ジェイ株式会社  \nブランド名: ブライダルネット, パートナーエージェント, IBJメンバーズ, Rush, 婚活ラウンジ"", ""会社名: IBJ, アイビー, アイビーエス, アイビーグループ, IBJグループ,\nブランド名: ブライダルネット, パートナーエージェント, IBJメンバーズ, 婚活ラウンジIBJ, IBJ婚活サポート""]"
60730,６０７３０,アサンテ,情報通信・サービスその他,Asante,ハウスメイト|アサンテガード|アサンテクリーン|シロアリガード|アサンテホームケア,"[""会社名: アサンテ, Asante,\nブランド名: ハウスメイト, シロアリガード, アサンテガード, アサンテクリーン, アサンテホームケア"", ""会社名: アサンテ, Asante,\nブランド名: ハウスメイト, シロアリバスター, アサンテクリーン, アサンテガード, アサンテプロテクト"", ""会社名: アサンテ, \nブランド名: ありません。""]"
60780,６０７８０,バリューＨＲ,情報通信・サービスその他,バリューHR|Value HR|ValueHR|バリューエイチアール|VHR,健康経営支援サービス|健康診断予約システム|健康管理システム|健康ポイントプログラム|健康管理クラウドサービス,"[""会社名: バリューHR, Value HR,\nブランド名: 健康経営支援サービス, 健康診断予約システム, 健康ポイントプログラム, 健康管理クラウドサービス, 健康相談サービス"", ""会社名: バリューHR, ValueHR, バリューエイチアール, VHR, バリュー\nブランド名: 健康経営支援サービス, 健康診断予約システム, メンタルヘルスケアサービス, 福利厚生サービス, 健康管理システム"", ""会社名: バリューHR, バリューHR株式会社, バリューHR社, バリューHRグループ, バリューHRジャパン,\nブランド名: 健康経営支援サービス, 健康ポータル, 健康管理システム, 健康サポートプログラム, 健康診断サービス,""]"
60800,６０８００,Ｍ＆Ａキャピタルパートナーズ,情報通信・サービスその他,M&Aキャピタル|M&A Capital Partners|MACP|M&Aキャピ|M&A CP,該当なし|なし,"[""会社名: M&Aキャピタル, M&A Capital Partners, MACP, エムアンドエーキャピタル, M&Aキャピタルパートナーズ  \nブランド名: 該当なし"", ""会社名: M&Aキャピ, M&Aキャピタル, M&A CP, M&A Capital Partners, MACP  \nブランド名: 該当なし"", ""会社名: M&Aキャピ, M&Aキャピタル, M&A CP, M&Aパートナーズ, 60800,\nブランド名: なし""]"
60820,６０８２０,ライドオンエクスプレスホールディングス,情報通信・サービスその他,ライドオン|ROEHD,銀のさら|釜寅|ファインダイン|宅配寿司銀のさら|宅配釜飯釜寅,"[""会社名: ライドオン, ROEHD, ライドオンエクスプレス,\nブランド名: 銀のさら, 釜寅, ファインダイン, 宅配寿司銀のさら, 宅配釜飯釜寅"", ""会社名: ライドオン, ライドオンエクスプレス,\nブランド名: 銀のさら, 釜寅, ファミリー寿司, すし上等！, すし三崎丸"", ""会社名: ライドオン, ROEHD, ライドオンエクスプレス,\nブランド名: 銀のさら, 釜寅, すし上等, ファインダイン, 宅配寿司""]"
60880,６０８８０,シグマクシス・ホールディングス,情報通信・サービスその他,シグマクシス|シグマ|SigmaX|SigmaX Holdings|シグマクシス・,...|情報が不足しています。,"[""会社名: シグマクシス, シグマクシスHD, SigmaX, SigmaX Holdings, シグマ\nブランド名: ..."", ""申し訳ありませんが、「シグマクシス・ホールディングス」（証券コード: 60880）に関する具体的な略称やブランド名のリストを提供することはできません。一般的に、企業の略称やブランド名は公式な情報源や企業のウェブサイトで確認することができます。"", ""会社名: シグマクシス, SMX, シグマ, シグマHD, シグマクシスHD,\nブランド名: 情報が不足しています。""]"
60890,６０８９０,ウィルグループ,情報通信・サービスその他,WILL GROUP|WG|ウィルG|ウィル,なし|未記載,"[""会社名: ウィルグループ, WILL GROUP,\nブランド名: なし"", ""会社名: ウィルグループ, WILL GROUP, WG, ウィル, ウィルG  \nブランド名: 未記載"", ""会社名: ウィルグループ, ウィルG, WG, \nブランド名: 申し訳ありませんが、ウィルグループに関連する具体的なブランド名や製品名の情報は持っていません。""]"
60950,６０９５０,メドピア,情報通信・サービスその他,メド|MedPeer|メドピア株式会社|メドピ,MedPeer|MedPeer Career|MedPeer Lab|メディカルQ&A|メドピアサーベイ,"[""会社名: メドピア, MedPeer, メドピア株式会社,\nブランド名: MedPeer, メディカルQ&A, メドピアサーベイ, MedPeer Career, MedPeer Lab"", ""会社名: メドピ, メド, メドピア,\nブランド名: MedPeer, MedPeer Lab, MedPeer Career, MedPeer Partners, MedPeer Community"", ""会社名: メドピア, メド,  \nブランド名: MedPeer,  \n\n(Note: The company \""メドピア\"" may not have a wide range of well-known brand or product names beyond its primary offerings. The above are common representations based on available information.)""]"
60980,６０９８０,リクルートホールディングス,情報通信・サービスその他,リクルート|Recruit Holdings|RH,リクナビ|ホットペッパー|ゼクシィ|タウンワーク|Indeed,"[""会社名: リクルート, Recruit Holdings, リクルートHD, リクルートホールディングス, RH\nブランド名: リクナビ, ホットペッパー, ゼクシィ, タウンワーク, Indeed"", ""会社名: リクルート, リクホ, Recruit,\nブランド名: リクナビ, ホットペッパー, SUUMO, ゼクシィ, indeed"", ""会社名: リクルート, リクルートHD, リクルートホールディングス,\nブランド名: リクナビ, ゼクシィ, ホットペッパー, スーモ, タウンワーク""]"
60990,６０９９０,エラン,情報通信・サービスその他,Elan|ELAN|60990,ケアプラン|ケアマネジメント|介護サービス|介護用品|介護保険サービス,"[""会社名: エラン, Elan,\nブランド名: ケアプラン, ケアマネジメント, 介護サービス, 介護用品, 介護保険サービス"", ""申し訳ありませんが、指定された証券コード「60990」に関連する具体的な情報は私のデータベースにはありません。証券コードや企業名が正確であるか確認し、再度お試しください。また、特定の企業やブランドに関する情報は、最新の情報源や公式発表を参照することをお勧めします。"", ""会社名: エラン, ELAN, 60990,\nブランド名: ...""]"
61010,６１０１０,ツガミ,機械,TSUGAMI|ツガミ株式会社,M08SY|B0205|HS327|VA3|SS207,"[""会社名: ツガミ, TSUGAMI, ツガミ株式会社, ツガミグループ, ツガミコーポレーション  \nブランド名: M08SY, B0205, VA3, SS207, HS327"", ""会社名: ツガミ, TSUGAMI, ツガミ株式会社, TSUGAMI Corporation, ツガミジャパン  \nブランド名: M08SY, B0205, VA2, SS327, HS327"", ""会社名: ツガミ, TSUGAMI,\nブランド名: Precision Tsugami, BOシリーズ, Mシリーズ, SSシリーズ, VAシリーズ""]"
61030,６１０３０,オークマ,機械,オークマ株式会社|Okuma Corporation|Okuma Ltd.|Okuma,LBシリーズ|GENOS|MULTUS|MAシリーズ|OSP,"[""会社名: オークマ, Okuma Corporation, Okuma Ltd.,\nブランド名: OSP, LBシリーズ, GENOS, MULTUS, MAシリーズ"", ""会社名: オークマ, Okuma, オークママシンツール, オークマ株式会社, オークマコーポレーション  \nブランド名: LBシリーズ, GENOSシリーズ, MUシリーズ, MAシリーズ, MBシリーズ"", ""会社名: オークマ, OKUMA, オークマ株式会社,   \nブランド名: LBシリーズ, GENOS, MULTUS, MACTURN, VTM""]"
61040,６１０４０,芝浦機械,機械,芝浦|Shibaura Machine|SMT|61040,Machine Tools|Robotics|Injection Molding Machines|Die Casting Machines|Extrusion Machines,"[""会社名: 芝浦, Shibaura Machine, 芝浦機械,\nブランド名: Injection Molding Machines, Die Casting Machines, Extrusion Machines, Machine Tools, Robotics"", ""会社名: 芝浦, 芝浦機械, Shibaura Machine, SMT, 61040  \nブランド名: Injection Molding Machines, Die Casting Machines, Machine Tools, Extruders, Robotics"", ""会社名: 芝浦, 芝機, TOSHIBA MACHINE, TMC, 芝浦機,\nブランド名: Injection Molding Machine, Die Casting Machine, Extrusion Machine, Machine Tools, Robotics""]"
61130,６１１３０,アマダ,機械,アマダホールディングス|AMADA,ENSIS|REGIUS|VENTIS|FOL3015AJ|HGシリーズ,"[""会社名: アマダホールディングス, アマダグループ, AMADA,\nブランド名: ENSIS, REGIUS, VENTIS, FOL3015AJ, HGシリーズ"", ""会社名: アマダ, AMADA, アマダホールディングス, アマダグループ, アマダHD  \nブランド名: ENSIS, VENTIS, HG, REGIUS, EMシリーズ"", ""会社名: アマダ, AMADA, アマダホールディングス, AMADA HOLDINGS, 61130,\nブランド名: AMADA, ENSIS, VENTIS, REGIUS, FOLAJET,""]"
61180,６１１８０,アイダエンジニアリング,機械,アイダ|AIDA|アイダエンジ|Aida Engineering,NC1シリーズ|ULシリーズ|DSFシリーズ|PMXシリーズ|MSPシリーズ,"[""会社名: アイダ, AIDA, Aida Engineering, AIDA ENGINEERING, アイダエンジニアリング  \nブランド名: NC1シリーズ, ULシリーズ, DSFシリーズ, PMXシリーズ, MSPシリーズ"", ""会社名: アイダ, AIDA, アイダエンジ, AIDA Engineering, アイダエンジニアリング  \nブランド名: NC1シリーズ, ULシリーズ, DSFシリーズ, PMXシリーズ, ServoPro"", ""会社名: アイダ, アイダエンジ, AIDA, AIDA Eng, 6118,\nブランド名: アイダプレス, AIDA Servo, AIDA Link, AIDA DSF, アイダフォーミング,""]"
61340,６１３４０,ＦＵＪＩ,機械,富士機械|富士|FUJI|富士機械製造|FUJI CORPORATION,AIMEX|NXT|XPF|SmartFAB,"[""申し訳ありませんが、「ＦＵＪＩ」（証券コード: 61340）に関する具体的な略称やブランド名のリストを提供することはできません。ただし、一般的に企業の略称やブランド名を調べる方法として、企業の公式ウェブサイトや金融ニュース、業界のレポートなどを参照することが有効です。"", ""会社名: 富士機械, 富士, FUJI,\nブランド名: AIMEX, NXT, XPF, SmartFAB, sFAB"", ""会社名: FUJI, 富士機械, 富士機械製造, 富士, FUJI CORPORATION,\nブランド名: AIMEX, NXT, FUJI Smart Factory, FUJI Scalable Placement Platform, FUJI Robotic Solutions""]"
61350,６１３５０,牧野フライス製作所,機械,牧野フライス|Makino|Makino Milling|牧野,a51nx|F5|PS105|V33i|EDAF2,"[""会社名: 牧野フライス, Makino,\nブランド名: a51nx, PS105, V33i, F5, EDAF2"", ""会社名: 牧野フライス, Makino, Makino Milling,\nブランド名: a51nx, a61nx, a71nx, D200Z, F5"", ""会社名: 牧野フライス, 牧野, Makino,   \nブランド名: a51nx, Fシリーズ, Vシリーズ, EDBV, Uシリーズ""]"
61360,６１３６０,オーエスジー,機械,OSG|オーエスジー株式会社|OSG Corporation,Aタップ|PHOENIX|HY-PRO|スパイラルタップ|ハイスエンドミル,"[""会社名: OSG, オーエスジー,\nブランド名: Aタップ, スパイラルタップ, ハイスエンドミル, スパイラルフルートタップ, ストレートフルートタップ"", ""会社名: OSG, オーエスジー, オーエスジー株式会社, OSG Corporation, オーエスジーコーポレーション  \nブランド名: Aタップ, PHOENIX, HY-PRO, EX-GOLD, EX-SUS"", ""会社名: OSG, オーエスジー,  \nブランド名: Aタップ, EXゴールドドリル, PHOENIX, HY-PRO, OSGタップ""]"
61400,６１４００,旭ダイヤモンド工業,機械,旭ダイヤ|Asahi Diamond|旭ダイヤモンド|ADK|6140,ASAHI Diamond Tools|DIAREX|ASAHI Diamond Wheels|ASAHI Diamond Blades|ASAHI Diamond Drills,"[""会社名: 旭ダイヤ, Asahi Diamond,\nブランド名: DIAREX, ASAHI Diamond Tools, ASAHI Diamond Wheels, ASAHI Diamond Blades, ASAHI Diamond Drills"", ""会社名: 旭ダイヤ, 旭ダイヤモンド, Asahi Diamond, ADK, 6140,\nブランド名: DIAEDGE, ASAHI Diamond Tools, A-Lap, ASAHI Grinding Wheel, ASAHI Cutting Tools"", ""会社名: 旭ダイヤ, 旭ダイヤモンド, ADK, 旭ダ,\nブランド名: ダイヤモンドツール, 旭ダイヤモンドツール, 旭ダイヤ製品, 旭ダイヤブランド, 旭ダイヤモンド工業製品""]"
61410,６１４１０,ＤＭＧ森精機,機械,DMG|DMG森|森精機|DMG MORI|DMG Mori Seiki,NHXシリーズ|NLXシリーズ|DMUシリーズ|CMXシリーズ|NTシリーズ,"[""会社名: DMG, DMG森, 森精機, DMG MORI, DMG Mori Seiki  \nブランド名: NHXシリーズ, NLXシリーズ, DMUシリーズ, CMXシリーズ, NTシリーズ"", ""会社名: DMG森, 森精機, DMG, DMG MORI, DMG森精機  \nブランド名: NLXシリーズ, NHXシリーズ, NTシリーズ, CMXシリーズ, DMUシリーズ"", ""会社名: DMG森, 森精機, DMG, DMG Mori, 森,\nブランド名: CELOS, NHX, NTX, NLX, DMU""]"
61430,６１４３０,ソディック,機械,Sodick|ソディック株式会社|Sodick Co.|Ltd.,V-LINE|AGシリーズ|OPMシリーズ|SLシリーズ|UHシリーズ,"[""会社名: Sodick, ソディック,\nブランド名: V-LINE, AGシリーズ, AQシリーズ, SLシリーズ, OPMシリーズ"", ""会社名: ソディック, Sodick, ソディック株式会社, Sodick Co., Ltd., Sodick Japan  \nブランド名: V-LINE, AGシリーズ, UHシリーズ, OPMシリーズ, SLシリーズ"", ""会社名: ソディック, Sodick,  \nブランド名: V-LINE, AGシリーズ, UHシリーズ, OPMシリーズ, LPシリーズ""]"
61460,６１４６０,ディスコ,機械,Disco Corporation|Disco Corp|DISCO|6146,DAD3220|DFD6361|DFG8540|DAD3350|DFD6340,"[""会社名: ディスコ, Disco Corporation, Disco Corp,\nブランド名: DAD3220, DFD6361, DFG8540, DAD3350, DFD6340"", ""申し訳ありませんが、指定された証券コード「61460」に関連する情報を特定することができません。日本の証券コードは通常4桁であり、5桁のコードは一般的ではありません。正しい情報を提供していただければ、再度お手伝いできるかもしれません。"", ""会社名: ディスコ, DISCO, 6146,   \nブランド名: DAD, DAG, DFG, DGP, DCS""]"
61510,６１５１０,日東工器,機械,Nitto Kohki|Nitto|日東|NK,クイックカプラ|エアツール|ディスクグラインダ|ジェットブロワ|パワーツール,"[""会社名: 日東工器, Nitto Kohki, Nitto Kohki Co., Ltd., Nitto,\nブランド名: クイックカプラ, ディスクグラインダ, パワープレート, エアツール, 真空ポンプ"", ""会社名: 日東工器, Nitto Kohki, 日東, NK, Nitto  \nブランド名: クイックカプラ, ディスクグラインダ, ジェットブロワ, パワーツール, エアツール"", ""会社名: 日東工器, NITTO KOHKI, NITTO, 日東, NK  \nブランド名: クイックカプラ, デルタ, ジェットブロワ, パワーツール, エアツール""]"
61570,６１５７０,日進工具,機械,Nissin Tool|Nisshin Tool|Nissin|NS Tool,ATHLETE|ATHLETE CUTTER|ATHLETE DRILL|ATHLETE REAMER|Hard Max,"[""会社名: 日進工具, NS Tool, Nissin Tool, Nisshin Kogu, Nisshin Tool,\nブランド名: Hard Max, Micro Grain, Super Hard, NS Carbide, NS Drill,"", ""会社名: 日進, 日進工具, Nissin, Nissin Tool, Nisshin Kogyo  \nブランド名: ATHLETE, ATHLETE CUTTER, ATHLETE DRILL, ATHLETE REAMER, ATHLETE END MILL"", ""会社名: 日進工具, Nissin Tool, Nisshin Tool, Nissin, 61570,\nブランド名: ATHLETE, ATHLETE CUTTER, ATHLETE DRILL, ATHLETE REAMER, ATHLETE TAP""]"
61670,６１６７０,冨士ダイス,機械,富士ダイス|61670|FUJI DIE|FUJIDICE,ダイス|ダイヤモンド工具|超硬合金工具|ワイヤーダイス|超硬ダイス,"[""会社名: 冨士ダイス, FUJI DIE, 富士ダイス,\nブランド名: ダイス, 超硬合金工具, ワイヤーダイス, 超硬ダイス, ダイヤモンド工具"", ""会社名: 冨士ダイス, FUJIDICE, 富士ダイス, 61670, Fuji Die\nブランド名: Super Die, Hyper Die, Micro Die, Ultra Die, Precision Die"", ""会社名: 冨士ダイス, 冨士, FUJI DICE, 61670, FD  \nブランド名: ダイス, 超硬工具, 精密工具, ダイヤモンド工具, 工業用工具""]"
61780,６１７８０,日本郵政,情報通信・サービスその他,JP|郵政|Japan Post|郵便局,ゆうちょ銀行|かんぽ生命|ゆうパック|ゆうメール|郵便局,"[""会社名: 日本郵政, JP, Japan Post, 郵政,\nブランド名: ゆうちょ銀行, かんぽ生命, 郵便局, ゆうパック, ゆうメール"", ""会社名: 日本郵政, JP, 郵政, Japan Post, 郵便局,\nブランド名: ゆうパック, かんぽ生命, ゆうちょ銀行, ゆうメール, 郵便書簡,"", ""会社名: 日本郵政, 郵政, JP, JPホールディングス, 郵政グループ  \nブランド名: ゆうちょ銀行, かんぽ生命, 郵便局, ゆうパック, ゆうメール""]"
61830,６１８３０,ベルシステム２４ホールディングス,情報通信・サービスその他,ベル24|ベルシステム24|ベルシステム|ベルシス|BellSystem24,BELL-CALL|BELL-VOICE|BELL-CRM|BELL-SUPPORT|BELL24,"[""会社名: ベルシステム24, ベルシステム, BellSystem24, BS24, ベル24\nブランド名: BELL-CALL, BELL-VOICE, BELL-CRM, BELL-ANALYTICS, BELL-SUPPORT"", ""会社名: ベルシステム, ベル24, ベルシス, ベルHD, ベルホールディングス  \nブランド名: BELL24, BELL-CALL, BELL-VOICE, BELL-CRM, BELL-SUPPORT"", ""会社名: ベルシステム24, ベル24, ベルシス,\nブランド名: BELL24, CTC, CTCファーストコンタクト, CTCスマートコンタクト, CTCデジタルソリューションズ""]"
61840,６１８４０,鎌倉新書,情報通信・サービスその他,Kamakura Shinsho|鎌倉|6184,小さなお葬式|小さなお墓|小さな仏壇|小さな法要|小さな終活,"[""会社名: 鎌倉新書, Kamakura Shinsho,\nブランド名: 小さなお葬式, 小さなお墓, 小さな仏壇, 小さな法要, 小さな終活"", ""会社名: 鎌倉新書, 鎌倉, Kamakura Shinsho, 6184,\nブランド名: 小さなお葬式, お坊さん便, 鎌倉新書の終活サービス, 鎌倉新書の仏壇・仏具, 鎌倉新書の墓地・霊園"", ""会社名: 鎌倉新書, 鎌倉, 6184,  \nブランド名: お葬式, お墓, 終活ねっと,  \n\n(Note: The above are examples based on common naming conventions and may not reflect the most current or specific branding used by the company. Always refer to the latest company materials for accurate information.)""]"
61910,６１９１０,エアトリ,情報通信・サービスその他,エアトリホールディングス|エアトリジャパン|AirTrip,エアトリ|エアトリツアー|エアトリレンタカー|エアトリプラス,"[""会社名: エアトリ, AirTrip, エアトリインターナショナル, エアトリホールディングス, エアトリジャパン  \nブランド名: エアトリ, エアトリプラス, エアトリホテル, エアトリツアー, エアトリレンタカー"", ""会社名: エアトリ, エアトリインターナショナル, エアトリジャパン, エアトリホールディングス, エアトリグループ  \nブランド名: エアトリ, エアトリツアー, エアトリホテル, エアトリレンタカー, エアトリポイント"", ""会社名: エアトリ, エアトリHD, ATRI, エアトリホールディングス, 61910,\nブランド名: エアトリ, エアトリバケーション, エアトリホテル, エアトリツアー, エアトリフライト""]"
61940,６１９４０,アトラエ,情報通信・サービスその他,Atrae,Green|Yenta|Wevox|Inow|TalentBase,"[""会社名: アトラエ, Atrae,\nブランド名: Green, wevox, Yenta, inow, Poole"", ""会社名: アトラエ, Atrae,\nブランド名: Green, Wevox, Yenta, Inow, TalentBase"", ""会社名: アトラエ, Atrae,\nブランド名: Green, Wevox, Yenta, Inow, TalentBase""]"
61960,６１９６０,ストライク,情報通信・サービスその他,Strike|STRIKE|61960,なし,"[""会社名: ストライク, Strike,\nブランド名: なし"", ""申し訳ありませんが、証券コード「61960」に関連する具体的な情報は私のデータベースには含まれていないようです。そのため、該当する会社の略称やブランド名を提供することができません。証券コードや企業名を再確認していただくか、他の情報源を参照していただければと思います。"", ""会社名: ストライク, STRIKE, 61960,\nブランド名: なし""]"
61970,６１９７０,ソラスト,情報通信・サービスその他,Solasto|ソラスト株式会社,介護サービス|医療事務サービス|保育サービス|教育研修サービス|在宅医療サービス,"[""会社名: ソラスト, Solasto,\nブランド名: 介護サービス, 医療事務サービス, 保育サービス, 教育研修サービス, 在宅医療サービス"", ""申し訳ありませんが、「ソラスト」（証券コード: 61970）に関する具体的な略称やブランド名のリストは提供できません。一般的に、企業の略称やブランド名は公式な情報源や企業のウェブサイトで確認することができます。"", ""会社名: ソラスト, ソラスト株式会社, ソラストHD, ソラストホールディングス, 61970,\nブランド名: ソラストケア, ソラストメディカル, ソラストスクール, ソラストサービス, ソラストヘルスケア,""]"
61990,６１９９０,セラク,情報通信・サービスその他,Seraku|61990,Smart Agriculture|i-Reporter|GreenSnap|Cloudstep|Smart Share,"[""会社名: セラク, Seraku,\nブランド名: Smart Agriculture, i-Reporter, GreenSnap, Cloudstep, Smart Share"", ""会社名: セラク, Seraku, 61990,\nブランド名: みん農, SmartBee, CareBee, CloudBee, IoTBee"", ""会社名: セラク, Seraku,\nブランド名: 申し訳ありませんが、セラクに関連する具体的なブランド名や製品名の情報は持っていません。""]"
62000,６２０００,インソース,情報通信・サービスその他,Insource|INS|インソ|INSource,Leaf|Leaf on Cloud|Leaf Business Portal|Leaf HRMS|Leaf Learning Cloud,"[""会社名: インソース, Insource,\nブランド名: Leaf, Leaf on Cloud, Leaf Business Portal, Leaf HRMS, Leaf Learning Cloud"", ""申し訳ありませんが、特定の企業の証券コードや詳細な情報については私のデータベースには含まれていないため、具体的な略称やブランド名を提供することはできません。ただし、一般的な情報として、企業の略称やニックネームは通常、社名の一部や頭文字を使って作られることが多いです。また、ブランド名や製品名は企業の公式ウェブサイトやプレスリリースで確認することができます。"", ""会社名: インソース, INS, インソ, INSource, インス  \nブランド名: Leaf, Leafee, Leafワークフロー, Leafカスタマーサポート, Leafプロジェクト管理""]"
62010,６２０１０,豊田自動織機,自動車・輸送機,トヨタ自動織機|TICO|Toyota Industries|織機,Raymond|GENEO|BT|AICHI|トヨタフォークリフト,"[""会社名: 豊田自動織機, トヨタ自動織機, Toyota Industries, TICO, トヨタ産業機器\nブランド名: トヨタフォークリフト, レクサスエンジン, トヨタ産業車両, Aichi, Raymond"", ""会社名: トヨタ自動織機, 織機, TICO, Toyota Industries,\nブランド名: GENEO, BT, Raymond, AICHI, Toyota Material Handling"", ""会社名: 豊田織機, 織機, トヨタ自動織機, TICO, トヨタ産業車両,\nブランド名: GENEO, RAYMOND, BT, CESAB, AICHI""]"
62090,６２０９０,リケンＮＰＲ,機械,リケン|NPR|日本ピストンリング|Nippon Piston Ring|NPR Co.,NPRリング|NPRピストンリング|NPRシール|NPRガスケット|NPRエンジンパーツ,"[""会社名: リケン, NPR, 日本ピストンリング, Nippon Piston Ring, NPR Co., Ltd.,\nブランド名: NPRリング, NPRピストンリング, NPRシール, NPRガスケット, NPRエンジンパーツ"", ""申し訳ありませんが、「リケンNPR」（証券コード: 62090）に関する具体的な略称やブランド名の情報は持ち合わせていません。一般的には、企業の略称やブランド名は公式ウェブサイトやプレスリリース、または業界内での通称として知られていることが多いです。具体的な情報を知りたい場合は、公式な情報源を確認することをお勧めします。"", ""会社名: リケン, NPR, リケンNPR, 日本ピストンリング, 日本ピストンリング株式会社  \nブランド名: 特定のブランド名や製品名は確認できません。""]"
62220,６２２２０,島精機製作所,機械,島精機|SHIMA SEIKI|シマセイキ|Shima Seiki Mfg.,WHOLEGARMENT|MACH2|SDS-ONE APEX|SIP|P-CAM,"[""会社名: 島精機, SHIMA SEIKI, シマセイキ, Shima Seiki Mfg., 島精機製作所\nブランド名: WHOLEGARMENT, MACH2, SDS-ONE APEX, SIP, P-CAM"", ""会社名: 島精機, SHIMA SEIKI, シマセイキ, 島精機製, シマ精機  \nブランド名: WHOLEGARMENT, MACH2, SDS-ONE APEX, SIP, P-CAM"", ""会社名: 島精機, SHIMA SEIKI, シマセイキ,  \nブランド名: WHOLEGARMENT, SDS-ONE APEX, MACH2, SWG, SIP-160""]"
62350,６２３５０,オプトラン,機械,OPTORUN|Optorun|オプトロン|オプトラン株式会社,iDepo|iCoat|iOptics|iLens|iFilm,"[""会社名: オプトラン, Optorun,\nブランド名: iDepo, iCoat, iOptics, iLens, iFilm"", ""会社名: オプトラン, オプトロン, OPTORUN, オプトラン株式会社, オプトランジャパン  \nブランド名: 未提供"", ""会社名: オプトラン, OPTORUN, 62350,\nブランド名: 情報が不足しています。""]"
62370,６２３７０,イワキ,機械,IWAKI,MAGNET PUMP|MDシリーズ|RDシリーズ|MXシリーズ|EHNシリーズ,"[""会社名: イワキ, IWAKI  \nブランド名: MAGNET PUMP, MDシリーズ, RDシリーズ, MXシリーズ, EHNシリーズ"", ""申し訳ありませんが、「イワキ」（証券コード: 62370）に関する具体的な略称やブランド名の情報は私のデータベースにはありません。一般的に、企業の略称やブランド名はその業界や市場での認知度に依存するため、特定の情報が必要な場合は公式な情報源や業界の専門家に確認することをお勧めします。"", ""申し訳ありませんが、指定された証券コード「62370」に該当する日本の企業「イワキ」に関する具体的な略称やニックネーム、ブランド名、製品名の情報は持ち合わせていません。一般的な情報として、企業名やブランド名、製品名は企業の公式ウェブサイトや金融情報サービスで確認することができます。""]"
62380,６２３８０,フリュー,機械,FURYU|フリュー株式会社|FURYU Corporation,プリクラ|PICTLINK|GEE!STORE|CAPCOM CAFE|AMOCAFE,"[""会社名: フリュー, FURYU,\nブランド名: プリクラ, PICTLINK, GEE!STORE, CAPCOM CAFE, AMOCAFE"", ""会社名: フリュー, FURYU, フリュー株式会社, FURYU Corporation, フリューコーポレーション  \nブランド名: プリクラ, PICTLINK, GEE!STORE, CAPCOM CAFE, AMOCA"", ""会社名: フリュー, FURYU,\nブランド名: プリクラ, PICTLINK, GEE!STORE, GEE!SHOP, GEE!CRYSTAL""]"
62400,６２４００,ヤマシンフィルタ,機械,ヤマシン|YAMASHIN|YMフィルタ|YM,ナノフィルター|ヤマシンエアフィルター|ヤマシンオイルフィルター|クリーンフィルター|エコフィルター,"[""会社名: ヤマシン, ヤマシンフィルタ,\nブランド名: ナノフィルター, クリーンフィルター, エコフィルター, ハイパーフィルター, スーパーフィルター"", ""会社名: ヤマシン, ヤマシンフィルタ,\nブランド名: ナノフィルター, ヤマシンナノフィルター, ヤマシンエアフィルター, ヤマシンオイルフィルター, ヤマシン液体フィルター"", ""会社名: ヤマシン, ヤマシンフィルタ, YAMASHIN, YMフィルタ, YM  \nブランド名: ナノフィルター, ヤマシンナノ, ヤマシンエアフィルター, ヤマシンオイルフィルター, ヤマシン水フィルター""]"
62470,６２４７０,日阪製作所,機械,日阪|HISAKA|日阪製|HISAKA Works,HISAKAバルブ|プレート式熱交換器|バルブ|自動化機器|食品機械,"[""会社名: 日阪, HISAKA,\nブランド名: プレート式熱交換器, バルブ, 自動化機器, 食品機械, 医薬品機械"", ""会社名: 日阪, HISAKA, 日阪製, HISAKA Works, 日阪製作所,\nブランド名: HISAKAプレート式熱交換器, HISAKAバルブ, HISAKA自動化システム, HISAKA食品機械, HISAKA化学機械,"", ""会社名: 日阪, HISAKA, 日阪製,\nブランド名: HISAKAプレート, HISAKAバルブ, HISAKAヒートエクスチェンジャー, HISAKAフィルター, HISAKAシステム""]"
62500,６２５００,やまびこ,機械,YAMABIKO|ヤマビコ,2. 代表的なブランド名・製品名|KIORITZ|Shindaiwa|ECHO,"[""申し訳ありませんが、「やまびこ」（証券コード: 62500）に関する具体的な略称やブランド名のリストを提供することはできません。ただし、一般的に企業の略称やブランド名は、企業の公式ウェブサイトや金融ニュース、プレスリリースなどで確認することができます。"", ""申し訳ありませんが、「やまびこ」（証券コード: 62500）に関する具体的な略称やブランド名の情報は持ち合わせていません。ただし、一般的に企業の略称やブランド名は以下のように考えられることがあります。\n\n1. 会社の略称・ニックネーム・通称・英語名\n   - やまびこ\n   - YAMABIKO\n   - YBK\n\n2. 代表的なブランド名・製品名\n   - Shindaiwa\n   - Kioritz\n   - ECHO\n\nこれらは一般的な例であり、実際の使用状況については最新の情報をご確認ください。"", ""会社名: やまびこ, YAMABIKO, ヤマビコ,  \nブランド名: KIORITZ, Shindaiwa, ECHO,""]"
62540,６２５４０,野村マイクロ・サイエンス,機械,野村マイクロ|Nomura Micro Science|NMS|Nomura Micro|野村MS,Pure Water System|AQUA-CLEARTM|CLEANSUI|NOMURA|Ultra Pure Water System,"[""会社名: 野村マイクロ, Nomura Micro Science, NMS,\nブランド名: AQUA-CLEARTM, CLEANSUI, NOMURA, Pure Water System, Ultra Pure Water System"", ""会社名: 野村マイクロ, Nomura Micro, NMS, Nomura Micro Science, 野村MS  \nブランド名: AQUA-CLE, AQUA-CLE Plus, AQUA-CLE Pro, AQUA-CLE Ultra, AQUA-CLE Pure"", ""会社名: 野村マイクロ, NMS, Nomura Micro, 野村MS, Nomura Micro Science,\nブランド名: Pure Water System, NMS Pure, Aqua Solution, Nomura Water, Micro Science System""]"
62580,６２５８０,平田機工,機械,平田|Hirata|Hirata Corporation,AIO-S|FMS|HIRATA Robot|HIRATA Conveyor|HIRATA Assembly System,"[""会社名: 平田, Hirata, 平田機工, Hirata Corporation, 平田工業\nブランド名: AIO-S, FMS, HIRATA Robot, HIRATA Conveyor, HIRATA Assembly System"", ""会社名: 平田, Hirata, 平田機工,\nブランド名: ありません。"", ""会社名: 平田, 平田機工, Hirata, Hirata Corporation, 62580,  \nブランド名: Hirata FA, Hirata Robotics, Hirata Automation, Hirata Systems, Hirata Solutions""]"
62620,６２６２０,ＰＥＧＡＳＵＳ,機械,ペガサス|PEGASUS|ペガサスミシン製造|ペガサスミシン,PEGASUS|ペガサスミシン|PEGASUS SEWING MACHINES,"[""申し訳ありませんが、「ＰＥＧＡＳＵＳ」（証券コード: 62620）に関する具体的な略称やブランド名についての情報は持ち合わせていません。一般的には、企業の略称やブランド名は公式ウェブサイトや金融ニュース、業界レポートなどで確認することができます。"", ""申し訳ありませんが、「ＰＥＧＡＳＵＳ」（証券コード: 62620）に関する具体的な略称やブランド名の情報は私のデータベースには含まれていません。一般的に、企業の略称やブランド名は業界や地域によって異なることがありますので、公式な情報源や企業のウェブサイトを参照することをお勧めします。"", ""会社名: ペガサス, PEGASUS, ペガサスミシン製造, ペガサスミシン, ペガサス工業,\nブランド名: PEGASUS, ペガサスミシン, PEGASUS SEWING MACHINES, ペガサス工業用ミシン, PEGASUS INDUSTRIAL MACHINES""]"
62640,６２６４０,マルマエ,機械,MARUMAE,,"[""会社名: マルマエ, MARUMAE,\nブランド名: 申し訳ありませんが、マルマエの代表的なブランド名や製品名に関する具体的な情報は提供できません。"", ""会社名: マルマエ, MARUMAE,\nブランド名: 申し訳ありませんが、マルマエの代表的なブランド名や製品名に関する具体的な情報は提供できません。"", ""会社名: マルマエ,  \nブランド名: 申し訳ありませんが、具体的なブランド名や製品名の情報は持っていません。""]"
62660,６２６６０,タツモ,機械,TATSUMO,情報が不足しているため、具体的なブランド名や製品名は特定できません。,"[""会社名: タツモ, TATSUMO,\nブランド名: 申し訳ありませんが、タツモの代表的なブランド名や製品名に関する具体的な情報は持っていません。"", ""申し訳ありませんが、「タツモ」（証券コード: 62660）についての具体的な略称やブランド名の情報は私のデータベースには含まれていません。一般的には、企業の略称やニックネームはその企業の正式名称や業界内での通称に基づいて決まることが多いです。また、ブランド名や製品名は企業の公式ウェブサイトや製品カタログで確認することができます。具体的な情報を得るには、企業の公式発表や業界のニュースを参照することをお勧めします。"", ""会社名: タツモ,  \nブランド名: 情報が不足しているため、具体的なブランド名や製品名は特定できません。""]"
62680,６２６８０,ナブテスコ,機械,Nabtesco|ナブコ|Nabco|ナブテスコ株式会社,GMAS|NABCO|T-SMART|TSN|RS Automation,"[""会社名: ナブテスコ, Nabtesco,\nブランド名: T-SMART, GMAS, NABCO, TSN, RS Automation"", ""会社名: ナブテスコ, Nabtesco, ナブコ, Nabco, ナブテスコ株式会社  \nブランド名: T-SMART, NABCO, GLOVIA, GMAS, RCS"", ""会社名: ナブテスコ, Nabtesco,\nブランド名: TSUBAKI, NABCO, GMAS, GTR, NABTESCO SYSTEMS""]"
62690,６２６９０,三井海洋開発,機械,MODEC|三井海洋,FPSO|TLP|FSO|FLNG|MOPU,"[""会社名: MODEC, 三井海洋,\nブランド名: FPSO, TLP, FSO, FLNG, MOPU"", ""申し訳ありませんが、「三井海洋開発」（証券コード: 62690）に関する具体的な略称やブランド名の情報は持ち合わせていません。一般的に、企業の略称やブランド名は公式ウェブサイトやプレスリリース、または業界のニュースなどで確認することができます。具体的な情報を得るためには、これらのソースを参照することをお勧めします。"", ""会社名: 三井海洋, MODEC, 三井海洋開発,\nブランド名: 申し訳ありませんが、三井海洋開発の特定のブランド名や製品名についての情報は持っていません。""]"
62720,６２７２０,レオン自動機,機械,レオン|LEON|レオン自|レオン機,ギョーザマシン|たこ焼きマシン|たい焼きマシン|焼売マシン|春巻きマシン,"[""会社名: レオン, LEON,\nブランド名: ギョーザマシン, たこ焼きマシン, たい焼きマシン, 焼売マシン, 春巻きマシン"", ""会社名: レオン, レオン自動機, LEON,\nブランド名: ドーナツ自動成形機, たこ焼き機, パン自動成形機, たい焼き機, お好み焼き機"", ""会社名: レオン, レオン自, レオン機, 62720, レオン自動機,\nブランド名: レオンマシン, レオンロボ, レオンシステム, レオンテクノ, レオンプロダクト,""]"
62730,６２７３０,ＳＭＣ,機械,SMC Corporation|SMC|エスエムシー,エアシリンダー|SMC Pneumatics|SMC Automation|SMC Actuators|SMC Valves,"[""会社名: SMC Corporation, SMC\nブランド名: SMC Pneumatics, SMC Automation, SMC Actuators, SMC Valves, SMC Filters"", ""会社名: SMC, エスエムシー, SMC Corporation, SMC株式会社, SMCグループ  \nブランド名: エアシリンダー, エアフィルタ, エアバルブ, 真空機器, 空圧機器"", ""会社名: SMC, SMC株式会社, SMCコーポレーション, SMC Corp, SMC Corporation  \nブランド名: エアシリンダー, バルブ, フィルタ, アクチュエータ, コンプレッサー""]"
62770,６２７７０,ホソカワミクロン,機械,ホソカワ|ミクロン|HOSOKAWA|Hosokawa Micron|HM,Micron Powder Systems|Alpine|Mikro|Vrieco-Nauta|Hosokawa Solids,"[""会社名: ホソカワ, ミクロン, Hosokawa Micron, HOSOKAWA, HM\nブランド名: Micron Powder Systems, Alpine, Mikro, Vrieco-Nauta, Hosokawa Solids"", ""申し訳ありませんが、「ホソカワミクロン」（証券コード: 62770）についての具体的な略称やブランド名のリストを提供することはできません。ただし、一般的に企業の略称やブランド名は以下のように構成されることが多いです。\n\n1. 会社の略称・ニックネーム・通称・英語名\n   - ホソカワ, ミクロン, HOSOKAWA, HOSOKAWA MICRON\n\n2. 代表的なブランド名・製品名\n   - Micron Powder Systems, Alpine, Mikro, Vrieco-Nauta\n\nこれらは一般的な例であり、実際の使用状況により"", ""会社名: ホソカワ, ミクロン, HOSOKAWA, HOSOKAWA MICRON, HOSOKAWAグループ,\nブランド名: ACM, Mikro, Alpine, Vrieco-Nauta, Micron Powder Systems""]"
62780,６２７８０,ユニオンツール,機械,UT|Union Tool,HardMax|SuperEnd|UT Drill|UT Mill|UT Reamer,"[""会社名: ユニオンツール, Union Tool, UT,\nブランド名: HardMax, SuperEnd, UT Drill, UT Mill, UT Reamer"", ""申し訳ありませんが、「ユニオンツール」（証券コード: 62780）についての具体的な略称やブランド名のリストを提供することはできません。ただし、一般的に企業の略称やブランド名は公式ウェブサイトや投資家向け資料、またはSNSでの言及を通じて確認できることが多いです。公式な情報源を参照することをお勧めします。"", ""会社名: ユニオンツール, UT,\nブランド名: UTコート, UTドリル, UTエンドミル, UTリーマ, UTカッター""]"
62790,６２７９０,瑞光,機械,ZUIKO|瑞光株式会社|ZUIKO Corporation|瑞光機械,ZUIKO製品|ZUIKOマシン|ZUIKOパッドマシン|ZUIKOコンバーティングマシン,"[""会社名: 瑞光, ZUIKO, 瑞光株式会社, ZUIKO Corporation, 瑞光機械\nブランド名: ZUIKO製品, ZUIKOマシン, ZUIKOパッドマシン, ZUIKOコンバーティングマシン, ZUIKOオートメーションシステム"", ""申し訳ありませんが、具体的な証券コード「62790」に関連する「瑞光」という会社についての詳細な情報は持っていません。そのため、SNSやトレーダー間での略称やブランド名についても具体的な情報を提供することができません。一般的には、企業の略称やニックネームはその企業の正式名称や業界内での通称から派生することが多いです。また、ブランド名や製品名は企業の公式ウェブサイトや製品カタログで確認することができます。具体的な情報を得るためには、直接企業の公式情報を参照することをお勧めします。"", ""会社名: 瑞光, ZUIKO, 瑞光株式会社, ZUIKO Corp, 62790,\nブランド名: ZUIKO製品, ZUIKOマシン, ZUIKOテクノロジー, ZUIKOソリューション, ZUIKOシステム,""]"
62820,６２８２０,オイレス工業,機械,オイレス|オイレス工|OILES|Oiles Corporation,オイレスベアリング|オイレスブッシュ|オイレススライドプレート|オイレスダンパー|オイレスガイド,"[""会社名: オイレス, Oiles Corporation, オイレス工, Oiles, オイレス工業\nブランド名: オイレスベアリング, オイレスブッシュ, オイレススライドプレート, オイレスダンパー, オイレスガイド"", ""会社名: オイレス, OILES, オイレス工, オイレス工業,\nブランド名: オイレスベアリング, オイレススライド, オイレスブッシュ, オイレスダンパー, オイレスガイド"", ""会社名: オイレス, オイレス工, OILES,  \nブランド名: オイレスベアリング, オイレスブッシュ, オイレススライドプレート, OILES BEARING, OILES SLIDE PLATE""]"
62840,６２８４０,日精エー・エス・ビー機械,機械,ASB|日精ASB|日精エー・エス・ビー|Nissei ASB|Nissei ASB Machine,ASBシリーズ|PFシリーズ|PMシリーズ|NEXシリーズ|HSBシリーズ,"[""会社名: ASB, 日精ASB, 日精エー・エス・ビー,\nブランド名: ASBシリーズ, PFシリーズ, PMシリーズ, NEXシリーズ, HSBシリーズ"", ""会社名: 日精ASB, ASB, 日精エー・エス・ビー, Nissei ASB, Nissei ASB Machine,\nブランド名: ASBシリーズ, PFシリーズ, HSBシリーズ, PMシリーズ, CMシリーズ"", ""会社名: 日精ASB, ASB機械, 日精エーエスビー, ASB, 日精エー・エス・ビー,\nブランド名: ASBシリーズ, PFシリーズ, PMシリーズ, NEXシリーズ, Vシリーズ""]"
62870,６２８７０,サトー,機械,SATO|サトーHD|SATO Holdings,CLNX|TH2|PW2NX|FX3-LX,"[""申し訳ありませんが、「サトー」（証券コード: 62870）に関する具体的な略称やブランド名の情報は私のデータベースには含まれていません。一般的には、企業の略称やブランド名は公式ウェブサイトやプレスリリース、金融ニュースなどで確認することができます。"", ""会社名: サトー, SATO, サトーHD, サトーホールディングス, SATO Holdings,\nブランド名: CLNX, TH2, PW2NX, FX3-LX, WS4,"", ""申し訳ありませんが、「サトー」（証券コード: 62870）に関する具体的な略称やニックネーム、ブランド名、製品名についての情報は持ち合わせていません。ただし、一般的に企業名やブランド名は以下のように表現されることがあります。\n\n1. 会社名（ブランドや製品名は除外）\n   - サトー, SATO\n\n2. ブランド名・製品名（あれば）\n   - SATO, CLNX, PW2NX, FX3-LX, WS4\n\n具体的な情報については、公式の企業サイトや最新の金融ニュースをご確認ください。""]"
62890,６２８９０,技研製作所,機械,技研|Giken|GIKEN|GIKEN SEISAKUSHO|技研製,サイレントパイラー|Press-in Method|Gyropress Method|Implant Structure Method|GRB System,"[""会社名: 技研, Giken,\nブランド名: サイレントパイラー, Press-in Method, Gyropress Method, Implant Structure Method, GRB System"", ""会社名: 技研, Giken,\nブランド名: サイレントパイラー, プレスインマシン, ECOパイラー, リアクティブマシン, F301シリーズ"", ""会社名: 技研, GIKEN, GIKEN SEISAKUSHO, 技研製, 6289  \nブランド名: SILENT PILER, ECO-SPIRAL, PRESS-IN, GIKEN IT, GRB SYSTEM""]"
62910,６２９１０,日本エアーテック,機械,エアーテック|Airtech|NAT,クリーンルーム|エアシャワー|パスボックス|FFU (Fan Filter Unit)|バイオハザードキャビネット,"[""会社名: 日本エアーテック, エアーテック, Airtech,\nブランド名: クリーンルーム, エアシャワー, パスボックス, FFU (Fan Filter Unit), バイオハザードキャビネット"", ""申し訳ありませんが、「日本エアーテック」（証券コード: 62910）についての具体的な略称やブランド名のリストを提供することはできません。一般的には、企業の略称やブランド名は公式ウェブサイトや投資家向け資料で確認することができます。また、SNSやトレーダー間での通称は、特定のコミュニティやフォーラムでの使用状況によって異なることがあります。"", ""会社名: エアーテック, 日本エアーテック, NAT,\nブランド名: クリーンエアーシステム, クリーンルーム, バイオクリーン, エアシャワー, パスボックス""]"
62930,６２９３０,日精樹脂工業,機械,日精|日精樹脂|Nissei|Nissei Plastic|Nissei Plastic Industrial,NEX|NEX-IV|NEX-Ⅲ|NEXTMOVER|NEXTPACK,"[""会社名: 日精, Nissei, Nissei Plastic, 日精樹脂,\nブランド名: NEXTMOVER, NEXTPACK, NEXTPRO, NEXTPURE, NEXTPET"", ""会社名: 日精, 日精樹脂, Nissei, Nissei Plastic, Nissei Plastic Industrial,\nブランド名: NEX, NEX-IV, NEX-Ⅲ, FNX, TNX,"", ""会社名: 日精樹脂, 日精,\nブランド名: NISSEI, NEX, NEX-IV, NEX-Ⅲ, NEX-ⅢT""]"
62980,６２９８０,ワイエイシイホールディングス,機械,YAC|YAC Holdings|ワイエイシイ,YAC Systems|YAC Robotics|YAC Vacuum|YAC Clean|YAC Automation,"[""会社名: YAC, YAC Holdings, YAC HD,\nブランド名: YAC Systems, YAC Robotics, YAC Vacuum, YAC Clean, YAC Automation"", ""会社名: YAC, YAC HD, ワイエイシイ, YAC Holdings, ワイエイシイHD  \nブランド名: YACエンジニアリング, YACシステム, YACテクノロジー, YACソリューション, YACイノベーション"", ""会社名: YAC, YAC HD, ワイエイシイHD, YACホールディングス, ワイエイシイ,\nブランド名: 情報が不足しています。""]"
63010,６３０１０,小松製作所,機械,コマツ|Komatsu|小松,PC200|WA470|HB365|GD655|D155AX,"[""会社名: コマツ, Komatsu,\nブランド名: PC200, D155AX, WA470, HB365, GD655"", ""会社名: コマツ, Komatsu, 小松,\nブランド名: PC200, D155, WA470, HB365, GD655"", ""会社名: コマツ, 小松, Komatsu,  \nブランド名: KOMTRAX, PCシリーズ, Dシリーズ, WAシリーズ, HBシリーズ""]"
63020,６３０２０,住友重機械工業,機械,住友重機|Sumitomo Heavy Industries|SHI|住重|Sumitomo Juki,Paramax|iQ Monozukuri|All-Electric Injection Molding Machine|Cyclo Drive|Sumitomo Demag,"[""会社名: 住友重機, Sumitomo Heavy Industries, SHI, 住重, Sumitomo Juki,\nブランド名: iQ Monozukuri, All-Electric Injection Molding Machine, Cyclo Drive, Sumitomo Demag, Paramax,"", ""会社名: 住友重機, 住友重機械, Sumitomo Heavy Industries, SHI, 住重\nブランド名: iQシリーズ, Cycloドライブ, Paramax, Allfine, Sumitomo Drive Technologies"", ""会社名: 住友重機, 住重, SHI, Sumitomo Heavy, Sumitomo Heavy Industries,\nブランド名: Cyclo, Paramax, Sumitomo Drive, SM-Cyclo, Hansen P4,""]"
63050,６３０５０,日立建機,機械,Hitachi Construction Machinery|HCM|日立|日立建機株式会社,EXシリーズ|EHシリーズ|ZXシリーズ|ZAXIS|ZAXISシリーズ,"[""会社名: 日立建機, Hitachi Construction Machinery, HCM,\nブランド名: EXシリーズ, ZAXISシリーズ, EHシリーズ, AC-3シリーズ, ZXシリーズ"", ""会社名: 日立建機, 日立, Hitachi Construction Machinery, HCM, 日立建機株式会社  \nブランド名: EXシリーズ, ZAXIS, EHシリーズ, ACシリーズ, ZXシリーズ"", ""会社名: 日立建機, 日立建, 日建, HITACHI建機, HITACHI建,  \nブランド名: ZAXIS, EX, ZX, ZW, EH""]"
63060,６３０６０,日工,機械,NIKKO|Nikko Co.|Ltd.|日工株式会社,NSシリーズ|NBDシリーズ|NAPシリーズ|NIKKOミキサー|NIKKOアスファルトプラント,"[""会社名: 日工, NIKKO, Nikko Co., Ltd.,\nブランド名: NSシリーズ, NBDシリーズ, NAPシリーズ, NIKKOミキサー, NIKKOアスファルトプラント"", ""申し訳ありませんが、「日工」（証券コード: 63060）についての具体的な略称やブランド名の情報は私のデータベースには含まれていません。一般的な情報として、企業の略称やブランド名は公式ウェブサイトや投資家向け資料で確認することができます。具体的な情報が必要な場合は、直接企業の公式情報を参照することをお勧めします。"", ""会社名: 日工, NIKKO, 日工株式会社,\nブランド名: パッチャープラント, アスファルトプラント, コンクリートプラント, リサイクルプラント, エコプラント""]"
63090,６３０９０,巴工業,機械,Tomoe Engineering|Tomoe Kogyo,TOMOEデカンタ|TOMOEセパレーター|TOMOEフィルター|TOMOEポンプ|TOMOEミキサー,"[""会社名: 巴工業, Tomoe Engineering, Tomoe Kogyo, 巴,\nブランド名: TOMOEデカンタ, TOMOEセパレーター, TOMOEフィルター, TOMOEポンプ, TOMOEミキサー"", ""申し訳ありませんが、「巴工業」（証券コード: 63090）についての具体的な略称やブランド名のリストは提供できません。ただし、一般的に企業の略称やニックネームは会社名の一部を短縮したものや、英語名が使われることが多いです。また、ブランド名や製品名は企業の公式ウェブサイトや製品カタログで確認することができます。"", ""会社名: 巴工業, 巴, 巴工,  \nブランド名: 申し訳ありませんが、巴工業の具体的なブランド名や製品名についての情報は持っていません。""]"
63100,６３１００,井関農機,機械,井関|ISEKI|ISEKI & CO.|LTD.,コンバイン|田植機|バインダー|トラクター|耕うん機,"[""会社名: 井関, ISEKI, 井関農機,\nブランド名: トラクター, コンバイン, 田植機, バインダー, 耕うん機"", ""会社名: 井関, ISEKI, 井関農機, ISEKI & CO., LTD.,\nブランド名: トラクター, コンバイン, 田植機, バインダー, 耕うん機"", ""会社名: 井関, 井関農, ISK, ISK農機, 井関機械,\nブランド名: トラクタ, コンバイン, 田植機, バインダー, フロンティア""]"
63150,６３１５０,ＴＯＷＡ,機械,TOWA Co.|Ltd.|TOWA|TOWA Corp,Molding Equipment|YPMシリーズ|YPM Series|PMC Series|DFS Series,"[""会社名: TOWA Corporation, TOWA Co., Ltd., TOWA,\nブランド名: YPM Series, PMC Series, DFS Series, LCM Series, Molding Equipment"", ""会社名: TOWA, TOWA Corp, TOWA株式会社, TOWA Company, TOWA Co., Ltd.,\nブランド名: YPSシリーズ, YPMシリーズ, Y1シリーズ, Y1Rシリーズ, Y1Sシリーズ"", ""会社名: TOWA, TOWA株式会社, TOWA Corp, TOWA Co., Ltd., TOWA Company  \nブランド名: YPMシリーズ, PMCシリーズ, LCMシリーズ, Molding Equipment, Singulation Equipment""]"
63170,６３１７０,北川鉄工所,機械,KITAGAWA|北川|北川鉄工|Kitagawa Iron Works,Kitagawa Chuck|Kitagawa Rotary Table|Kitagawa Workholding|Kitagawa Power Chuck|Kitagawa NC Rotary Table,"[""会社名: 北川鉄工, Kitagawa Iron Works, KITAGAWA, 北川,\nブランド名: Kitagawa Chuck, Kitagawa Rotary Table, Kitagawa Workholding, Kitagawa Power Chuck, Kitagawa NC Rotary Table"", ""会社名: 北川鉄工, KITAGAWA, 北川, 北川鉄工所, KITAGAWA IRON WORKS,\nブランド名: NCロータリーテーブル, チャック, パワーバイス, ロボットシステム, ワークホールディングシステム,"", ""会社名: 北川鉄工所, 北川, KITZ, 63170, KITAGAWA,  \nブランド名: KITAGAWA, 北川チャック, 北川バイス, 北川ロボット, 北川プレス""]"
63230,６３２３０,ローツェ,機械,ローツェ株式会社|ローツェジャパン|ローツェインク,EFEM|FPD|AGV|OHT|RGV,"[""会社名: ローツェ, ローツェ株式会社, ローツェジャパン, ローツェインク, ローツェコーポレーション  \nブランド名: EFEM, FPD, AGV, OHT, RGV"", ""会社名: ローツェ, ローツェ株式会社, ローツェジャパン, ローツェインターナショナル, ローツェグループ  \nブランド名: E-FEM, E-MES, E-SLM, E-RMS, E-TRM"", ""会社名: ローツェ, ローツェ株式会社, ローツェ社, ローツェグループ, ローツェホールディングス,\nブランド名: ローツェ製品, ローツェシステム, ローツェテクノロジー, ローツェソリューション, ローツェ装置,""]"
63260,６３２６０,クボタ,機械,Kubota|Kubota Corporation|クボタ株式会社,コンバイン|田植機|エンジン|トラクタ|建機,"[""会社名: クボタ, Kubota,\nブランド名: トラクター, コンバイン, 田植機, エンジン, 建設機械"", ""会社名: クボタ, Kubota, クボタ株式会社, Kubota Corporation, クボタグループ  \nブランド名: トラクタ, コンバイン, 田植機, エンジン, 建機"", ""会社名: クボタ, Kubota, 株式会社クボタ, Kubota Corporation, 63260  \nブランド名: トラクタ, コンバイン, 田植機, エンジン, 建機""]"
63280,６３２８０,荏原実業,機械,荏原|Ebara,,"[""会社名: 荏原, Ebara, 荏原実業,\nブランド名:"", ""申し訳ありませんが、「荏原実業」（証券コード: 63280）に関する具体的な略称やブランド名の情報は私のデータベースには含まれていません。一般的に企業の略称やブランド名は、業界や地域、時期によって異なることがあります。具体的な情報を得るには、公式ウェブサイトや関連する業界の情報源を確認することをお勧めします。"", ""申し訳ありませんが、「荏原実業」について具体的な略称やブランド名、製品名の情報は持っていません。一般的に、企業の略称やブランド名は業界や市場での認知度に依存するため、特定の情報源や文脈に基づいて異なる場合があります。最新の情報は公式ウェブサイトや金融ニュースなどで確認することをお勧めします。""]"
63300,６３３００,東洋エンジニアリング,建設・資材,TEC|東洋エンジ|TOYO|Toyo Engineering|東洋,None,"[""会社名: TEC, 東洋エンジ, Toyo Engineering, 東洋エンジニアリング,\nブランド名: None"", ""会社名: 東洋エンジ, TOYO, TEC,\nブランド名:"", ""会社名: 東洋エンジ, TOYO, TEC, 東洋エンジニア, 東洋,\nブランド名: 情報がありません。""]"
63310,６３３１０,三菱化工機,機械,MKK|Mitsubishi Kakoki Kaisha|Mitsubishi Kakoki|三菱化工,Biolex|MKK Purifier|Aqua Solution|Chemitech,"[""会社名: 三菱化工機, Mitsubishi Kakoki Kaisha, MKK,\nブランド名: 申し訳ありませんが、三菱化工機の具体的なブランド名や製品名についての情報は手元にありません。"", ""会社名: 三菱化工機, MKK, Mitsubishi Kakoki, 三菱化工, Kakoki,\nブランド名: Biolex, MKK Purifier, Aqua Solution, Chemitech, EcoGuard"", ""会社名: 三菱化工機, 三菱化機, MKK,  \nブランド名: 具体的なブランド名や製品名は一般的に公開されていない可能性があります。""]"
63320,６３３２０,月島ホールディングス,機械,月島,,"[""申し訳ありませんが、「月島ホールディングス」（証券コード: 63320）に関する具体的な略称やブランド名の情報は持っていません。一般的には、企業の略称やブランド名は公式ウェブサイトやプレスリリース、金融ニュースなどで確認することができます。"", ""申し訳ありませんが、「月島ホールディングス」（証券コード: 63320）に関する具体的な略称やブランド名の情報は私のデータベースには含まれていません。一般的には、企業の略称やブランド名は公式ウェブサイトや業界の資料で確認することができます。"", ""申し訳ありませんが、「月島ホールディングス」（証券コード: 63320）に関する具体的な略称やブランド名、製品名についての情報は持っていません。一般的に企業の略称やブランド名は、企業の公式ウェブサイトや金融ニュース、業界の報道などで確認することができます。""]"
63330,６３３３０,帝国電機製作所,機械,帝国電機|帝電|TEIKOKU ELECTRIC|TEIKOKU,テイコクポンプ|テイコクマグネットポンプ|テイコクエンジニアリング,"[""会社名: 帝国電機, 帝電, 帝国電機製作所, TEIKOKU ELECTRIC, TEIKOKU\nブランド名: テイコクポンプ, テイコクマグネットポンプ, テイコクポンプシステム, テイコクエンジニアリング, テイコクサービス"", ""会社名: 帝国電機, 帝国電機製作所, 帝電, 帝国電機製, TEIKOKU ELECTRIC MFG. CO., LTD.,\nブランド名: テイコクポンプ, テイコクマグネットポンプ, テイコクケミカルポンプ, テイコクエアポンプ, テイコクインバータポンプ"", ""会社名: 帝国電機, 帝電,\nブランド名: なし""]"
63390,６３３９０,新東工業,機械,新東|Sintokogio|Sinto|東工業,SintoGreen|SintoGrind|SintoBlast|SintoClean|SintoDust,"[""会社名: 新東, Sintokogio, Sinto, 新東工業,\nブランド名: SintoGreen, SintoGrind, SintoBlast, SintoClean, SintoDust"", ""申し訳ありませんが、「新東工業」（証券コード: 63390）についての具体的な略称やブランド名のリストを提供することはできません。ただし、一般的に企業の略称やブランド名は、企業の公式ウェブサイトや投資家向け資料、またはSNSでの言及を通じて確認することができます。"", ""会社名: 新東, 東工業, 新東工, 6339, 新東工業,\nブランド名: Sinto, V-Process, FDNX, SintoGrinder, SintoBlaster""]"
63400,６３４００,澁谷工業,機械,Shibuya Kogyo|澁谷|SKG|Shibuya Corporation,aseptic filling systems|Shibuya Hoppmann|Shibuya Kogyo Machinery|Shibuya Packaging Systems|Shibuya Robotics,"[""会社名: 澁谷工業, Shibuya Corporation, Shibuya Kogyo,\nブランド名: aseptic filling systems, Shibuya Hoppmann, Shibuya Kogyo Machinery, Shibuya Packaging Systems, Shibuya Robotics"", ""会社名: 澁谷, 澁谷工, Shibuya Kogyo, SKG, 渋谷工業,\nブランド名: FILLSTAR, BOTTLESTAR, CANSTAR, ASEPTICSTAR, LABELSTAR"", ""会社名: 澁谷工業, 澁谷, Shibuya, Shibuya Kogyo, SKG,\nブランド名: 具体的なブランド名や製品名は公開されていない可能性があります。""]"
63450,６３４５０,アイチ　コーポレーション,機械,アイチ|AICHI|AICHI Corp|AICHI Corporation,スカイマスター|スカイリフト|スカイボーイ|スカイアーム|スカイタワー,"[""会社名: アイチ, AICHI,\nブランド名: スカイマスター, スカイリフト, スカイボーイ, スカイアーム, スカイタワー"", ""会社名: アイチ, AICHI, AICHI Corp, アイチコーポレーション, AICHI Corporation  \nブランド名: スカイマスター, スカイボーイ, スカイリフト, スカイタワー, スカイアーム"", ""会社名: アイチ, アイチコーポ, AICHI, AICHI Corp, アイチ株式会社  \nブランド名: スカイマスター, スカイリフト, バケットトラック, 高所作業車, 作業車""]"
63490,６３４９０,小森コーポレーション,機械,小森|Komori|小森コーポ|Komori Corporation|Komori Corp,Lithrone|Enthrone|Impremia|Chambon|System,"[""会社名: 小森, Komori Corporation, Komori, 小森コーポ\nブランド名: Lithrone, Enthrone, System, Impremia, Chambon"", ""申し訳ありませんが、「小森コーポレーション」（証券コード: 63490）に関する具体的な略称やブランド名のリストを提供することはできません。ただし、一般的に企業の略称やブランド名は、公式ウェブサイトや業界の資料で確認することができます。"", ""会社名: 小森, 小森コーポ, Komori, Komori Corp,\nブランド名: Lithrone, Impremia, System G, Enthrone, Chambon""]"
63510,６３５１０,鶴見製作所,機械,鶴見|鶴見製|Tsurumi,Tsurumi Pump|Tsurumi Submersible Pumps|Tsurumi Aerators,"[""申し訳ありませんが、「鶴見製作所」（証券コード: 63510）に関する具体的な略称やブランド名の情報は持ち合わせていません。一般的には、企業の略称やブランド名は企業の公式ウェブサイトや金融ニュース、業界の出版物などで確認できます。具体的な情報が必要な場合は、これらのリソースを参照することをお勧めします。"", ""申し訳ありませんが、「鶴見製作所」（証券コード: 63510）に関する具体的な略称やブランド名のリストを提供することはできません。しかし、一般的に企業の略称やブランド名は、公式ウェブサイトや投資家向け資料、製品カタログなどで確認することができます。これらの情報源を参照することをお勧めします。"", ""会社名: 鶴見, 鶴見製, Tsurumi  \nブランド名: Tsurumi Pump, Tsurumi Submersible Pumps, Tsurumi Aerators, Tsurumi Mixers, Tsurumi Sewage Pumps""]"
63580,６３５８０,酒井重工業,機械,酒井重,,"[""申し訳ありませんが、「酒井重工業」（証券コード: 63580）に関する具体的な略称やブランド名の情報は私のデータベースには含まれていないようです。一般的には、企業の略称やブランド名は公式ウェブサイトや金融ニュース、業界レポートなどで確認することができます。"", ""申し訳ありませんが、「酒井重工業」（証券コード: 63580）に関する具体的な略称やブランド名の情報は持ち合わせていません。一般的には、企業の略称やブランド名は公式ウェブサイトや企業のプレスリリース、または業界関連の資料で確認することができます。"", ""申し訳ありませんが、「酒井重工業」に関する具体的な略称やブランド名、製品名の情報は私のデータベースには含まれていないようです。一般的には、企業名そのものや公式に発表されているブランド名や製品名を使用することが多いです。具体的な情報は、企業の公式ウェブサイトや金融ニュースの報道などを参照することをお勧めします。""]"
63610,６３６１０,荏原製作所,機械,荏原|EBARA|荏原製|EBARA Corp|EBARA Corporation,Ebara Pumps|Ebara Chillers|Ebara Compressors|Ebara Fans|Ebara Blowers,"[""会社名: 荏原, EBARA, 荏原製,\nブランド名: Ebara Pumps, Ebara Chillers, Ebara Compressors, Ebara Fans, Ebara Blowers"", ""会社名: 荏原, EBARA, 荏原製,\nブランド名: エバラポンプ, エバラファン, エバラコンプレッサー, エバラチラー, エバラバルブ"", ""会社名: 荏原, EBARA, 荏原製, EBARA Corp, EBARA Corporation  \nブランド名: Ebara Pumps, Ebara Chillers, Ebara Compressors, Ebara Fans, Ebara Blowers""]"
63630,６３６３０,酉島製作所,機械,酉島|酉島製|Tsurushima|Tsurushima Seisakusho|Tsurushima Mfg,HICAP|HICAP-Plus|HICAP-Turbo|HICAP-Compact|HICAP-Standard,"[""会社名: 酉島, 酉島製, Tsurushima, Tsurushima Seisakusho, Tsurushima Mfg\nブランド名: HICAP, HICAP-Plus, HICAP-Turbo, HICAP-Compact, HICAP-Standard"", ""申し訳ありませんが、「酉島製作所」（証券コード: 63630）についての具体的な略称やブランド名の情報は持っていません。一般的には、企業の略称やブランド名は公式ウェブサイトや投資家向け資料で確認できます。"", ""会社名: 酉島, 酉島製, 酉島製作, Tsurushima, Tsurushima Seisakusho,\nブランド名: 情報がありません。""]"
63640,６３６４０,ＡＩＲＭＡＮ,機械,AIRMAN|アイマン|エアマン|エアーマン|AIRM,エアマンコンプレッサー|エアマンジェネレーター|エアマンライトタワー|エアマンポンプ,"[""申し訳ありませんが、「ＡＩＲＭＡＮ」（証券コード: 63640）についての具体的な情報は持っていません。一般的に、企業の略称やブランド名は企業の公式ウェブサイトや金融ニュース、業界の報告書などで確認することができます。具体的な情報が必要な場合は、これらの情報源を参照することをお勧めします。"", ""会社名: AIRMAN, アイマン, エアマン, エアーマン, AIRM\nブランド名: エアマンコンプレッサー, エアマンジェネレーター, エアマンライトタワー, エアマンポンプ, エアマンブレーカー"", ""会社名: AIRMAN, \nブランド名: AIRMAN, エアマン, エアーマン, エアツール, コンプレッサー""]"
63670,６３６７０,ダイキン工業,機械,ダイキン|DAIKIN|63670|Daikin,うるさら|ストリーマ|risora|エコキュート|クリアフォース,"[""会社名: ダイキン, Daikin,\nブランド名: うるさら, risora, ストリーマ, エコキュート, クリアフォース"", ""会社名: ダイキン, DAIKIN, ダイキン工業, 63670, ダイキンインダストリーズ  \nブランド名: エアコン, うるさら, ストリーマ, アルミニウムフィン, スカイエア"", ""会社名: ダイキン, DAIKIN, ダイキン工業, DAIKIN INDUSTRIES, 63670,  \nブランド名: うるさら, risora, エコジアス, ストリーマ, フレアゼロ""]"
63680,６３６８０,オルガノ,機械,ORGANO|Organo|ORG|オルガノ株式会社,ORGANO|AQUA|Ionpure|ORGANO Eco|ORGANO Pure,"[""会社名: オルガノ, Organo,\nブランド名: ORGANO, AQUA, Ionpure, ORGANO Eco, ORGANO Pure"", ""会社名: オルガノ, ORGANO,\nブランド名: SEPA, ORGANO, AQUA UNITY, AQUA SOLUTION, AQUA SYSTEM"", ""会社名: オルガノ, ORGANO, ORG, オルガノ株式会社, ORGANO Corp,\nブランド名: ORGANOブランド, AQUA, PURELITE, ORGANO製品, 水処理システム""]"
63690,６３６９０,トーヨーカネツ,機械,TKK|東洋カネツ|TOYO KANETSU|TKC,TKCタンク|TKCエンジニアリング|TKCプラント|TKCソリューションズ,"[""会社名: トーヨーカネツ, TOYO KANETSU, TKC, TKK, トーヨー,\nブランド名: TKCタンク, TKCエンジニアリング, TKCプラント, TKCシステム, TKCソリューションズ"", ""会社名: トーヨーカネツ, TKK, 東洋カネツ, Toyo Kanetsu, トーヨーカネツ工業,\nブランド名: ありません"", ""会社名: トーヨーカネツ, TKK, 東洋カネツ,  \nブランド名: 具体的なブランド名や製品名は公開されていない可能性があります。""]"
63700,６３７００,栗田工業,機械,Kurita|栗田|栗田工|KURITA|Kurita Water,Kurita Water Industries|Kuriverter|クリーンウォーター|Kuristuck|Kuriflock,"[""会社名: Kurita, Kurita Water, Kurita Group, Kurita Engineering, Kurita Industries  \nブランド名: Kurita Water Industries, Kuriverter, Kuristuck, Kuriflock, Kuricoat"", ""会社名: 栗田, Kurita, 栗田工, KURITA,\nブランド名: クリーンシステム, クリーンウォーター, クリーンプロセス, クリーンエナジー, クリーンソリューション"", ""会社名: 栗田, 栗田工, Kurita, KURITA, 63700  \nブランド名: Kurita Water Industries, クリーンウォーター, AquaChem, Kuriverter, Cleansui""]"
63710,６３７１０,椿本チエイン,機械,椿本|Tsubakimoto|Tsubaki|チエイン|Tsubaki Chain,Smart Conveyor|チェーン|パワートランスミッション|モーションコントロール,"[""会社名: 椿本, Tsubakimoto, Tsubaki,\nブランド名: チェーン, パワートランスミッション, モーションコントロール, オートメーション, マテリアルハンドリング"", ""会社名: 椿本, Tsubaki, チエイン, Tsubakimoto,\nブランド名: RSローラーチェーン, Lambdaチェーン, Zipチェーンリフター, Power-Lock, Smart Conveyor"", ""会社名: 椿本, チエイン, Tsubaki, Tsubakimoto, Tsubaki Chain,\nブランド名: Lambda, Zip Chain, Power Cylinder, Cam Clutch, Smart Conveyor,""]"
63760,６３７６０,日機装,電機・精密,Nikkiso|Nikkiso Co.|Ltd.|ニッキソー,Cryogenic Pumps|Medical Equipment|Dialysis Machines|Aerospace Components|Industrial Pumps,"[""会社名: 日機装, Nikkiso, Nikkiso Co., Ltd.,\nブランド名: Cryogenic Pumps, Dialysis Machines, Aerospace Components, Medical Equipment, Industrial Pumps"", ""会社名: 日機装, Nikkiso, ニッキソー, NKS, ニッソー\n\nブランド名: Cryogenic Pumps, Turbo Molecular Pumps, Dialyzer, Water Conditioning System, Medical Equipment"", ""会社名: 日機装, Nikkiso,\nブランド名: ...""]"
63780,６３７８０,木村化工機,機械,木村化工|木村|Kimura Chemical Plants Co.|Ltd.,特定のブランド名や製品名は公表されていない可能性があります。,"[""会社名: 木村化工, Kimura Chemical Plants Co., Ltd., 木村化工機,\nブランド名: 申し訳ありませんが、木村化工機の具体的なブランド名や製品名についての情報は手元にありません。"", ""会社名: 木村化工, 木村化工機, Kimura Chemical Plants, KCP, 木村\nブランド名: 申し訳ありませんが、木村化工機の代表的なブランド名や製品名に関する具体的な情報はありません。"", ""会社名: 木村化工機, 木村, 木村化, KKK, Kimura  \nブランド名: 特定のブランド名や製品名は公表されていない可能性があります。""]"
63790,６３７９０,レイズネクスト,建設・資材,RAYS|RAYS NEXT|63790|レイズ,該当なし,"[""申し訳ありませんが、「レイズネクスト」（証券コード: 63790）についての具体的な略称やブランド名に関する情報は持ち合わせていません。一般的に、企業の略称やブランド名は公式の企業情報やプレスリリース、または業界のニュースなどで確認することができます。公式な情報源を参照することをお勧めします。"", ""申し訳ありませんが、「レイズネクスト」（証券コード: 63790）に関する具体的な略称やブランド名の情報は私のデータベースには含まれていません。一般的な情報や推測に基づいて回答することはできませんので、公式な情報源やSNSでのトレンドを直接確認することをお勧めします。"", ""会社名: レイズネクスト, RAYS, RAYS NEXT, 63790, レイズ,\nブランド名: 該当なし""]"
63810,６３８１０,アネスト岩田,機械,ANEST IWATA|IWATA|アネスト|岩田,ANEST IWATA|WIDER|LPH|W-101|W-200,"[""会社名: アネスト岩田, ANEST IWATA, IWATA  \nブランド名: ANEST IWATA, WIDER, LPH, W-101, W-200"", ""会社名: アネスト, 岩田, ANEST IWATA, IWATA, AIWATA  \nブランド名: ANEST IWATA, Iwata Medea, AirGunsa, Bellaria, Supernova"", ""会社名: アネスト, 岩田, AIW, アネスト岩田HD, アネストHD,\nブランド名: アネスト岩田コンプレッサ, アネスト岩田スプレーガン, アネスト岩田真空ポンプ, アネスト岩田エアコンプレッサ, アネスト岩田塗装機器""]"
63830,６３８３０,ダイフク,機械,Daifuku|大福,AS/RS|J-Sort|Cleanway|FA System|Mini Load,"[""会社名: ダイフク, Daifuku,\nブランド名: AS/RS, J-Sort, Cleanway, FA System, Mini Load"", ""会社名: ダイフク, Daifuku, 大福,\nブランド名: FA&DA, Clean FA, AS/RS, Conveyors, AGV"", ""会社名: ダイフク,  \nブランド名: AS/RS, Daifuku Webb, Jervis B. Webb, Wynright, Elite Line Services""]"
63870,６３８７０,サムコ,機械,SAMCO,...|なし,"[""会社名: サムコ, SAMCO,\nブランド名: ..."", ""申し訳ありませんが、「サムコ」（証券コード: 63870）に関する具体的な略称やブランド名のリストを提供することはできません。サムコに関する情報は、公式の企業ウェブサイトや金融情報サイトで確認することをお勧めします。"", ""会社名: サムコ,   \nブランド名: なし""]"
63950,６３９５０,タダノ,機械,Tadano|TADANO|タダノクレーン|TADANO Ltd.,CREVO|ATF|GR|AR|AC,"[""会社名: タダノ, Tadano, TADANO,\nブランド名: CREVO, ATF, GR, AR, AC"", ""会社名: タダノ, TADANO, タダノクレーン, TADANO Ltd.,\nブランド名: CREVO, ATF, GR, AR, ZR"", ""会社名: タダノ, Tadano, 63950,\nブランド名: CREVO, ATF, GR, AR, AC""]"
64060,６４０６０,フジテック,機械,Fujitec|FT|フジテック株式会社|64060,エレベーター|エスカレーター|オートウォーク|フジテックエレベーター|フジテックエスカレーター,"[""会社名: フジテック, Fujitec,\nブランド名: エレベーター, エスカレーター, オートウォーク, リフト, モノレール"", ""会社名: フジテック, FT,\nブランド名: エレベーター, エスカレーター, オートウォーク, フジテックエレベーター, フジテックエスカレーター"", ""会社名: フジテック, FT, フジテック株式会社, Fujitec, 64060,\nブランド名: エレベーター, エスカレーター, オートウォーク, フジテックエレベーター, フジテックエスカレーター,""]"
64070,６４０７０,ＣＫＤ,機械,CKD Corporation|CKD Co.|Ltd.|CKD,CKDバルブ|CKDフィルタ|CKD Pneumatic|CKD Automation|CKD Components,"[""会社名: CKD Corporation, CKD Ltd., CKD Co., Ltd., CKD Inc., CKD Group  \nブランド名: CKD Pneumatic, CKD Automation, CKD Components, CKD Systems, CKD Solutions"", ""会社名: CKD, CKD Corporation, CKD株, CKD株式会社, CKD Co., Ltd.,\nブランド名: WISEシリーズ, CKDエアシリンダ, CKDバルブ, CKDフィルタ, CKDレギュレータ"", ""会社名: CKD, CKD株式会社, CKD Corp, CKD Corporation, CKD Co., Ltd.,\nブランド名: CKD, CKDバルブ, CKDシリンダ, CKDフィルタ, CKDコンポーネント""]"
64120,６４１２０,平和,機械,HEIWA|Heiwa|平和コーポレーション|HEIWA Corporation,CRルパン三世|CR黄門ちゃま|CR戦国乙女|CR銀河鉄道999|CR花の慶次,"[""会社名: 平和, Heiwa,\nブランド名: CR黄門ちゃま, CRルパン三世, CR戦国乙女, CR銀河鉄道999, CR花の慶次"", ""会社名: 平和, HEIWA, 平和コーポレーション, HEIWA Corporation, 平和グループ  \nブランド名: CRアクエリオン, CRルパン三世, CRゴルゴ13, CR北斗の拳, CRエヴァンゲリオン"", ""会社名: 平和, HEIWA,  \nブランド名: アムテックス, ゴルフ,  \n\n(Note: The company \""平和\"" is known for its involvement in the pachinko and gaming industry, and \""アムテックス\"" is one of its well-known brands. The company also has interests in golf-related businesses.)""]"
64130,６４１３０,理想科学工業,機械,理想科学|理想|RISO|Riso Kagaku,リソグラフ|ComColor|ORPHIS|オルフィス|RISO Digital Duplicator,"[""会社名: 理想科学, 理想科学工業, Riso Kagaku, Riso,\nブランド名: リソグラフ, オルフィス, ComColor, RISO Digital Duplicator, RISO Inkjet Printer"", ""会社名: 理想, RISO, 理想科学  \nブランド名: リソグラフ, ComColor, ORPHIS"", ""会社名: 理想, 理想科学, RISO, 理想科学工業, 理想工業  \nブランド名: リソグラフ, ComColor, ORPHIS, EZシリーズ, RISOインク""]"
64170,６４１７０,ＳＡＮＫＹＯ,機械,SANKYO|三共|サンキョー|6417|パチンコメーカー,フィーバー|CRフィーバー|パワフル|スーパーコンビ|ビッグパワフル,"[""会社名: SANKYO, 三共,\nブランド名: フィーバー, CRフィーバー, パワフル, スーパーコンビ, ビッグパワフル"", ""会社名: SANKYO, サンキョー, 6417, パチンコメーカー, SANKYO Co., Ltd.,\nブランド名: フィーバー, CRフィーバー, パワフル, ビスティ, ジェイビー"", ""会社名: SANKYO, 三共, パチンコ三共, 64170, 三共株式会社  \nブランド名: フィーバー, CRフィーバー, パワフル, スーパーコンビ, ドリームクルーン""]"
64180,６４１８０,日本金銭機械,機械,JCM|日本金銭|金銭機械|日金,サンフィット|サンフレックス|サンリード|サンシャイン|サンマックス,"[""会社名: JCM, 日本金銭機械,\nブランド名: サンフィット, サンフレックス, サンリード, サンシャイン, サンマックス"", ""会社名: JCM, 日本金銭, 日本金銭機械,\nブランド名: サーマルプリンター, バリデーター, レシートプリンター, コインカウンター, ビルバリデーター"", ""会社名: JCM, 日本金銭, 金銭機械, 日金, JCMホールディングス,\nブランド名: JCM Global, Vega, iVizion, UBA, FUZION""]"
64190,６４１９０,マースグループホールディングス,機械,マースグループ,,"[""申し訳ありませんが、「マースグループホールディングス」（証券コード: 64190）に関する具体的な略称やブランド名についての情報は持ち合わせていません。一般的には、企業の略称やブランド名は公式ウェブサイトやプレスリリース、または業界のニュースなどで確認することができます。"", ""申し訳ありませんが、「マースグループホールディングス」（証券コード: 64190）に関する具体的な略称やブランド名の情報は持っていません。一般的に、企業の略称やブランド名は公式ウェブサイトやプレスリリース、またはSNSでの使用例を確認することで特定できます。公式な情報源を参照することをお勧めします。"", ""申し訳ありませんが、「マースグループホールディングス」（証券コード: 64190）に関する具体的な略称、ニックネーム、ブランド名、製品名についての情報は持っていません。一般的には、企業の略称やニックネームは、企業の正式名称や業界内での通称に基づいて決まることが多いです。ブランド名や製品名については、企業の公式ウェブサイトやプレスリリースなどで確認することをお勧めします。""]"
64200,６４２００,ガリレイ,機械,,64200）に関する具体的な情報は私のデータベースには含まれていないようです。そのため、会社の略称やブランド名についての具体的なリストを提供することができません。最新の情報は、公式の金融ニュースや企業の公式発表を参照してください。,"[""申し訳ありませんが、「ガリレイ」（証券コード: 64200）に関する具体的な情報は私のデータベースには含まれていないようです。そのため、会社の略称やブランド名についての具体的なリストを提供することができません。最新の情報は、公式の金融ニュースや企業の公式発表を参照してください。"", ""申し訳ありませんが、「ガリレイ」（証券コード: 64200）についての具体的な情報は私のデータベースには含まれていないようです。そのため、会社の略称やブランド名を特定することはできません。ガリレイに関する詳細な情報は、公式ウェブサイトや金融情報プラットフォームで確認することをお勧めします。"", ""申し訳ありませんが、「ガリレイ」（証券コード: 64200）に関する具体的な略称やニックネーム、ブランド名、製品名についての情報は持っていません。日本の金融ニュースや見出しでの表現についても、特定の企業や製品に関する情報は提供できません。一般的な情報や他の質問についてお手伝いできることがあればお知らせください。""]"
64300,６４３００,ダイコク電機,機械,ダイコク|Daikoku|DKK|64300|Daikoku Denki,BiGMO|VEGASIA|DK-SIS|DK-ALERT|DK-ECO,"[""会社名: ダイコク, Daikoku Denki, Daikoku,\nブランド名: BiGMO, VEGASIA, DK-SIS, CII, MIRAIGATE"", ""会社名: ダイコク, ダイコク電機, Daikoku, DKK, 64300  \nブランド名: BiGMO, VEGASIA, DK-SIS, DK-ALERT, DK-ECO"", ""会社名: ダイコク, ダイコク電, DKK, Daikoku, 64300,  \nブランド名: BiGMO, VEGASIA, DK-SIS, DK-ALERT, DK-ECO""]"
64320,６４３２０,竹内製作所,機械,Takeuchi|竹内|Takeuchi Mfg,TLシリーズ|Takeuchi|TBシリーズ|TWシリーズ|FRシリーズ,"[""会社名: 竹内製作所, Takeuchi,\nブランド名: Takeuchi, TBシリーズ, TLシリーズ, TWシリーズ, FRシリーズ"", ""会社名: 竹内, Takeuchi, Takeuchi Mfg, 竹内製作所, 竹内マシン,\nブランド名: Takeuchi Compact Excavators, Takeuchi Track Loaders, Takeuchi Wheel Loaders, Takeuchi Skid Steer Loaders, Takeuchi Attachments"", ""会社名: タケウチ, 竹内, 竹内製作, TAKEUCHI, 竹内製作所,\nブランド名: ミニショベル, クローラーローダー, コンパクトトラックローダー, TAKEUCHI, TLシリーズ""]"
64360,６４３６０,アマノ,機械,AMANO,タイムレコーダー|クリーンシステム|環境システム|パーキングシステム|ヘルスケアシステム,"[""会社名: アマノ,\nブランド名: タイムレコーダー, クリーンシステム, 環境システム, パーキングシステム, ヘルスケアシステム"", ""会社名: アマノ, AMANO,\nブランド名: タイムレコーダー, クリーンシステム, パーキングシステム, 環境システム, セキュリティシステム"", ""会社名: アマノ,  \nブランド名: タイムレコーダー, クリーンシステム, 環境システム, パーキングシステム, ヘルスケアシステム""]"
64400,６４４００,ＪＵＫＩ,機械,JUKI|ジューキ|JUKI Corporation|JUKI株,MOシリーズ|HZLシリーズ|DDLシリーズ|TLシリーズ|AMSシリーズ,"[""会社名: JUKI, ジューキ,\nブランド名: DDLシリーズ, MOシリーズ, AMSシリーズ, LUシリーズ, HZLシリーズ"", ""会社名: JUKI, ジューキ, JUKI Corporation, JUKI株,\nブランド名: JUKIミシン, HZLシリーズ, MOシリーズ, TLシリーズ, DXシリーズ"", ""会社名: JUKI, ジューキ, JUKI Corporation,\nブランド名: JUKI, MOシリーズ, HZLシリーズ, DDLシリーズ, TLシリーズ""]"
64450,６４４５０,ジャノメ,機械,Janome|ジャノメミシン|Janome Sewing Machine|JSM,メモリークラフト|センサークラフト|ホライゾン|コンパル|ニューホーム,"[""会社名: ジャノメ, Janome, Janome Sewing Machine Co., Ltd.,\nブランド名: メモリークラフト, センサークラフト, ホライゾン, コンパル, ニューホーム"", ""会社名: ジャノメ, Janome, ジャノメミシン, Janome Sewing Machine, JSM,\nブランド名: メモリークラフト, センサークラフト, ホライゾン, ニューホーム, ハローキティミシン"", ""会社名: ジャノメ, Janome, ジャノメミシン, Janome Sewing Machine, JSM  \nブランド名: メモリークラフト, センサークラフト, ホライゾン, コンパル, ハローキティミシン""]"
64480,６４４８０,ブラザー工業,電機・精密,ブラザー|Brother Industries|Brother|BI,プリンター|ミシン|スキャナー|P-touch|ファクス,"[""会社名: ブラザー, Brother Industries,\nブランド名: プリンター, ミシン, ファクス, スキャナー, ラベルプリンター"", ""会社名: ブラザー, Brother, ブラザー工業, Brother Industries, BI  \nブランド名: プリンター, ミシン, P-touch, FAX, スキャナー"", ""会社名: ブラザー, ブラザー工業, Brother, Brother Industries, BI  \nブランド名: プリンター, ミシン, P-touch, MFC, HL""]"
64540,６４５４０,マックス,機械,,,"[""申し訳ありませんが、「マックス」（証券コード: 64540）に関する具体的な略称やブランド名の情報は持っていません。一般的には、企業の略称やブランド名は公式ウェブサイトやプレスリリースで確認できることが多いです。具体的な情報を知りたい場合は、直接企業の公式情報を参照することをお勧めします。"", ""申し訳ありませんが、「マックス」（証券コード: 64540）に関する具体的な略称やブランド名のリストを提供することはできません。ただし、一般的に企業の略称やブランド名は公式ウェブサイトや投資家向け資料で確認できることが多いです。具体的な情報をお求めの場合は、公式な情報源をご参照ください。"", ""申し訳ありませんが、「マックス」（証券コード: 64540）に関する具体的な略称やニックネーム、ブランド名、製品名についての情報は持ち合わせていません。ただし、一般的に企業名やブランド名、製品名は公式ウェブサイトや金融ニュースで確認することができます。具体的な情報が必要な場合は、公式な情報源を参照することをお勧めします。""]"
64550,６４５５０,モリタホールディングス,自動車・輸送機,モリタHD,モリタ|モリタファイヤー|モリタエアロスペース,"[""申し訳ありませんが、「モリタホールディングス」（証券コード: 64550）に関する具体的な略称やブランド名のリストを提供することはできません。ただし、一般的に企業の略称やブランド名は公式ウェブサイトやプレスリリースなどで確認できることが多いです。モリタホールディングスの公式情報を参照することをお勧めします。"", ""申し訳ありませんが、「モリタホールディングス」（証券コード: 64550）に関する具体的な略称やブランド名の情報は私のデータベースには含まれていません。一般的には、企業の略称やニックネームは公式なものではなく、SNSやトレーダー間での使用に依存するため、特定の情報を提供することは難しいです。\n\nただし、一般的な方法として、企業の略称は社名の一部を短縮したものや、英語名を基にしたものが使われることが多いです。また、ブランド名や製品名は企業の公式ウェブサイトやプレスリ"", ""会社名: モリタHD,  \nブランド名: モリタ, モリタファイヤー, モリタエアロスペース, モリタテクノス, モリタサービス""]"
64570,６４５７０,グローリー,機械,GLORY|グローリー株式会社|グローリーインク,Glory Global Solutions|Glory GFS-100|Glory UW-F Series|Glory CI-10|Glory RBG-200,"[""会社名: グローリー,\nブランド名: Glory Global Solutions, Glory GFS-100, Glory UW-F Series, Glory CI-10, Glory RBG-200"", ""会社名: グローリー, GLORY, グローリー工業, グローリー株式会社, グローリーインク  \nブランド名: Glory Global Solutions, GFS-100, UW-500, UW-600, UW-700"", ""会社名: グローリー, GLORY, グローリー株式会社,   \nブランド名: Glory,  \n\n(Note: The company is primarily known as \""グローリー\"" or \""GLORY\"" in financial news. Specific product names or additional brands may not be as commonly referenced in general financial news headlines.)""]"
64580,６４５８０,新晃工業,機械,新晃|Shincoh|新晃工|SKK,SAシリーズ|SFDシリーズ|SFD-Vシリーズ|SFD-Hシリーズ|SFD-Cシリーズ,"[""会社名: 新晃, 新晃工業, Shincoh,\nブランド名: SAシリーズ, SFDシリーズ, SFD-Vシリーズ, SFD-Hシリーズ, SFD-Cシリーズ"", ""申し訳ありませんが、「新晃工業」についての具体的な略称やブランド名に関する情報は私のデータベースには含まれていません。一般的に、企業の略称やブランド名は公式サイトや業界の資料で確認することができます。具体的な情報を知りたい場合は、公式な情報源を参照することをお勧めします。"", ""会社名: 新晃, 新晃工, SKK,   \nブランド名: 具体的なブランド名や製品名は公開されていない可能性があります。""]"
64590,６４５９０,大和冷機工業,機械,大和冷機|Yamato|Yamato Refrigeration|DRK|Daiwa,クールキーパー|フレッシュマスター|エコフリーザー|スーパーチラー|パワークーラー,"[""会社名: 大和冷機, Daiwa, Daiwa Refrigeration,\nブランド名: クールキーパー, フレッシュマスター, エコフリーザー, スーパーチラー, パワークーラー"", ""会社名: 大和冷機, 大和冷機工業, Yamato, Yamato Refrigeration, DRK,\nブランド名: クールキーパー, フレッシュマスター, パワークーラー, エコフリーザー, スマートクール"", ""会社名: 大和冷機, 大和冷機工, DRK, Yamato, Yamato Refrigeration,\nブランド名: クールキーパー, フレッシュマスター, エコフリーザー, スーパーチラー, クールボックス""]"
64600,６４６００,セガサミーホールディングス,機械,セガサミー|SSHD|Sega Sammy Holdings,セガ|サミー|パチスロ|アトラス|ファンタシースター,"[""会社名: セガサミー, Sega Sammy Holdings, セガサミーホールディングス, セガサミーHD, セガサミーグループ  \nブランド名: セガ, サミー, パチスロ, アトラス, ロデオ"", ""会社名: セガサミー, セガサミーホールディングス, Sega Sammy, セガサミーHD, SSHD  \nブランド名: セガ, サミー, 龍が如く, ファンタシースター, パチスロ"", ""会社名: セガサミー, セガ, サミー, SSHD, セガサミーHD,\nブランド名: サミー, セガ, アトラス, ファンタシースター, ソニック""]"
64630,６４６３０,ＴＰＲ,機械,TPR|ティーピーアール|TPR Co.|Ltd.,...|Neo Piston|Neo Ring|Neo Bearing|Neo Liner,"[""会社名: TPR, ティーピーアール,\nブランド名: ..."", ""会社名: TPR, ティーピーアール, TPR株式会社, TPR Co., Ltd.,\nブランド名: Neo Piston, Neo Ring, Neo Bearing, Neo Liner, Neo Valve"", ""会社名: TPR, TPR株式会社, ティーピーアール, ティーピーアール株式会社, TPR Co., Ltd.,\nブランド名: TPRブランド, TPR製品, TPRエンジン部品, TPRシール, TPRガスケット""]"
64640,６４６４０,ツバキ・ナカシマ,機械,Tsubaki Nakashima|TNK|Tsubaki|ツバキ,プレシジョンボール|トラクションモーター|ローラーベアリング|セラミックボール|リニアガイド,"[""会社名: ツバキ・ナカシマ, Tsubaki Nakashima, TNK,\nブランド名: トラクションモーター, プレシジョンボール, ローラーベアリング, セラミックボール, リニアガイド"", ""会社名: ツバキ, ナカシマ, Tsubaki Nakashima, TNK, Tsubaki\nブランド名: TSUBAKIブランド, プレシジョンボール, ローラーチェーン, カムクラッチ, パワーロック"", ""会社名: ツバキナカシマ, Tsubaki Nakashima, Tsubaki, NSK, TNK,\nブランド名: TSUBAKI, PRECIBALL, Tsubaki Precision, Tsubaki Bearings, Tsubaki Balls,""]"
64650,６４６５０,ホシザキ,機械,Hoshizaki|ホシザキ電機|Hoshizaki Electric|Hoshizaki Corp.,クリスタルクリーン|スターメーカー|スノーフレーク|IMシリーズ|KMシリーズ,"[""会社名: ホシザキ, Hoshizaki,\nブランド名: クリスタルクリーン, スターメーカー, スノーフレーク, スチームクリーン, スマートクール"", ""会社名: ホシザキ, Hoshizaki, ホシザキ電機, Hoshizaki Electric, Hoshizaki Corp.,\nブランド名: クリスタルクリーン, スターメーカー, スノーフレーク, IMシリーズ, KMシリーズ"", ""会社名: ホシザキ, Hoshizaki, HSK,  \nブランド名: IMシリーズ, KMシリーズ, スターシェフ, スターアイス, スターレンジ""]"
64700,６４７００,大豊工業,機械,大豊|Taiho Kogyo|Taiho|大豊工,タイホーベアリング|タイホーメタル|タイホーシール|タイホーエンジン部品|タイホーオートパーツ,"[""会社名: 大豊工業, Taiho Kogyo, Taiho, 大豊,\nブランド名: タイホーベアリング, タイホーメタル, タイホーシール, タイホーエンジン部品, タイホーオートパーツ"", ""申し訳ありませんが、「大豊工業」（証券コード: 64700）に関する具体的な略称やブランド名のリストは提供できません。一般的には、企業の略称やブランド名は公式ウェブサイトや投資家向け資料、またはSNSでのユーザーの投稿などで確認できることがあります。具体的な情報を得るためには、これらの情報源を参照することをお勧めします。"", ""会社名: 大豊, 大豊工, TAIHO,  \nブランド名: 具体的なブランド名や製品名の情報はありません。""]"
64710,６４７１０,日本精工,機械,NSK|NSK Ltd.|Nippon Seiko Co.|Ltd.,ベアリング|精密機器|自動車部品|モーションコントロール|ボールねじ,"[""会社名: NSK, 日本精工, Nippon Seiko Co., Ltd.,\nブランド名: ベアリング, ボールねじ, リニアガイド, 精密機器, 自動車部品"", ""会社名: NSK, 日本精工, Nippon Seiko, NSK Ltd., NSKグループ  \nブランド名: ベアリング, モーションコントロール, 自動車部品, 精密機器, 産業機械"", ""会社名: NSK, 日本精工, NSK Ltd.,\nブランド名: ベアリング, 精密機器, モーションコントロール, 自動車部品, 産業機械部品""]"
64720,６４７２０,ＮＴＮ,機械,NTN|NTN Corporation|エヌティーエヌ,ウルトラタフ|スーパーテクノベアリング|BEARPHITE|BOWER|NTN-SNR,"[""会社名: NTN, NTN Corporation, エヌティーエヌ,\nブランド名: BEARPHITE, BOWER, NTN-SNR, SENTINEL, ULTAGE"", ""会社名: NTN, エヌティーエヌ, NTN Corporation, エヌティーエヌ株式会社, NTN株式会社\n\nブランド名: ウルトラタフ, スフェリカルローラーベアリング, プレシジョンベアリング, ニードルローラーベアリング, スーパーテクノベアリング"", ""会社名: NTN, NTN株式会社, NTN Corp, NTN Corporation, エヌティーエヌ,\nブランド名: ウルトラタフ, スーパーテクノベアリング, プレミアムベアリング, エコベアリング, ハイブリッドベアリング""]"
64730,６４７３０,ジェイテクト,機械,JTEKT|Jテクト|Jテク|ジェイテク,TOYODA|Koyo|TORSEN|LHD|JTEKTステアリングシステム,"[""会社名: ジェイテクト, JTEKT,\nブランド名: Koyo, TOYODA, LHD, TORSEN, JTEKTステアリングシステム"", ""会社名: ジェイテクト, JTEKT, Jテクト, Jテク, ジェイテク,\nブランド名: KOYO, TOYODA, LITE, Koyo Bearings, JTEKT Steering Systems"", ""会社名: ジェイテクト, JTEKT,\nブランド名: Koyo, TOYODA, TORSEN, J-PAS, LFT-Coupling""]"
64740,６４７４０,不二越,機械,NACHI|NACHI-FUJIKOSHI|ナチ|ナチ不二越,NACHI|AQUAドリル|MZシリーズ|PRESTO|SGシリーズ,"[""会社名: 不二越, NACHI, NACHI-FUJIKOSHI,\nブランド名: NACHI, AQUAドリル, MZシリーズ, PRESTO, SGシリーズ"", ""会社名: 不二越, NACHI, ナチ, ナチ不二越, NACHI-FUJIKOSHI  \nブランド名: NACHIベアリング, NACHIロボット, NACHI工具, NACHI油圧機器, NACHI切削工具"", ""会社名: 不二越, NACHI, NACHI-FUJIKOSHI, FUJIKOSHI, 6474,\nブランド名: NACHI, NACHI Robotics, NACHI Bearings, NACHI Tools, NACHI Hydraulics,""]"
64790,６４７９０,ミネベアミツミ,電機・精密,ミネベア|ミツミ|MinebeaMitsumi|Minebea,NMB|Myonic|Paradox|Newlite|Machline,"[""会社名: ミネベア, ミツミ, MinebeaMitsumi, Minebea, Mitsumi  \nブランド名: NMB, Myonic, Paradox, Newlite, Machline"", ""会社名: ミネベア, ミツミ, ミネベアミツミ, MinebeaMitsumi, ミネミツ  \nブランド名: パルサー, Myonic, NMB, Paradox, Newlite"", ""会社名: ミネベア, ミツミ, ミネベアミツミ, MinebeaMitsumi, 6479,\nブランド名: NMB, Myonic, Paradox, Elero, Machline,""]"
64800,６４８００,日本トムソン,機械,IKO|トムソン|NTNトムソン|トムソンベアリング,C-Lube|Linear Motion Rolling Guides|IKOベアリング|IKOリニアガイド|IKOニードルローラーベアリング,"[""会社名: 日本トムソン, IKO,\nブランド名: IKOベアリング, IKOリニアガイド, IKOニードルローラーベアリング, IKOカムフォロア, IKOクロスローラーベアリング"", ""会社名: IKO, 日本トムソン, トムソン, NTNトムソン, トムソンベアリング  \nブランド名: C-Lube, Needle Roller Bearings, Linear Motion Rolling Guides, Cam Followers, Roller Followers"", ""会社名: 日本トムソン, IKO, トムソン, NTNトムソン, トムソンベアリング  \nブランド名: IKO, C-Lube, Nippon Thompson, Crossed Roller Bearings, Linear Motion Rolling Guides""]"
64810,６４８１０,ＴＨＫ,機械,THK|ティーエイチケー|ティーエッチケー|THK Co.,LMガイド|ボールねじ|アクチュエータ|リニアモーションシステム|クロスローラリング,"[""会社名: THK, ティーエイチケー, ティーエッチケー,\nブランド名: LMガイド, ボールねじ, アクチュエータ, クロスローラーリング, リニアモーションシステム"", ""会社名: THK, ティーエイチケー, ティーエッチケー, ティーエイチケー株式会社, THK Co., Ltd.,\nブランド名: LMガイド, ボールねじ, アクチュエータ, クロスローラリング, リニアモーションシステム"", ""会社名: THK,  \nブランド名: LMガイド, ボールねじ, アクチュエータ, クロスローラリング, リニアモーションシステム""]"
64820,６４８２０,ＹＵＳＨＩＮ,機械,YUSHIN|ユーシン|YPE|Yushin Precision Equipment|YUSHIN PRECISION EQUIPMENT,RCシリーズ|HOPシリーズ|YPシリーズ|YKシリーズ|YAシリーズ,"[""会社名: YUSHIN, ユーシン, Yushin Precision Equipment, YPE,\nブランド名: RCシリーズ, HOPシリーズ, YPシリーズ, YKシリーズ, YAシリーズ"", ""申し訳ありませんが、「ＹＵＳＨＩＮ」（証券コード: 64820）に関する具体的な略称やブランド名の情報は持ち合わせていません。一般的には、企業の略称やブランド名は公式ウェブサイトやプレスリリース、または業界のニュースなどで確認することができます。もし具体的な情報が必要であれば、そういった情報源を参照することをお勧めします。"", ""会社名: ユーシン, YUSHIN, YUSHIN PRECISION EQUIPMENT, YPE, ユーシン精機,\nブランド名: 情報が不足しているため特定のブランド名や製品名は提供できません。""]"
64850,６４８５０,前澤給装工業,機械,前澤給装|MKS|前澤,,"[""申し訳ありませんが、「前澤給装工業」についての具体的な略称やブランド名の情報は私のデータベースには含まれていないようです。一般的には、企業の略称やブランド名は公式ウェブサイトや金融ニュース、業界の資料などで確認することができます。"", ""申し訳ありませんが、「前澤給装工業」（証券コード: 64850）に関する具体的な略称やブランド名の情報は持ち合わせていません。一般的に、企業の略称やブランド名は公式ウェブサイトや業界の資料で確認することができます。具体的な情報を得るためには、直接企業の公式情報を参照することをお勧めします。"", ""会社名: 前澤給装, MKS, 前澤,\nブランド名: 申し訳ありませんが、前澤給装工業の具体的なブランド名や製品名についての情報は持ち合わせていません。""]"
64860,６４８６０,イーグル工業,機械,イーグル|EKK|Eagle Industry,SEALOL|MEC|DUO|EKKseal,"[""申し訳ありませんが、「イーグル工業」（証券コード: 64860）についての具体的な略称やブランド名の情報は私のデータベースには含まれていないようです。一般的には、企業の略称やブランド名は企業の公式ウェブサイトやプレスリリース、または金融ニュースサイトで確認することができます。"", ""会社名: イーグル, イーグル工業, Eagle Industry, EKK, イーグルインダストリー  \nブランド名: SEALOL, MEC, DUO, EKKseal, EagleBurgmann"", ""会社名: イーグル, イーグル工業, イーグル工, EKK, イーグルK  \nブランド名: EKKシール, EKKバルブ, EKKポンプ, EKKベアリング, EKKエンジニアリング""]"
64900,６４９００,ＰＩＬＬＡＲ,機械,,64900）に関する具体的な情報は私のデータベースには含まれていないようです。そのため、会社の略称やブランド名についてのリストを提供することができません。最新の情報については、公式な情報源や金融情報サービスをご確認ください。,"[""申し訳ありませんが、「ＰＩＬＬＡＲ」（証券コード: 64900）に関する具体的な情報は私のデータベースには含まれていないようです。そのため、会社の略称やブランド名についてのリストを提供することができません。最新の情報については、金融ニュースや公式発表を確認することをお勧めします。"", ""申し訳ありませんが、「ＰＩＬＬＡＲ」（証券コード: 64900）に関する具体的な情報は私のデータベースには含まれていないようです。そのため、会社の略称やブランド名についてのリストを提供することができません。最新の情報については、公式な情報源や金融情報サービスをご確認ください。"", ""申し訳ありませんが、「ＰＩＬＬＡＲ」（証券コード: 64900）に関する具体的な情報は私のデータベースには含まれていないようです。一般的な金融ニュースや見出しで使用される略称やニックネームについても情報が不足しています。\n\nもし他に具体的な情報や質問があればお知らせください。お手伝いできることがあれば対応いたします。""]"
64980,６４９８０,キッツ,機械,KITZ|キッツコーポレーション|KITZ Corporation,KITZバルブ|KITZフィッティング|KITZゲートバルブ|KITZステンレス|KITZ青銅バルブ,"[""会社名: キッツ, KITZ, KITZ Corporation, 株式会社キッツ, キッツコーポレーション  \nブランド名: KITZバルブ, KITZステンレス, KITZ青銅バルブ, KITZ鋳鉄バルブ, KITZ鍛造バルブ"", ""会社名: キッツ, KITZ, キッツバルブ, キッツコーポレーション, キッツ株式会社  \nブランド名: KITZバルブ, KITZフィッティング, KITZアクチュエータ, KITZストレーナ, KITZゲートバルブ"", ""会社名: キッツ, KITZ,   \nブランド名: KITZバルブ, KITZフィッティング, KITZバタフライバルブ, KITZゲートバルブ, KITZボールバルブ""]"
65010,６５０１０,日立製作所,電機・精密,日立|Hitachi|日立製,Lumada|Hitachi Vantara|Hitachi Rail|Hitachi Astemo|Hitachi Energy,"[""会社名: 日立, Hitachi, 日立グループ, 日立製作所,\nブランド名: Lumada, Hitachi Vantara, Hitachi Rail, Hitachi High-Tech, Hitachi Astemo"", ""会社名: 日立, Hitachi, 日立製, 日立グループ, 日立電機  \nブランド名: Lumada, Hitachi Vantara, Hitachi Rail, Hitachi Astemo, Hitachi Energy"", ""会社名: 日立, HITACHI, 日立製作, 日立グループ, 日立製作所,\nブランド名: Lumada, Hitachi Vantara, Hitachi Rail, Hitachi Astemo, Hitachi Energy,""]"
65030,６５０３０,三菱電機,電機・精密,MELCO|Mitsubishi Electric|三菱|6503,MELSEC|GOT|iQ-R|霧ヶ峰|DIATONE,"[""会社名: 三菱電機, Mitsubishi Electric, MELCO,\nブランド名: 霧ヶ峰, DIATONE, MELSEC, GOT, iQ-R"", ""会社名: 三菱電機, MELCO, 三菱, Mitsubishi Electric, 6503,\nブランド名: 霧ヶ峰, DIATONE, MELSEC, GOT, iQ-R"", ""会社名: 三菱, 三菱電, MELCO,  \nブランド名: MELSEC, MELFA, GOT, iQ-R, iQ-F""]"
65040,６５０４０,富士電機,電機・精密,Fuji Electric|FE|富士電|富士,FRENIC|MICREX|FALDIC|ALPHA5|PXR,"[""会社名: 富士電機, Fuji Electric, FE,\nブランド名: FRENIC, MICREX, FALDIC, ALPHA5, V-Flow"", ""会社名: 富士電, 富士電機, Fuji Electric, FE, 富士  \nブランド名: FRENIC, MICREX, FALDIC, ALPHA5, PXR"", ""会社名: 富士電機, 富士電, 富士電機ホールディングス, FE, Fuji Electric,\nブランド名: FRENIC, MICREX, PXR, F-MPC, V-series""]"
65060,６５０６０,安川電機,電機・精密,安川|Yaskawa|安川電|Yaskawa Electric,MOTOMAN|Σ-7|Σ-V|GA700|R1000,"[""会社名: 安川, Yaskawa, 安川電機,\nブランド名: MOTOMAN, Σ-V, Σ-7, GA700, R1000"", ""会社名: 安川, Yaskawa, 安川電, YASKAWA Electric, Yaskawa Electric,\nブランド名: MOTOMAN, Σ-7, GA700, V1000, DX200"", ""会社名: 安川, Yaskawa, 安川電, YEC, Yaskawa Electric,\nブランド名: MOTOMAN, Σ-7, Σ-V, Σ-5, Σ-III""]"
65070,６５０７０,シンフォニアテクノロジー,電機・精密,シンフォニア|Syntech|シンフォニアテクノ,パワーエレクトロニクス|マテリアルハンドリングシステム|精密機器|FAシステム|環境システム,"[""会社名: シンフォニア, シンフォニアテクノロジー, Syntech\nブランド名: パワーエレクトロニクス, マテリアルハンドリングシステム, 精密機器, FAシステム, 環境システム"", ""申し訳ありませんが、「シンフォニアテクノロジー」（証券コード: 65070）についての具体的な略称やブランド名のリストを提供することはできません。ただし、一般的に企業の略称やブランド名は公式ウェブサイトやプレスリリース、または業界の専門誌などで確認することができます。"", ""会社名: シンフォニア, シンフォニアテクノ,\nブランド名: なし""]"
65080,６５０８０,明電舎,電機・精密,Meidensha|MEIDEN|明電,Meiden Motor|Meiden Drive|Meiden Transformer|Meiden Switchgear|Meiden Generator,"[""会社名: 明電舎, Meidensha, MEIDEN,\nブランド名: Meiden Motor, Meiden Drive, Meiden Transformer, Meiden Switchgear, Meiden Generator"", ""会社名: 明電, Meidensha, 明電舎,\nブランド名: メイテック, Meiden Green Products, Meiden Drive, Meiden Motor, Meiden Transformer"", ""会社名: 明電, MEIDEN,\nブランド名: Meiden, Meiden Green, Meiden Drive, Meiden Motor, Meiden Transformer""]"
65160,６５１６０,山洋電気,電機・精密,山洋|山洋電|SANYO|SANYO DENKI,SAN ACE|SANMOTION|SANUPS|SANLOGIC|SANVOLT,"[""会社名: 山洋, SANYO DENKI, 山洋電, SANYO,\nブランド名: SAN ACE, SANMOTION, SANUPS, SANLOGIC, SANVOLT"", ""会社名: 山洋, SANYO, 山洋電, 山洋電機, SANYO Electric,\nブランド名: SAN ACE, SANMOTION, SANUPS, SANMOTION C, SANMOTION F"", ""会社名: 山洋, 山洋電,\nブランド名: サンケン, サンケン電気, サンケンファン, サンケンモーター, サンケンシステム""]"
65170,６５１７０,デンヨー,電機・精密,Denyo|デンヨー株式会社|Denyo Co.|Ltd.,DCAシリーズ|DAシリーズ|DENYO|DLWシリーズ|DPGシリーズ,"[""会社名: デンヨー, Denyo,\nブランド名: DENYO, DCAシリーズ, DAシリーズ, DLWシリーズ, DPGシリーズ"", ""会社名: デンヨー, Denyo, デンヨー株式会社, Denyo Co., Ltd.,\nブランド名: DCAシリーズ, DAシリーズ, DENYO GENERATOR, DENYO WELDER, DENYO COMPRESSOR"", ""会社名: デンヨー, Denyo, 65170, デンヨー株式会社, Denyo Co., Ltd.,\nブランド名: Denyo Generator, デンヨージェネレーター, DCAシリーズ, DAシリーズ, デンヨー溶接機""]"
65230,６５２３０,ＰＨＣホールディングス,電機・精密,PHC Holdings|PHC|ＰＨＣ,BIOSCIENCE|LSI Medience|Ascensia Diabetes Care|Epredia|PHCbi,"[""会社名: PHC, PHC Holdings,\nブランド名: BIOSCIENCE, LSI Medience, Ascensia Diabetes Care, Epredia, PHCbi"", ""会社名: PHC, PHC Holdings, PHCホールディングス, PHCグループ, PHC HD  \nブランド名: BIOSCIENCE, MEDI-SAFE, HemoCue, Ascensia, LSI Medience"", ""会社名: ＰＨＣ, PHCホールディングス, PHC Holdings,\nブランド名: BIOSCIENCE, LSI Medience, Ascensia Diabetes Care, Epredia, PHCbi""]"
65250,６５２５０,ＫＯＫＵＳＡＩ　ＥＬＥＣＴＲＩＣ,電機・精密,KOKUSAI|KOKUSAI ELECTRIC|国際電気|65250|KOKUSAI Electric,[具体的なブランド名や製品名があればここに記載されます]|(情報が不足しているため、具体的なブランド名や製品名は特定できません),"[""申し訳ありませんが、「ＫＯＫＵＳＡＩ　ＥＬＥＣＴＲＩＣ」（証券コード: 65250）に関する具体的な略称やブランド名についての情報は持っていません。ただし、一般的な企業の場合、以下のような形式が考えられます。\n\n会社名: KOKUSAI, KOKUSAI Electric, KOKUSAI ELECTRIC Corp.,\nブランド名: [具体的なブランド名や製品名があればここに記載されます]\n\n具体的な情報については、公式の企業ウェブサイトや最新のプレスリリースを参照することをお勧めします。"", ""会社名: KOKUSAI, KOKUSAI ELECTRIC, 国際電気, 国際エレクトリック, 65250  \nブランド名: (情報が不足しているため、具体的なブランド名や製品名は特定できません)"", ""会社名: KOKUSAI, KOKUSAI ELECTRIC, 国際電気, 国際, 65250  \nブランド名: 情報が不足しているため具体的なブランド名や製品名は提供できません。""]"
65260,６５２６０,ソシオネクスト,電機・精密,SN|Socionext|ソシオ|ソシオネ,SynQuacer|SC2A11|SC2000|SC1x|SC2x,"[""会社名: ソシオネクスト, Socionext, SN,\nブランド名: SynQuacer, SC2A11, SC2000, SC1x, SC2x"", ""会社名: ソシオ, ソシオネ, SN,\nブランド名: SynQuacer, SynView, SynBridge, SynLink, SynCloud"", ""会社名: ソシオネクスト, SN, Socionext,\nブランド名: 具体的なブランド名や製品名は公開されていない場合がありますが、一般的に「Socionext」ブランドで製品を展開しています。""]"
65320,６５３２０,ベイカレント,情報通信・サービスその他,BayCurrent|ベイカレ|ベイカレントコンサルティング|BCC,なし|該当なし,"[""会社名: ベイカレント, BayCurrent,\nブランド名: なし"", ""会社名: ベイカレ, BayCurrent, ベイカレントコンサルティング, BCC, ベイカレント・コンサルティング,\nブランド名: 該当なし"", ""会社名: ベイカレ, ベイカレント, BC, ベイカレントコンサルティング, BCC,\nブランド名: 特定のブランド名や製品名は一般的に知られていません。""]"
65330,６５３３０,Ｏｒｃｈｅｓｔｒａ　Ｈｏｌｄｉｎｇｓ,情報通信・サービスその他,オーケストラ|Orchestra|OH,...|なし,"[""申し訳ありませんが、「Ｏｒｃｈｅｓｔｒａ　Ｈｏｌｄｉｎｇｓ」（証券コード: 65330）についての具体的な略称やブランド名の情報は持っていません。一般的に、企業の略称やブランド名は公式ウェブサイトやプレスリリースなどで確認することができます。"", ""会社名: オーケストラ, Orchestra, OH, オーケストラHD, オーケストラホールディングス  \nブランド名: ..."", ""会社名: オーケストラHD, オーケストラホールディングス, オーケストラ,\nブランド名: なし""]"
65350,６５３５０,アイモバイル,情報通信・サービスその他,アイモバ|i-mobile|アイモ|IMB|アイ,i-mobile Affiliate|i-mobile Ad Network|i-mobile for SP|AdMob|maio,"[""会社名: アイモバ, i-mobile, アイモバイル,\nブランド名: Seesaaブログ, AdStir, i-mobile Ad Network, i-mobile Affiliate, i-mobile for SP"", ""会社名: アイモバ, i-mobile, アイモバイル,\nブランド名: AdMob, maio, i-mobile Ad Network, i-mobile Affiliate, i-mobile DSP"", ""会社名: アイモバ, i-mobile, アイモ, IMB, アイモバイル,\nブランド名: AdMob, maio, PolymorphicAds, i-mobile for SP, i-mobile Affiliate,""]"
65390,６５３９０,ＭＳ−Ｊａｐａｎ,情報通信・サービスその他,MS-Japan|MSジャパン|エムエスジャパン|MSJ|エムエスJ,なし|...,"[""会社名: MS-Japan, MSジャパン, エムエスジャパン,\nブランド名: ..."", ""会社名: MS-Japan, エムエスジャパン, MSJ, エムエスJ, MS\nブランド名: なし"", ""会社名: MS-Japan, MSジャパン,\nブランド名: なし""]"
65440,６５４４０,ジャパンエレベーターサービスホールディングス,情報通信・サービスその他,JES|ジャパンエレベーターサービス|エレベーターサービス|Jエレベーター,情報が不足しているため、代表的なブランド名や製品名は特定できません。|特定のブランド名や製品名は公表されていない可能性があります。,"[""会社名: JES, ジャパンエレベーターサービス,\nブランド名: 申し訳ありませんが、ジャパンエレベーターサービスホールディングスの具体的なブランド名や製品名についての情報は提供できません。"", ""会社名: JES, ジャパンエレベーター, エレベーターサービス, Jエレベーター, ジャパンエレベーターサービス\nブランド名: 情報が不足しているため、代表的なブランド名や製品名は特定できません。"", ""会社名: JES, ジャパンエレベーター, エレベーターサービス, Jエレベーター, ジャパンエレベーターHD,\nブランド名: 特定のブランド名や製品名は公表されていない可能性があります。""]"
65600,６５６００,エル・ティー・エス,情報通信・サービスその他,LTS|エルティーエス|6560|エル・ティー・エス株式会社,,"[""申し訳ありませんが、「エル・ティー・エス」（証券コード: 65600）に関する具体的な略称やブランド名の情報は持ち合わせていません。一般的には、企業の略称やブランド名は公式ウェブサイトやプレスリリースなどで確認することができます。"", ""申し訳ありませんが、「エル・ティー・エス」（証券コード: 65600）に関する具体的な略称やブランド名のリストを提供することはできません。ただし、一般的な方法として、企業の略称やブランド名は公式ウェブサイトやプレスリリース、または業界のニュースなどで確認することができます。"", ""会社名: LTS, エルティーエス, 6560, LTS株式会社, エル・ティー・エス株式会社  \nブランド名: 特定のブランド名や製品名は確認できません。""]"
65640,６５６４０,ミダックホールディングス,情報通信・サービスその他,ミダック|MIDAC,該当なし,"[""申し訳ありませんが、「ミダックホールディングス」についての具体的な略称やブランド名の情報は持ち合わせていません。一般的に、企業の略称やブランド名は公式ウェブサイトやプレスリリース、または業界ニュースなどで確認することができます。"", ""会社名: ミダック, ミダックHD, ミダックホールディングス, MIDAC,\nブランド名: 該当なし"", ""会社名: ミダック, ミダックHD, ミダックホールディングス,\nブランド名: 申し訳ありませんが、ミダックホールディングスに特定のブランド名や製品名は確認できません。""]"
65710,６５７１０,キュービーネットホールディングス,情報通信・サービスその他,QBネット|キュービーネット|QBH,QBハウス|QBプレミアムカット|QBキッズカット|QBスタイルフィット|QBメンズグルーミング,"[""会社名: QBネット, QBホールディングス, キュービーネット,\nブランド名: QBハウス, QBプレミアムカット, QBキッズカット, QBスタイルフィット, QBメンズグルーミング"", ""申し訳ありませんが、「キュービーネットホールディングス」（証券コード: 65710）に関する具体的な略称やブランド名の情報は持ち合わせていません。一般的に、企業の略称やブランド名は公式ウェブサイトやプレスリリース、またはSNSでの言及を通じて確認することができます。公式な情報源を参照することをお勧めします。"", ""会社名: QBネット, QBホールディングス, キュービーHD, キュービーネット, QBH,\nブランド名: QBハウス, QBプレミアム, QBキッズ, QBスタイル, QBメンズ,""]"
65720,６５７２０,オープングループ,情報通信・サービスその他,オープン,,"[""申し訳ありませんが、「オープングループ」（証券コード: 65720）に関する具体的な略称やブランド名についての情報は持っていません。一般的には、企業の略称やブランド名は公式ウェブサイトやプレスリリース、または金融ニュースで確認することができます。具体的な情報を知りたい場合は、これらの情報源を参照することをお勧めします。"", ""申し訳ありませんが、「オープングループ」（証券コード: 65720）に関する具体的な略称やブランド名の情報は持ち合わせていません。一般的に、企業の略称やブランド名は公式ウェブサイトやプレスリリース、またはSNSでの使用例を参考にすることができます。具体的な情報を得るためには、これらの情報源を確認することをお勧めします。"", ""申し訳ありませんが、「オープングループ」（証券コード: 65720）に関する具体的な略称やブランド名、製品名についての情報は私のデータベースには含まれていないようです。一般的に企業名やブランド名、製品名は企業の公式ウェブサイトやプレスリリース、金融ニュースなどで確認することができます。具体的な情報が必要な場合は、これらの情報源を参照することをお勧めします。""]"
65840,６５８４０,三櫻工業,自動車・輸送機,三櫻|Sango|三櫻工,,"[""会社名: 三櫻, 三櫻工業, Sango,\nブランド名: すみませんが、三櫻工業の代表的なブランド名や製品名についての具体的な情報はありません。"", ""申し訳ありませんが、「三櫻工業」（証券コード: 65840）に関する具体的な略称やブランド名の情報は持っていません。一般的には、企業の略称やブランド名は公式ウェブサイトやプレスリリース、または業界内での通称として知られていることが多いです。企業の公式情報や業界の専門家の意見を参考にすることをお勧めします。"", ""会社名: 三櫻, 三櫻工, 三櫻工業,\nブランド名: 具体的なブランド名や製品名は一般的に公開されていない場合が多いため、特定の情報はありません。""]"
65860,６５８６０,マキタ,機械,Makita|65860,充電式インパクトドライバ|充電式ドリルドライバ|充電式丸ノコ|充電式ハンマドリル|充電式クリーナー,"[""会社名: マキタ, Makita,\nブランド名: 充電式インパクトドライバ, 充電式ドリルドライバ, 充電式丸ノコ, 充電式ハンマドリル, 充電式クリーナー"", ""会社名: マキタ, Makita,\nブランド名: 18V LXT, 40V Max XGT, CXT, Makpac, DXT"", ""会社名: マキタ, Makita, 65860,   \nブランド名: マキタ, Makita, 充電工具, 電動工具, パワーツール""]"
65880,６５８８０,東芝テック,電機・精密,東芝テック株式会社|TOSHIBA TEC|Toshiba Tec,e-STUDIO|B-EX4T|B-FV4D|B-852|B-EP4DL,"[""会社名: 東芝テック, Toshiba Tec, 東芝テック株式会社, Toshiba Tec Corporation, 東芝テックグループ  \nブランド名: e-STUDIO, TEC, B-FV4D, B-EX4T, B-852"", ""会社名: 東芝テック, TOSHIBA TEC, テック,\nブランド名: e-STUDIO, TEC POS, B-FV4D, B-EX4T, B-EP4DL"", ""会社名: 東芝テック, 東芝テック株式会社, TOSHIBA TEC, TEC, 東芝テックグループ  \nブランド名: e-STUDIO, B-FV4, B-EX4T, B-EP4DL, B-852""]"
65900,６５９００,芝浦メカトロニクス,電機・精密,芝浦|芝浦メカ|Shibaura|Shibaura Mechatronics|SMEC,具体的なブランド名や製品名の情報は公開されていません。|具体的なブランド名や製品名は公表されていない可能性があります。,"[""申し訳ありませんが、具体的な企業の略称やブランド名についての情報は提供できません。ただし、一般的な方法として、企業の公式ウェブサイトや投資家向けの資料を参照することで、正確な情報を得ることができます。"", ""会社名: 芝浦, 芝浦メカ, Shibaura, Shibaura Mechatronics, SMEC\nブランド名: 具体的なブランド名や製品名の情報は公開されていません。"", ""会社名: 芝浦, 芝メカ, SMT,\nブランド名: 具体的なブランド名や製品名は公表されていない可能性があります。""]"
65920,６５９２０,マブチモーター,電機・精密,マブチ|Mabuchi Motor|Mabuchi|65920,RSシリーズ|FFシリーズ|REシリーズ|FCシリーズ|FKシリーズ,"[""会社名: マブチ, Mabuchi Motor, マブチモーター,\nブランド名: RSシリーズ, FFシリーズ, REシリーズ, FCシリーズ, FKシリーズ"", ""会社名: マブチ, Mabuchi, マブチモーター, Mabuchi Motor, 65920  \nブランド名: RS-540, FA-130, FF-180, FC-280, FK-180"", ""会社名: マブチ, マブチモ, マブチモー, マブチ電機, マブチモーターズ,\nブランド名: RSモーター, FFモーター, REモーター, FCモーター, FKモーター""]"
65940,６５９４０,ニデック,電機・精密,日本電産|Nidec|Nidec Corporation|Nidec Group,EMAX|Copal Electronics|Sankyo|Shimpo|Kinetek,"[""会社名: 日本電産, Nidec, ニデック, Nidec Corporation, Nidec Group  \nブランド名: EMAX, Copal Electronics, Sankyo, Shimpo, Kinetek"", ""会社名: ニデック, Nidec, 日本電産,\nブランド名: Eマシンズ, シーメンス, コパル, サンヨー電機, ジェイテクト"", ""会社名: ニデック, 日本電産, Nidec, NIDEC, Nidec Corporation  \nブランド名: Nidec Motor, Nidec Drive, Nidec Servo, Nidec Copal, Nidec Sankyo""]"
66150,６６１５０,ユー・エム・シー・エレクトロニクス,電機・精密,UMC Electronics|ユーエムシー|UMC|UMCエレ|ユー・エム・シー・,情報が不足しているため、代表的なブランド名や製品名は特定できません。|情報が不足しています。,"[""会社名: UMCエレクトロニクス, UMC Electronics, ユーエムシー, UMC,\nブランド名: 情報が不足しているため、代表的なブランド名や製品名は特定できません。"", ""申し訳ありませんが、「ユー・エム・シー・エレクトロニクス」（証券コード: 66150）に関する具体的な略称やブランド名についての情報は持ち合わせていません。一般的に、企業の略称やブランド名は公式ウェブサイトやプレスリリース、または業界内での通称として知られていることが多いです。公式な情報源を確認することをお勧めします。"", ""会社名: UMCエレ, UMC, ユーエムシー, ユーエムシーエレ, UMC Electronics,\nブランド名: 情報が不足しています。""]"
66160,６６１６０,トレックス・セミコンダクター,電機・精密,トレックス|Torex Semiconductor|Torex|トレックスセミコン,XCLシリーズ|XCMシリーズ|XCシリーズ|XCL-Pシリーズ|XCL-Eシリーズ,"[""会社名: トレックス, Torex Semiconductor, Torex,\nブランド名: XCシリーズ, XCLシリーズ, XCMシリーズ, XCL-Pシリーズ, XCL-Eシリーズ"", ""申し訳ありませんが、「トレックス・セミコンダクター」（証券コード: 66160）についての具体的な略称やブランド名のリストは、私のデータベースには含まれていません。ただし、一般的な方法として、企業の略称やニックネームは通常、会社名の一部を短縮したものや、英語名の頭文字を取ったものが使われることが多いです。また、ブランド名や製品名は企業の公式ウェブサイトやプレスリリースで確認することができます。具体的な情報を得るには、直接企業の公式情報を参照することをお勧めします。"", ""会社名: トレックス, トレックスセミコン, トレックス半導体, トレックス・セミ,\nブランド名: XCLシリーズ, XCMシリーズ, XCL-PD, XDLシリーズ, XCL-DC/DCコンバータ""]"
66170,６６１７０,東光高岳,電機・精密,TKTK|Takaoka Electric|東光|高岳,Smart Meter|Takaoka Transformer|Toko Switchgear|Takaoka Power Systems|Toko Grid Solutions,"[""会社名: 東光高岳, Toko Takaoka, TKTK, Toko Electric, Takaoka Electric\nブランド名: Smart Meter, Takaoka Transformer, Toko Switchgear, Takaoka Power Systems, Toko Grid Solutions"", ""会社名: 東光, 高岳, 東光高岳, Takaoka, Takaoka Electric,\nブランド名: なし"", ""会社名: 東光高岳, TKTK, 東光, 高岳, 66170,\nブランド名: 申し訳ありませんが、特定のブランド名や製品名の情報は提供できません。""]"
66190,６６１９０,ダブル・スコープ,電機・精密,W-Scope|ダブスコ|ダブルスコープ|Wスコープ,W-Scope Battery Separator|W-Scope Technology|W-Scope Innovations|W-Scope Solutions|W-Scope Materials,"[""会社名: ダブル・スコープ, W-Scope,\nブランド名: W-Scope Battery Separator, W-Scope Technology, W-Scope Innovations, W-Scope Solutions, W-Scope Materials"", ""会社名: ダブスコ, W-Scope, ダブルスコープ, Wスコープ, ダブル・スコープ\nブランド名: LiBS、LiBScope"", ""会社名: ダブル・スコープ, W-SCOPE, ダブスコ, WSCOPE, ダブルスコープ  \nブランド名: W-SCOPE LiBS, WS LiBS, ダブル・スコープ LiBS, WSCOPE LiBS, ダブスコ LiBS""]"
66200,６６２００,宮越ホールディングス,不動産,宮越HD|MKHD|宮越HLDG,なし,"[""申し訳ありませんが、「宮越ホールディングス」（証券コード: 66200）についての具体的な略称やブランド名の情報は持っていません。一般的に、企業の略称やブランド名は公式ウェブサイトやプレスリリース、または金融ニュースなどで確認することができます。"", ""会社名: 宮越HD, 宮越ホールディングス, MKHD, 宮越,\nブランド名: 申し訳ありませんが、宮越ホールディングスの代表的なブランド名や製品名に関する具体的な情報は持っていません。"", ""会社名: 宮越HD, 宮越HLDG, 宮越ホールディング,\nブランド名: なし""]"
66220,６６２２０,ダイヘン,電機・精密,DAHEN|大阪変圧器|大変|ダイヘン工業,ダイヘンアーク|ダイヘンロボット|ダイヘン溶接機|ダイヘンパワーサプライ,"[""申し訳ありませんが、「ダイヘン」（証券コード: 66220）についての具体的な略称やブランド名を提供することはできません。しかし、一般的に企業の略称やブランド名は公式ウェブサイトや金融ニュース、企業のプレスリリースなどで確認することができます。"", ""会社名: ダイヘン, DAHEN, 大阪変圧器, 大変, ダイヘン工業\nブランド名: ダイヘンアーク, ダイヘンロボット, ダイヘン溶接機, ダイヘンパワーサプライ, ダイヘンインバータ"", ""会社名: ダイヘン, DAHEN,   \nブランド名: ROBOT WELDER, WELBEE, DAIHEN ARC, DAIHEN ROBOT, DAIHEN TRANS""]"
66300,６６３００,ヤーマン,電機・精密,YA-MAN,メディリフト|RFボーテ|フォトプラス|スカルプドライヤー|キャビスパ,"[""会社名: ヤーマン, YA-MAN,\nブランド名: メディリフト, RFボーテ, フォトプラス, スカルプドライヤー, トルネードEMS"", ""会社名: ヤーマン, YA-MAN,\nブランド名: メディリフト, RFボーテ, フォトプラス, キャビスパ, スカルプドライヤー"", ""会社名: ヤーマン, YA-MAN,   \nブランド名: メディリフト, RFボーテ, フォトプラス, キャビスパ, トルネードEMSリフト""]"
66320,６６３２０,ＪＶＣケンウッド,電機・精密,JVC|ケンウッド|JVCケンウッド|JVCKENWOOD|JVCKW,KENWOOD|JVC|Everio|Victor|KENWOOD eXcelon,"[""会社名: JVC, ケンウッド, JVCケンウッド, JVCKENWOOD, JVCKW  \nブランド名: Victor, KENWOOD, JVC, Everio, KENWOOD eXcelon"", ""会社名: JVC, ケンウッド, JVCケンウッド, JVCKW, JVCKENWOOD  \nブランド名: Victor, KENWOOD, JVC, Everio, KENWOOD eXcelon"", ""会社名: JVC, ケンウッド, JVCケンウッド, JVCKW, JVCKENWOOD,\nブランド名: ビクター, ケンウッド, JVC, Everio, KENWOOD,""]"
66380,６６３８０,ミマキエンジニアリング,電機・精密,ミマキ|Mimaki|ミマキエンジ|Mimaki Engineering,JVシリーズ|CJVシリーズ|TSシリーズ|UJFシリーズ|SWJシリーズ,"[""会社名: ミマキ, Mimaki Engineering, Mimaki,\nブランド名: UJFシリーズ, JVシリーズ, CJVシリーズ, TSシリーズ, SWJシリーズ"", ""会社名: ミマキ, Mimaki, ミマキエンジ, ミマキエンジニアリング, 66380\n\nブランド名: UJF, JVシリーズ, CJVシリーズ, TSシリーズ, SWJシリーズ"", ""会社名: ミマキ, ミマキエンジ,\nブランド名: JVシリーズ, UJFシリーズ, TSシリーズ, CJVシリーズ, UCJVシリーズ""]"
66440,６６４４０,大崎電気工業,電機・精密,大崎電気|OSAKI|OSAKI Electric|OEC|大崎,OMNI|スマートメーター|ECHONET Lite|OSR-Nシリーズ|OSGP,"[""会社名: 大崎電気, OSAKI, OSAKI Electric,\nブランド名: スマートメーター, ECHONET Lite, OSR-Nシリーズ, OSGP, OSAKI Metering Solutions"", ""会社名: 大崎電気, OEC, 大崎, OSAKI, OSAKI Electric,\nブランド名: ENEOPT, OMNI, OMNIedge, OSAKI Smart Meter, OSAKI Energy Solutions"", ""会社名: 大崎電気, OEC,  \nブランド名: SMART, OMNI, クリスタル, クリスタルアイ, クリスタルガード""]"
66450,６６４５０,オムロン,電機・精密,OMRON|オムロン株式会社|オムロンヘルスケア,血圧計|体温計|体重計|自動ドア|センサー,"[""会社名: オムロン, OMRON,\nブランド名: 血圧計, 体温計, 体重計, 自動ドア, センサー"", ""会社名: オムロン, OMRON, オムロンヘルスケア, オムロンコーポレーション, オムロン株式会社  \nブランド名: HEMシリーズ, カルディオ, オムロンヘルスケア, オムロンインダストリアルオートメーション, オムロンロボティクス"", ""会社名: オムロン, OMRON, OMRON Corporation, オムロン株式会社, 66450,\nブランド名: HEM, i-Blood Pressure, Kardia, HeartGuide, HBF,""]"
66510,６６５１０,日東工業,電機・精密,1. 会社名（ブランドや製品名は除外）|日東,,"[""申し訳ありませんが、「日東工業」（証券コード: 66510）に関する具体的な略称やブランド名の情報は持ち合わせていません。一般的には、企業の略称やブランド名は公式ウェブサイトやプレスリリース、または業界の専門誌などで確認することができます。"", ""申し訳ありませんが、「日東工業」（証券コード: 66510）に関する具体的な略称やブランド名のリストを提供することはできません。一般的には、企業の略称やブランド名は公式ウェブサイトや投資家向け資料で確認できます。日東工業の公式情報を参照することをお勧めします。"", ""申し訳ありませんが、「日東工業」について具体的な略称やブランド名、製品名の情報は提供できません。ただし、一般的に企業の略称やブランド名、製品名は以下のような形式で表現されることがあります。\n\n1. 会社名（ブランドや製品名は除外）\n   - 日東工業, Nitto Kogyo\n\n2. ブランド名・製品名（あれば）\n   - 具体的なブランド名や製品名は確認できませんが、一般的に企業の製品名は製品のカテゴリや用途に基づいて命名されることが多いです。\n\n詳細な情報は、日東工業の公式ウェブ""]"
66520,６６５２０,ＩＤＥＣ,電機・精密,IDEC|アイデック|IDEC Corporation,TW Series|SmartAXIS|HS5D|FC6A MicroSmart|AP22,"[""会社名: IDEC, アイデック, IDEC Corporation, IDEC株式会社, IDECグループ  \nブランド名: TW Series, SmartAXIS, FC6A MicroSmart, HS5D, AP22"", ""会社名: IDEC, アイデック, アイデック株式会社, IDEC Corporation, IDECグループ  \nブランド名: SmartAXIS, FT1A, MicroSmart, HG1G, HS1T"", ""会社名: IDEC, アイデック, IDEC株式会社, IDECコーポレーション, アイデックコーポレーション  \nブランド名: 和光, TW Series, SA1E, HS5D, EB3L""]"
66740,６６７４０,ジーエス・ユアサ　コーポレーション,電機・精密,GSユアサ|GS Yuasa|ジーエスユアサ|ジーエス・ユアサ|ユアサ,ECO.R|PRODA|ENELOOP|LEAFIA|EU Series,"[""会社名: GSユアサ, GS Yuasa, ジーエスユアサ, ジーエス・ユアサ, GS YUASA Corporation  \nブランド名: ECO.R, PRODA, ENELOOP, LEAFIA, EU Series"", ""会社名: GSユアサ, GS Yuasa, ジーエスユアサ, ユアサ\nブランド名: ECO.R, PRODA, ENELOOP, ECO.R LONG LIFE, ECO.R ENJINEERED"", ""会社名: GSユアサ, ジーエスユアサ, GS Yuasa, ジーエス・ユアサ, ユアサ,\nブランド名: ECO.R, PRO-SPEC, ENE-LOOP, LEAFIA, ECO-R LONG LIFE""]"
66760,６６７６０,バッファロー,電機・精密,BUFFALO|メルコホールディングス|MELCO,AirStation|LinkStation|TeraStation|DriveStation|MiniStation,"[""会社名: バッファロー, BUFFALO, メルコホールディングス, MELCO,\nブランド名: AirStation, LinkStation, TeraStation, DriveStation, MiniStation"", ""会社名: バッファロー, BUFFALO, メルコホールディングス, MELCO,\nブランド名: AirStation, LinkStation, TeraStation, DriveStation, MiniStation"", ""会社名: バッファロー, BUFFALO, メルコホールディングス, MELCOHD, 66760,\nブランド名: AirStation, LinkStation, TeraStation, DriveStation, MiniStation,""]"
66780,６６７８０,テクノメディカ,電機・精密,Techno Medica|テクメディ|TMK,自動血液分析装置|自動尿分析装置|自動体外診断装置|血液ガス分析装置|自動化学分析装置,"[""会社名: テクノメディカ, Techno Medica,\nブランド名: 自動血液分析装置, 自動尿分析装置, 自動体外診断装置, 血液ガス分析装置, 自動化学分析装置"", ""会社名: テクノメディカ, テクメディ, TMK,\nブランド名: 自動血液分析装置, 自動尿分析装置, 自動体外診断装置, 血液ガス分析装置, 自動化学分析装置"", ""申し訳ありませんが、「テクノメディカ」（証券コード: 66780）に関する具体的な略称やブランド名、製品名についての情報は持ち合わせていません。一般的には、企業の略称やブランド名、製品名は公式な発表や業界内での通称に基づくことが多いです。公式な情報源や業界のニュースを確認することをお勧めします。""]"
66990,６６９９０,ダイヤモンドエレクトリックホールディングス,電機・精密,ダイヤモンド電機|ダイヤモンドエレクトリック|DEH|Diamond Electric Holdings|Diamond Electric,...,"[""会社名: ダイヤモンド電機, ダイヤモンドエレクトリック, DEH, Diamond Electric Holdings, Diamond Electric  \nブランド名: ..."", ""申し訳ありませんが、「ダイヤモンドエレクトリックホールディングス」についての具体的な略称やブランド名の情報は持っていません。一般的には、企業の略称やブランド名は公式ウェブサイトやプレスリリース、またはSNSでの使用状況を確認することで知ることができます。"", ""会社名: ダイヤモンド電機, ダイヤモンドエレクトリック, DEH, ダイヤモンドHD, ダイエレ,\nブランド名: 情報がありません。""]"
67010,６７０１０,日本電気,電機・精密,NEC|日電|Nippon Electric Company|NEC Corporation,VersaPro|Mate|Express5800|NEC LAVIE|NEC VersaPro,"[""会社名: NEC, 日本電気, Nippon Electric Company, NEC Corporation, 日電  \nブランド名: NEC LAVIE, NEC VersaPro, NEC Express5800, NEC MultiSync, NEC SpectraView"", ""会社名: NEC, 日本電気, エヌイーシー, Nippon Electric Company, 日電,\nブランド名: LAVIE, VersaPro, VALUESTAR, Mate, Express5800,"", ""会社名: NEC, 日本電気, 日電,\nブランド名: Valuestar, Lavie, VersaPro, Mate, Express5800""]"
67020,６７０２０,富士通,電機・精密,富士通株式会社|Fujitsu|FJ,FMV|ScanSnap|Lifebook|PRIMERGY|SPARC,"[""会社名: 富士通, Fujitsu, 富士通株式会社, Fujitsu Limited, 富士通グループ  \nブランド名: FMV, ScanSnap, Lifebook, PRIMERGY, SPARC"", ""会社名: 富士通, Fujitsu, FJ, 富士通株式会社, 6702,\nブランド名: FMV, Lifebook, ScanSnap, PRIMERGY, ESPRIMO"", ""会社名: 富士通, FUJITSU, FJ, 富士通グループ, 富士通株式会社  \nブランド名: FMV, ScanSnap, Lifebook, PRIMERGY, SPARC""]"
67030,６７０３０,沖電気工業,電機・精密,OKI|沖電気|沖電|OKI Electric,OKIプリンター|OKIネットワーク|OKIデータ|OKIセミコンダクター,"[""会社名: OKI, 沖電気, 沖電気工業,\nブランド名: OKIプリンター, OKIネットワーク, OKIセミコンダクター, OKIデータ, OKIエレクトロニクス"", ""会社名: 沖電気, OKI, 沖電, OKI Electric,\nブランド名: COREFIDO, IPstage, OKI Regist, ATM-Recycler, IFAX"", ""会社名: OKI, 沖電気, 沖電, OKI電気, 沖工業,\nブランド名: OKIプリンター, OKIネットワーク, OKIセキュリティ, OKIデータ, OKIソリューション,""]"
67060,６７０６０,電気興業,電機・精密,電興|DENKI KOGYO|DK|DKK|Denki Kogyo,送信アンテナ|通信設備|電波塔|RF機器|アンテナシステム,"[""会社名: 電興, DENKI KOGYO, DK,\nブランド名: 送信アンテナ, 通信設備, 電波塔, RF機器, アンテナシステム"", ""会社名: 電興, DKK, Denki Kogyo, デンコー, Denko  \nブランド名: なし"", ""会社名: 電興,  \nブランド名: 情報がありません。""]"
67070,６７０７０,サンケン電気,電機・精密,サンケン|Sanken|Sanken Electric|サンケン電,SK|Powerex|サンケンパワーシステムズ|サンケンインバータ|サンケンLEDドライバ,"[""会社名: サンケン, Sanken Electric,\nブランド名: サンケンパワーシステムズ, サンケンインバータ, サンケンLEDドライバ, サンケン電源モジュール, サンケン半導体"", ""会社名: サンケン, Sanken,\nブランド名: サンケン電気, Sanken Electric, SK, Powerex, Allegro Microsystems"", ""会社名: サンケン, サンケン電, Sanken, \nブランド名: SK, サンケンパワー, Powerex, \n\n(Note: The above are examples based on typical abbreviations and brand names associated with companies like Sanken Electric. Actual usage may vary in specific financial news contexts.)""]"
67180,６７１８０,アイホン,電機・精密,Aiphone|アイホン株式会社|Aiphone Co.|Ltd.,アイホン|Aiphone|Jp Series|IX Series|GT Series,"[""会社名: アイホン, Aiphone,\nブランド名: アイホン, Aiphone, Jp Series, IX Series, GT Series"", ""会社名: アイホン, Aiphone, アイホン株式会社, Aiphone Co., Ltd.,\nブランド名: インターホン, ドアホン, アイホンシステム, アイホンインターホン, アイホンドアホン"", ""会社名: アイホン, AIPHONE, アイホン株式会社,   \nブランド名: アイホン, AIPHONE,""]"
67230,６７２３０,ルネサスエレクトロニクス,電機・精密,ルネサス|Renesas|Renesas Electronics|ルネサス社,RX|RA|RL78|Synergy|RZ,"[""会社名: ルネサス, Renesas, ルネサスエレクトロニクス, Renesas Electronics, ルネサス社\n\nブランド名: RX, RA, RL78, RZ, Synergy"", ""会社名: ルネサス, Renesas, ルネ, ルネエレ, Renesas Electronics  \nブランド名: RX, RL78, RA, Synergy, R-Car"", ""会社名: ルネサス, ルネサスエレクトロ,  \nブランド名: RX, RA, RL78, Renesas Synergy, Renesas R-Car""]"
67240,６７２４０,セイコーエプソン,電機・精密,エプソン|Epson|SE,カラリオ|オフィリオ|エコタンク|スマートキャンバス|プリンタープレス,"[""会社名: エプソン, Epson, セイコーエプソン,\nブランド名: カラリオ, オフィリオ, エコタンク, スマートキャンバス, プリンタープレス"", ""会社名: エプソン, Epson, セイコーエプソン,\nブランド名: カラリオ, オフィリオ, エコタンク, スマートキャンバス, エプソンプロジェクター"", ""会社名: エプソン, SE, Epson,\nブランド名: カラリオ, オフィリオ, プリンタ, プロジェクター, スキャナー""]"
67270,６７２７０,ワコム,電機・精密,Wacom,Intuos|Cintiq|Bamboo|MobileStudio Pro|One by Wacom,"[""会社名: ワコム, Wacom,\nブランド名: Intuos, Cintiq, Bamboo, MobileStudio Pro, Wacom One"", ""会社名: ワコム, Wacom,\nブランド名: Intuos, Cintiq, Bamboo, MobileStudio Pro, One by Wacom"", ""会社名: ワコム, Wacom,   \nブランド名: Intuos, Cintiq, Bamboo, One by Wacom, MobileStudio Pro""]"
67280,６７２８０,アルバック,電機・精密,ULVAC,ENTRON|ULVAC|ULDIS|UTM|UVC,"[""会社名: ULVAC, アルバック,\nブランド名: ENTRON, ULDIS, UTM, UVC, UMS"", ""会社名: アルバック, ULVAC,\nブランド名: ULVAC, ULVAC-PHI, ULVAC-RIKO, ULVAC Technologies, ULVAC Cryogenics"", ""会社名: ULVAC, アルバック,   \nブランド名: ULVAC, ENTRON, ULTIMA, NEOVAC, VULPINE""]"
67300,６７３００,アクセル,電機・精密,AXELL|6730,AXシリーズ|AX-Lite|AX-Engine|AX-Drive|AX-Connect,"[""会社名: アクセル, AXELL,\nブランド名: AXシリーズ, AX-Lite, AX-Engine, AX-Drive, AX-Connect"", ""申し訳ありませんが、具体的な証券コードや企業名に関する情報を提供することはできません。一般的な情報や質問についてはお手伝いできますので、他に知りたいことがあればお知らせください。"", ""会社名: アクセル, AXELL, 6730,   \nブランド名: なし""]"
67370,６７３７０,ＥＩＺＯ,電機・精密,EIZO|エイゾー,FlexScan|ColorEdge|FORIS|RadiForce|DuraVision,"[""会社名: EIZO, エイゾー,\nブランド名: FlexScan, ColorEdge, FORIS, RadiForce, DuraVision"", ""会社名: EIZO, エイゾー,\nブランド名: FlexScan, ColorEdge, FORIS, RadiForce, DuraVision"", ""会社名: EIZO, エイゾー,\nブランド名: FlexScan, ColorEdge, FORIS, RadiForce, DuraVision""]"
67400,６７４００,ジャパンディスプレイ,電機・精密,JDI|Japan Display|ジェイディーアイ,FULL ACTIVE|Pixel Eyes|WhiteMagic|IPS-NEO|LTPS,"[""会社名: JDI, ジャパンディスプレイ, Japan Display,\nブランド名: FULL ACTIVE, Pixel Eyes, WhiteMagic, IPS-NEO, LTPS"", ""会社名: JDI, ジャパンディスプレイ, Japan Display,\nブランド名: FULL ACTIVE, Pixel Eyes, WhiteMagic, LTPS, IPS-NEO"", ""会社名: JDI, ジェイディーアイ, ジャパンディスプレイ,\nブランド名: FULL ACTIVE, Pixel Eyes, WhiteMagic, LTPS, IPS-NEO""]"
67410,６７４１０,日本信号,電機・精密,Nippon Signal|日信号|JNS|日本信号株式会社,SPARCS|ATOS|PASMO|ICカードシステム|自動改札機,"[""会社名: 日本信号, Nippon Signal,\nブランド名: 自動改札機, 信号システム, 鉄道信号, 交通管制システム, 駐車場システム"", ""会社名: 日信号, JNS, Nippon Signal, 日本信号株式会社,\nブランド名: SPARCS, ATOS, LUMISIGHT, PASMO, ICカードシステム"", ""会社名: 日信号, JNS, Nippon Signal, 日本信号株式会社, NSC,\nブランド名: SPARCS, ATOS, STARS, PASMO, ICカードシステム,""]"
67420,６７４２０,京三製作所,電機・精密,京三|京三製,情報が不足しているため、代表的なブランド名や製品名を特定できません。,"[""会社名: 京三, 京三製,\nブランド名: 情報が不足しているため、代表的なブランド名や製品名を特定できません。"", ""申し訳ありませんが、「京三製作所」についての具体的な略称やブランド名のリストを提供することはできません。ただし、一般的に企業の略称やブランド名は、企業の公式ウェブサイトや投資家向け資料、またはSNSでの一般的な使用例を参考にすることができます。もし具体的な情報が必要であれば、これらの情報源を確認することをお勧めします。"", ""会社名: 京三, 京三製,\nブランド名: 情報が不足しているため、具体的なブランド名や製品名は提供できません。""]"
67440,６７４４０,能美防災,電機・精密,能美|Nohmi|Nohmi Bosai|Nohmi Fire,FINEST|Nohmi Fire Alarm|Nohmi Fire Extinguisher|FDS|Nohmi Fire,"[""会社名: 能美, Nohmi,\nブランド名: FDS, Nohmi Fire, Nohmi Safety, Nohmi Alarm, Nohmi System"", ""会社名: 能美, 能美防災, Nohmi,\nブランド名: FINEST, N-FAST, Nohmi Fire Alarm, Nohmi Fire Extinguisher, Nohmi Fire Suppression System"", ""会社名: 能美, Nohmi, Nohmi Bosai, Nohmi Fire, Nohmi Corp,\nブランド名: FINEST, Nohmi Fire Alarm, Nohmi Fire Extinguisher, Nohmi Sprinkler, Nohmi Smoke Detector""]"
67450,６７４５０,ホーチキ,電機・精密,Hochiki|HCK,L@titude|FIREscape|アルゴ|FireNET|HFP,"[""会社名: ホーチキ, Hochiki,\nブランド名: アルゴ, FireNET, HFP, L@titude, FIREscape"", ""会社名: ホーチキ, Hochiki, HCK,\nブランド名: FireNet, HSSD, FirePro, L@titude, FIREscape"", ""会社名: ホーチキ,  \nブランド名: HOC, HOCS, HOCNET, HOCSIS, HOCSENSE""]"
67500,６７５００,エレコム,電機・精密,ELECOM,ELECOM|RoHS|DEFT|EX-G|CAPCLIP,"[""会社名: エレコム, ELECOM,\nブランド名: ELECOM, RoHS, DEFT, EX-G, CAPCLIP"", ""申し訳ありませんが、「エレコム」（証券コード: 67500）についての具体的な略称やブランド名のリストを提供することはできません。ただし、一般的にエレコムは「ELECOM」として知られており、ブランドや製品名には「ELECOM」ブランドのPC周辺機器やアクセサリが含まれることが多いです。具体的な製品名やブランド名については、公式ウェブサイトや製品カタログを参照することをお勧めします。"", ""会社名: エレコム, ELECOM,\nブランド名: ELECOM, RoHS, DEFT, EX-G, M-IR06DR,""]"
67520,６７５２０,パナソニック　ホールディングス,電機・精密,パナソニック|パナ|Panasonic|Panasonic Holdings,VIERA|LUMIX|Technics|eneloop|nanoe,"[""会社名: パナソニック, Panasonic, パナソニックHD, Panasonic Holdings, パナ  \nブランド名: VIERA, LUMIX, Technics, eneloop, nanoe"", ""会社名: パナソニック, Panasonic, パナ, Pana, パナHD  \nブランド名: VIERA, LUMIX, Technics, Let's note, eneloop"", ""会社名: パナソニック, パナ, 松下,\nブランド名: VIERA, LUMIX, Technics, eneloop, nanoe""]"
67530,６７５３０,シャープ,電機・精密,シャープ株式会社|SHARP|Sharp Corporation|シャープさん,AQUOS|Plasmacluster|Cocorobo|RoBoHoN|Healsio,"[""会社名: シャープ, Sharp Corporation, シャープ株式会社,\nブランド名: AQUOS, Plasmacluster, Cocorobo, RoBoHoN, Healsio"", ""会社名: シャープ, SHARP, シャープ株式会社, シャープさん, シャープ社  \nブランド名: AQUOS, Plasmacluster, RoBoHoN, Cocorobo, Healsio"", ""会社名: シャープ, SHARP, 67530,\nブランド名: AQUOS, Plasmacluster, Cocorobo, RoBoHoN, Healsio""]"
67540,６７５４０,アンリツ,電機・精密,Anritsu|ANRITSU|67540,Signature|MD8475A|MT1000A|MS2830A|MT9083,"[""会社名: Anritsu, アンリツ,\nブランド名: Signature, MD8475A, MT1000A, MS2830A, MT9083"", ""会社名: アンリツ, Anritsu,\nブランド名: Signature, ShockLine, VectorStar, Site Master, PIM Master"", ""会社名: アンリツ, ANRITSU, 67540,\nブランド名: MDシリーズ, MSシリーズ, MTシリーズ, MGシリーズ, MPシリーズ""]"
67550,６７５５０,富士通ゼネラル,電機・精密,F-GEN|Fujitsu General|富士通G|富士通,nocria|きらり|しろくまくん|こまち|ふじこちゃん,"[""会社名: 富士通ゼネラル, Fujitsu General,\nブランド名: nocria, きらり, しろくまくん, こまち, ふじこちゃん"", ""会社名: 富士通ゼネラル, 富士通G, F-GEN,\nブランド名: nocria, FGLair, V-PAM, AirStage, AirHome"", ""会社名: 富士通ゼネラル, 富士通, F-GEN,\nブランド名: nocria, ノクリア, ASシリーズ, AIRSTAGE, フィルタークリーンユニット""]"
67580,６７５８０,ソニーグループ,電機・精密,ソニー|Sony|Sony Group,PlayStation|BRAVIA|Xperia|Walkman|α (Alpha),"[""会社名: ソニー, Sony, ソニーグループ, ソニー株式会社, Sony Group  \nブランド名: PlayStation, BRAVIA, Xperia, α (Alpha), Walkman"", ""会社名: ソニー, Sony, ソニーグループ,\nブランド名: PlayStation, BRAVIA, Xperia, α (Alpha), Walkman"", ""会社名: ソニー, ソニーG, ソニーグループ, ソニーHD, SNE,\nブランド名: PlayStation, BRAVIA, Xperia, α（アルファ）, Walkman,""]"
67620,６７６２０,ＴＤＫ,電機・精密,TDK|TDK Corporation|TDK Ltd.,TDKラムダ|TDK Life on Record|TDK Ventures|TDK InvenSense|TDK Micronas,"[""会社名: TDK, TDK Corporation, TDK Ltd.,\nブランド名: TDKラムダ, TDK Life on Record, TDK Ventures, TDK InvenSense, TDK Micronas"", ""会社名: TDK, TDK Corporation, TDK株式会社, TDKエレクトロニクス, TDKエレクトロニクス株式会社  \nブランド名: TDKラムダ, TDKラムダ電源, TDKセラミックコンデンサ, TDKフィルムコンデンサ, TDKインダクタ"", ""会社名: TDK,  \nブランド名: TDKラムダ, TDK Life on Record, TDK Ventures, TDK InvenSense, TDK Micronas""]"
67630,６７６３０,帝国通信工業,電機・精密,帝国通信|帝通|TTK|帝国,,"[""申し訳ありませんが、「帝国通信工業」（証券コード: 67630）についての具体的な略称やブランド名の情報は私のデータベースにはありません。一般的には、企業の略称やブランド名は公式ウェブサイトや金融ニュース、業界レポートなどで確認することができます。"", ""会社名: 帝国通信, 帝通, 帝国通信工業,\nブランド名: 申し訳ありませんが、帝国通信工業の代表的なブランド名や製品名に関する具体的な情報は持っていません。"", ""会社名: 帝国通信, 帝通, TTK, 帝国, 帝国通工,\nブランド名: 特定のブランド名や製品名は確認できません。""]"
67680,６７６８０,タムラ製作所,電機・精密,タムラ|タムラ製|Tamura Corporation|Tamura Seisakusho|Tamura,METCAL|TAMP|T3シリーズ|TWSシリーズ|TMCシリーズ,"[""会社名: タムラ, Tamura Corporation, Tamura Seisakusho,\nブランド名: METCAL, TAMP, T3シリーズ, TWSシリーズ, TMCシリーズ"", ""会社名: タムラ, Tamura, タムラ製,\nブランド名: METCAL, PTCヒーター, パワーインダクタ, フェライトコア, 電子部品"", ""会社名: タムラ, タムラ製, TAMURA,  \nブランド名: タムラ電子, タムラトランス, タムラパワー, タムラコンポーネント, タムラオーディオ""]"
67700,６７７００,アルプスアルパイン,電機・精密,アルプス|アルパイン|Alps|Alpine,Alpine|AlpineF#1|ALPS|Alpine Style|Alpine TuneIt,"[""会社名: アルプスアルパイン, アルプス,\nブランド名: Alpine, ALPS, AlpineF#1, Alpine Style, Alpine TuneIt"", ""会社名: アルプス, アルパイン, Alps, Alpine, アルプスアルパイン  \nブランド名: Alpine, ALPINE STYLE, ALPINE F#1 Status, ALPINE BIG X, ALPINE Perfect Fit"", ""会社名: アルプス,\nブランド名: Alpine, Alps, AlpineF#1, AlpineF#C, AlpineF#G""]"
67790,６７７９０,日本電波工業,電機・精密,日本電波|NDK|ND|Nihon Dempa Kogyo|NDk,OCXO|TCXO|VCXO|Crystal Oscillator|Frequency Control Products,"[""会社名: 日本電波, ND, Nihon Dempa Kogyo, NDK,\nブランド名: OCXO, TCXO, VCXO, Crystal Oscillator, Frequency Control Products"", ""申し訳ありませんが、「日本電波工業」（証券コード: 67790）についての具体的な略称やブランド名のリストを提供することはできません。ただし、一般的な方法として、企業の略称やブランド名を知るには、公式ウェブサイトや業界のニュース、SNSでの言及を確認することが有効です。"", ""会社名: 日本電波, NDk, 日本電波工, NDK, 日電波,\nブランド名: DRESS, Crystal, OCXO, TCXO, VCXO,""]"
67850,６７８５０,鈴木,電機・精密,鈴木証券,鈴木インベストメント|鈴木トレード|鈴木ファンド|鈴木キャピタル,"[""会社名: 鈴木証券, 鈴木ファイナンス, 鈴木ホールディングス, 鈴木グループ, 鈴木\nブランド名: 鈴木インベストメント, 鈴木アセット, 鈴木トレード, 鈴木ファンド, 鈴木キャピタル"", ""申し訳ありませんが、「鈴木」（証券コード: 67850）に関する具体的な略称やブランド名についての情報は持っていません。証券コードや企業名が正確でない可能性もありますので、再度確認していただくか、具体的な情報を提供していただければと思います。"", ""申し訳ありませんが、「鈴木」（証券コード: 67850）に関する具体的な略称やニックネーム、ブランド名、製品名についての情報は持ち合わせていません。証券コードや企業名が正確でない可能性もありますので、再度確認していただくか、具体的な情報を提供していただければと思います。""]"
67870,６７８７０,メイコー,電機・精密,Meiko|Meiko Electronics|メイコー電子|MEIKO,...,"[""会社名: メイコー, Meiko,\nブランド名: ..."", ""会社名: メイコー, Meiko, Meiko Electronics, メイコー電子,\nブランド名: 特に代表的なブランド名や製品名は確認できません。"", ""会社名: メイコー, MEIKO,  \nブランド名: （該当する情報がありません）""]"
67880,６７８８０,日本トリム,電機・精密,トリム,トリムイオン|トリムウォーター|トリムアルカリイオン水|トリム浄水器,"[""申し訳ありませんが、「日本トリム」（証券コード: 67880）に関する具体的な略称やブランド名のリストを提供することはできません。ただし、一般的に企業の略称やブランド名は公式サイトやプレスリリースで確認できることが多いです。公式情報を参照することをお勧めします。"", ""会社名: トリム, 日本トリム,\nブランド名: トリムイオン, トリムウォーター, トリムアルカリイオン水, トリム浄水器, トリム電解水素水"", ""会社名: 日本トリム, トリム,  \nブランド名: TRIM ION, TRIM,""]"
67940,６７９４０,フォスター電機,電機・精密,フォスター|Foster Electric|67940|フォスターエレクトリック,FOSTEX|Foster|Fostex Professional|Fostex Audio|Fostex Headphones,"[""会社名: フォスター, Foster Electric, フォスター電機,\nブランド名: FOSTEX, Foster, Fostex Professional, Fostex Audio, Fostex Headphones"", ""会社名: フォスター, Foster Electric, フォスター電機, 67940, フォスターエレクトリック  \nブランド名: FOSTEX, Foster, Fostex Audio, Fostex Professional, Fostex Headphones"", ""会社名: フォスター, FOSTER, フォスター電機,\nブランド名: FOSTEX, フォステクス, FOSTER ELECTRIC, フォスターオーディオ, フォスターイヤホン""]"
67980,６７９８０,ＳＭＫ,電機・精密,SMK Corporation|SMK|エスエムケイ|SMK株,SMK Link|SMK Pad|SMK Remote|LinkMan|SmartDisplay,"[""会社名: SMK Corporation, SMK\nブランド名: SMK Link, SMK Pad, SMK Remote"", ""会社名: SMK, SMK Corporation, エスエムケイ, エスエムケイ株式会社, SMK株  \nブランド名: LinkMan, SmartDisplay, SmartLock, SmartRemote, SmartSwitch"", ""会社名: SMK, SMK株式会社, SMK Corp, SMK Corporation, SMKグループ  \nブランド名: 具体的なブランド名や製品名は公開されていない場合がありますが、一般的にはコネクタやリモコン関連の製品が知られています。""]"
68000,６８０００,ヨコオ,電機・精密,YOKOWO,なし,"[""会社名: ヨコオ, YOKOWO,\nブランド名: 申し訳ありませんが、ヨコオの代表的なブランド名や製品名についての具体的な情報は提供できません。"", ""会社名: ヨコオ, YOKOWO,\nブランド名: 申し訳ありませんが、ヨコオの具体的なブランド名や製品名についての情報は持っていません。"", ""会社名: ヨコオ, YOKOWO,\nブランド名: なし""]"
68040,６８０４０,ホシデン,電機・精密,HOSIDEN|68040|Hosiden,...|HOSIDENブランド|電子部品|コネクタ|スイッチ,"[""会社名: ホシデン, Hosiden,\nブランド名: ..."", ""会社名: ホシデン, HOSIDEN, 68040,\nブランド名: ..."", ""会社名: ホシデン, HOSIDEN, 68040,\nブランド名: HOSIDENブランド, 電子部品, コネクタ, スイッチ, リモコン""]"
68060,６８０６０,ヒロセ電機,電機・精密,ヒロセ|Hirose Electric|HRS|Hirose,DFシリーズ|HRシリーズ|FHシリーズ|FXシリーズ|GTシリーズ,"[""会社名: ヒロセ, Hirose Electric, HRS, ヒロセ電機,\nブランド名: DFシリーズ, HRシリーズ, FHシリーズ, FXシリーズ, GTシリーズ"", ""会社名: ヒロセ, Hirose, ヒロセ電機, Hirose Electric, HRS  \nブランド名: DFシリーズ, FHシリーズ, FXシリーズ, HRシリーズ, GTシリーズ"", ""会社名: ヒロセ, HDK, ヒロセ電, Hirose, Hirose Electric,  \nブランド名: HRS, DFシリーズ, FHシリーズ, HRシリーズ, U.FLシリーズ""]"
68070,６８０７０,日本航空電子工業,電機・精密,JAE|日本航空電子|航空電子|JAE Corporation,USBコネクタ|D-Subコネクタ|FPC/FFCコネクタ|光ファイバコネクタ|RFコネクタ,"[""会社名: JAE, 日本航空電子,\nブランド名: D-Subコネクタ, USBコネクタ, FPC/FFCコネクタ, 光ファイバコネクタ, RFコネクタ"", ""会社名: JAE, 日本航空電子, 航空電子, JAE Corporation, 日本航空電子工業,\nブランド名: D-subコネクタ, MXシリーズコネクタ, USBコネクタ, Board-to-Boardコネクタ, Circularコネクタ"", ""会社名: JAE, 日本航空電子, 航空電子, JAE電子, JAE工業  \nブランド名: D-Sub, MXシリーズ, AXシリーズ, USBコネクタ, 光コネクタ""]"
68090,６８０９０,ＴＯＡ,電機・精密,TOA|TOA Corporation|TOA Co.|Ltd.,VX-3000|VM-3000|SR-D8|HX-5|DA-250,"[""会社名: TOA, TOA Corporation, TOA株式会社, TOA Co., Ltd.,\nブランド名: VX-3000, VM-3000, SR-D8, HX-5, DA-250"", ""会社名: TOA, TOA Corporation, TOA株式会社, TOA Co., Ltd., TOAグループ  \nブランド名: TOA PAシステム, TOAスピーカー, TOAアンプ, TOAマイクロフォン, TOAインターカム"", ""会社名: TOA, TOA株式会社, TOA Corp, TOA Corporation, TOA Co., Ltd.,\nブランド名: TOA PA, TOA Audio, TOA Electronics, TOA Sound, TOA Systems""]"
68100,６８１００,マクセル,電機・精密,Maxell|マクセルホールディングス|日立マクセル,UD|Air Voltage|Maxell|OZONEO|VISIONALEX,"[""会社名: マクセルホールディングス, Maxell,\nブランド名: Maxell, UD, Air Voltage, OZONEO, VISIONALEX"", ""会社名: マクセル, Maxell, 日立マクセル, マクセルホールディングス,\nブランド名: UD, iVDR, Air Voltage, Maxell Aqua Park, Maxell Izumi"", ""会社名: マクセル, 日立マクセル, Maxell,  \nブランド名: UD, HGX, MXES, Power Bank, Air Voltage""]"
68140,６８１４０,古野電気,電機・精密,Furuno|古野|Furuno Electric|古野電,NavNet|GPシリーズ|FURUNO|DRSレーダー|TZtouch,"[""会社名: Furuno, 古野, Furuno Electric,\nブランド名: FURUNO, NavNet, GPシリーズ, DRSシリーズ, FAシリーズ"", ""会社名: 古野, Furuno, 古野電,\nブランド名: FURUNO GPS, NavNet, GPシリーズ, DRSレーダー, TZtouch"", ""会社名: 古野電気, Furuno, Furuno Electric, 68140, 古野,\nブランド名: FURUNO, NavNet, GPシリーズ, DRSレーダー, TZtouch""]"
68170,６８１７０,スミダコーポレーション,電機・精密,スミダ,,"[""申し訳ありませんが、「スミダコーポレーション」（証券コード: 68170）に関する具体的な略称やブランド名の情報は私のデータベースには含まれていないようです。一般的には、企業の略称やブランド名は公式ウェブサイトや金融ニュース、企業のプレスリリースなどで確認することができます。"", ""申し訳ありませんが、「スミダコーポレーション」（証券コード: 68170）に関する具体的な略称やブランド名のリストを提供することはできません。一般的に、企業の略称やブランド名はSNSやトレーダーの間での使用頻度に基づいて変わることがありますので、最新の情報を確認することをお勧めします。公式ウェブサイトや金融情報サイトでの確認が有効です。"", ""申し訳ありませんが、「スミダコーポレーション」（証券コード: 68170）に関する具体的な略称やニックネーム、ブランド名、製品名についての情報は持っていません。ただし、一般的に企業の略称やニックネームは、社名の一部を短縮したものや、英語表記の頭文字を取ったものが使われることがあります。また、ブランド名や製品名は企業の公式ウェブサイトやプレスリリースで確認できる場合があります。""]"
68200,６８２００,アイコム,電機・精密,ICOM|Icom,IC-9700|IC-R8600|IC-705|IC-シリーズ|ID-シリーズ,"[""会社名: アイコム, Icom, ICOM,\nブランド名: IC-7300, IC-9700, IC-R8600, ID-52, IC-705"", ""会社名: アイコム, Icom, ICOM,\nブランド名: IC-シリーズ, ID-シリーズ, IC-Rシリーズ, IC-Mシリーズ, IC-Fシリーズ"", ""会社名: アイコム, ICOM,   \nブランド名: IC-シリーズ, ID-シリーズ, IC-R8600, IC-705, IC-9700""]"
68230,６８２３０,リオン,電機・精密,RION|リオン株式会社,振動計|音響測定器|補聴器|医用機器|環境測定器,"[""会社名: リオン,\nブランド名: 音響測定器, 補聴器, 医用機器, 環境測定器, 振動計"", ""申し訳ありませんが、「リオン」（証券コード: 68230）についての具体的な略称やブランド名の情報は持ち合わせていません。リオン株式会社は主に医療機器や計測機器を製造している企業として知られていますが、SNSやトレーダー間での略称やブランド名についての具体的な情報は公開されていないか、私のデータベースには含まれていない可能性があります。\n\n一般的には、企業の略称やニックネームはその企業の正式名称や英語名を短縮したものが使われることが多いです。また、代表的なブランド名や製品名は企業の公式ウェ"", ""会社名: リオン, RION, リオン株式会社,   \nブランド名: パルフィルタ, サウンドレベルメータ, オーディオメータ, ノイズドーズメータ, 振動計""]"
68410,６８４１０,横河電機,電機・精密,横河|YOKOGAWA|横河電|Yokogawa|YOKOGAWA Electric,CENTUM|ProSafe|OpreX|STARDOM|YS1000,"[""会社名: Yokogawa, 横河, YOKOGAWA Electric, Yokogawa Electric Corporation, YOKOGAWA Electric Corp.\nブランド名: CENTUM, ProSafe, STARDOM, OpreX, YS1000"", ""会社名: 横河, YOKOGAWA, 横河電, ヨコガワ,\nブランド名: CENTUM, ProSafe, STARDOM, DPharp, OpreX"", ""会社名: 横河, YOKOGAWA, 横河電, YOKO, YKGW,\nブランド名: CENTUM, ProSafe, YS1000, DPharp, OpreX,""]"
68440,６８４４０,新電元工業,電機・精密,新電元|Shindengen|SDG|新電元工,DCBM|DCBMシリーズ|SBDシリーズ|MOSFETシリーズ|IGBTシリーズ,"[""会社名: 新電元, Shindengen, 新電元工業,\nブランド名: DCBM, DCBMシリーズ, SBDシリーズ, MOSFETシリーズ, IGBTシリーズ"", ""会社名: 新電元, Shindengen, SDG, 新電元工, シンデンゲン  \nブランド名: DCBM, Power MOSFET, Rectifier, DC-DC Converter, Power Module"", ""会社名: 新電元, 新電元工, Shindengen, SDG, 新電元工業,\nブランド名: DCBM, DCBMシリーズ, EVシステム, パワーモジュール, 電源モジュール,""]"
68450,６８４５０,アズビル,電機・精密,Azbil|旧山武|山武|Azbil Corporation,savic-net|Harmonas|Valstaff|Actival|Neosys,"[""会社名: アズビル, Azbil  \nブランド名: savic-net, Harmonas, Actival, Valstaff, Neosys"", ""会社名: アズビル, Azbil,\nブランド名: savic-net, ACTIVAL, Harmonas, C1, Valstaff"", ""会社名: アズビル, Azbil, 旧山武, 山武, Azbil Corporation  \nブランド名: savic-net, Actival, Harmonas, Neosys, Valstaff""]"
68490,６８４９０,日本光電工業,電機・精密,日本光電|Nihon Kohden|NK|日光電,Life Scope|Cardiofax|Polymate|Oxycon|EEG-1200,"[""会社名: 日本光電, Nihon Kohden, NK,\nブランド名: Life Scope, Cardiofax, Polymate, Oxycon, EEG-1200"", ""会社名: 日本光電, Nihon Kohden, NK,\nブランド名: Life Scope, Cardiofax, Polymate, OxyPal, Cap-STAT"", ""会社名: 日本光電, 日光電, Nihon Kohden, NK,\nブランド名: Life Scope, Cardiofax, Polymate, Neurofax, Oxycon""]"
68500,６８５００,チノー,電機・精密,Chino Corporation|Chino Ltd.|CHINO,Thermo Recorder|IR Thermometer|Data Logger|Temperature Controller|Infrared Radiation Thermometer,"[""会社名: チノー, Chino Corporation, Chino Ltd.,\nブランド名: Thermo Recorder, IR Thermometer, Data Logger, Temperature Controller, Infrared Radiation Thermometer"", ""申し訳ありませんが、「チノー」（証券コード: 68500）に関する具体的な情報は私のデータベースには含まれていないようです。一般的な情報や他の企業についての質問があればお答えできますので、どうぞお知らせください。"", ""会社名: チノー, CHINO,  \nブランド名: 申し訳ありませんが、チノー株式会社の具体的なブランド名や製品名についての情報は持っていません。""]"
68550,６８５５０,日本電子材料,電機・精密,日本電子|JEM|日電子|Nihon Denshi|Nippon Denshi,...|Probe Card|Test Socket|MEMS|Probe Head,"[""会社名: 日本電子, JEM,\nブランド名: ..."", ""会社名: 日電子, JEM, 日本電子, Nihon Denshi, Nippon Denshi  \nブランド名: Probe Card, Test Socket, MEMS, Probe Head, Contact Probe"", ""会社名: 日電子, JEM, 日本電子,\nブランド名: ...""]"
68560,６８５６０,堀場製作所,電機・精密,HORIBA|堀場|堀場製,HORIBA Medical|HORIBA Scientific|HORIBA Automotive|HORIBA Process & Environmental|HORIBA Semiconductor,"[""会社名: HORIBA, 堀場, 堀場製,\nブランド名: HORIBA Medical, HORIBA Scientific, HORIBA Automotive, HORIBA Process & Environmental, HORIBA Semiconductor"", ""申し訳ありませんが、「堀場製作所」（HORIBA）についての具体的な略称やブランド名のリストを提供することはできません。ただし、一般的に「堀場製作所」は「HORIBA」として知られており、分析機器や計測機器の分野で多くの製品を展開しています。具体的な製品名やブランド名については、公式ウェブサイトや関連資料を参照することをお勧めします。"", ""会社名: 堀場, HORIBA, 堀場製,\nブランド名: HORIBA, HORIBA Medical, HORIBA Scientific, HORIBA Automotive, HORIBA Process & Environmental""]"
68570,６８５７０,アドバンテスト,電機・精密,Advantest|ADV|アドテス|ADVANTEST,T2000|V93000|EVA100|TAS7500|MPT3000,"[""会社名: アドバンテスト, Advantest,\nブランド名: T2000, V93000, EVA100, TAS7500, MPT3000"", ""会社名: アドバンテスト, Advantest, ADV\nブランド名: T2000, V93000, EVA100, TAS7500, MPT3000"", ""会社名: アドテス, ADVANTEST, 68570,\nブランド名: T2000, V93000, EVA100, TAS7500, MPT3000""]"
68590,６８５９０,エスペック,電機・精密,ESPEC|68590,Platinous|Global-N|Criterion|Walk-in|SH-series,"[""会社名: エスペック, ESPEC,\nブランド名: Platinous, Global-N, Walk-in, Criterion, SH-series"", ""会社名: エスペック, ESPEC,\nブランド名: Platinous, Global-N, Walk-In, Criterion, SHシリーズ"", ""会社名: エスペック, ESPEC, 68590,\nブランド名: Platinous, Global-N, SH-series, Walk-in, Criterion""]"
68610,６８６１０,キーエンス,電機・精密,KEYENCE|6861|キーエンス株式会社,KVシリーズ|SRシリーズ|IVシリーズ|GT2シリーズ|IMシリーズ,"[""会社名: KEYENCE, キーエンス,\nブランド名: KVシリーズ, SRシリーズ, IVシリーズ, GT2シリーズ, IMシリーズ"", ""会社名: キーエンス, KEYENCE, キーエンス株式会社, 6861,\nブランド名: LJ-V, CV-X, IMシリーズ, GT2シリーズ, FD-Gシリーズ"", ""会社名: キーエンス, KEYENCE, 6861,   \nブランド名: KVシリーズ, IVシリーズ, SRシリーズ, FDシリーズ, GTシリーズ""]"
68660,６８６６０,日置電機,電機・精密,日置|HIOKI|HIOKI E.E. Corporation,メモリハイコーダ|クランプメーター|ロガー|LCRメーター,"[""申し訳ありませんが、「日置電機」（証券コード: 68660）についての具体的な略称やブランド名のリストを提供することはできません。しかし、一般的に企業の略称やブランド名は公式ウェブサイトやプレスリリース、または業界のニュースなどで確認することができます。"", ""会社名: 日置, HIOKI, HIOKI E.E. Corporation, HIOKI電機, 日置電機,\nブランド名: メモリハイコーダ, クランプメーター, ロガー, LCRメーター, パワーメーター,"", ""会社名: 日置, HIOKI, 日置電,\nブランド名: PWシリーズ, MRシリーズ, LRシリーズ, IMシリーズ, CTシリーズ""]"
68690,６８６９０,シスメックス,電機・精密,Sysmex|6869|SMX|シスメックス株式会社,XNシリーズ|XN-Series|XS-Series|X-Class|XE-Series,"[""会社名: Sysmex, シスメックス,\nブランド名: XN-Series, XS-Series, X-Class, XE-Series, XW-Series"", ""会社名: シスメックス, Sysmex, 6869,\nブランド名: XNシリーズ, XSシリーズ, XEシリーズ, XWシリーズ, UFシリーズ"", ""会社名: シスメックス, Sysmex, 6869, SMX, シスメックス株式会社  \nブランド名: XNシリーズ, UNシリーズ, CSシリーズ, HISCL, POCTEM""]"
68710,６８７１０,日本マイクロニクス,電機・精密,マイクロニクス|日本マイクロ|Micronics Japan|MICRONICS,MJCプローブカード|MJCテストソリューション|MJCハンドラ|MJCプローブステーション|MJCコンタクトプローブ,"[""会社名: 日本マイクロニクス, マイクロニクス, Micronics Japan,\nブランド名: MJCプローブカード, MJCテストソリューション, MJCハンドラ, MJCプローブステーション, MJCコンタクトプローブ"", ""会社名: マイクロニクス, MICRONICS, 日本マイクロ,\nブランド名: ..."", ""会社名: マイクロニクス, 日本マイクロ, Jマイクロ, NMI, 日本MICRO  \nブランド名: 具体的なブランド名や製品名は公開されていない場合がありますが、一般的には製品カテゴリ名や技術名が使われることがあります。""]"
68750,６８７５０,メガチップス,電機・精密,MegaChips|メガチ,...|GigaDevice|MegaChips LSI|Frizz|BlueChip,"[""会社名: メガチップス, MegaChips,\nブランド名: ..."", ""会社名: メガチ, MegaChips, メガチップス,\nブランド名: GigaDevice, MegaChips LSI, Frizz, BlueChip, ChipCorder"", ""会社名: メガチップス, メガチ,   \nブランド名: None""]"
68770,６８７７０,ＯＢＡＲＡ　ＧＲＯＵＰ,電機・精密,,,"[""申し訳ありませんが、「ＯＢＡＲＡ　ＧＲＯＵＰ」（証券コード: 68770）に関する具体的な略称やブランド名の情報は私のデータベースには含まれていないようです。一般的には、企業の略称やブランド名は公式ウェブサイトやプレスリリース、または金融ニュースなどで確認することができます。"", ""申し訳ありませんが、「ＯＢＡＲＡ　ＧＲＯＵＰ」（証券コード: 68770）に関する具体的な略称やブランド名の情報は持ち合わせていません。一般的には、企業の略称やブランド名は公式ウェブサイトやプレスリリース、または業界内での使用例を参考にすることが多いです。公式な情報源を確認することをお勧めします。"", ""申し訳ありませんが、「ＯＢＡＲＡ　ＧＲＯＵＰ」（証券コード: 68770）に関する具体的な略称やニックネーム、ブランド名、製品名についての情報は持っていません。一般的には、企業の略称やブランド名は公式な情報源や企業のウェブサイトで確認することができます。""]"
68790,６８７９０,ＩＭＡＧＩＣＡ　ＧＲＯＵＰ,情報通信・サービスその他,IMAGICA|IMAGICA GROUP|IMAGICA Lab.|IMAGICA TV|IMAGICA IRIS,IMAGICA Lab.|IMAGICA TV|IMAGICA Imageworks|IMAGICA IRIS|IMAGICA Entertainment,"[""会社名: IMAGICA, IMAGICA GROUP, IMAGICA Lab., IMAGICA TV, IMAGICA IRIS  \nブランド名: IMAGICA Lab., IMAGICA TV, IMAGICA IRIS, IMAGICA Imageworks, IMAGICA Entertainment"", ""会社名: IMAGICA, IMAGICA GROUP, イマジカ, イマジカグループ, IMAGICA Lab.\nブランド名: IMAGICA Lab., IMAGICA TV, IMAGICA IRIS, IMAGICA Imageworks, IMAGICA EMS"", ""会社名: IMAGICA, IMAGICA GROUP, IMAGICA G, IMAGICAグループ, IMAGICA HD  \nブランド名: IMAGICA Lab., IMAGICA TV, IMAGICA Imageworks, IMAGICA Digitalscape, IMAGICA Entertainment""]"
69020,６９０２０,デンソー,自動車・輸送機,DENSO|デンソー株式会社|DENSO Corporation,DENSO Robotics|DENSO Auto Parts|DENSO WAVE|DENSO Wave|DENSO Ten,"[""会社名: デンソー, DENSO, デンソー株式会社, DENSO Corporation, デンソーグループ  \nブランド名: DENSO Wave, DENSO Robotics, DENSO Auto Parts, DENSO Ten, DENSO Products"", ""会社名: デンソー, DENSO, デンソー株式会社, デンソーグループ, DENSO Corporation  \nブランド名: DENSO WAVE, DENSO Robotics, DENSO TEN, DENSO Auto Parts, DENSO EcoVision"", ""会社名: デンソー, DENSO, 69020, デンソー株式会社, DENSO Corporation  \nブランド名: DENSO, クールスタート, ELEXCORE, DENSO WAVE, DENSO Robotics""]"
69050,６９０５０,コーセル,電機・精密,Cosel|コーセル株式会社|Cosel Co.|Ltd.,ACEシリーズ|PJAシリーズ|TUNSシリーズ|LHAシリーズ|PCAシリーズ,"[""会社名: コーセル, Cosel,\nブランド名: ACEシリーズ, PCAシリーズ, PJAシリーズ, TUNSシリーズ, LHAシリーズ"", ""会社名: コーセル, Cosel, コーセル株式会社, Cosel Co., Ltd.,\nブランド名: ACEシリーズ, PLAシリーズ, TUNSシリーズ, PJAシリーズ, LHAシリーズ"", ""会社名: コーセル, COS,  \nブランド名: 具体的なブランド名や製品名の情報はありません。""]"
69080,６９０８０,イリソ電子工業,電機・精密,イリソ|IRISO|イリソ電子|IRISO ELECTRONICS,...|(該当する代表的なブランド名や製品名が特定できません)|具体的なブランド名や製品名の情報は提供されていません。,"[""会社名: イリソ, IRISO,\nブランド名: ..."", ""会社名: イリソ, イリソ電子, IRISO,\nブランド名: (該当する代表的なブランド名や製品名が特定できません)"", ""会社名: イリソ, イリソ電子, IRISO, IRISO ELECTRONICS, イリソ電子工業,\nブランド名: 具体的なブランド名や製品名の情報は提供されていません。""]"
69140,６９１４０,オプテックスグループ,電機・精密,オプテックス|OPTEX|オプテックスG|69140,REDSCAN|OVSシリーズ|SLシリーズ|VXSシリーズ|BXシリーズ,"[""会社名: オプテックス, OPTEX,\nブランド名: REDSCAN, OVSシリーズ, SLシリーズ, VXSシリーズ, BXシリーズ"", ""会社名: オプテックス, OPTEX, オプテックスグループ, オプテックスG, 69140  \nブランド名: REDSCAN, OVSシリーズ, SLシリーズ, VXSシリーズ, OAシリーズ"", ""会社名: オプテックス, オプテックスG, OPTEX, オプテックスグループ, 6914,\nブランド名: REDSCAN, OVSシリーズ, SLシリーズ, VXSシリーズ, RLSシリーズ,""]"
69150,６９１５０,千代田インテグレ,電機・精密,Chiyoda Integre|千代田|インテグレ|CI,情報が不足しているため、代表的なブランド名や製品名を特定できません。,"[""会社名: 千代田インテグレ, Chiyoda Integre,\nブランド名: 申し訳ありませんが、千代田インテグレの代表的なブランド名や製品名に関する具体的な情報は提供できません。"", ""会社名: 千代田, インテグレ, 千代田インテ, CI, Chiyoda Integre  \nブランド名: 情報が不足しているため、代表的なブランド名や製品名を特定できません。"", ""会社名: 千代田インテグレ, 千代田, CI, インテグレ, 69150  \nブランド名: 情報がありません。""]"
69200,６９２００,レーザーテック,電機・精密,Lasertec|レザテク|LT|69200,CATS|ACTIS|TACTICS|MATRICS|ABICS,"[""会社名: レーザーテック, Lasertec  \nブランド名: ACTIS, MATRICS, CATS, ABICS, TACTICS"", ""会社名: レーザーテック, レザテク, Lasertec, LT, 69200  \nブランド名: APMI, MAGICS, CATS, LITRO, ARMS"", ""会社名: レーザーテック, レザテク, LTech, LT, 69200,\nブランド名: ACTIS, CELIS, LITUS, CATS, TACTICS,""]"
69230,６９２３０,スタンレー電気,電機・精密,スタンレー|Stanley Electric|スタンレーライト|スタンレーランプ,LEDランプ|ヘッドランプ|フォグランプ|テールランプ|車載照明,"[""会社名: スタンレー, Stanley Electric, スタンレー電気,\nブランド名: LEDランプ, ヘッドランプ, フォグランプ, テールランプ, 車載照明"", ""会社名: スタンレー, スタンレー電気, Stanley Electric, スタンレーライト, スタンレーランプ  \nブランド名: レイブリック, マルチリフレクターヘッドランプ, スタンレーLED, スタンレーヘッドランプ, スタンレーテールランプ"", ""会社名: スタンレー, スタンレー電気, スタンレー電機, スタンレーエレクトリック, スタンレーコーポレーション,\nブランド名: レイバックス, マルチリフレクター, ハロゲンランプ, LEDヘッドランプ, HIDランプ,""]"
69250,６９２５０,ウシオ電機,電機・精密,ウシオ|Ushio|Ushio Inc.|Ushio Inc|USHIO,Care222|XEBEX|Zylight|Super High Pressure UV Lamp|Solid State Light Source,"[""会社名: ウシオ, Ushio, Ushio Inc.,\nブランド名: XEBEX, Care222, Super High Pressure UV Lamp, Solid State Light Source, USHIO UXR Lamp"", ""会社名: ウシオ, Ushio, Ushio Inc,\nブランド名: Care222, Christie, Zylight, Necsel, Ushio America"", ""会社名: ウシオ, USHIO, ウシオ電, ウシオ電機, 69250,\nブランド名: XEBEX, Care222, UniJet, UFX, Zylight""]"
69290,６９２９０,日本セラミック,電機・精密,Nippon Ceramic|NCJ|日セラ|日本セラ,PIRセンサー|超音波センサー|赤外線センサー|マイクロホンセンサー|セラミックコンデンサ,"[""会社名: 日本セラミック, Nihon Ceramic, Nippon Ceramic, NCJ, 日本セラミックス,\nブランド名: PIRセンサー, 超音波センサー, 赤外線センサー, マイクロホンセンサー, セラミックコンデンサ,"", ""会社名: 日セラ, 日本セラ, JCM, Nippon Ceramic, ニッセラ\nブランド名: ピエゾスター, Thermopile Sensor, Ultrasonic Sensor, Pyroelectric Sensor, Infrared Sensor"", ""会社名: 日セラ, 日本セラ, Jセラ, NCJ, Nippon Ceramic,\nブランド名: ...""]"
69370,６９３７０,古河電池,電機・精密,FURUKAWA BATTERY|古河バッテリー|古河|古河電,ECHNO|FCP|Super Nova|スーパーバッテリー|FBバッテリー,"[""会社名: 古河電池, FURUKAWA BATTERY, 古河バッテリー, 古河電, FURUKAWA DENCHI  \nブランド名: スーパーバッテリー, FBバッテリー, ECHNO, FCP, SuperNova"", ""会社名: 古河電池, 古河, 古河バッテリー, FBバッテリー, FURUKAWA BATTERY  \nブランド名: Super Nova, ECHNO, Altica, FCP, UltraBattery"", ""会社名: 古河電池, 古河, FB, 古河バッテリー, FURUKAWA BATTERY,\nブランド名: Super Nova, ECHNO, FCP, FCM, FCPシリーズ""]"
69410,６９４１０,山一電機,電機・精密,山一|Yamaichi|Yamaichi Electric|Yamaichi Electronics,ICソケット|コネクタ|テストソケット|プローブカード|インターフェースソリューション,"[""会社名: 山一, Yamaichi,\nブランド名: ICソケット, コネクタ, テストソケット, プローブカード, インターフェースソリューション"", ""会社名: 山一, Yamaichi, Yamaichi Electric, 山一電機, Yamaichi Electronics  \nブランド名: Board to Board Connectors, FPC/FFC Connectors, I/O Connectors, Test & Burn-in Sockets, Optical Connectors"", ""申し訳ありませんが、「山一電機」（証券コード: 69410）に関する具体的な略称やニックネーム、ブランド名、製品名についての情報は持ち合わせていません。ただし、一般的な企業の場合、以下のような形式で略称やブランド名が使われることがあります。\n\n1. 会社名（ブランドや製品名は除外）\n   - 山一, 山一電機, Yamaichi\n\n2. ブランド名・製品名（あれば）\n   - 具体的なブランド名や製品名は不明です。\n\nもし具体的な情報が必要であれば、公式の企業ウェブサイトや金融ニュースサイトでの確認をお""]"
69470,６９４７０,図研,電機・精密,Zuken|Zuken Inc.|69470,CR-8000|CR-5000|E3.series|DS-2|CADSTAR,"[""会社名: 図研, Zuken, Zuken Inc.,\nブランド名: CR-8000, CR-5000, E3.series, DS-2, Board Viewer"", ""会社名: 図研, Zuken, Zuken Inc.,\nブランド名: CR-8000, CR-5000, CADSTAR, E3.series, DS-2"", ""会社名: 図研, Zuken, 69470,  \nブランド名: CR-8000, CR-5000, E3.series, DS-2, CADSTAR""]"
69510,６９５１０,日本電子,電機・精密,JEOL|日電子|NEC|日本電子工業,JEM|JSM|JXA|JSMシリーズ|JEMシリーズ,"[""会社名: JEOL, 日本電子,\nブランド名: JSMシリーズ, JEMシリーズ, JESシリーズ, JSXシリーズ, JXAシリーズ"", ""会社名: 日電子, NEC, 日本電子工業, JEOL, 日本電子株式会社,\nブランド名: JEM, JSM, JXA, JIB, IB-09010,"", ""会社名: 日電, JEOL, 日本電子,\nブランド名: JSM, JEM, JSX, JMS, JXA""]"
69520,６９５２０,カシオ計算機,電機・精密,カシオ|CASIO|カシオ電卓|カシオウォッチ,G-SHOCK|BABY-G|PRO TREK|EDIFICE|OCEANUS,"[""会社名: カシオ, CASIO,\nブランド名: G-SHOCK, BABY-G, PRO TREK, EDIFICE, OCEANUS"", ""会社名: カシオ, CASIO, カシオ計算機, カシオ電卓, カシオウォッチ  \nブランド名: G-SHOCK, BABY-G, PRO TREK, EDIFICE, OCEANUS"", ""会社名: カシオ, カシオ計算機, CASIO,   \nブランド名: G-SHOCK, BABY-G, OCEANUS, EDIFICE, PRO TREK""]"
69540,６９５４０,ファナック,電機・精密,FANUC|ファナック株式会社|ファナックロボティクス|ファナックジャパン,ロボドリル|ロボショット|ロボカット|ロボマシン|ロボガイド,"[""会社名: ファナック, FANUC,\nブランド名: ロボドリル, ロボショット, ロボカット, ロボマシン, ロボガイド"", ""会社名: ファナック, FANUC, ファナック株式会社, ファナックロボティクス, ファナックジャパン  \nブランド名: ロボドリル, ロボショット, ロボカット, ロボガイド, ロボマシン"", ""会社名: ファナック, FANUC, 6954, ロボットメーカー, NC機器メーカー  \nブランド名: ロボドリル, ロボショット, ロボカット, ロボット, CNC""]"
69580,６９５８０,日本シイエムケイ,電機・精密,CMK|日本CMK|シイエムケイ|CMK Corporation|日本シイエムケイ株式会社,Coretec|CMK Products|CMK Circuits|CMK Boards|CMK Solutions,"[""会社名: CMK, シイエムケイ, CMK Corporation, 日本CMK, 日本シイエムケイ株式会社  \nブランド名: Coretec, CMK Products, CMK Circuits, CMK Boards, CMK Solutions"", ""会社名: CMK, シイエムケイ, 日本CMK, 日本シイエムケイ, CMK Corporation  \nブランド名: C-Flex, C-Stage, C-Board, C-Fine, C-Plus"", ""会社名: 日本CMK, CMK,\nブランド名: ...""]"
69610,６９６１０,エンプラス,電機・精密,Enplas|ENPLAS|6961|エンプラ,なし,"[""申し訳ありませんが、「エンプラス」（証券コード: 69610）に関する具体的な略称やブランド名についての情報は持ち合わせていません。一般的には、企業の略称やブランド名は公式ウェブサイトやプレスリリース、または金融ニュースなどで確認することができます。"", ""会社名: エンプラス, Enplas,\nブランド名: なし"", ""会社名: エンプラス, ENPLAS, 6961, エンプラ, エンプラス株式会社  \nブランド名: 特定のブランド名や製品名は確認できません。""]"
69620,６９６２０,大真空,電機・精密,Daishinku|KDS|大真空株式会社|Daishinku Corp.,KDS Crystal|Tuning Fork Crystal|Quartz Crystal|DAIKO Crystal|Oscillator,"[""会社名: 大真空, Daishinku, KDS,\nブランド名: KDS Crystal, DAIKO Crystal, Tuning Fork Crystal, Quartz Crystal, Oscillator"", ""会社名: 大真空, Daishinku, KDS, 大真空株式会社, Daishinku Corp.,\nブランド名: KDS Crystal, DSB, DSB Series, DSX, DSO"", ""会社名: 大真空, Daishinku, KDS, ダイシンク, 6962,\nブランド名: KDS Crystal, Tuning Fork Crystal, Clock Oscillator, MEMS Oscillator, Quartz Crystal,""]"
69630,６９６３０,ローム,電機・精密,ROHM|ローム株式会社|ROHM Co.|Ltd.,Lapis|Kionix|SiCrystal|SiCパワーデバイス|LSI,"[""会社名: ローム, ROHM,\nブランド名: SiCパワーデバイス, LSI, パワーIC, オペアンプ, センサIC"", ""会社名: ローム, ROHM, ローム株式会社, ROHM Co., Ltd.,\nブランド名: Lapis, Kionix, SiCrystal, Powervolt, PrestoMOS"", ""会社名: ローム, ROHM, ローム株式会社,  \nブランド名: Lapis, Kionix, SiCrystal, Powervation, OKI Semiconductor""]"
69650,６９６５０,浜松ホトニクス,電機・精密,浜ホト|浜松ホト|Hamamatsu Photonics|Hamamatsu,ORCA|Photomultiplier Tube|NanoZoomer|C12332|PMT,"[""会社名: 浜ホト, Hamamatsu Photonics, 浜松ホトニクス,\nブランド名: ORCA, Photomultiplier Tube, NanoZoomer, C12332, PMT"", ""会社名: 浜ホト, 浜松ホト, Hamamatsu,\nブランド名: 光電子増倍管, フォトダイオード, 光センサー, イメージセンサー, 光ファイバーセンサー"", ""会社名: 浜ホト, 浜松ホト, ホトニクス, 浜松, 69650  \nブランド名: ORCA, Photomultiplier, HPK, HamaLight, HamaVision""]"
69660,６９６６０,三井ハイテック,電機・精密,MHT|Mitsui High-tec|三井HT|Mitsui HT,DIAMOND DIES|MOLDING DIES|MOTOR CORE|LEAD FRAME,"[""申し訳ありませんが、「三井ハイテック」についての具体的な略称やブランド名のリストを提供することはできません。ただし、一般的な情報として、企業の略称やブランド名は通常、企業の公式ウェブサイトやプレスリリースで確認できます。具体的な情報が必要な場合は、公式な情報源を参照してください。"", ""会社名: 三井ハイテック, MHT, Mitsui High-tec, 三井HT, Mitsui HT  \nブランド名: DIAMOND DIES, MOLDING DIES, MOTOR CORE, LEAD FRAME, PRECISION TOOLING"", ""会社名: 三井ハイテック, MHT, 三井HT, Mitsui High-tec, 69660,\nブランド名: ...""]"
69710,６９７１０,京セラ,電機・精密,京セラ株式会社|Kyocera|Kyocera Corporation,TORQUE|URBANO|Kyocera Document Solutions|DIGNO|DuraForce,"[""会社名: 京セラ, Kyocera, 京セラ株式会社, 京セラグループ, Kyocera Corporation  \nブランド名: TORQUE, DuraForce, URBANO, Kyocera Document Solutions, Kyocera Fineceramics"", ""会社名: 京セラ, Kyocera, 京セラ株式会社, 京セラグループ, 京セラコーポレーション  \nブランド名: TORQUE, URBANO, DIGNO, Kyocera Document Solutions, Kyocera Solar"", ""会社名: 京セラ, KYOCERA, 京セラ株式会社,  \nブランド名: TORQUE, URBANO, DIGNO, KYOCERA Document Solutions, KYOCERA AVX""]"
69760,６９７６０,太陽誘電,電機・精密,太陽|Taiyo Yuden|TAIYO YUDEN CO.|LTD.,Multilayer Ceramic Capacitors|Inductors|EOMIN|EIA Capacitors|Supercapacitors,"[""会社名: 太陽誘電, Taiyo Yuden, TAIYO YUDEN CO., LTD.,\nブランド名: EIA Capacitors, Supercapacitors, Multilayer Ceramic Capacitors, Inductors, Ferrite Beads"", ""会社名: 太陽誘電, 太陽, TAIYO YUDEN, TY,\nブランド名: EOMIN, EOMIN Plus, EOMIN Pro, EOMIN Lite, EOMIN Max"", ""会社名: 太陽誘電, 太陽, TDKグループ,\nブランド名: EOMIN, Finefit, Supercapacitor, Multilayer Ceramic Capacitors, Inductors""]"
69810,６９８１０,村田製作所,電機・精密,村田|Murata|Murata Manufacturing|Murata Electronics|Murata Mfg,GRMシリーズ|Murata Boy|Murata Power Solutions|Murata Girl|Murata Magicstrap,"[""会社名: 村田, Murata, Murata Manufacturing, Murata Mfg, Murata Co.,\nブランド名: GRMシリーズ, Murata Power Solutions, Murata Boy, Murata Girl, Murata Magicstrap"", ""会社名: 村田, Murata, 村田製, Murata Manufacturing, Murata Electronics  \nブランド名: GRMシリーズ, Murata Power Solutions, Murata Vortex, Murata Magicstrap, Murata Boy"", ""会社名: 村田, Murata, Murata Manufacturing, Murata製作所, Murata Electronics  \nブランド名: Murata Boy, Murata Girl, GRMシリーズ, GCMシリーズ, LQWシリーズ""]"
69860,６９８６０,双葉電子工業,電機・精密,双葉電子|Futaba|双葉,FUTABA|T-FHSS|S-FHSS|FASST|FASSTest,"[""会社名: 双葉電子, Futaba,\nブランド名: FUTABA, T-FHSS, S-FHSS, FASST, FASSTest"", ""会社名: 双葉電子, 双葉, Futaba,\nブランド名: T6J, T10J, 4PLS, 6K, 10J"", ""会社名: 双葉電子, 双葉,  \nブランド名: FUTABA, T-FHSS, S-FHSS, FASST, FASSTest""]"
69880,６９８８０,日東電工,素材・化学,日東|Nitto|Nitto Denko|日東電|Nitto Group,Permacel|Nitto Denko Tape|Hi-Bon|Nitto EPTSEALER|Nitto Denko P-224/BLK,"[""会社名: 日東, Nitto, Nitto Denko, 日東電工,\nブランド名: Hi-Bon, Permacel, Nitto Denko Tape, Nitto EPTSEALER, Nitto Denko P-224/BLK"", ""会社名: 日東, Nitto, 日東電, Nitto Denko, Nitto Group  \nブランド名: ハイメディック, ニトフロン, ニトリート, ニトタック, ニトフィル"", ""会社名: 日東, Nitto, 日東電, Nitto Denko, Nitto Group,\nブランド名: Nitto Denko Tape, Permacel, SPV, Nitto Denko Film, Nitto Denko Adhesive""]"
69950,６９９５０,東海理化電機製作所,自動車・輸送機,東海理化|Tokai Rika|TRW|TR,Steering Switch|Push Start System|Smart Key|Smart Key System|Shift By Wire,"[""会社名: 東海理化, Tokai Rika, TRW, TR, 東海理化電機  \nブランド名: Smart Key System, Push Start System, Steering Switch, Shift By Wire, Human Machine Interface"", ""会社名: 東海理化, Tokai Rika, TRW, TR, 東海理化電機,\nブランド名: Smart Key, Push Start System, Steering Switch, Shift Lever, Door Handle"", ""会社名: 東海理化, TRW, Tokai Rika, 東海理化電機, Tokai Rika Co.,\nブランド名: Smart Key, RIKEN, Keyless Entry, Steering Switch, Seat Sensor""]"
69960,６９９６０,ニチコン,電機・精密,Nichicon|ニチコン株式会社|Nichicon Corporation|Nichicon Co.,Reafus|GYB|FPCAP|UHW|LGX,"[""会社名: ニチコン, Nichicon, ニチコン株式会社, Nichicon Corporation, Nichicon Co., Ltd.\nブランド名: Reafus, GYB, FPCAP, UHW, LGX"", ""会社名: ニチコン, Nichicon, ニチコン株式会社, Nichicon Corp, Nichicon Corporation  \nブランド名: GYAシリーズ, LGXシリーズ, LQシリーズ, LLSシリーズ, LNTシリーズ"", ""会社名: ニチコン,  \nブランド名: コンデンサ, EV関連製品, パワーエレクトロニクス, エネルギーソリューション, 電源機器""]"
69970,６９９７０,日本ケミコン,電機・精密,Nippon Chemi-Con|NCC|日ケミ|日ケミコン,UCC|Chemi-Con|KMG|KZH|KZE,"[""会社名: 日本ケミコン, Nippon Chemi-Con, NCC,\nブランド名: KMG, KZH, KZE, KXJ, KZN"", ""会社名: 日ケミ, NCC, Nippon Chemi-Con, 日本ケミコン,\nブランド名: Kemet, UCC, Chemi-Con, DUC, HCG"", ""会社名: 日ケミコン, ケミコン, 日本ケミカルコンデンサー, 日本ケミカル, ケミカルコンデンサー,\nブランド名: KEMET, NCC, UCC, Nippon Chemi-Con, Chemi-Con""]"
69990,６９９９０,ＫＯＡ,電機・精密,KOA Corporation|KOA Ltd.|KOA Co.|Ltd.|KOA,RK73|RK92|RK94|RN73|SR73,"[""会社名: KOA Corporation, KOA Ltd., KOA Co., Ltd.,\nブランド名: RK73, RN73, SR73, RK92, RK94"", ""会社名: KOA, コア, KOA Corporation, KOA Ltd, KOA株式会社  \nブランド名: RK73, RK92, RK94, RK1, RK2"", ""会社名: ＫＯＡ,  \nブランド名: 申し訳ありませんが、具体的なブランド名や製品名についての情報は提供できません。""]"
70030,７００３０,三井Ｅ＆Ｓ,機械,三井E&S|MES|三井造船|Mitsui E&S|Mitsui Engineering & Shipbuilding,Mitsui-MAN B&W|STX-MES Diesel|Mitsui Zosen|Mitsui E&S Machinery|Mitsui E&S Shipbuilding,"[""会社名: 三井E&S, MES, Mitsui E&S Holdings,\nブランド名: STX-MES Diesel, Mitsui-MAN B&W, Mitsui Zosen, Mitsui E&S Machinery, Mitsui E&S Shipbuilding"", ""会社名: 三井E&S, MES, 三井造船, Mitsui E&S, Mitsui Engineering & Shipbuilding  \nブランド名: DUET, UEC, Z-Peller, Mitsui-MAN B&W, Mitsui-MAN Diesel"", ""会社名: 三井E&S, MES, 三井造船, Mitsui E&S, Mitsui Engineering & Shipbuilding,\nブランド名: MES-C, MES-F, MES-M, MES-Y, MES-Z""]"
70040,７００４０,カナデビア,機械,,70040）に関する具体的な情報は私のデータベースには含まれていないようです。そのため、会社の略称やブランド名を提供することができません。一般的な情報や他の企業についての質問があればお答えできるかもしれませんので、他に何か知りたいことがあれば教えてください。|70040）についての具体的な情報は私のデータベースには含まれていないようです。そのため、会社の略称やブランド名を提供することができません。もし他にお手伝いできることがあれば教えてください。|70040）に関する具体的な略称、ニックネーム、ブランド名、製品名についての情報は持っていません。一般的な情報や推測ではなく、具体的なデータが必要な場合は、公式な情報源や金融ニュースを参照してください。,"[""申し訳ありませんが、「カナデビア」（証券コード: 70040）に関する具体的な情報は私のデータベースには含まれていないようです。そのため、会社の略称やブランド名を提供することができません。一般的な情報や他の企業についての質問があればお答えできるかもしれませんので、他に何か知りたいことがあれば教えてください。"", ""申し訳ありませんが、「カナデビア」（証券コード: 70040）についての具体的な情報は私のデータベースには含まれていないようです。そのため、会社の略称やブランド名を提供することができません。もし他にお手伝いできることがあれば教えてください。"", ""申し訳ありませんが、「カナデビア」（証券コード: 70040）に関する具体的な略称、ニックネーム、ブランド名、製品名についての情報は持っていません。一般的な情報や推測ではなく、具体的なデータが必要な場合は、公式な情報源や金融ニュースを参照してください。""]"
70110,７０１１０,三菱重工業,機械,三菱重工|MHI|Mitsubishi Heavy Industries|7011|三菱重,MRJ|H-IIA|H-IIB|ひまわり|DIAMOND VISION,"[""会社名: 三菱重工, MHI, Mitsubishi Heavy Industries,\nブランド名: MRJ, H-IIA, H-IIB, DIAMOND VISION, M701JAC"", ""会社名: 三菱重工, MHI, 三菱重工業, Mitsubishi Heavy Industries, 7011,\nブランド名: MRJ, H-IIA, H-IIB, ひまわり, J-Series Gas Turbine"", ""会社名: 三菱重工, MHI, 三菱重工業,\nブランド名: MRJ, H-IIA, H-IIB, ひまわり, みらい""]"
70120,７０１２０,川崎重工業,自動車・輸送機,川重|Kawasaki Heavy Industries|KHI|川崎重工|Kawasaki,Ninja|Versys|Vulcan|Jet Ski|KCM,"[""会社名: 川重, Kawasaki Heavy Industries, KHI, 川崎重工, Kawasaki  \nブランド名: Ninja, Jet Ski, KCM, Versys, Vulcan"", ""会社名: 川重, KHI, Kawasaki Heavy Industries, カワサキ重工, 川崎重工\nブランド名: Ninja, Zシリーズ, Versys, Vulcan, KXシリーズ"", ""会社名: 川重, KHI, 川崎重工, Kawasaki Heavy Industries, Kawasaki,\nブランド名: Ninja, Versys, Vulcan, Jet Ski, KCM""]"
70130,７０１３０,ＩＨＩ,機械,IHI|石川島播磨|石播|石川島播磨重工業|Ishikawajima-Harima Heavy Industries,Blue Marlin|IHI Jet Service|IHI Turbo|IHI Infrastructure|IHI Plant Construction,"[""会社名: IHI, 石川島播磨重工業,\nブランド名: Blue Marlin, IHI Jet Service, IHI Turbo, IHI Infrastructure, IHI Plant Construction"", ""会社名: IHI, 石川島播磨, 石播, Ishikawajima-Harima Heavy Industries, IHI Corporation  \nブランド名: Blue Marine, Aero-Engine, Power Systems, Turbocharger, Plant Engineering"", ""会社名: IHI, 石川島播磨, 石播, IHIグループ, IHIコーポレーション  \nブランド名: Blue Drive, IHIジェットサービス, IHIターボ, IHIインフラシステム, IHIエアロスペース""]"
70140,７０１４０,名村造船所,自動車・輸送機,名村造船|Namura Shipbuilding|名村|Namura|7014,なし,"[""会社名: 名村造船, Namura Shipbuilding,\nブランド名: なし"", ""会社名: 名村, 名村造船, Namura, Namura Shipbuilding, 7014,\nブランド名: なし"", ""会社名: 名村造船, 名村, 7014, NDS, Namura,\nブランド名: 特定のブランド名や製品名は一般的に公表されていない可能性があります。""]"
70330,７０３３０,マネジメントソリューションズ,情報通信・サービスその他,MSOL|マネソル|Management Solutions|70330,PMOサービス|プロジェクトマネジメント支援|コンサルティングサービス|PMOアウトソーシング|プロジェクト管理ツール,"[""会社名: MSOL, マネソル, Management Solutions,\nブランド名: PMOサービス, プロジェクトマネジメント支援, コンサルティングサービス, PMOアウトソーシング, プロジェクト管理ツール"", ""会社名: マネソル, MSOL, マネジメントソリューションズ, 70330,\nブランド名: 申し訳ありませんが、マネジメントソリューションズの代表的なブランド名や製品名に関する具体的な情報は提供できません。"", ""会社名: マネソル, MSOL,\nブランド名: なし""]"
70340,７０３４０,プロレド・パートナーズ,情報通信・サービスその他,プロレド|Prored Partners|7034|Prored|プロレド・,該当なし|なし,"[""会社名: プロレド, プロレドパートナーズ, Prored Partners, Prored,\nブランド名: 申し訳ありませんが、プロレド・パートナーズの代表的なブランド名や製品名に関する具体的な情報はありません。"", ""会社名: プロレド, プロレドパートナーズ, Prored Partners, プロレド・パートナーズ, 7034\nブランド名: 該当なし"", ""会社名: プロレド, プロレドP, プロレドパートナーズ, PRLD, 7034,\nブランド名: なし""]"
70380,７０３８０,フロンティア・マネジメント,情報通信・サービスその他,フロンティア|FM|フロンティア・,なし,"[""申し訳ありませんが、「フロンティア・マネジメント」（証券コード: 70380）に関する具体的な略称やブランド名の情報は持っていません。一般的に、企業の略称やブランド名は公式な情報源や企業のウェブサイトで確認することができます。"", ""申し訳ありませんが、「フロンティア・マネジメント」（証券コード: 70380）についての具体的な略称やブランド名の情報は持ち合わせていません。一般的には、企業の略称やニックネームはSNSやトレーダーの間で独自に作られることが多く、公式な情報としては提供されていない場合があります。また、ブランド名や製品名についても、企業の公式発表や製品ラインナップに依存します。\n\nもし具体的な情報が必要であれば、企業の公式ウェブサイトやプレスリリース、またはSNS上の関連投稿を確認することをお勧めします。"", ""会社名: フロンティア, フロンティア・マネジメント, FM,\nブランド名: なし""]"
70710,７０７１０,アンビスホールディングス,情報通信・サービスその他,アンビス,,"[""申し訳ありませんが、「アンビスホールディングス」（証券コード: 70710）に関する具体的な略称やブランド名についての情報は持ち合わせていません。一般的には、企業の略称やブランド名は公式ウェブサイトやプレスリリース、または金融ニュースなどで確認することができます。"", ""申し訳ありませんが、「アンビスホールディングス」（証券コード: 70710）に関する具体的な略称やブランド名の情報は持ち合わせていません。一般的には、企業の略称やニックネームはSNSやトレーダーの間で独自に作られることが多く、公式な情報としては公開されていないことが多いです。また、ブランド名や製品名についても、企業の公式発表やウェブサイトなどで確認することが一般的です。\n\nもし具体的な情報が必要であれば、公式な情報源やSNSでのトレンドを直接確認することをお勧めします。"", ""申し訳ありませんが、「アンビスホールディングス」に関する具体的な略称やブランド名、製品名についての情報は持っていません。一般的に、企業の略称やブランド名は公式な発表や市場での認知度に依存します。公式な情報源や企業のウェブサイトを確認することをお勧めします。""]"
70850,７０８５０,カーブスホールディングス,情報通信・サービスその他,カーブス|Curves,カーブス|Curves|30分フィットネス|ウィメンズフィットネス,"[""会社名: カーブス, Curves,\nブランド名: カーブス, Curves,"", ""申し訳ありませんが、「カーブスホールディングス」（証券コード: 70850）に関する具体的な略称やブランド名のリストを提供することはできません。ただし、一般的に企業名やブランド名を調べる際は、公式ウェブサイトや関連するニュース記事を参照することをお勧めします。"", ""会社名: カーブス, カーブスHD, カーブスホールディングス,\nブランド名: カーブス, Curves, 30分フィットネス, ウィメンズフィットネス, 健康クラブ""]"
70880,７０８８０,フォーラムエンジニアリング,情報通信・サービスその他,フォーラム|Forum Engineering|フォーラムエンジ|FE,,"[""会社名: フォーラム, フォーラムエンジニアリング, Forum Engineering,\nブランド名: 申し訳ありませんが、フォーラムエンジニアリングの代表的なブランド名や製品名に関する具体的な情報は提供できません。"", ""申し訳ありませんが、「フォーラムエンジニアリング」（証券コード: 70880）に関する具体的な略称やブランド名の情報は持ち合わせていません。一般的には、企業の略称やブランド名は公式ウェブサイトやプレスリリース、または業界内での通称として知られていることが多いです。公式な情報源を確認することをお勧めします。"", ""会社名: フォーラム, フォーラムエンジ, FE, フォーラムエンジニア, フォーラムエンジニアリング,\nブランド名: 情報がありません。""]"
70920,７０９２０,Ｆａｓｔ　Ｆｉｔｎｅｓｓ　Ｊａｐａｎ,情報通信・サービスその他,FFJ|Fast Fitness|Fast Fitness Japan,F45|F45 Training,"[""申し訳ありませんが、「Fast Fitness Japan」（証券コード: 70920）に関する具体的な略称やブランド名の情報は私のデータベースには含まれていないようです。一般的に、企業の略称やブランド名は公式ウェブサイトやプレスリリースで確認することができます。"", ""申し訳ありませんが、「Fast Fitness Japan」についての具体的な略称やブランド名の情報は持ち合わせていません。一般的には、企業の略称やブランド名は公式ウェブサイトやプレスリリース、または業界内での通称として知られていることが多いです。公式な情報源を確認することをお勧めします。"", ""会社名: FFJ, Fast Fitness, Fast Fitness Japan,\nブランド名: F45, F45 Training,""]"
70950,７０９５０,Ｍａｃｂｅｅ　Ｐｌａｎｅｔ,情報通信・サービスその他,Macbee Planet|マクビープラネット|マクビー|Macbee|70950,...,"[""会社名: Macbee Planet, マクビープラネット  \nブランド名: ..."", ""申し訳ありませんが、「Ｍａｃｂｅｅ　Ｐｌａｎｅｔ」（証券コード: 70950）に関する具体的な略称やブランド名のリストを提供することはできません。一般的には、企業の略称やブランド名は公式ウェブサイトやプレスリリース、または業界のニュースなどで確認することができます。"", ""会社名: マクビー, Macbee, Macbee Planet, マクビープラネット, 70950  \nブランド名: ...,""]"
71020,７１０２０,日本車輌製造,自動車・輸送機,日車|日本車輌|Nippon Sharyo|NS|日車製,N700系|383系|キハ25|キハ85|313系,"[""会社名: 日車, 日本車輌, Nippon Sharyo,\nブランド名: キハ25, キハ85, N700系, 383系, 313系"", ""会社名: 日車, Nippon Sharyo, NS\nブランド名: キハ85系, キハ25系, キハ75系, N700系, 383系"", ""会社名: 日車, 日本車輌, 日車製, 日車製造, 日車工業,\nブランド名: キハ, モハ, サハ, クハ, サロ""]"
71050,７１０５０,三菱ロジスネクスト,自動車・輸送機,ロジスネクスト|MLN|三菱ロジ|Mitsubishi Logisnext|ロジネク,ニチユ|カウンタバランスフォークリフト|リーチトラック|電動フォークリフト,"[""申し訳ありませんが、「三菱ロジスネクスト」についての具体的な略称やブランド名のリストを提供することはできません。ただし、一般的に企業の略称やブランド名は公式ウェブサイトやプレスリリース、金融ニュースなどで確認することができます。"", ""会社名: 三菱ロジ, ロジスネクスト, MLN, Mitsubishi Logisnext, ロジネク,\nブランド名: ニチユ, カウンタバランスフォークリフト, リーチトラック, 電動フォークリフト, ハンドパレットトラック"", ""会社名: ロジスネクスト, 三菱ロジス, MLN, 三菱フォークリフト, ロジネクスト,\nブランド名: ニチユ, ユニキャリア, プレミアムフォークリフト, エコフォークリフト, ロジスティックソリューションズ,""]"
71280,７１２８０,フルサト・マルカホールディングス,商社・卸売,フルサト・マルカ,,"[""申し訳ありませんが、「フルサト・マルカホールディングス」についての具体的な略称やブランド名に関する情報は持ち合わせていません。一般的には、企業の略称やブランド名は公式ウェブサイトやプレスリリース、または金融ニュースなどで確認することができます。"", ""申し訳ありませんが、「フルサト・マルカホールディングス」（証券コード: 71280）に関する具体的な略称やブランド名の情報は持ち合わせていません。一般的には、企業の略称やブランド名は公式ウェブサイトや投資家向け資料、またはSNSでの言及を通じて確認することができます。公式な情報源を確認することをお勧めします。"", ""申し訳ありませんが、「フルサト・マルカホールディングス」（証券コード: 71280）に関する具体的な略称やブランド名、製品名についての情報は持っていません。一般的には、企業の略称やニックネームは業界内での通称やメディアでの表現に依存することが多いです。企業の公式ウェブサイトやプレスリリース、または金融ニュースサイトで確認することをお勧めします。""]"
71300,７１３００,ヤマエグループホールディングス,商社・卸売,ヤマエ|YGH,なし,"[""申し訳ありませんが、「ヤマエグループホールディングス」に関する具体的な略称やブランド名の情報は私のデータベースには含まれていません。一般的には、企業の略称やブランド名は公式ウェブサイトやプレスリリースなどで確認することができます。"", ""申し訳ありませんが、「ヤマエグループホールディングス」についての具体的な略称やブランド名の情報は私のデータベースにはありません。一般的に企業の略称やブランド名は、企業の公式ウェブサイトや金融情報サイト、SNSなどで確認することができます。"", ""会社名: ヤマエ, ヤマエグループ, YGH, ヤマエHD, ヤマエホールディングス,\nブランド名: なし""]"
71480,７１４８０,ＦＰＧ,金融（除く銀行）,FPG|エフピージー|Financial Products Group|フィナンシャル・プロダクト・グループ|ファイナンシャル・プロダクト・グループ,タックスリース|ジェットリース|ソーラーパネルリース|船舶リース,"[""会社名: FPG, エフピージー, Financial Products Group,\nブランド名: タックスリース, ジェットリース, ソーラーパネルリース, 不動産リース, 船舶リース"", ""会社名: FPG, フィナンシャル・プロダクト・グループ, Financial Products Group,\nブランド名: ふるさと投資, FPG信託, FPGリース, FPGアセットマネジメント, FPG証券"", ""会社名: FPG, エフピージー, ファイナンシャル・プロダクト・グループ,\nブランド名: FPG AIM, FPG Trust, FPG Leasing, FPG Insurance, FPG Asset Management""]"
71640,７１６４０,全国保証,金融（除く銀行）,Zenkoku Hosho|全保|Zenkoku|7164,住宅ローン保証|事業者向け保証|クレジット保証|医療ローン保証,"[""会社名: 全国保証, Zenkoku Hosho,\nブランド名: 住宅ローン保証, 事業者向け保証, クレジット保証, リース保証, 医療ローン保証"", ""会社名: 全保, 全国保証, Zenkoku, Zenkoku Hosho, 7164,\nブランド名: フラット35, 住宅ローン保証, 事業者向け保証, 不動産担保ローン保証, 個人向け保証,"", ""会社名: 全保, Zenkoku, Zenkoku Hosho, 7164, 全国保証,\nブランド名: なし""]"
71670,７１６７０,めぶきフィナンシャルグループ,銀行,めぶきFG|Mebuki Financial Group|めぶき|Mebuki FG|71670,常陽銀行|足利銀行|ちばぎん証券|めぶきアセットマネジメント,"[""会社名: めぶきFG, Mebuki Financial Group,\nブランド名: 常陽銀行, 足利銀行, ちばぎん証券, めぶきアセットマネジメント, めぶきリース"", ""会社名: めぶき, めぶきFG, Mebuki Financial Group, Mebuki FG, 71670  \nブランド名: 常陽銀行, 足利銀行"", ""会社名: めぶきFG, めぶき,\nブランド名: 特に一般的なブランド名や製品名は確認されていません。""]"
71720,７１７２０,ジャパンインベストメントアドバイザー,金融（除く銀行）,JIA|ジャパンインベストメント|ジャパンインベストメントアドバイザー株式会社|Japan Investment Advisor Co.,航空機ファンド|ソーラーシェアリングファンド|不動産ファンド|インフラファンド|船舶ファンド,"[""会社名: JIA, ジャパンインベストメント, ジャパンインベストメントアドバイザー, ジャパンインベストメントアドバイザー株式会社, Japan Investment Advisor Co., Ltd.\nブランド名: 航空機ファンド, ソーラーシェアリングファンド, 船舶ファンド, 不動産ファンド, インフラファンド"", ""会社名: JIA, ジャパンインベストメント, ジャパンインベストメントアドバイザー, Japan Investment Advisor, 71720  \nブランド名: 航空機ファンド, ソーラーシェアリングファンド, インフラファンド, 不動産ファンド, メディカルファンド"", ""会社名: JIA, ジャパンインベストメント, ジャパンインベストメントアドバイザー,\nブランド名: ,""]"
71730,７１７３０,東京きらぼしフィナンシャルグループ,銀行,きらぼしFG|東京きらぼし|きらぼし|Kiraboshi FG|Tokyo Kiraboshi,きらぼし銀行|きらぼしキャピタル,"[""会社名: きらぼしFG, Kiraboshi FG, 東京きらぼし,\nブランド名: きらぼし銀行, きらぼし証券, きらぼしキャピタル, きらぼしリース, きらぼしカード"", ""会社名: きらぼし, きらぼしFG, Tokyo Kiraboshi, Kiraboshi Financial Group, TKG\nブランド名: きらぼし銀行, きらぼし証券, きらぼしリース, きらぼしキャピタル, きらぼしアセットマネジメント"", ""会社名: きらぼしFG, きらぼし, TFG, 東京きらぼし,\nブランド名: きらぼし銀行, きらぼし証券, きらぼしリース, きらぼしキャピタル, きらぼしアセットマネジメント""]"
71800,７１８００,九州フィナンシャルグループ,銀行,九州FG|KFG|Kyushu Financial Group|九州フィナンシャル|7180,熊本銀行|鹿児島銀行|ひまわり証券|ひまわり信用金庫,"[""会社名: 九州FG, Kyushu Financial Group, KFG,\nブランド名: ひまわり信用金庫, 熊本銀行, 鹿児島銀行, ひまわり証券, ひまわりリース"", ""会社名: 九州FG, KFG, 九州フィナンシャル, Kyushu Financial Group, 7180,\nブランド名: ひまわり銀行, 熊本銀行, 鹿児島銀行, ひまわり証券, 九州カード"", ""会社名: 九州FG, 九州フィナンシャル, KFG, 九州フィナンシャルG, 九州フィナンシャルグループ,\nブランド名: なし""]"
71810,７１８１０,かんぽ生命保険,金融（除く銀行）,かんぽ生命|かんぽ|Japan Post Insurance|JPI|かんぽ保険,かんぽの宿|かんぽの保険|かんぽの年金|かんぽの学資保険|かんぽの医療保険,"[""会社名: かんぽ生命, Japan Post Insurance, JPI, かんぽ,\nブランド名: かんぽの宿, かんぽの保険, かんぽの年金, かんぽの学資保険, かんぽの医療保険"", ""会社名: かんぽ, かんぽ生命, かんぽ保険, Japan Post Insurance, JPI  \nブランド名: かんぽの宿, かんぽの夢, かんぽの学資保険, かんぽの終身保険, かんぽの医療保険"", ""会社名: かんぽ生命, かんぽ, かんぽ生命保険, かんぽ保険, かんぽライフ,\nブランド名: かんぽの宿, かんぽの保険, かんぽの年金, かんぽの医療, かんぽの終身""]"
71820,７１８２０,ゆうちょ銀行,銀行,ゆうちょ|JP Bank|Japan Post Bank|ゆうちょ銀,ゆうちょダイレクト|ゆうちょPay|ゆうちょATM|ゆうちょカード|ゆうちょ通帳,"[""会社名: ゆうちょ, JP Bank, ゆうちょ銀行, Japan Post Bank,\nブランド名: ゆうちょダイレクト, ゆうちょPay, ゆうちょATM, ゆうちょカード, ゆうちょ通帳"", ""会社名: ゆうちょ, JP Bank, ゆうちょ銀, ゆうちょ銀行, Japan Post Bank  \nブランド名: ゆうちょダイレクト, ゆうちょPay, ゆうちょ銀行カード, ゆうちょICキャッシュカード, ゆうちょ資産管理サービス"", ""会社名: ゆうちょ, ゆうちょ銀, JPゆうちょ, ゆうちょ銀行, JP Bank,\nブランド名: ゆうちょダイレクト, ゆうちょPay, ゆうちょICカード, ゆうちょATM, ゆうちょ投信""]"
71840,７１８４０,富山第一銀行,銀行,富山第一|富山銀|Toyama Daiichi Bank|TDB,ふれあいカード|ふれあいローン|ふれあい定期預金|ふれあい投資信託|ふれあい住宅ローン,"[""会社名: 富山第一, 富山第一銀行, Toyama Daiichi Bank, TDB,\nブランド名: ふれあいカード, ふれあいローン, ふれあい定期預金, ふれあい投資信託, ふれあい住宅ローン"", ""会社名: 富山銀, 富山第一, 富銀, TOYAMA FIRST BANK, TFB,\nブランド名: ありません"", ""会社名: 富山第一, 富山銀, 第一銀, 富山第一銀, 富山D,\nブランド名: なし""]"
71860,７１８６０,コンコルディア・フィナンシャルグループ,銀行,コンコルディア|CFG|コンコルディアFG|コンコルディア・フィナンシャル|Concordia Financial Group,横浜銀行|東日本銀行,"[""会社名: コンコルディア, CFG, コンコルディアFG, コンコルディア・フィナンシャル,\nブランド名: 横浜銀行, 東日本銀行"", ""会社名: コンコルディア, CFG, コンコルディアFG, コンコルディア・フィナンシャル, Concordia Financial Group  \nブランド名: 横浜銀行, 東日本銀行"", ""会社名: コンコルディア, CFG, コンコルディアFG, コンコルディア・グループ, コンコルディア・フィナンシャル,\nブランド名: 特定のブランド名や製品名は一般的に使用されていません。""]"
71870,７１８７０,ジェイリース,金融（除く銀行）,J-Lease|Jリース|ジェイ|JLease,なし,"[""会社名: ジェイリース, J-Lease,\nブランド名: なし"", ""会社名: ジェイリース, J-Lease, Jリース, ジェイ,\nブランド名: ありません。"", ""会社名: ジェイリース, Jリース, JLease, JLS, ジェイリ,\nブランド名: 申し訳ありませんが、ジェイリースに特定のブランド名や製品名の情報はありません。""]"
71890,７１８９０,西日本フィナンシャルホールディングス,銀行,西日本FH|西日本フィナンシャルHD|Nishi-Nippon Financial Holdings|Nishi-Nippon FH|NNFH,西日本銀行|西日本キャピタル,"[""会社名: 西日本FH, Nishi-Nippon Financial Holdings, Nishi-Nippon FH, 西日本フィナンシャルHD, NNFH\nブランド名: 西日本銀行, 西日本証券, 西日本リース, 西日本キャピタル, 西日本アセットマネジメント"", ""会社名: 西フィナンシャルHD, 西日本FH, Nishi Financial Holdings, Nishi FH, 西フィナンシャル\nブランド名: ふくおかフィナンシャルグループ, 西日本シティ銀行, 西日本シティ信託銀行, 西日本シティ証券, 西日本シティリース"", ""会社名: 西日本FH, 西日本フィナンシャルHD, 西フィナHD, 西日本フィナHD, 西フィHD,\nブランド名: 特定のブランド名や製品名は一般的に使用されていません。""]"
71980,７１９８０,ＳＢＩアルヒ,金融（除く銀行）,アルヒ|SBIアルヒ|SBI住宅ローン|SBIモーゲージ|SBIホームローン,フラット35|ARUHIダイレクト|ARUHI住宅ローン|ARUHIフラット,"[""申し訳ありませんが、「ＳＢＩアルヒ」についての具体的な略称やブランド名の情報は私のデータベースには含まれていないようです。一般的に企業の略称やブランド名は公式ウェブサイトやプレスリリース、または金融ニュースサイトで確認することができます。"", ""会社名: SBIアルヒ, アルヒ, SBI住宅ローン, SBIモーゲージ, SBIホームローン  \nブランド名: フラット35, ARUHIダイレクト, ARUHI住宅ローン, ARUHIフラット, ARUHIスーパーフラット"", ""会社名: ＳＢＩアルヒ, ＳＢＩ, アルヒ, ＳＢＩグループ, ＳＢＩホールディングス,\nブランド名: フラット35, 住宅ローン, ＳＢＩ住宅ローン, ＳＢＩマネープラザ, ＳＢＩネット銀行,""]"
71990,７１９９０,プレミアグループ,金融（除く銀行）,プレミア|PG|プレグル|プレミアG,プレミアオートローン|プレミアリース,"[""会社名: プレミアグループ, プレミア, PG,\nブランド名: プレミアオートローン, プレミアリース, プレミアファイナンス, プレミアカード, プレミアインシュアランス"", ""会社名: プレミア, プレグル, PG, プレミアG, プレミアグループ\nブランド名: プレミアファイナンス, プレミアオートローン, プレミアリース, プレミアクレジット, プレミアインシュアランス"", ""会社名: プレミア, PG, プレグル, プレミアG, プレミアグ,\nブランド名: 特定のブランド名や製品名は確認できません。""]"
72010,７２０１０,日産自動車,自動車・輸送機,日産|Nissan|日産自|NISSAN,ノート|セレナ|エクストレイル|リーフ|スカイライン,"[""会社名: 日産, Nissan, 日産自, 日産自動車,\nブランド名: ノート, セレナ, エクストレイル, リーフ, スカイライン"", ""会社名: 日産, Nissan, ニッサン, NISSAN, 日産自  \nブランド名: ノート, セレナ, エクストレイル, リーフ, スカイライン"", ""会社名: 日産, NISSAN,  \nブランド名: ノート, セレナ, エクストレイル, リーフ, スカイライン""]"
72020,７２０２０,いすゞ自動車,自動車・輸送機,いすゞ|いすゞ自|ISUZU|Isuzu,エルフ|ギガ|フォワード|D-MAX|Nシリーズ,"[""会社名: いすゞ, Isuzu, いすゞ自, いすゞ自動車,\nブランド名: エルフ, ギガ, フォワード, D-MAX, Nシリーズ"", ""会社名: いすゞ, ISUZU, いすゞ自,\nブランド名: エルフ, ギガ, フォワード, ジェミニ, ビッグホーン"", ""会社名: いすゞ, ISUZU, いすゞ自, いすゞ自動車, ISUZU MOTORS,\nブランド名: エルフ, ギガ, フォワード, D-MAX, トラヴィック""]"
72030,７２０３０,トヨタ自動車,自動車・輸送機,トヨタ|トヨタ自|TOYOTA|7203,プリウス|カローラ|レクサス|ハイエース|ランドクルーザー,"[""会社名: トヨタ, Toyota, トヨタ自, トヨタ自動車, トヨタモーター,\nブランド名: プリウス, カローラ, レクサス, ハイエース, ランドクルーザー"", ""会社名: トヨタ, TOYOTA, トヨタ自, トヨタ自動車, 7203  \nブランド名: プリウス, カローラ, レクサス, ランドクルーザー, ハイエース"", ""会社名: トヨタ, トヨタ自, トヨタ自動車, TOYOTA, 7203,\nブランド名: カローラ, プリウス, レクサス, ランドクルーザー, ハイエース,""]"
72050,７２０５０,日野自動車,自動車・輸送機,日野|Hino|日野自|Hino Motors,デュトロ|プロフィア|レンジャー|ポンチョ|セレガ,"[""会社名: 日野, Hino, 日野自, Hino Motors, 日野自動車,\nブランド名: デュトロ, プロフィア, レンジャー, ポンチョ, セレガ,"", ""会社名: 日野, Hino, 日野自, 日野トラック, Hino Motors  \nブランド名: デュトロ, プロフィア, レンジャー, ポンチョ, セレガ"", ""会社名: 日野,  \nブランド名: デュトロ, プロフィア, レンジャー, ポンチョ, セレガ""]"
72110,７２１１０,三菱自動車工業,自動車・輸送機,Mitsubishi Motors|MMC|三菱自動車|三菱自|ミツビシ,パジェロ|アウトランダー|デリカ|エクリプスクロス|ミラージュ,"[""会社名: 三菱自動車, Mitsubishi Motors, MMC,\nブランド名: パジェロ, ランサー, アウトランダー, エクリプス クロス, デリカ"", ""会社名: 三菱自, MMC, Mitsubishi Motors, ミツビシ, ミツビシ自動車,\nブランド名: パジェロ, デリカ, アウトランダー, エクリプスクロス, ミラージュ,"", ""会社名: 三菱自動車, 三菱自, MMC, Mitsubishi Motors, \nブランド名: パジェロ, アウトランダー, エクリプスクロス, デリカ, ミラージュ""]"
72200,７２２００,武蔵精密工業,自動車・輸送機,武蔵精密|Musashi|Musashi Seimitsu|武蔵,G-TEKT|Musashi AI|Musashi Electric Power Steering|Musashi Hydrogen,"[""会社名: 武蔵精密, Musashi Seimitsu, Musashi,\nブランド名: 具体的なブランド名や製品名の情報はありません。"", ""会社名: 武蔵精密, 武蔵, Musashi Seimitsu, Musashi,\nブランド名: G-TEKT, Musashi AI, Musashi Electric Power Steering, Musashi Hydrogen, Musashi E-Mobility"", ""会社名: 武蔵精密, 武蔵, Musashi,\nブランド名: ...""]"
72220,７２２２０,日産車体,自動車・輸送機,Nissan Shatai|NST|日産|NISSAN,キャラバン|パラメディック|NV350キャラバン|アトラス|クリッパー,"[""会社名: 日産車体, Nissan Shatai, NST,\nブランド名: キャラバン, NV350キャラバン, パラメディック, アトラス, クリッパー"", ""会社名: 日産車体, Nissan Shatai, NST,\nブランド名: キャラバン, NV350キャラバン, パラメディック, アトラス, NV200バネット"", ""会社名: 日産, 日産車体, NISSAN, \nブランド名: エルグランド, キャラバン, NV350, パラメディック, NV200""]"
72240,７２２４０,新明和工業,自動車・輸送機,新明和|ShinMaywa|新明和工|ShinMaywa Industries,Amphibian|PAXWAY|US-2|ELESTA|FLIPPER,"[""会社名: 新明和, ShinMaywa, 新明和工業, ShinMaywa Industries, ShinMaywa Kogyo,\nブランド名: US-2, Amphibian, PAXWAY, ELESTA, FLIPPER,"", ""会社名: 新明和, ShinMaywa, 新明和工, SMK, 新明和工業  \nブランド名: PAXWAY, Amphibian, Skytruck, Hi-Decker, Aero Step"", ""会社名: 新明和, 新明和工, 明和工業, 7224, ShinMaywa,\nブランド名: Amphibian, PAXWAY, Aero, Cargo, Water Treatment,""]"
72260,７２２６０,極東開発工業,自動車・輸送機,極東開発|極東|Kyokuto Kaihatsu Kogyo|KKK,ダンプトラック|パッカー車|ミキサー車|タンクローリー|アームロール,"[""会社名: 極東開発, 極東開発工業, Kyokuto Kaihatsu Kogyo,\nブランド名: ダンプトラック, ミキサー車, アームロール, パッカー車, クレーン車"", ""会社名: 極東開発, 極東, KKK, Kyokuto, Kyokuto Kaihatsu,\nブランド名: ダンプトラック, ミキサー車, クレーン, タンクローリー, パッカー車"", ""会社名: 極東開発, 極東,  \nブランド名: ダンプトラック, ミキサー, タンクローリー, パッカー車, 消防車""]"
72310,７２３１０,トピー工業,自動車・輸送機,トピー|Topy Industries|Topy Kogyo|トピー工,トピーアルミホイール|トピー自動車部品|トピータイヤ|トピー鉄鋼製品|トピー建機部品,"[""会社名: トピー, Topy Industries, Topy Kogyo,\nブランド名: トピーアルミホイール, トピー鉄鋼製品, トピー建機部品, トピー自動車部品, トピーエンジニアリング製品"", ""会社名: トピー, トピー工業, Topy Industries,\nブランド名: トピータイヤ, トピーアルミホイール, トピー鉄鋼, トピー建機, トピー自動車部品"", ""会社名: トピー, トピー工, Topy, Topy Industries, トピー工業,\nブランド名: トピータイヤ, トピーリム, トピーアルミ, トピー鋼管, トピーシャーシ""]"
72360,７２３６０,ティラド,自動車・輸送機,ティラド株式会社|T.RAD|TIRAD|TIRAD Corporation,ラジエーター|オイルクーラー|ヒーターコア|EGRクーラー|チャージエアクーラー,"[""会社名: ティラド, T.RAD,\nブランド名: ラジエーター, オイルクーラー, ヒーターコア, EGRクーラー, チャージエアクーラー"", ""会社名: ティラド, TIRAD, ティラド株式会社, TIRAD Corporation, ティラドコーポレーション  \nブランド名: 情報が不足しているため、代表的なブランド名や製品名を特定できません。"", ""会社名: ティラド, TRAD, ティラド株式会社,   \nブランド名: なし""]"
72380,７２３８０,曙ブレーキ工業,自動車・輸送機,曙ブレーキ|Akebono Brake|Akebono,ProACT|EURO|Performance|ACT|CERAMIC,"[""会社名: 曙ブレーキ, Akebono Brake, Akebono, 曙ブレーキ工業,\nブランド名: ProACT, EURO, Performance, ACT, CERAMIC"", ""会社名: 曙ブレーキ, 曙, Akebono, Akebono Brake, AKEBONO,\nブランド名: ProACT, EURO, Performance, ACT, CERAMIC,"", ""会社名: 曙ブレーキ, 曙ブレーキ工業, Akebono, Akebono Brake, 72380,\nブランド名: Akebono Brake Pads, ProACT, EURO, Performance, ACT,""]"
72390,７２３９０,タチエス,自動車・輸送機,TACHI-S|タチエス株式会社|TACHI-S Co.|Ltd.,なし,"[""会社名: タチエス, TACHI-S,\nブランド名: ありません。"", ""会社名: タチエス, TACHI-S, タチエス株式会社, TACHI-S Co., Ltd.,\nブランド名: なし"", ""会社名: タチエス, TACHI-S,  \nブランド名: 申し訳ありませんが、タチエスの具体的なブランド名や製品名についての情報は持ち合わせていません。""]"
72400,７２４００,ＮＯＫ,自動車・輸送機,NOK|エヌオーケー|NOK Ltd.,オイルシール|パッキン|ガスケット|メカニカルシール|フリクションシール,"[""会社名: NOK,\nブランド名: フリクションシール, オイルシール, ガスケット, パッキン, メカニカルシール"", ""会社名: NOK, エヌオーケー, NOKコーポレーション, NOK株式会社, NOK Ltd.,\nブランド名: フロイダイン, セルペンティン, メカシール, オイルシール, パッキン"", ""会社名: NOK, NOK株式会社, NOK Corp, エヌオーケー, エヌオーケー株式会社  \nブランド名: オイルシール, パッキン, ガスケット, メカニカルシール, フレキシブルプリントサーキット""]"
72410,７２４１０,フタバ産業,自動車・輸送機,フタバ|フタバ産|Futaba|72410|FTS,なし,"[""会社名: フタバ, フタバ産業, Futaba Corporation, Futaba Industrial,\nブランド名: 申し訳ありませんが、フタバ産業の代表的なブランド名や製品名に関する具体的な情報はありません。"", ""会社名: フタバ, フタバ産, Futaba, 72410, FTS\nブランド名: なし"", ""会社名: フタバ, フタバ産, 72410, FTS, Futaba,\nブランド名: 情報がありません。""]"
72420,７２４２０,カヤバ,自動車・輸送機,KYB,Excel-G|AGX|Lowfer Sports|NewSR|Special Thanks,"[""会社名: KYB, カヤバ,\nブランド名: NewSR, Excel-G, AGX, Lowfer Sports, Special Thanks"", ""会社名: KYB, カヤバ,\nブランド名: New SR Special, Excel-G, AGX, Lowfer Sports, Special Purpose Shock Absorbers"", ""会社名: KYB, カヤバ,\nブランド名: NewSR, Lowfer Sports, Excel-G, AGX, Ultra SR""]"
72440,７２４４０,市光工業,電機・精密,市光|Ichikoh|市光工|IK,Valeo|イルミネーションシステム|ヘッドランプ|テールランプ|ミラーシステム,"[""会社名: 市光, Ichikoh,\nブランド名: Valeo, イルミネーションシステム, ヘッドランプ, テールランプ, ミラーシステム"", ""申し訳ありませんが、「市光工業」（証券コード: 72440）についての具体的な略称やブランド名のリストは提供できません。ただし、一般的に企業の略称やブランド名は、企業の公式ウェブサイトや投資家向けの資料、またはSNSでのユーザーの投稿などで確認できることがあります。市光工業に関する情報をお探しの場合は、これらの情報源を参照することをお勧めします。"", ""会社名: 市光, 市光工, IK,  \nブランド名: イクシー, イクシーライト, イクシーLED, イクシーランプ, イクシーシステム""]"
72450,７２４５０,大同メタル工業,自動車・輸送機,大同メタル|Daido Metal|Daido|大同,DAIMET|D-MET|DAIBEST|DAISHELL|DAIMETAL,"[""会社名: 大同メタル, Daido Metal,\nブランド名: DAIMET, DAIBEST, DAISHELL, DAIMETAL, DAIPRO"", ""会社名: 大同メタル, Daido Metal, 大同メタル工業, Daido,\nブランド名: D-MET, Daibest, Daido Metal Bearings, Daido Plain Bearings, Daido Engine Bearings"", ""会社名: 大同メタル, 大同, DAIHO,\nブランド名: DAIDO METAL, D-MET, DAIMET, DAIDO, METALLOY""]"
72460,７２４６０,プレス工業,自動車・輸送機,Press Kogyo|プレス|PKC|プレス工,,"[""会社名: プレス工業, Press Kogyo,\nブランド名: 申し訳ありませんが、プレス工業の代表的なブランド名や製品名に関する具体的な情報は提供できません。"", ""申し訳ありませんが、「プレス工業」（証券コード: 72460）についての具体的な略称やブランド名のリストは、私のデータベースには含まれていません。ただし、一般的に企業の略称やニックネームは、社名の一部や英語名を短縮した形が使われることが多いです。また、ブランド名や製品名は企業の公式ウェブサイトやプレスリリースで確認できる場合があります。具体的な情報を得るには、公式な情報源を参照することをお勧めします。"", ""会社名: プレス工業, プレス, PKC, プレス工,\nブランド名: 特定のブランド名や製品名は一般的に公表されていない可能性があります。""]"
72500,７２５００,太平洋工業,自動車・輸送機,太平洋|太平工|TAIHEIYO|72500,,"[""申し訳ありませんが、「太平洋工業」（証券コード: 72500）に関する具体的な略称やブランド名の情報は持ち合わせていません。一般的には、企業の略称やブランド名は公式ウェブサイトや金融ニュース、業界レポートなどで確認することができます。"", ""申し訳ありませんが、「太平洋工業」（証券コード: 72500）についての具体的な略称やブランド名の情報は持っていません。一般的には、企業の略称やブランド名は公式ウェブサイトや投資家向け資料で確認することができます。また、SNSやトレーダー間での通称は、地域やコミュニティによって異なる場合があります。公式な情報源を参照することをお勧めします。"", ""会社名: 太平洋工業, 太平洋, 太平工, TAIHEIYO, 72500  \nブランド名: 特定のブランド名や製品名は一般的に公開されていない可能性があります。""]"
72590,７２５９０,アイシン,自動車・輸送機,アイシン精機|Aisin|Aisin Seiki|アイシンAW,アイシン|Aisin|Aisin AW|ADVICS|アイシン精機,"[""会社名: アイシン, Aisin, アイシン精機,\nブランド名: アイシン, Aisin, アイシン精機, Aisin Seiki, Aisin AW"", ""会社名: アイシン, Aisin, アイシン精機, Aisin Seiki, アイシンAW  \nブランド名: NAVIelite, ASLEEP, ADVICS, Aisin World Corp. of America, Aisin Europe"", ""会社名: アイシン, アイシン精機, AISIN, アイシンAW, Aisin Seiki,\nブランド名: アイシン, AW, ADVICS, Aisin, Aisin AW,""]"
72610,７２６１０,マツダ,自動車・輸送機,Mazda|マツダ自動車|Mazda Motor Corporation|マツダ株式会社,アテンザ|デミオ|ロードスター|CX-5|RX-7,"[""会社名: マツダ, Mazda, マツダ自動車, Mazda Motor Corporation, Mazda Corp,\nブランド名: アテンザ, デミオ, ロードスター, CX-5, RX-7"", ""会社名: マツダ, Mazda, マツダ自動車, マツダ株式会社, Mazda Motor Corporation  \nブランド名: アテンザ, デミオ, ロードスター, CX-5, RX-7"", ""会社名: マツダ, Mazda, 7261, 広島の自動車メーカー, マツダ株式会社,\nブランド名: ロードスター, アテンザ, デミオ, CX-5, RX-7""]"
72670,７２６７０,本田技研工業,自動車・輸送機,ホンダ|Honda|本田|HMC|本田技研,シビック|アコード|CR-V|フィット|NSX,"[""会社名: ホンダ, Honda, 本田,\nブランド名: シビック, アコード, CR-V, フィット, NSX"", ""会社名: ホンダ, Honda, 本田,\nブランド名: シビック, アコード, CR-V, フィット, NSX"", ""会社名: ホンダ, 本田, HMC, Honda, 本田技研,\nブランド名: シビック, アコード, CR-V, フィット, NSX""]"
72690,７２６９０,スズキ,自動車・輸送機,Suzuki|スズキ自動車|スズキ株式会社|SUZUKI MOTOR,スイフト|アルト|ワゴンR|ジムニー|スペーシア,"[""会社名: スズキ, Suzuki, スズキ自動車, スズキ株式会社,\nブランド名: スイフト, アルト, ワゴンR, ジムニー, スペーシア"", ""会社名: スズキ, Suzuki, スズキ自動車, スズキ株式会社, SUZUKI MOTOR\nブランド名: スイフト, アルト, ワゴンR, ジムニー, スペーシア"", ""会社名: スズキ, SUZUKI, 7269, 鈴木,\nブランド名: スイフト, アルト, ワゴンR, ジムニー, スペーシア""]"
72700,７２７００,ＳＵＢＡＲＵ,自動車・輸送機,SUBARU|スバル|スバル自動車|富士重工|富士重工業,レガシィ|インプレッサ|フォレスター|アウトバック|WRX,"[""会社名: SUBARU, スバル, スバル自動車,\nブランド名: レガシィ, インプレッサ, フォレスター, アウトバック, WRX"", ""会社名: スバル, SUBARU, 富士重工,\nブランド名: レガシィ, インプレッサ, フォレスター, アウトバック, WRX"", ""会社名: SUBARU, スバル, 富士重工業,  \nブランド名: レガシィ, インプレッサ, フォレスター, アウトバック, WRX""]"
72720,７２７２０,ヤマハ発動機,自動車・輸送機,ヤマハ|ヤマハ発|Yamaha Motor|YMC|ヤマハモーター,MTシリーズ|NMAX|YZFシリーズ|TMAX|FJRシリーズ,"[""会社名: ヤマハ, ヤマハ発, Yamaha Motor, YMC, ヤマハモーター,\nブランド名: MTシリーズ, YZFシリーズ, NMAX, TMAX, FJRシリーズ"", ""会社名: ヤマハ, YAMAHA, ヤマハ発, ヤマハ発動機, YAMAHA MOTOR  \nブランド名: MTシリーズ, YZFシリーズ, NMAX, TMAX, TRACER"", ""会社名: ヤマハ, ヤマハ発,\nブランド名: マジェスティ, シグナス, トリシティ, NMAX, MTシリーズ""]"
72760,７２７６０,小糸製作所,電機・精密,小糸|小糸製|Koito|小糸製作|Koito Manufacturing,LEDヘッドランプ|Adaptive Driving Beam (ADB)|Bi-function LED|小糸ランプ|小糸テールランプ,"[""会社名: 小糸, Koito, 小糸製,\nブランド名: LEDヘッドランプ, Adaptive Driving Beam (ADB), Bi-function LED, 小糸ランプ, 小糸テールランプ"", ""会社名: 小糸, Koito, 小糸製, 小糸製作, Koito Manufacturing,\nブランド名: ブリリアント・テクノロジー, セーフティ・ビーム, アダプティブ・ドライビング・ビーム, LEDヘッドランプ, ADBシステム"", ""会社名: 小糸, KOITO, 小糸製, 小糸製作, 小糸工業,\nブランド名: SEVENS, Whitebeam, CARMATE, PIAA, ADB""]"
72780,７２７８０,エクセディ,自動車・輸送機,EXEDY|エクスディ,DYNAX|Hyper Single|Racing Clutch|Ultra Fiber|Sports Tuff,"[""会社名: エクセディ, EXEDY  \nブランド名: DYNAX, Hyper Single, Racing Clutch, Ultra Fiber, Carbon-D"", ""会社名: エクセディ, EXEDY, エクスディ,\nブランド名: DYNAX, Hyper Single, Racing Clutch, Sports Tuff, Ultra Fiber"", ""会社名: エクセディ, EXEDY, エクスディ,\nブランド名: DYNAX, Hyper Single, Racing Clutch, Sports Tuff, Ultra Fiber""]"
72800,７２８００,ミツバ,電機・精密,MITSUBA|ミツバグループ,ワイパーシステム|パワーウィンドウモーター|ホーン|ルームミラー|ウォッシャーポンプ,"[""会社名: ミツバ, MITSUBA,\nブランド名: ルームミラー, ワイパーシステム, パワーウィンドウモーター, ホーン, ウォッシャーポンプ"", ""会社名: ミツバ, MITSUBA, ミツバグループ, ミツバコーポレーション, ミツバ株式会社  \nブランド名: サウンドモーター, スマートモーター, パワーウィンドウモーター, ワイパーシステム, ホーン"", ""会社名: ミツバ, MITSUBA, 72800, ミツバグループ, ミツバコーポレーション  \nブランド名: ミツバ製品, ミツバモーター, ミツバパーツ, ミツバアクセサリー, ミツバテクノロジー""]"
72820,７２８２０,豊田合成,自動車・輸送機,TG|トヨタ合成|TOYODA GOSEI|Toyota Gosei,ウェザーストリップ|エアバッグ|ラジエーターグリル|ステアリングホイール|フューエルタンクガード,"[""会社名: 豊田合成, TG, TOYODA GOSEI, トヨタ合成,\nブランド名: ウェザーストリップ, エアバッグ, ステアリングホイール, ラジエーターグリル, フューエルタンクガード"", ""会社名: 豊田合成, TG, トヨタ合成, Toyota Gosei, トヨゴー,\nブランド名: e-Rubber, Smart Cushion, Safety System, Weatherstrip, Airbag,"", ""会社名: 豊田合成, TG, トヨタ合成,  \nブランド名: エアバッグ, ウェザーストリップ, シール製品, ラジエーターグリル, バンパー""]"
72830,７２８３０,愛三工業,自動車・輸送機,愛三|Aisan|Aisan Industry|Aisan Kogyo|Aisan Corp,EGRバルブ|フューエルポンプ|インテークマニホールド|スロットルボディ,"[""申し訳ありませんが、「愛三工業」についての具体的な略称やブランド名の情報は私のデータベースには含まれていないようです。一般的には、企業の略称やブランド名は公式ウェブサイトや金融ニュース、または業界の資料で確認することができます。"", ""会社名: 愛三, Aisan, Aisan Industry, Aisan Kogyo, Aisan Corp,\nブランド名: EGRバルブ, フューエルポンプ, インテークマニホールド, スロットルボディ, キャニスター"", ""会社名: 愛三, Aisan, Aisan Industry, Aisan Kogyo, 72830,\nブランド名: 情報がありません。""]"
72940,７２９４０,ヨロズ,自動車・輸送機,Yorozu|ヨロズ自動車|ヨロズ株式会社,...|なし,"[""会社名: ヨロズ, Yorozu,\nブランド名: 申し訳ありませんが、ヨロズの代表的なブランド名や製品名についての具体的な情報は提供できません。"", ""会社名: ヨロズ, Yorozu,\nブランド名: ..."", ""会社名: ヨロズ, ヨロズ自動車, ヨロズ株式会社,  \nブランド名: なし""]"
72960,７２９６０,エフ・シー・シー,自動車・輸送機,FCC|エフシーシー|フリクションクラッチカンパニー|72960,Wet Clutch|Dry Clutch|Torque Converter|Motorcycle Clutch|ATV Clutch,"[""会社名: FCC, エフシーシー,\nブランド名: Wet Clutch, Dry Clutch, Torque Converter, Motorcycle Clutch, ATV Clutch"", ""会社名: FCC, エフシーシー, フリクションクラッチカンパニー, フリクションクラッチ,\nブランド名: FCCクラッチ, FCCオートバイ用クラッチ, FCC自動車用クラッチ, FCC産業用クラッチ, FCCトランスミッション部品"", ""会社名: FCC, エフシーシー, 72960,\nブランド名: クラッチ, クラッチディスク, クラッチカバー, トルクコンバータ, ドライブプレート""]"
73090,７３０９０,シマノ,自動車・輸送機,SHIMANO|Shimano|Shimano Inc.|73090,XTR|DURA-ACE|ULTEGRA|105|DEORE,"[""会社名: シマノ, Shimano,\nブランド名: Dura-Ace, Ultegra, Deore, XTR, GRX"", ""会社名: シマノ, SHIMANO, Shimano Inc.,\nブランド名: DURA-ACE, ULTEGRA, 105, XTR, DEORE"", ""会社名: シマノ, SHIMANO, 73090,\nブランド名: DURA-ACE, ULTEGRA, 105, XTR, DEORE""]"
73130,７３１３０,テイ・エス　テック,自動車・輸送機,TSテック|TS Tech|テイエステック|テイエス|TS,COMBI|COMBI JOY|COMBI SEAT|COMBI CHAIR|COMBI TABLE,"[""会社名: TSテック, TS Tech,\nブランド名: COMBI SEAT, COMBI CHAIR, COMBI TABLE, COMBI BED, COMBI SOFA"", ""会社名: TSテック, TS Tech, テイエステック, テイエス, TS\nブランド名: COMBI, COMBI NEXT, COMBI JOY, COMBI JOY PLUS, COMBI JOY PREMIUM"", ""会社名: TSテック, テイエステック, TS Tech, テイエス, TS,\nブランド名: COMBI, COMBI NE, COMBI FEEL, COMBI JOY, COMBI MOVE""]"
73220,７３２２０,三十三フィナンシャルグループ,銀行,三十三FG|三十三フィナンシャル|三十三グループ,,"[""申し訳ありませんが、「三十三フィナンシャルグループ」に関する具体的な略称やブランド名の情報は持っていません。一般的には、企業の略称やブランド名は公式ウェブサイトやプレスリリースで確認できます。"", ""申し訳ありませんが、「三十三フィナンシャルグループ」（証券コード: 73220）に関する具体的な略称やブランド名の情報は持ち合わせていません。一般的に、企業の略称やブランド名は公式な情報源や企業のウェブサイトで確認することができます。もし具体的な情報が必要であれば、公式な資料や信頼できる情報源を参照してください。"", ""会社名: 三十三FG, 三十三フィナンシャル, 三十三グループ, 三十三,\nブランド名: 特に一般的なブランド名や製品名は確認できません。""]"
73270,７３２７０,第四北越フィナンシャルグループ,銀行,第四北越FG|第四北越フィナンシャル|DAIHOKU FG|DAIHOKU FINANCIAL GROUP|第四北越グループ,だいしほくえつ銀行|だいし証券|ほくえつリース|だいしほくえつキャピタル|だいしほくえつ保険,"[""会社名: 第四北越FG, 第四北越フィナンシャル, DAIHOKU FG, DAIHOKU FINANCIAL GROUP, 第四北越グループ  \nブランド名: だいしほくえつ銀行, だいし証券, ほくえつリース, だいしほくえつキャピタル, だいしほくえつ保険"", ""申し訳ありませんが、「第四北越フィナンシャルグループ」について具体的な略称やブランド名の情報は持っていません。一般的には、企業の略称やニックネームはその企業の公式ウェブサイトやプレスリリース、またはSNSでの使用例から得られることが多いです。ブランド名や製品名についても同様です。公式な情報源を確認することをお勧めします。"", ""会社名: 第四北越FG, 第四北越, D&K FG, D&K, 第四北越フィナンシャル,\nブランド名: なし""]"
73370,７３３７０,ひろぎんホールディングス,銀行,ひろぎん|Hiroshima Bank Holdings|HGHD,ひろぎんカード|ひろぎん保険|ひろぎんダイレクト,"[""会社名: ひろぎん, ひろぎんHD, Hiroshima Bank Holdings, ひろぎんホールディングス,\nブランド名: ひろぎんダイレクト, ひろぎんカード, ひろぎん住宅ローン, ひろぎん投資信託, ひろぎん保険"", ""会社名: ひろぎん, ひろぎんHD, ひろぎんホールディングス, Hiroshima Bank Holdings, HGHD  \nブランド名: ひろぎんカード, ひろぎん証券, ひろぎんリース, ひろぎん信託, ひろぎん保険"", ""会社名: ひろぎんHD, ひろぎん, 広銀HD, 広銀,\nブランド名: ひろぎん証券, ひろぎんリース, ひろぎんキャピタル, ひろぎんカード, ひろぎん保険""]"
73500,７３５００,おきなわフィナンシャルグループ,銀行,おきなわFG|OFG|沖縄フィナンシャル|沖縄FG|おきなわフィナンシャル,沖縄銀行|琉球銀行,"[""会社名: おきなわFG, OFG, 沖縄フィナンシャル,\nブランド名: 沖縄銀行, 琉球銀行, 沖縄証券, 沖縄リース, 沖縄カード"", ""会社名: おきなわFG, OFG, 沖縄フィナンシャル,\nブランド名: 沖縄銀行, 琉球銀行, 沖縄証券, 沖縄リース, 沖縄カード"", ""会社名: おきなわFG, 沖縄FG, OFG, 沖縄フィナンシャル, おきなわフィナンシャル,\nブランド名: 沖縄銀行, 琉球銀行, 沖縄証券, 沖縄リース, 沖縄カード""]"
73540,７３５４０,ダイレクトマーケティングミックス,情報通信・サービスその他,DMM|ダイレクトマーケティング|ダイレクトM|Dマーケティング|DMミックス,該当なし,"[""申し訳ありませんが、「ダイレクトマーケティングミックス」（証券コード: 73540）に関する具体的な略称やブランド名の情報は私のデータベースには含まれていません。一般的には、企業の略称やブランド名は公式ウェブサイトやプレスリリース、または金融ニュースなどで確認することができます。"", ""申し訳ありませんが、「ダイレクトマーケティングミックス」（証券コード: 73540）に関する具体的な略称やブランド名の情報は持っていません。一般的には、企業の略称やブランド名は公式ウェブサイトやプレスリリース、または業界内での通称として知られていることが多いです。公式な情報源を確認することをお勧めします。"", ""会社名: DMM, ダイレクトマーケティング, ダイレクトM, Dマーケティング, DMミックス  \nブランド名: 該当なし""]"
73580,７３５８０,ポピンズ,情報通信・サービスその他,Poppins|ポピンズHD|73580,ポピンズナーサリー|ポピンズキッズルーム|ポピンズファミリーケア|ポピンズアフタースクール|ポピンズインターナショナルプレスクール,"[""会社名: ポピンズ, Poppins,\nブランド名: ポピンズナーサリー, ポピンズキッズルーム, ポピンズファミリーケア, ポピンズアフタースクール, ポピンズインターナショナルプレスクール"", ""申し訳ありませんが、「ポピンズ」（証券コード: 73580）に関する具体的な略称やブランド名のリストを提供することはできません。一般的に、企業の略称やブランド名は、企業の公式ウェブサイトやプレスリリース、または業界関連のニュースで確認することができます。ポピンズに関する詳細な情報を得るには、これらの情報源を参照することをお勧めします。"", ""会社名: ポピンズ, Poppins, ポピンズHD, ポピンズホールディングス, 73580,\nブランド名: ポピンズナーサリー, ポピンズキッズルーム, ポピンズインターナショナル, ポピンズアクティブラーニング, ポピンズケアサービス,""]"
73660,７３６６０,ＬＩＴＡＬＩＣＯ,情報通信・サービスその他,LITALICO|リタリコ|LITA|リタ|LICO,LITALICOワークス|LITALICOジュニア|LITALICO発達ナビ|LITALICOキャリア|LITALICO仕事ナビ,"[""会社名: LITALICO, リタリコ,\nブランド名: LITALICOワークス, LITALICOジュニア, LITALICO発達ナビ, LITALICOキャリア, LITALICOワンダー"", ""会社名: LITALICO, リタリコ, LITA, リタ, LICO  \nブランド名: LITALICOワークス, LITALICOジュニア, LITALICO発達ナビ, LITALICO仕事ナビ, LITALICOキャリア"", ""会社名: LITALICO, リタリコ,\nブランド名: LITALICOワークス, LITALICOジュニア, LITALICO発達ナビ, LITALICO仕事ナビ, LITALICOキャリア""]"
73800,７３８００,十六フィナンシャルグループ,銀行,十六FG|十六フィナンシャル|十六銀行グループ|JFG,十六銀行,"[""申し訳ありませんが、「十六フィナンシャルグループ」についての具体的な略称やブランド名の情報は持ち合わせていません。一般的には、企業の略称やブランド名は公式ウェブサイトやプレスリリースで確認できます。具体的な情報を知りたい場合は、そちらを参照することをお勧めします。"", ""申し訳ありませんが、「十六フィナンシャルグループ」（証券コード: 73800）に関する具体的な略称やブランド名の情報は私のデータベースには含まれていません。一般的に、企業の略称やブランド名は公式ウェブサイトやプレスリリース、またはSNSなどで確認することができます。"", ""会社名: 十六FG, 十六フィナンシャル, 十六銀行グループ, JFG, 十六,\nブランド名: 十六銀行, 十六証券, 十六リース, 十六カード, 十六キャピタル""]"
73810,７３８１０,北國フィナンシャルホールディングス,銀行,北國フィナンシャルHD|北國HD|Hokuriku Financial Holdings|Hokuriku FH,北國銀行|北國信託銀行,"[""会社名: 北國フィナンシャルHD, 北國フィナンシャル, 北國HD, Hokuriku Financial Holdings, Hokuriku FH  \nブランド名: 北國銀行, 北國証券, 北國リース, 北國カード, 北國信託銀行"", ""申し訳ありませんが、「北國フィナンシャルホールディングス」についての具体的な略称やブランド名の情報は持ち合わせていません。ただし、一般的な方法として、企業の略称やニックネームは通常、企業名の一部を短縮したものや、英語名の頭文字を取ったものが使われることがあります。また、ブランド名や製品名は企業の公式ウェブサイトやプレスリリースで確認することができます。具体的な情報を得るには、公式な情報源を参照することをお勧めします。"", ""会社名: 北國FH, 北國フィナンシャルHD, 北國フィナンシャル, 北國HD, 北國ホールディングス,\nブランド名: 北國銀行, 北國証券, 北國キャピタル, 北國リース, 北國カード""]"
73830,７３８３０,ネットプロテクションズホールディングス,金融（除く銀行）,ネットプロテクションズ|NPHD|ネットプロ|NP Holdings,NP後払い|atone|AFTEE|NP掛け払い|NPポイントクラブ,"[""会社名: ネットプロテクションズ, NPHD, ネットプロ, NPホールディングス, NP Holdings  \nブランド名: NP後払い, atone, AFTEE, NP掛け払い, NPポイントクラブ"", ""会社名: NPHD, ネットプロ, ネットプロテクションズ,\nブランド名: NP後払い, atone, AFTEE, NP掛け払い, NPポイントクラブ"", ""会社名: NPHD, ネットプロ, ネットプロテクションズ, NPホールディングス, NP,\nブランド名: NP後払い, atone, AFTEE, NP掛け払い, NPポイントクラブ""]"
73840,７３８４０,プロクレアホールディングス,銀行,プロクレア|PCHD,,"[""申し訳ありませんが、「プロクレアホールディングス」についての具体的な略称やブランド名の情報は持ち合わせていません。一般的には、企業の略称やブランド名は公式ウェブサイトやプレスリリースで確認することができます。"", ""申し訳ありませんが、「プロクレアホールディングス」（証券コード: 73840）に関する具体的な略称やブランド名の情報は持ち合わせていません。一般的に、企業の略称やブランド名は公式ウェブサイトやプレスリリース、またはSNSなどで確認することができます。"", ""会社名: プロクレア, プロクレアHD, PCHD, プロクレアホールディングス,\nブランド名: 申し訳ありませんが、プロクレアホールディングスの具体的なブランド名や製品名についての情報はありません。""]"
73880,７３８８０,ＦＰパートナー,金融（除く銀行）,FPパートナー|エフピーパートナー|FP社|FP Partner|ＦＰ,マネードクター|Money Doctor|ほけんの窓口|保険相談|資産運用相談,"[""会社名: FPパートナー, FP Partner, エフピーパートナー, Financial Partners,\nブランド名: マネードクター, Money Doctor, ほけんの窓口, 保険相談, 資産運用相談"", ""会社名: FPパートナー, FP Partners, エフピーパートナー, FP社, FPグループ  \nブランド名: 保険見直し本舗"", ""会社名: FPパートナー, FP, FPP, FP社, FPグループ  \nブランド名: なし""]"
73890,７３８９０,あいちフィナンシャルグループ,銀行,あいちフィナンシャル,,"[""申し訳ありませんが、現在のところ「あいちフィナンシャルグループ」に関する具体的な略称やブランド名の情報は提供できません。最新の情報については、公式ウェブサイトや金融ニュースを参照してください。"", ""申し訳ありませんが、具体的な企業の略称やブランド名についての情報は提供できません。ただし、一般的に企業の略称やブランド名は、公式ウェブサイトやプレスリリース、または業界のニュースなどで確認することができます。"", ""申し訳ありませんが、私のデータベースには「あいちフィナンシャルグループ」に関する具体的な略称やブランド名、製品名の情報がありません。一般的には、企業名そのものが略称として使われることもありますが、詳細な情報については最新の金融ニュースや企業の公式発表を参照してください。""]"
74080,７４０８０,ジャムコ,自動車・輸送機,JAMCO|ジャムコ株式会社,VICTOREX|JAMCOシート|JAMCOインテリア|JAMCOエンジニアリング|JAMCOメンテナンス,"[""会社名: JAMCO, ジャムコ,\nブランド名: VICTOREX, JAMCOシート, JAMCOインテリア, JAMCOエンジニアリング, JAMCOメンテナンス"", ""会社名: ジャムコ, JAMCO,\nブランド名: ..."", ""会社名: ジャムコ, JAMCO, ジャムコ株式会社,  \nブランド名: なし""]"
74140,７４１４０,小野建,商社・卸売,ONOKEN|オノケン,なし,"[""会社名: 小野建, ONOKEN,\nブランド名: 申し訳ありませんが、小野建の代表的なブランド名や製品名に関する具体的な情報は提供できません。"", ""申し訳ありませんが、「小野建」（証券コード: 74140）に関する具体的な略称やブランド名についての情報は持っていません。一般的に、企業の略称やブランド名はSNSやトレーダー間での使用頻度に依存するため、特定の情報が必要です。企業の公式ウェブサイトや関連するニュース記事を参照することで、より詳細な情報を得ることができるかもしれません。"", ""会社名: 小野建, ONOKEN, オノケン,\nブランド名: なし""]"
74190,７４１９０,ノジマ,小売,Nojima|ノジマ電機,ELSONIC|NLA|ノジマモバイル,"[""会社名: ノジマ, Nojima,\nブランド名: ELSONIC, NLA, ノジマモバイル, ノジマオンライン, ノジマエンタープライズ"", ""会社名: ノジマ, Nojima, ノジマ電機,\nブランド名: ELSONIC, NLAセレクト, Trust Gaming, Logicool, JBL"", ""会社名: ノジマ,  \nブランド名: N/A""]"
74200,７４２００,佐鳥電機,商社・卸売,佐鳥,,"[""申し訳ありませんが、「佐鳥電機」（証券コード: 74200）に関する具体的な略称やブランド名についての情報は私のデータベースには含まれていません。一般的には、企業の略称やブランド名は公式ウェブサイトやプレスリリース、または金融ニュースなどで確認することができます。"", ""申し訳ありませんが、「佐鳥電機」（証券コード: 74200）に関する具体的な略称やブランド名についての情報は持っていません。一般的に、企業の略称やブランド名は公式な情報源や企業のウェブサイト、またはSNS上でのユーザーの投稿などから得られることが多いです。企業の公式な情報を確認することをお勧めします。"", ""申し訳ありませんが、「佐鳥電機」に関する具体的な略称やブランド名、製品名についての情報は持っていません。一般的に、企業の略称やブランド名、製品名は公式な情報源や企業のウェブサイトで確認することができます。""]"
74210,７４２１０,カッパ・クリエイト,小売,カッパ寿司|Kappa Create|カッパ|Kappa Sushi Holdings|カッパクリエイト,かっぱ寿司|Kappa Sushi|かっぱ寿司食べ放題|かっぱ寿司デリバリー|かっぱ寿司テイクアウト,"[""会社名: カッパ寿司, Kappa Create, Kappa Sushi Holdings,\nブランド名: かっぱ寿司, Kappa Sushi, かっぱ寿司食べ放題, かっぱ寿司デリバリー, かっぱ寿司テイクアウト"", ""会社名: カッパ, カッパクリエイト, カッパ寿司, Kappa Create, Kappa Sushi  \nブランド名: かっぱ寿司"", ""会社名: カッパ・クリエイト, カッパ寿司, カッパ,\nブランド名: カッパ寿司, かっぱ寿司, かっぱ, かっぱっぱ, かっぱ寿司チェーン""]"
74330,７４３３０,伯東,商社・卸売,Hakuto|HAKUTO,情報が不足しています。,"[""会社名: 伯東, Hakuto,\nブランド名: 申し訳ありませんが、伯東の代表的なブランド名や製品名についての具体的な情報は提供できません。"", ""会社名: 伯東, Hakuto,\nブランド名: 申し訳ありませんが、伯東の具体的なブランド名や製品名についての情報は持っていません。"", ""会社名: 伯東, HAKUTO,\nブランド名: 情報が不足しています。""]"
74380,７４３８０,コンドーテック,商社・卸売,Kondo Tech|コンドー|Kondo|KONDOTEC,なし,"[""会社名: コンドーテック, Kondo Tech, コンドー, Kondo,\nブランド名: 申し訳ありませんが、コンドーテックの代表的なブランド名や製品名に関する具体的な情報は手元にありません。"", ""会社名: コンドーテック, Kondo Tech,\nブランド名: 申し訳ありませんが、コンドーテックの代表的なブランド名や製品名に関する具体的な情報は提供できません。"", ""会社名: コンドーテック, KONDOTEC, コンドー, KTEC, 74380,\nブランド名: なし""]"
74470,７４４７０,ナガイレーベン,商社・卸売,Nagaileben|ナガイ|NGLB|ナガイL,ナースウェア|パステル|セレーヌ|フォーク|レーベン,"[""会社名: ナガイレーベン, Nagaileben,\nブランド名: パステル, セレーヌ, フォーク, レーベン, ナースウェア"", ""会社名: ナガイ, ナガイレーベン, Nagaileben, NGLB, ナガイL\nブランド名: パステルマスク, セーフティーウェア, ナースウェア, ドクターウェア, ケアウェア"", ""会社名: ナガイレーベン, ナガイ, NAGAILEBEN, NGLB, 74470,\nブランド名: NAGAILEBEN, ナースウェア, 医療ユニフォーム, ナガイユニフォーム, Nユニフォーム,""]"
74510,７４５１０,三菱食品,商社・卸売,Mitsubishi Shokuhin|Mitsubishi Foods|三菱フード|M Foods,えんどう豆スナック|かっぱえびせん|さくさくぱんだ|じゃがりこ|うまい棒,"[""会社名: 三菱食品, Mitsubishi Shokuhin, Mitsubishi Foods, 三菱フード\nブランド名: えんどう豆スナック, かっぱえびせん, さくさくぱんだ, じゃがりこ, うまい棒"", ""会社名: 三菱食品, 三菱フード, Mitsubishi Shokuhin, Mitsubishi Foods, M Foods  \nブランド名: Smile Dish, こだわり食感, 旬感, うちのごはん, うちのスープ"", ""会社名: 三菱食品, 三菱フード, MFC, Mitsubishi Shokuhin, Mitsubishi Foods,\nブランド名: なし""]"
74530,７４５３０,良品計画,小売,MUJI|Ryohin Keikaku|無印|無印良品,無印良品|MUJI|MUJI to GO|MUJI Labo|MUJI HOTEL,"[""会社名: 良品計画, MUJI, Ryohin Keikaku,\nブランド名: 無印良品, MUJI, くらしの良品研究所, MUJI to GO, MUJI Labo"", ""会社名: 良品計画, MUJI, 無印, 無印良品, Ryohin Keikaku  \nブランド名: 無印良品, MUJI, MUJI to GO, MUJI Labo, MUJI HOTEL"", ""会社名: 良品計画, 無印, MUJI, Ryohin Keikaku, 74530  \nブランド名: 無印良品, MUJI, MUJI to GO, MUJI Labo, MUJI HOTEL""]"
74560,７４５６０,松田産業,商社・卸売,松田|Matsuda|Matsuda Sangyo|MS,情報が不足しているため、代表的なブランド名や製品名は特定できません。,"[""会社名: 松田, 松田産業, Matsuda, Matsuda Sangyo, MS\nブランド名: 情報が不足しているため、代表的なブランド名や製品名は特定できません。"", ""申し訳ありませんが、「松田産業」（証券コード: 74560）に関する具体的な略称やブランド名の情報は私のデータベースには含まれていません。一般的に、企業の略称やブランド名は業界や地域によって異なることがありますので、SNSやトレーダー間での使用状況を直接確認することをお勧めします。"", ""申し訳ありませんが、「松田産業」（証券コード: 74560）に関する具体的な略称やブランド名、製品名についての情報は持ち合わせていません。一般的に企業の略称やブランド名は、業界やメディアによって異なる場合があります。公式な情報は企業のウェブサイトやプレスリリースなどを参照することをお勧めします。""]"
74580,７４５８０,第一興商,商社・卸売,DK|Daiichikosho|Daiichi Kosho|74580,DAM|ビッグエコー|まねきねこ|カラオケ館|ジョイサウンド,"[""会社名: 第一興商, Daiichikosho, DK,\nブランド名: DAM, ビッグエコー, まねきねこ, カラオケ館, ジョイサウンド"", ""申し訳ありませんが、「第一興商」（証券コード: 74580）についての具体的な略称やブランド名のリストを提供することはできません。ただし、一般的に「第一興商」は「DAM」ブランドで知られており、カラオケ関連の製品やサービスを提供しています。具体的な情報は公式サイトや関連する資料をご参照ください。"", ""会社名: 第一興商, DK, Daiichi Kosho, 74580, \nブランド名: DAM, ビッグエコー, まねきねこ, カラオケ館, ルームアイドル""]"
74590,７４５９０,メディパルホールディングス,商社・卸売,メディパル|Medipal|MPHD,ALCARE|MEDICEO|SPLine|MEDIPAL NEXT|MEDIPAL ONETOUCH,"[""会社名: メディパル, メディパルHD, Medipal Holdings, Medipal, メディパルホールディングス\nブランド名: ALCARE, MEDICEO, SPLine, MEDIPAL NEXT, MEDIPAL ONETOUCH"", ""会社名: メディパル, メディパルHD, MPHD, メディパルホールディングス, Medipal\nブランド名: アルフレッサ, メディセオ, パルタック, アルフレッサヘルスケア, メディパルプロダクツ"", ""会社名: メディパル, メディパルHD, MPHD, メディパルグループ, メディパルHLDG,\nブランド名: 特定のブランド名や製品名は一般的に報道されていません。""]"
74630,７４６３０,アドヴァングループ,小売,アドヴァン,,"[""申し訳ありませんが、「アドヴァングループ」（証券コード: 74630）についての具体的な情報は私のデータベースには含まれていないようです。そのため、会社の略称やブランド名についてのリストを提供することができません。最新の情報については、公式なニュースソースや企業の公式ウェブサイトをご確認ください。"", ""申し訳ありませんが、「アドヴァングループ」（証券コード: 74630）についての具体的な略称やブランド名の情報は持ち合わせていません。一般的に、企業の略称やブランド名は公式ウェブサイトやプレスリリース、またはSNS上でのユーザーの投稿などから確認することができます。公式な情報源を参照することをお勧めします。"", ""申し訳ありませんが、「アドヴァングループ」（証券コード: 74630）に関する具体的な略称やニックネーム、ブランド名、製品名の情報は持っていません。一般的には、企業の略称やニックネームは業界やメディアによって異なる場合があります。公式な情報源やニュース記事を参照することをお勧めします。""]"
74660,７４６６０,ＳＰＫ,商社・卸売,,,"[""申し訳ありませんが、具体的な企業の略称やブランド名についての情報は提供できません。ただし、一般的に企業の略称やブランド名は、企業の公式ウェブサイトやプレスリリース、または金融ニュースサイトで確認することができます。企業の証券コードを用いて、関連する情報を検索することをお勧めします。"", ""申し訳ありませんが、指定された証券コード「74660」に関連する具体的な情報は私のデータベースには含まれていないようです。そのため、特定の会社名やブランド名を提供することができません。証券コードや企業名が正しいか再確認するか、他の情報源を参照していただくことをお勧めします。"", ""申し訳ありませんが、「ＳＰＫ」（証券コード: 74660）に関する具体的な略称やニックネーム、ブランド名、製品名についての情報は持ち合わせていません。一般的に企業の略称やニックネームは、業界やメディアによって異なる場合がありますので、具体的な情報は公式な発表や信頼できるニュースソースを参照することをお勧めします。""]"
74670,７４６７０,萩原電気ホールディングス,商社・卸売,萩原電気|Hagiwara Holdings|Hagiwara|萩原HD,...|Apacer|Hagiwara Sys-Com|Hagiwara Solutions|Hagiwara Memory,"[""会社名: 萩原電気, 萩原電気HD, Hagiwara Electric Holdings, Hagiwara Holdings, Hagiwara\nブランド名: ...,"", ""会社名: 萩原電気, 萩原HD, Hagiwara Electric, Hagiwara Holdings, Hagiwara,\nブランド名: Apacer, Hagiwara Sys-Com, Hagiwara Solutions, Hagiwara Memory, Hagiwara IoT"", ""会社名: 萩原電気, 萩原HD, 萩原電気HD, Hagiwara Electric, Hagiwara Holdings,\nブランド名: 情報が不足していますが、一般的な製品名やブランド名は特定できません。""]"
74750,７４７５０,アルビス,小売,ALBIS|アルビス株式会社,アルビススーパー|アルビスストア|アルビスフード|アルビスセレクション,"[""申し訳ありませんが、「アルビス」（証券コード: 74750）に関する具体的な略称やブランド名の情報は手元にありません。一般的には、企業の略称やブランド名は公式ウェブサイトやプレスリリースなどで確認することができます。もし具体的な情報が必要であれば、公式な情報源を参照することをお勧めします。"", ""会社名: アルビス, ALBIS, アルビス株式会社, アルビスコーポレーション, アルビスグループ  \nブランド名: アルビススーパー, アルビスストア, アルビスフード, アルビスセレクション, アルビスデリカ"", ""会社名: アルビス, ALBIS,\nブランド名: 申し訳ありませんが、アルビスに関連する具体的なブランド名や製品名の情報は提供できません。""]"
74760,７４７６０,アズワン,商社・卸売,AS ONE|74760|アズワン株式会社,ナビス|サンクアスト|クリーンガード|AXEL|サニフィット,"[""会社名: アズワン, AS ONE,\nブランド名: AXEL, ナビス, サンクアスト, クリーンガード, サニフィット"", ""会社名: アズワン, AS ONE, アズワン株式会社, アズワンコーポレーション, 74760\nブランド名: サイエンスウェア, ラボテック, メディカルサプライ, クリーンルームプロダクツ, バイオサイエンス"", ""会社名: アズワン, AS ONE, 74760,\nブランド名: ナビス, ケニス, サンクアスト, クリーンガード, ラボラボ""]"
74800,７４８００,スズデン,商社・卸売,SUZUDEN|スズデン株式会社|SDN,,"[""会社名: スズデン, SUZUDEN,\nブランド名: 申し訳ありませんが、スズデンの代表的なブランド名や製品名に関する具体的な情報は提供できません。"", ""会社名: スズデン, スズデン株式会社, スズデンコーポレーション, SDN, Suzuden,\nブランド名: 申し訳ありませんが、スズデンの代表的なブランド名や製品名に関する具体的な情報は持っていません。"", ""会社名: スズデン, SUZUDEN, 7480, スズデン株式会社,  \nブランド名: 申し訳ありませんが、スズデンの具体的なブランド名や製品名についての情報は持っていません。""]"
74820,７４８２０,シモジマ,商社・卸売,シモジマ株式会社|Shimojima Co.|Ltd.|Shimojima,ヘイコー|HEIKO|エコバッグ|Eco Bag|パックタック,"[""会社名: シモジマ, Shimojima, シモジマ株式会社, Shimojima Co., Ltd.,\nブランド名: ヘイコー, HEIKO, パックタック, Packtack, エコバッグ, Eco Bag, ギフトバッグ"", ""会社名: シモジマ, SHIMOJIMA, 7482, シモジマ株式会社, Shimojima Co., Ltd.,\nブランド名: ヘイコー, HEIKO, パッケージプラザ, Package Plaza, エコバッグ, Eco Bag"", ""会社名: シモジマ,  \nブランド名: 特に一般的なブランド名や製品名はありません。""]"
74830,７４８３０,ドウシシャ,商社・卸売,DOSHISHA|ドウシシャグループ|Doshisha Corporation,mosh!|THERMOS|D-STYLIST|ルミナス,"[""申し訳ありませんが、「ドウシシャ」（証券コード: 74830）に関する具体的な略称やブランド名のリストを提供することはできません。ただし、一般的に企業の略称やブランド名は公式ウェブサイトやプレスリリース、または金融ニュースなどで確認することができます。公式な情報源を参照することをお勧めします。"", ""会社名: ドウシシャ, DOSHISHA, ドウシシャグループ, ドウシシャ株式会社, Doshisha Corporation  \nブランド名: mosh!, THERMOS, D-STYLIST, ルミナス, しゃべる地球儀"", ""会社名: ドウシシャ, DOSHISHA, 7483,\nブランド名: mosh!, THERMOS, D-STYLIST, ルミナス, かもしか道具店,""]"
75040,７５０４０,高速,商社・卸売,Kousoku|Kousoku Corp|高速株式会社|Kousoku Co.,速達|高速エクスプレス|スピードライン|高速デリバリー|クイックシップ,"[""会社名: 高速, Kousoku, Kousoku Corp, 高速株式会社, Kousoku Co., Ltd.,\nブランド名: 速達, 高速エクスプレス, スピードライン, 高速デリバリー, クイックシップ"", ""会社名: 高速, Kousoku, Kousoku Corp, 高速コーポレーション, Kousoku Corporation  \nブランド名: 申し訳ありませんが、「高速」（証券コード: 75040）に関連する具体的なブランド名や製品名の情報はありません。"", ""申し訳ありませんが、「高速」（証券コード: 75040）に関する具体的な略称やニックネーム、ブランド名、製品名についての情報は持ち合わせていません。一般的に企業の略称やブランド名は業界や市場での認知度によって異なることが多いため、具体的な情報は企業の公式サイトや金融ニュース、業界誌などで確認することをお勧めします。""]"
75080,７５０８０,Ｇ‐７ホールディングス,小売,G7|G7 Holdings|Ｇ‐７,なし,"[""申し訳ありませんが、「Ｇ‐７ホールディングス」（証券コード: 75080）に関する具体的な略称やブランド名の情報は持ち合わせていません。一般的には、企業の略称やブランド名は公式ウェブサイトやプレスリリース、または業界のニュースなどで確認することができます。"", ""申し訳ありませんが、「Ｇ‐７ホールディングス」（証券コード: 75080）に関する具体的な略称やブランド名の情報は持ち合わせていません。一般的に、企業の略称やブランド名は公式ウェブサイトやプレスリリース、または業界内での通称として知られていることが多いです。公式な情報源を確認することをお勧めします。"", ""会社名: G7, G7HD, G7ホールディングス, G7 Holdings, G7グループ,\nブランド名: なし""]"
75100,７５１００,たけびし,商社・卸売,Takebishi|竹菱|Takebishi Corporation,情報が不足しているため、代表的なブランド名や製品名は特定できません。|なし,"[""申し訳ありませんが、「たけびし」（証券コード: 75100）に関する具体的な略称やブランド名の情報は持っていません。一般的には、企業の略称やブランド名は公式ウェブサイトやプレスリリース、または金融ニュースなどで確認することができます。"", ""会社名: たけびし, Takebishi, 竹菱, 竹菱電機, Takebishi Corporation  \nブランド名: 情報が不足しているため、代表的なブランド名や製品名は特定できません。"", ""会社名: たけびし, 竹菱, Takebishi,  \nブランド名: なし""]"
75120,７５１２０,イオン北海道,小売,イオン|AEON|AEON Hokkaido,イオン|トップバリュ|イオンスタイル|イオンスーパーセンター,"[""会社名: イオン, イオン北海道,\nブランド名: イオン, トップバリュ, イオンモール, イオンスタイル, イオンスーパーセンター"", ""会社名: イオン北海道, イオン, AEON Hokkaido, AEON,\nブランド名: イオン, トップバリュ, ベストプライス, セリア, イオンラウンジ"", ""会社名: イオン北海道, イオン, AEON,\nブランド名: イオン, トップバリュ, まいばすけっと, イオンモール, イオンスタイル""]"
75130,７５１３０,コジマ,小売,Kojima|コジマ電機,コジマオリジナル|コジマセレクト|コジマネット|コジマ電気,"[""会社名: コジマ, Kojima,\nブランド名: コジマネット, コジマ電気, コジマオリジナル, コジマセレクト, コジマカード"", ""会社名: コジマ, Kojima, コジマ電機, コジマネット, コジマオンライン,\nブランド名: コジマオリジナル, コジマセレクト, コジマネットショップ, コジマ電機製品, コジマ家電,"", ""会社名: コジマ, KOJIMA, コジマ電機, コジマネット, コジマ×ビックカメラ  \nブランド名: コジマオリジナル, コジマセレクト, コジマネット, コジマカード, コジマアプリ""]"
75160,７５１６０,コーナン商事,小売,コーナン|Kohnan Shoji|Kohnan,コーナンオリジナル|コーナンセレクト|コーナンPRO|コーナンホームセンター,"[""会社名: コーナン, コーナン商事, Kohnan Shoji, Kohnan,\nブランド名: コーナンPRO, コーナンホームセンター, コーナンリフォーム, コーナンオリジナル, コーナンセレクト"", ""会社名: コーナン, コーナン商事, コーナンホームセンター, KONAN,\nブランド名: ラクラクパートナー, コーナンオリジナル, コーナンPRO, コーナンセレクト, コーナンスタイル"", ""会社名: コーナン, コーナン商事, コーナンホームセンター, コーナングループ, コーナン企業,\nブランド名: ライフレックス, コーナンオリジナル, コーナンセレクト, コーナンプロ, コーナンペット""]"
75200,７５２００,エコス,小売,ECOS|エコスグループ,マックスバリュ|エコスストア|エコスプライベートブランド|エコスフード,"[""申し訳ありませんが、「エコス」（証券コード: 75200）に関する具体的な略称やブランド名についての情報は持ち合わせていません。エコスは日本のスーパーマーケットチェーンである可能性が高いですが、詳細な情報を確認するには公式サイトや最新の金融ニュースをご参照ください。"", ""会社名: エコス, ECOS, エコスグループ, エコスホールディングス, エコス株式会社  \nブランド名: マックスバリュ, エコスストア, エコスプライベートブランド, エコスフード, エコスデリカ"", ""申し訳ありませんが、具体的な企業の略称やブランド名、製品名についての情報を提供することはできません。ただし、一般的な情報や金融ニュースに関する質問にはお答えできますので、他に知りたいことがあれば教えてください。""]"
75220,７５２２０,ワタミ,小売,WATAMI|ワタミグループ|Watami,和民|炭旬|ミライザカ|鳥メロ|三代目鳥メロ,"[""会社名: ワタミ, Watami,\nブランド名: 和民, 炭旬, ミライザカ, TGIフライデーズ, 鳥メロ"", ""会社名: ワタミ, WATAMI, ワタミグループ,\nブランド名: 和民, 炭旬, ミライザカ, 鳥メロ, 三代目鳥メロ"", ""会社名: ワタミ, WATAMI, ワタミグループ, ワタミ株式会社, ワタミHD,\nブランド名: 和民, 炭旬, ミライザカ, 三代目鳥メロ, GOHAN""]"
75250,７５２５０,リックス,商社・卸売,RIX|リックス株式会社|RIX Corporation|75250,該当なし,"[""会社名: リックス, RIX,\nブランド名: 申し訳ありませんが、リックスの代表的なブランド名や製品名に関する具体的な情報は提供できません。"", ""申し訳ありませんが、具体的な証券コード「75250」に関連する企業情報については、私のデータベースにはその情報がありません。一般的に、日本の企業についての略称やブランド名は、企業の公式ウェブサイトや金融情報サービスで確認することができます。もし他にお手伝いできることがあればお知らせください。"", ""会社名: リックス, RIX, リックス株式会社, RIX Corporation, 75250,\nブランド名: 該当なし""]"
75270,７５２７０,システムソフト,情報通信・サービスその他,,,"[""申し訳ありませんが、「システムソフト」（証券コード: 75270）に関する具体的な略称やブランド名についての情報は持っていません。一般的には、企業の略称やブランド名は公式ウェブサイトやプレスリリース、または金融ニュースなどで確認することができます。具体的な情報が必要な場合は、これらの情報源を参照することをお勧めします。"", ""申し訳ありませんが、「システムソフト」（証券コード: 75270）に関する具体的な略称やブランド名の情報は持ち合わせていません。一般的に、企業の略称やブランド名は公式ウェブサイトやプレスリリース、またはSNSでのユーザーの投稿などから得られることが多いです。公式な情報源を確認することをお勧めします。"", ""申し訳ありませんが、「システムソフト」（証券コード: 75270）に関する具体的な略称やニックネーム、ブランド名、製品名についての情報は持ち合わせていません。一般的に、企業名やブランド名、製品名は公式な情報源や企業のウェブサイトで確認することができます。具体的な情報が必要な場合は、公式な情報源を参照してください。""]"
75320,７５３２０,パン・パシフィック・インターナショナルホールディングス,小売,PPIH|パンパシ|パン・パシフィック|パンパシフィック|パン・パシフィック・インターナショナル,ドン・キホーテ|MEGAドン・キホーテ|ドンキ|ドンペン|情熱価格,"[""会社名: PPIH, パンパシ, パン・パシフィック,\nブランド名: ドン・キホーテ, MEGAドン・キホーテ, ドンキ, ドンペン, 情熱価格"", ""会社名: PPIH, パンパシ, パンパシフィック, パンパシHD, パンパシフィックインターナショナル\nブランド名: ドン・キホーテ, MEGAドン・キホーテ, ドンペン, ドイト, 長崎屋"", ""会社名: PPIH, パンパシ, パン・パシフィック, パンパシHD, パンパシホールディングス,\nブランド名: ドン・キホーテ, ドンキ, MEGAドンキ, アピタ, ピアゴ,""]"
75370,７５３７０,丸文,商社・卸売,Marubun|MB|7537|Marubun Corp,,"[""会社名: 丸文, Marubun,\nブランド名: 申し訳ありませんが、丸文の代表的なブランド名や製品名に関する具体的な情報は見つかりませんでした。"", ""申し訳ありませんが、「丸文」（証券コード: 75370）についての具体的な略称やブランド名の情報は私のデータベースには含まれていません。一般的に、企業の略称やブランド名は業界や地域によって異なることがありますので、具体的な情報は公式ウェブサイトや業界の資料を参照することをお勧めします。"", ""会社名: 丸文, MB, Marubun, 7537, Marubun Corp,\nブランド名: 特定のブランド名や製品名は一般的に知られていません。""]"
75450,７５４５０,西松屋チェーン,小売,西松屋|Nishimatsuya|Nishimatsuya Chain|ニシマツ|NISHIMATSUYA,ELFINDOLL|SmartAngel|Smart Angel|Hot Biscuits|Mikihouse,"[""会社名: 西松屋, Nishimatsuya, Nishimatsuya Chain,\nブランド名: Smart Angel, ELFINDOLL, Hot Biscuits, Mikihouse, Combi"", ""会社名: 西松屋, ニシマツ, Nishimatsuya, NISHIMATSUYA, ニシマツヤ  \nブランド名: SmartAngel, ELFINDOLL, SmartAngel Baby, SmartAngel Kids, ELFINDOLL Baby"", ""会社名: 西松屋, 西松屋チェ, 75450,\nブランド名: SmartAngel, ELFINDOLL, HotBiscuits, MIKIHOUSE, BabyPuff""]"
75500,７５５００,ゼンショーホールディングス,小売,ゼンショー|Zensho|Zensho Holdings|ZHD,すき家|なか卯|ココス|ビッグボーイ|はま寿司,"[""会社名: ゼンショー, Zensho Holdings, Zensho,\nブランド名: すき家, なか卯, ココス, ビッグボーイ, はま寿司"", ""会社名: ゼンショー, ZHD, Zensho Holdings, Zensho,\nブランド名: すき家, なか卯, ココス, ビッグボーイ, はま寿司"", ""会社名: ゼンショー, ZHD, Zensho,\nブランド名: すき家, なか卯, ココス, ビッグボーイ, はま寿司""]"
75520,７５５２０,ハピネット,商社・卸売,HAPINET|ハピ|HAP|Happinet,バンダイ|アニメイト|タカラトミー|プレックス|アガツマ,"[""会社名: ハピネット, Happinet  \nブランド名: アニメイト, バンダイ, タカラトミー, プレックス, アガツマ"", ""会社名: ハピネット, HAPINET, ハピ, HAP, ハピネットグループ  \nブランド名: アニプレックス, バンダイ, タカラトミー, セガトイズ, バンダイナムコ"", ""会社名: ハピネット, HAPINET, ハピ, HAP, HN,\nブランド名: アニメイト, バンダイ, トミカ, プラレール, ポケモンカードゲーム,""]"
75540,７５５４０,幸楽苑,小売,Kourakuen|KOURAKUEN|幸楽苑ホールディングス|75540,幸楽苑ラーメン|幸楽苑餃子|幸楽苑セット|幸楽苑ランチ|幸楽苑チャーハン,"[""会社名: 幸楽苑,\nブランド名: 幸楽苑ラーメン, 幸楽苑餃子, 幸楽苑チャーハン, 幸楽苑セット, 幸楽苑ランチ"", ""会社名: 幸楽苑, Kourakuen,\nブランド名: 中華そば, 幸楽苑ラーメン, 味噌ラーメン, 塩ラーメン, 醤油ラーメン"", ""会社名: 幸楽苑, KOURAKUEN, 幸楽苑ホールディングス, 75540,\nブランド名: 幸楽苑ラーメン, 幸楽苑中華そば, 幸楽苑餃子, 幸楽苑セット, 幸楽苑ランチ""]"
75700,７５７００,橋本総業ホールディングス,商社・卸売,橋本総業|Hashimoto Holdings|橋本ホールディングス|Hashimoto Sogyo,該当なし,"[""会社名: 橋本総業, 橋本ホールディングス, Hashimoto Holdings, Hashimoto Sogyo,\nブランド名: 申し訳ありませんが、橋本総業ホールディングスの代表的なブランド名や製品名に関する具体的な情報は提供できません。"", ""会社名: 橋本総業, 橋本HD, Hashimoto Holdings, Hashimoto Sougyou, 75700\nブランド名: 該当なし"", ""申し訳ありませんが、「橋本総業ホールディングス」（証券コード: 75700）に関する具体的な略称やブランド名、製品名についての情報は持ち合わせていません。一般的には、企業の略称やブランド名は公式な資料や企業のウェブサイトで確認することができます。""]"
75750,７５７５０,日本ライフライン,商社・卸売,JLL|ライフライン,JLLブランド|ライフライン製品|JLLメディカル,"[""申し訳ありませんが、「日本ライフライン」（証券コード: 75750）についての具体的な略称やブランド名の情報は持ち合わせていません。一般的には、企業の略称やブランド名は公式ウェブサイトやプレスリリース、または金融ニュースなどで確認することができます。具体的な情報を得るためには、これらの情報源を参照することをお勧めします。"", ""申し訳ありませんが、「日本ライフライン」（証券コード: 75750）に関する具体的な略称やブランド名のリストを提供することはできません。ただし、一般的な方法として、企業の略称やニックネームは通常、会社名の一部を短縮したものや、英語名の頭文字を取ったものが使われることが多いです。また、ブランド名や製品名は、企業の公式ウェブサイトや製品カタログで確認することができます。"", ""会社名: JLL, 日本ライフライン, JLLグループ, ライフライン, 日ライ,\nブランド名: JLLブランド, ライフライン製品, JLLメディカル, 日本ライフライン製品, ライフラインブランド""]"
75810,７５８１０,サイゼリヤ,小売,サイゼ|Saizeriya|サイゼリ|サイゼリア,ミラノ風ドリア|ペペロンチーノ|マルゲリータピザ|フォッカチオ|グラスワイン,"[""会社名: サイゼ, サイゼリヤ, Saizeriya,\nブランド名: ミラノ風ドリア, ペペロンチーノ, マルゲリータピザ, フォッカチオ, グラスワイン"", ""会社名: サイゼ, サイゼリ, サイゼリア, Saizeriya, サイゼリヤ,\nブランド名: ミラノ風ドリア, ペペロンチーノ, マルゲリータピザ, フォッカチオ, イタリアンハンバーグ,"", ""会社名: サイゼ, サイゼリヤ, サイゼリ, 75810,\nブランド名: ミラノ風ドリア, ペペロンチーノ, マルゲリータピザ, フォッカチオ, グラスワイン""]"
75900,７５９００,タカショー,商社・卸売,Takasho|TAKASHO,エバーアートウッド|ガーデンライト|ガーデンファニチャー|グランドライト|エクステリアライト,"[""会社名: タカショー, Takasho,\nブランド名: エバーアートウッド, グランドライト, ガーデンファニチャー, ガーデンライト, エクステリアライト"", ""会社名: タカショー, Takasho,\nブランド名: エバーアートウッド, ガーデンフレーム, シェードセイル, プライバシーフェンス, ガーデンライト"", ""会社名: タカショー, TAKASHO,\nブランド名: エバーアートウッド, ガーデンファニチャー, ルーフシェード, ガーデンライト, エクステリアデザイン""]"
75930,７５９３０,ＶＴホールディングス,小売,ＶＴ,,"[""申し訳ありませんが、「ＶＴホールディングス」（証券コード: 75930）についての具体的な略称やブランド名の情報は持っていません。一般的に、企業の略称やブランド名は公式な情報源や企業のウェブサイトで確認することができます。もし具体的な情報が必要であれば、企業の公式発表や金融ニュースを参照することをお勧めします。"", ""申し訳ありませんが、「ＶＴホールディングス」（証券コード: 75930）に関する具体的な略称やブランド名の情報は持ち合わせていません。一般的には、企業の略称やニックネームはSNSやトレーダーの間で独自に作られることが多く、公式な情報としては提供されていないことが多いです。また、ブランド名や製品名についても、企業の公式発表や製品ラインナップに依存します。\n\nもし具体的な情報が必要であれば、公式な企業のウェブサイトや金融情報サイトを参照することをお勧めします。"", ""申し訳ありませんが、「ＶＴホールディングス」（証券コード: 75930）に関する具体的な略称やニックネーム、ブランド名、製品名についての情報は持っていません。一般的には、企業の略称やニックネームは業界内での通称やメディアでの表現に依存することが多いです。具体的な情報は、企業の公式ウェブサイトや金融ニュース、業界誌などで確認することをお勧めします。""]"
75950,７５９５０,アルゴグラフィックス,情報通信・サービスその他,アルゴ,,"[""会社名: アルゴ, アルゴグラフィックス,\nブランド名: 申し訳ありませんが、アルゴグラフィックスの代表的なブランド名や製品名に関する具体的な情報は提供できません。"", ""申し訳ありませんが、「アルゴグラフィックス」（証券コード: 75950）に関する具体的な略称やブランド名についての情報は持ち合わせていません。一般的に、企業の略称やブランド名は公式ウェブサイトやプレスリリース、またはSNSでの使用例を確認することで得られることが多いです。具体的な情報を知りたい場合は、公式な情報源を参照することをお勧めします。"", ""申し訳ありませんが、「アルゴグラフィックス」（証券コード: 75950）に関する具体的な略称やブランド名、製品名についての情報は持ち合わせていません。一般的に企業の略称やブランド名は公式な情報源や企業のウェブサイトで確認することができます。""]"
75960,７５９６０,魚力,小売,Uoriki|ウオリキ,うおりき寿司|魚力鮮魚店|魚力海鮮丼|魚力の干物|魚力の刺身,"[""会社名: 魚力, Uoriki,\nブランド名: うおりき寿司, 魚力鮮魚店, 魚力海鮮丼, 魚力の干物, 魚力の刺身"", ""申し訳ありませんが、「魚力」（証券コード: 75960）についての具体的な略称やブランド名の情報は私のデータベースには含まれていません。一般的には、企業の略称やブランド名は公式ウェブサイトやプレスリリース、またはSNSでのユーザーの投稿から得られることが多いです。公式な情報源を確認することをお勧めします。"", ""会社名: 魚力, ウオリキ, Uoriki,   \nブランド名: なし""]"
75990,７５９９０,ＩＤＯＭ,商社・卸売,ガリバー|IDOM|IDOM Inc.,ガリバー|ガリバーアウトレット|ガリバーフリマ|ガリバーレンタカー|ガリバーUSA,"[""会社名: ガリバー, IDOM,\nブランド名: ガリバー, ガリバーアウトレット, ガリバーフリマ, ガリバーレンタカー, ガリバーUSA"", ""会社名: ガリバー, IDOM, ガリバーインターナショナル, IDOM Inc., ガリバーグループ  \nブランド名: ガリバー, ガリバーフリマ, ガリバーアウトレット, ガリバーUSA, ガリバーレンタカー"", ""会社名: ガリバー, IDOM, IDOM Inc.,\nブランド名: ガリバー, ガリバーインターナショナル, Gulliver, Gulliver International, LIBERALA""]"
76000,７６０００,日本エム・ディ・エム,電機・精密,MDM|日本MDM|MDMジャパン|エムディーエム,アルファロック|スーパーロック|スパインロック|アルファスパイン,"[""申し訳ありませんが、「日本エム・ディ・エム」（証券コード: 76000）についての具体的な略称やブランド名の情報は持ち合わせていません。一般的には、企業の略称やブランド名は公式ウェブサイトやプレスリリース、金融ニュースなどで確認することができます。"", ""会社名: MDM, 日本MDM, MDMジャパン, エムディーエム, MDMコーポレーション  \nブランド名: アルファロック, スーパーロック, スパインロック, アルファスパイン, スーパースパイン"", ""会社名: MDM, 日本MDM, MDMジャパン, 日本エムディエム, エムディエム,\nブランド名: BioPro, MDM製品, Ortho Development, MDMインプラント, MDM医療機器,""]"
76050,７６０５０,フジ・コーポレーション,小売,フジコーポ|FC|Fuji Corporation|フジコ|フジコーポレーション,フジタイヤ|フジホイール|フジオート|フジパーツ|フジアクセサリー,"[""会社名: フジコーポ, フジコーポレーション, Fuji Corporation, FC\nブランド名: フジタイヤ, フジホイール, フジオート, フジパーツ, フジアクセサリー"", ""会社名: フジコーポ, フジコ, FC, Fuji Corporation, 76050  \nブランド名: Fuji Tires, Super Tire, Wheel Plaza, Auto Fashion, Tire Land"", ""会社名: フジコーポ, フジ, FC, フジ・コーポ, フジコ,\nブランド名: タイヤランド, タイヤセレクト, タイヤガーデン, フジスペシャル, フジオートモール""]"
76060,７６０６０,ユナイテッドアローズ,小売,UA|ユナイテッド|アローズ|ユナアロ|United Arrows,ユナイテッドアローズ|グリーンレーベルリラクシング|ビューティ&ユース|モンキータイム|オデット エ オディール,"[""会社名: UA, ユナイテッド, アローズ, United Arrows,\nブランド名: ユナイテッドアローズ, グリーンレーベルリラクシング, ビューティ&ユース, モンキータイム, オデット エ オディール"", ""会社名: UA, ユナアロ, ユナイテッド,\nブランド名: ユナイテッドアローズ, グリーンレーベルリラクシング, ビューティ&ユース, モンキータイム, オデット エ オディール"", ""会社名: UA, ユナイテッド, アローズ, UAグループ, ユナアロ,\nブランド名: ユナイテッドアローズ, グリーンレーベルリラクシング, ビューティ&ユース, モンキータイム, オデット エ オディール""]"
76070,７６０７０,進和,商社・卸売,,,"[""申し訳ありませんが、「進和」（証券コード: 76070）に関する具体的な略称やブランド名の情報は持ち合わせていません。一般的に、企業の略称やブランド名は公式ウェブサイトやプレスリリース、または金融ニュースなどで確認することができます。具体的な情報を得るためには、これらの情報源を参照することをお勧めします。"", ""申し訳ありませんが、具体的な証券コードや企業名に関する詳細な情報を提供することはできません。ただし、一般的な方法として、企業の略称やブランド名を知るには、企業の公式ウェブサイトや投資家向け情報、SNSでの言及を確認することが有効です。"", ""申し訳ありませんが、「進和」（証券コード: 76070）に関する具体的な略称やブランド名、製品名についての情報は持ち合わせていません。一般的には、企業の略称やニックネームは業界やメディアでの使用頻度によって異なるため、特定の情報源やニュースを参照することをお勧めします。""]"
76090,７６０９０,ダイトロン,商社・卸売,Daitron|DTRN|ダイトロン株式会社|Daitron Co.,情報が不足しているため、代表的なブランド名や製品名を特定できません。,"[""会社名: ダイトロン, Daitron, DTRN, ダイトロン株式会社, Daitron Co., Ltd.,\nブランド名: 情報が不足しているため、代表的なブランド名や製品名を特定できません。"", ""会社名: ダイトロン, Daitron, DTRN, ダイトロン株式会社, Daitron Co., Ltd.,\nブランド名: 申し訳ありませんが、ダイトロンに関連する代表的なブランド名や製品名の情報はありません。"", ""会社名: ダイトロン, Daitron, 76090, DTRN, ダイトロン株式会社  \nブランド名: 情報がありません。""]"
76110,７６１１０,ハイデイ日高,小売,日高屋|HIDAY HIDAKA|ハイデイ|HIDAY,日高屋|らーめん日高|来来軒|とんかつ日高|中華そば日高,"[""会社名: ハイデイ日高, 日高屋, HIDAY HIDAKA,\nブランド名: 日高屋, 来来軒, とんかつ日高, 中華そば日高, らーめん日高"", ""会社名: 日高屋, ハイデイ, HIDAY, 日高,\nブランド名: 日高屋, チゲ味噌ラーメン, 餃子, 焼き鳥, から揚げ"", ""会社名: ハイデイ日高, 日高屋,  \nブランド名: 日高屋, ちょい飲み, ぎょうざの満洲, らーめん日高, ちょい飲みセット""]"
76130,７６１３０,シークス,商社・卸売,SEIKS|76130,,"[""申し訳ありませんが、「シークス」（証券コード: 76130）に関する具体的な略称やブランド名の情報は持ち合わせていません。一般的には、企業の略称やブランド名は公式ウェブサイトやプレスリリース、または金融ニュースなどで確認することができます。具体的な情報が必要な場合は、これらの情報源を参照することをお勧めします。"", ""申し訳ありませんが、「シークス」（証券コード: 76130）に関する具体的な略称やブランド名の情報は持ち合わせていません。一般的には、企業の略称やブランド名は公式ウェブサイトやプレスリリース、またはSNS上でのユーザーの投稿などから確認することができます。具体的な情報を得るためには、これらの情報源を参照することをお勧めします。"", ""会社名: シークス, SEIKS, 76130,   \nブランド名: 申し訳ありませんが、シークスに関連する具体的なブランド名や製品名の情報は提供できません。""]"
76160,７６１６０,コロワイド,小売,コロワ|Colowide|CW|コロ,甘太郎|牛角|かっぱ寿司|しゃぶしゃぶ温野菜|ラ・パウザ,"[""会社名: コロワイド, Colowide\nブランド名: 甘太郎, 牛角, かっぱ寿司, しゃぶしゃぶ温野菜, いろはにほへと"", ""会社名: コロワイド, コロワ,\nブランド名: 甘太郎, 牛角, しゃぶしゃぶ温野菜, かっぱ寿司, ラ・パウザ"", ""会社名: コロワイド, CW, コロワ, コロ, ワイド,\nブランド名: 甘太郎, 牛角, かっぱ寿司, しゃぶしゃぶ温野菜, ラ・パウザ,""]"
76280,７６２８０,オーハシテクニカ,商社・卸売,オーハシ|OHT|OHTEC|大橋テクニカ,情報が不足しているため、代表的なブランド名や製品名を特定できません。,"[""会社名: オーハシ, オーハシテクニカ, OHT, OHTEC, 大橋テクニカ,\nブランド名: 情報が不足しているため、代表的なブランド名や製品名を特定できません。"", ""申し訳ありませんが、「オーハシテクニカ」（証券コード: 76280）に関する具体的な略称やブランド名の情報は手元にありません。一般的に、企業の略称やブランド名は公式な情報源や企業のウェブサイト、または業界内での通称として知られているものを参照することが多いです。具体的な情報を得るためには、公式な資料や業界のニュースを確認することをお勧めします。"", ""申し訳ありませんが、「オーハシテクニカ」（証券コード: 76280）に関する具体的な略称やブランド名、製品名の情報は私のデータベースには含まれていません。一般的には、企業の略称やブランド名は公式な発表や業界内での通称に基づくことが多いです。公式な情報源や金融ニュースサイトでの確認をお勧めします。""]"
76300,７６３００,壱番屋,小売,CoCo壱番屋|CoCo壱|ココイチ|CoCo Ichibanya,カレーハウスCoCo壱番屋|CoCo壱カレー|CoCo壱番カレー|CoCo壱カレーうどん|CoCo壱カレーパン,"[""会社名: ココイチ, CoCo壱番屋, CoCo壱, CoCo Ichibanya, Ichibanya\nブランド名: カレーハウスCoCo壱番屋, CoCo壱カレー"", ""会社名: ココイチ, CoCo壱, CoCo壱番屋, 壱番屋,\nブランド名: カレーハウスCoCo壱番屋, CoCo壱カレー, CoCo壱番カレー, CoCo壱カレーうどん, CoCo壱カレーパン"", ""会社名: 壱番屋, CoCo壱, CoCo壱番屋, CoCoICHI, 壱番,\nブランド名: CoCo壱番屋, CoCoICHI, カレーハウスCoCo壱番屋, CoCo壱カレー, CoCo壱番カレー""]"
76370,７６３７０,白銅,商社・卸売,Hakudo,該当なし,"[""会社名: 白銅, Hakudo,\nブランド名: 申し訳ありませんが、白銅の代表的なブランド名や製品名に関する具体的な情報は提供できません。"", ""申し訳ありませんが、「白銅」（証券コード: 76370）に関する具体的な略称やブランド名の情報は私のデータベースには含まれていません。一般的に、企業の略称やブランド名は公式ウェブサイトや業界の資料で確認することができます。具体的な情報を知りたい場合は、直接企業の公式発表や関連する資料を参照することをお勧めします。"", ""会社名: 白銅,  \nブランド名: 該当なし""]"
76490,７６４９０,スギホールディングス,小売,スギHD|スギホ|スギHLDGS,スギ薬局|スギドラッグ|スギ調剤薬局|スギメディカル|スギウェルネス,"[""会社名: スギHD, スギホールディングス,\nブランド名: スギ薬局, スギドラッグ, スギ調剤薬局, スギメディカル, スギウェルネス"", ""会社名: スギHD, スギ, スギホ,\nブランド名: スギ薬局, スギドラッグ, スギ調剤薬局, スギ薬品, スギグループ"", ""会社名: スギHD, スギHLDGS, スギホ, スギ,\nブランド名: スギ薬局, スギドラッグ, スギ調剤薬局, スギメディカル, スギウェルネス""]"
76790,７６７９０,薬王堂ホールディングス,小売,薬王堂|Yakuodo|YHD|Yakuodo Holdings,Yakuodo Pharmacy|薬王堂ドラッグストア|Yakuodo Drugstore|Yakuodo Health & Beauty,"[""申し訳ありませんが、「薬王堂ホールディングス」についての具体的な略称やブランド名のリストを提供することはできません。一般的に、企業の略称やブランド名は公式な情報源や企業の公式ウェブサイトで確認することができます。"", ""会社名: 薬王堂, Yakuodo, YHD, 薬王堂HD, Yakuodo Holdings  \nブランド名: Yakuodo Pharmacy, 薬王堂ドラッグストア, Yakuodo Drugstore, Yakuodo Health & Beauty, 薬王堂ヘルス&ビューティー"", ""申し訳ありませんが、「薬王堂ホールディングス」に関する具体的な略称やブランド名、製品名についての情報は持ち合わせていません。一般的には、企業名そのものが略称として使われることが多いです。詳細な情報については、公式ウェブサイトや関連するニュース記事を参照してください。""]"
76830,７６８３０,ダブルエー,小売,,,"[""申し訳ありませんが、「ダブルエー」（証券コード: 76830）に関する具体的な情報は持っていません。そのため、会社の略称やブランド名についてのリストを提供することができません。一般的には、企業の公式ウェブサイトや金融ニュース、証券取引所の情報を参照することで、正確な情報を得ることができます。"", ""申し訳ありませんが、「ダブルエー」（証券コード: 76830）についての具体的な略称やブランド名の情報は持ち合わせていません。一般的には、企業の略称やブランド名は公式ウェブサイトやプレスリリース、または業界のニュースなどで確認することができます。もし具体的な情報が必要であれば、公式な情報源を参照することをお勧めします。"", ""申し訳ありませんが、「ダブルエー」（証券コード: 76830）に関する具体的な略称やニックネーム、ブランド名、製品名についての情報は持ち合わせていません。一般的に企業の略称やブランド名は、業界や市場での認知度やマーケティング戦略によって異なるため、公式な情報源や企業の発表を確認することをお勧めします。""]"
77010,７７０１０,島津製作所,電機・精密,島津|SHIMADZU|Shimadzu Corporation|島津製|Shimadzu Corp,Tracera|Nexera|iMScope|LCMS|UV-Vis,"[""会社名: 島津, SHIMADZU, Shimadzu Corporation, Shimadzu Corp,\nブランド名: Tracera, Nexera, iMScope, MALDImini, UV-1900i"", ""会社名: 島津, Shimadzu, 島津製,\nブランド名: Nexera, iMScope, Tracera, LCMS, UV-Vis"", ""会社名: 島津, SHIMADZU, 島津製, Shimadzu Corporation, 島津製作所,\n\nブランド名: Tracera, Nexera, i-Series, UV-Vis, LCMS,""]"
77020,７７０２０,ＪＭＳ,電機・精密,JMS|ジェイエムエス|Japan Medical Supply|ジャパンメディカルサプライ,JMSブランド|メディカルプロダクト|医療機器製品|血液バッグ|輸液セット,"[""会社名: JMS, ジェイエムエス, Japan Medical Supply,\nブランド名: JMSブランド, メディカルプロダクト, 医療機器製品, 血液バッグ, 輸液セット"", ""会社名: JMS, ジェイエムエス, Japan Medical Supply, ジャパンメディカルサプライ, ジェイエムエスコーポレーション\n\nブランド名: メディカルプロダクツ, メディカルデバイス, JMSプロダクツ, JMSデバイス, メディカルソリューションズ"", ""会社名: JMS, JMS Co., Ltd., JMS株式会社, JMS Corporation, JMS Japan  \nブランド名: 特定のブランド名や製品名は一般的に公開されていない可能性があります。""]"
77150,７７１５０,長野計器,電機・精密,NKS|Nagano Keiki|長計|長野計,PRESSURE SENSOR|PRESSURE TRANSMITTER|VACUUM GAUGE|DIGITAL PRESSURE GAUGE|DIFFERENTIAL PRESSURE GAUGE,"[""会社名: 長野計器, NKS, Nagano Keiki,\nブランド名: PRESSURE SENSOR, DIGITAL PRESSURE GAUGE, PRESSURE TRANSMITTER, DIFFERENTIAL PRESSURE GAUGE, VACUUM GAUGE"", ""会社名: 長野計器, NKS, Nagano Keiki, 長計,\nブランド名: Digital Pressure Gauge, Pressure Transmitter, Differential Pressure Gauge, Pressure Switch, Vacuum Gauge"", ""会社名: 長野計器, NKS, Nagano Keiki, 長野計, 77150  \nブランド名: PRESSURE SENSOR, DIGITAL GAUGE, PRESSURE TRANSMITTER, VACUUM GAUGE, PRESSURE SWITCH""]"
77170,７７１７０,ブイ・テクノロジー,電機・精密,Vテク|ブイテク|V-Technology|Vテクノロジー|ブイテクノロジー,情報が不足しているため、代表的なブランド名や製品名は特定できません。|PiVot|VUV|V-TEch,"[""申し訳ありませんが、「ブイ・テクノロジー」に関する具体的な略称やブランド名についての情報は持ち合わせていません。一般的には、企業の略称やブランド名は公式ウェブサイトやプレスリリース、または業界のニュースなどで確認することができます。具体的な情報を得るためには、これらの情報源を参照することをお勧めします。"", ""会社名: Vテク, V-Technology, ブイテク, Vテクノロジー, ブイテクノロジー  \nブランド名: 情報が不足しているため、代表的なブランド名や製品名は特定できません。"", ""会社名: Vテク, Vテクノ, ブイテク, ブイテクノ, V-TECH,\nブランド名: PiVot, VUV, V-TEch, V-Inspect, V-Review""]"
77180,７７１８０,スター精密,機械,Star Micronics|スター|スター精|7718,TSPシリーズ|mC-Printシリーズ|SM-Lシリーズ|SK1シリーズ|FVP10シリーズ,"[""会社名: スター精密, Star Micronics, スター,\nブランド名: TSPシリーズ, mC-Printシリーズ, SM-Lシリーズ, SK1シリーズ, FVP10シリーズ"", ""会社名: スター精密, スター, Star Micronics, スター精,\nブランド名: TSPシリーズ, mC-Printシリーズ, SM-Lシリーズ, FVP10, TUP500"", ""会社名: スター精密, スター, Star Micronics, スター精, 7718,\nブランド名: TSP, mC-Print, SM-S, StarPRNT, Star Cloud,""]"
77210,７７２１０,東京計器,電機・精密,東計|TKK|TOKYO KEIKI|Tokyo Keiki,NAVIKNOT|TCS|TOKIMEC|TKM|TCS-3000,"[""会社名: 東京計器, TOKYO KEIKI, TKK, 東計,\nブランド名: NAVIKNOT, TCS, TOKIMEC, TKM, TCS-3000"", ""会社名: 東計, Tokyo Keiki, TKC, 東京計器,\nブランド名: NAVIKNOT, TCS, TKMUX, TKMARINE, TKRADAR"", ""会社名: 東計, 東京計器, TKK, 計器,\nブランド名: TKK製品, TKKセンサー, TKK計測, TKKシステム, TKKデバイス""]"
77230,７７２３０,愛知時計電機,電機・精密,愛知時計|Aichi Tokei|Aichi Clock|Aichi Watch|Aichitokei,Aichi Gas Meter|Aichi Water Meter|Aichi Timer|Aichi Meter|Aichi Clock,"[""会社名: 愛知時計, Aichi Tokei,\nブランド名: Aichi Timer, Aichi Meter, Aichi Clock, Aichi Gas Meter, Aichi Water Meter"", ""会社名: 愛知時計, Aichi Tokei, Aichi Clock, Aichi Watch, Aichitokei,\nブランド名: みどりくん, Aichi Smart Meter, ATGシリーズ, Aichi Gas Meter, Aichi Water Meter"", ""会社名: 愛知時計, 愛知時計電機, Aichi Tokei,\nブランド名: なし""]"
77250,７７２５０,インターアクション,電機・精密,IA|77250,なし,"[""申し訳ありませんが、「インターアクション」（証券コード: 77250）についての具体的な略称やブランド名の情報は持っていません。ただし、一般的な方法として、企業の公式ウェブサイトやプレスリリース、金融ニュースなどを参照することで、これらの情報を確認することができます。"", ""申し訳ありませんが、「インターアクション」（証券コード: 77250）についての具体的な略称やブランド名の情報は持ち合わせていません。一般的に、企業の略称やブランド名はSNSやトレーダーの間で独自に使われることが多いため、具体的な情報は企業の公式サイトや関連するニュース、SNSの投稿などを確認することをお勧めします。"", ""会社名: インターアクション, IA, 77250,\nブランド名: なし""]"
77290,７７２９０,東京精密,電機・精密,TSK|Tokyo Seimitsu|Tosei|TOKYO SEIMITSU,Surfcom|Rondcom|Stylus|Formtracer|Wafer Edge Grinders,"[""会社名: 東京精密, Tokyo Seimitsu, Tosei, TSK,\nブランド名: Surfcom, Rondcom, Formtracer, Stylus, Wafer Edge Grinders"", ""申し訳ありませんが、「東京精密」（証券コード: 77290）についての具体的な略称やブランド名のリストを提供することはできません。ただし、一般的に企業の略称やブランド名は、公式ウェブサイトや投資家向け資料、製品カタログなどで確認することができます。"", ""会社名: 東京精密, TOKYO SEIMITSU, TSK, TSE, 東精,\nブランド名: ACCRETECH, Surfcom, Rondcom, Stylus, Wafer Edge""]"
77300,７７３００,マニー,電機・精密,MANI|マニー株式会社,MANI|MANI製品,"[""申し訳ありませんが、「マニー」（証券コード: 77300）に関する具体的な略称やブランド名についての情報は持ち合わせていません。一般的には、企業の略称やブランド名は公式ウェブサイトやプレスリリース、業界の報道などで確認することができます。具体的な情報を得るためには、これらの情報源を参照することをお勧めします。"", ""申し訳ありませんが、「マニー」（証券コード: 77300）についての具体的な略称やブランド名のリストを提供することはできません。一般的に、企業の略称やブランド名は公式な情報源や企業のウェブサイトで確認することができます。もし具体的な情報が必要であれば、公式な資料や信頼できる情報源を参照してください。"", ""会社名: マニー, MANI, マニー株式会社,  \nブランド名: MANI, MANI製品, MANIブランド, MANIツール, MANIデバイス""]"
77310,７７３１０,ニコン,電機・精密,Nikon|ニコン株式会社|Nikon Corporation|NIKKOR,NIKKOR|Zシリーズ|COOLPIX|Fマウント|Dシリーズ,"[""会社名: Nikon, ニコン,\nブランド名: NIKKOR, Zシリーズ, COOLPIX, Fマウント, Dシリーズ"", ""会社名: ニコン, Nikon, ニコン株式会社, Nikon Corporation, NIKKOR,\nブランド名: NIKKOR, COOLPIX, Zシリーズ, Fマウント, Dシリーズ"", ""会社名: ニコン, Nikon, NIKON, 7731,\nブランド名: NIKKOR, COOLPIX, Zシリーズ, Fマウント, NIKKOR Z""]"
77320,７７３２０,トプコン,電機・精密,TOPCON|トプコン株式会社|トプコンジャパン,ソキア|トプコンポジショニング|トプコンアグリカルチャー|オートレベル|トータルステーション,"[""会社名: トプコン, TOPCON, トプコン株式会社, Topcon Corporation, トプコンジャパン  \nブランド名: オートレベル, トータルステーション, アイサイト, ソキア, ポジショニングシステム"", ""会社名: トプコン, TOPCON, トプコン株式会社, トプコンコーポレーション, トプコンジャパン  \nブランド名: ソキア, イージーレーザー, トプコンポジショニング, トプコンヘルスケア, トプコンアグリカルチャー"", ""会社名: トプコン, TOPCON, トプコン株式会社, トプコンコーポレーション, トプコンジャパン,\nブランド名: ソキア, イメージネット, トプコンポジショニング, トプコンメディカル, トプコンアグリカルチャー,""]"
77330,７７３３０,オリンパス,電機・精密,OLYMPUS|オリ|Olympus|OLC,OM-D|PEN|Tough|M.Zuiko|EndoEye,"[""会社名: オリンパス, Olympus,\nブランド名: OM-D, PEN, M.Zuiko, Tough, EndoEye"", ""会社名: オリンパス, OLYMPUS, オリ,\nブランド名: OM-D, PEN, Tough, M.Zuiko, OM System"", ""会社名: オリンパス, OLYMPUS, OLC, オリ, 7733,\nブランド名: OM-D, PEN, Tough, EVIS, Vanta,""]"
77340,７７３４０,理研計器,電機・精密,理研|RIKEN KEIKI|RIKEN|Riken Keiki,GX-2009|GX-8000|SD-1|OX-600|GP-03,"[""会社名: 理研, 理研計器, Riken Keiki,\nブランド名: GX-2009, GX-8000, SD-1, OX-600, GP-03"", ""会社名: 理研, 理研計器, RIKEN KEIKI, RIKEN, 理研ガス\nブランド名: GX-2009, GX-8000, SD-1, OX-600, GP-03"", ""会社名: 理研, 理研計器, RIKEN KEIKI, RIKEN, 理計,  \nブランド名: GX-2009, GX-8000, SD-1, OX-600, FI-8000""]"
77350,７７３５０,ＳＣＲＥＥＮホールディングス,電機・精密,SCREEN|スクリーン|SCREEN Holdings|ＳＣＲＥＥＮ,DW-3000|FC-3000|SU-3200|DT-3000|FC2,"[""会社名: SCREEN, スクリーン, SCREEN Holdings, スクリーンホールディングス,\nブランド名: FC2, DT, SK, FT, SU"", ""会社名: SCREEN, スクリーン, SCREEN HD, スクリーンホールディングス, スクリーンHD  \nブランド名: SK-E, DW-3000, FC-3000, SU-3200, DT-3000"", ""会社名: SCREEN, スクリーン,\nブランド名: FC-3000, SU-3200, DT-3000, SK-2000, DW-3000""]"
77390,７７３９０,キヤノン電子,電機・精密,キヤノン|Canon Electronics|キヤノン電,キヤノンプリンター|キヤノンカメラ|キヤノンスキャナー|キヤノンプロジェクター|キヤノンファクス,"[""会社名: キヤノン電子, キヤノン,\nブランド名: キヤノンプリンター, キヤノンカメラ, キヤノンスキャナー, キヤノンプロジェクター, キヤノンファクス"", ""会社名: キヤノン電子, キヤノンエレクトロニクス, Canon Electronics, キヤノン電, キヤノンE  \nブランド名: ..."", ""会社名: キヤノン電子, キヤノン,\nブランド名: キヤノン, キヤノンプリンター, キヤノンカメラ, キヤノンイメージング, キヤノンオフィスソリューションズ""]"
77400,７７４００,タムロン,電機・精密,TAMRON,SPシリーズ|Diシリーズ|Di IIシリーズ|Di IIIシリーズ|Adaptallシリーズ,"[""会社名: タムロン, TAMRON,\nブランド名: SPシリーズ, Diシリーズ, Di IIシリーズ, Di IIIシリーズ, Adaptallシリーズ"", ""会社名: タムロン, TAMRON,\nブランド名: SPシリーズ, Diシリーズ, Di IIシリーズ, Di IIIシリーズ, Adaptallシリーズ"", ""会社名: タムロン, TAMRON,\nブランド名: SP, Di, Di II, Di III, Adaptall,""]"
77410,７７４１０,ＨＯＹＡ,電機・精密,HOYA|HOYA Corporation|HOYA Ltd.|HOYA Group,HOYA Vision Care|HOYA Surgical Optics|HOYA Lens|HOYA Crystal|HOYA Memory Disk,"[""会社名: HOYA, HOYA Corporation, HOYA Group, HOYA Ltd.,\nブランド名: HOYA Vision Care, HOYA Surgical Optics, HOYA Lens, HOYA Crystal, HOYA Memory Disk"", ""会社名: HOYA, HOYA Corporation, HOYAグループ, HOYA株式会社, HOYA Ltd.,\nブランド名: HOYA Vision Care, HOYA Surgical Optics, PENTAX Medical, HOYA Lens, HOYA Crystal"", ""会社名: HOYA, ホヤ,  \nブランド名: PENTAX, ヒューレット・パッカード（HP）用レンズ, アイシティ, HOYAレンズ, HOYAメディカル""]"
77440,７７４４０,ノーリツ鋼機,電機・精密,ノーリツ|Noritsu|NRK,QSS|EZ Controller|AccuSmart|Green IV|DDP-621,"[""会社名: ノーリツ, ノーリツ鋼機, Noritsu,\nブランド名: QSS, EZ Controller, AccuSmart, Green IV, DDP-621"", ""申し訳ありませんが、「ノーリツ鋼機」についての具体的な略称やブランド名のリストを提供することはできません。ただし、一般的に企業の略称やブランド名は公式ウェブサイトや投資家向け資料で確認できることが多いです。ノーリツ鋼機の公式情報を参照することをお勧めします。"", ""会社名: ノーリツ, NRK, ノーリツ鋼機,\nブランド名: ...""]"
77450,７７４５０,Ａ＆Ｄホロンホールディングス,電機・精密,A&D|ホロン|A&Dホロン|Ａ＆Ｄホロン,A&D|ホロン|AD,"[""申し訳ありませんが、「Ａ＆Ｄホロンホールディングス」についての具体的な略称やブランド名の情報は私のデータベースには含まれていないようです。一般的には、企業の略称やブランド名は公式ウェブサイトやプレスリリース、または金融ニュースなどで確認することができます。"", ""申し訳ありませんが、「Ａ＆Ｄホロンホールディングス」（証券コード: 77450）に関する具体的な略称やブランド名の情報は持ち合わせていません。一般的には、企業の略称やブランド名は公式ウェブサイトやプレスリリース、または業界内での通称として知られていることが多いです。具体的な情報を得るためには、公式な情報源を確認することをお勧めします。"", ""会社名: A&D, ホロン, A&Dホロン, A&Dホールディングス, ホロンホールディングス  \nブランド名: A&D, ホロン, AD, Holon, A&D Instruments""]"
77470,７７４７０,朝日インテック,電機・精密,Asahi Intecc|Asahi|朝日|AI,Asahi PTCA Guide Wire|Asahi Gladius|Fielder|Corsair|Asahi Corsair,"[""会社名: 朝日インテック, Asahi Intecc, Asahi\nブランド名: Asahi PTCA Guide Wire, Asahi Corsair, Asahi Caravel, Asahi Gladius, Asahi Sion"", ""会社名: 朝日, Asahi Intecc, AI, 朝日インテック, インテック  \nブランド名: Fielder, Asahi PTCA Guide Wire, Corsair, Caravel, Asahi Gladius"", ""会社名: 朝日インテック, Asahi Intecc, 77470, Asahi,\nブランド名: Asahi, PTCAガイドワイヤー, Corsair, Fielder, Asahi Inteccブランド""]"
77510,７７５１０,キヤノン,電機・精密,Canon|キヤノン株式会社|キヤノンジャパン|キヤノンUSA,EOS|imageRUNNER|IVY|PIXMA|PowerShot,"[""会社名: キヤノン, Canon,\nブランド名: EOS, PIXMA, imageRUNNER, PowerShot, IVY"", ""会社名: キヤノン, Canon, キヤノン株式会社, キヤノンジャパン, キヤノンUSA  \nブランド名: EOS, PIXMA, imageRUNNER, PowerShot, IVY"", ""会社名: キヤノン, CANON, キヤノン株式会社, キヤノンInc,\nブランド名: EOS, PIXUS, iR, imageRUNNER, IVY""]"
77520,７７５２０,リコー,電機・精密,RICOH|Ricoh|リコーグループ,RICOH IMAGING|RICOH THETA|RICOH Pro|RICOH GR|RICOH SP,"[""会社名: リコー, Ricoh, RICOH,\nブランド名: RICOH IMAGING, RICOH THETA, RICOH Pro, RICOH GR, RICOH SP"", ""会社名: リコー, RICOH, リコーグループ, リコー株式会社, リコーインク,\nブランド名: RICOH THETA, RICOH GR, RICOH Pro, RICOH IMAGING, RICOH SP"", ""会社名: リコー, RICOH,  \nブランド名: RICOH, GR, THETA, IMAGIO, GELJET""]"
77620,７７６２０,シチズン時計,電機・精密,シチズン|CITIZEN|Citizen,アテッサ|プロマスター|エコ・ドライブ|カンパノラ|シチズンL,"[""会社名: シチズン, Citizen,\nブランド名: シチズンコレクション, アテッサ, プロマスター, エコ・ドライブ, カンパノラ"", ""会社名: シチズン, CITIZEN,\nブランド名: エコ・ドライブ, アテッサ, プロマスター, カンパノラ, シチズンL"", ""会社名: シチズン, シチズン時計, CITIZEN, シチズンホールディングス, シチズンHD  \nブランド名: エコ・ドライブ, アテッサ, プロマスター, シチズンL, カンパノラ""]"
77800,７７８００,メニコン,電機・精密,Menicon|メニ,メニコンワンデー|メニコンプレミオ|メニコンソフト|メニコンZ|メニコンティニュー,"[""会社名: メニコン, Menicon,\nブランド名: メニコンワンデー, メニコンプレミオ, メニコンソフト, メニコンZ, メニコンティニュー"", ""会社名: メニコン, Menicon, メニ,   \nブランド名: Magic, 2WEEK Menicon, 1DAY Menicon, PremiO, Four Seasons"", ""会社名: メニコン, \nブランド名: メルスプラン, プレミオ, マジック, フレッシュルック, 2WEEKプレミオ""]"
78170,７８１７０,パラマウントベッドホールディングス,情報通信・サービスその他,パラマウントベッド|パラマウント|PBHD,INTIME|Active Sleep|Rakusho,"[""申し訳ありませんが、「パラマウントベッドホールディングス」について具体的な略称やブランド名のリストを提供することはできません。しかし、一般的に企業の略称やブランド名は、公式ウェブサイトやプレスリリース、または業界のニュース記事で確認することができます。"", ""申し訳ありませんが、「パラマウントベッドホールディングス」（証券コード: 78170）に関する具体的な略称やブランド名のリストを提供することはできません。ただし、一般的に企業の略称やブランド名は、公式ウェブサイトや投資家向け資料などで確認することができます。"", ""会社名: パラマウントベッド, パラマウント, PBHD,\nブランド名: INTIME, Active Sleep, Rakusho, KE-シリーズ, L-シリーズ""]"
78180,７８１８０,トランザクション,情報通信・サービスその他,,78180）についての具体的な情報は私のデータベースには含まれていないようです。そのため、会社の略称やブランド名を提供することができません。もし他の情報が必要であれば、別の質問をお試しください。,"[""申し訳ありませんが、「トランザクション」（証券コード: 78180）に関する具体的な略称やブランド名の情報は持っていません。一般的に、企業の略称やブランド名は公式ウェブサイトやプレスリリース、金融ニュースなどで確認することができます。具体的な情報を得るためには、これらの情報源を参照することをお勧めします。"", ""申し訳ありませんが、「トランザクション」（証券コード: 78180）についての具体的な情報は私のデータベースには含まれていないようです。そのため、会社の略称やブランド名を提供することができません。もし他の情報が必要であれば、別の質問をお試しください。"", ""申し訳ありませんが、「トランザクション」（証券コード: 78180）に関する具体的な略称、ニックネーム、ブランド名、製品名についての情報は持っていません。一般的に、企業の略称やブランド名は、企業の公式ウェブサイトや金融ニュース、証券取引所の情報などで確認することができます。""]"
78200,７８２００,ニホンフラッシュ,情報通信・サービスその他,Nihon Flash|NF|日本フラッシュ|78200,具体的なブランド名や製品名は公開されていない可能性があります。,"[""会社名: ニホンフラッシュ, Nihon Flash,\nブランド名: 申し訳ありませんが、ニホンフラッシュの代表的なブランド名や製品名に関する具体的な情報は提供できません。"", ""会社名: ニホンフラッシュ, NF, 日本フラッシュ, Nihon Flash, 78200,\nブランド名: ありません"", ""会社名: ニホンフラッシュ, NF, 日本フラッシュ,  \nブランド名: 具体的なブランド名や製品名は公開されていない可能性があります。""]"
78210,７８２１０,前田工繊,情報通信・サービスその他,前田|MK,GeoNet|GeoWeb|GeoGrid,"[""申し訳ありませんが、「前田工繊」（証券コード: 78210）に関する具体的な略称やブランド名の情報は私のデータベースには含まれていません。一般的には、企業の略称やブランド名は公式ウェブサイトやプレスリリース、または業界のニュースなどで確認することができます。"", ""申し訳ありませんが、「前田工繊」（証券コード: 78210）についての具体的な略称やブランド名の情報は持ち合わせていません。一般的には、企業の略称やニックネームはSNSや投資家の間で独自に作られることが多く、公式なものではない場合があります。また、ブランド名や製品名についても、企業の公式サイトやプレスリリースなどで確認するのが確実です。\n\nもし具体的な情報が必要であれば、企業の公式資料や関連するニュース記事を参照することをお勧めします。"", ""会社名: 前田工繊, 前田, MK,\nブランド名: GeoNet, GeoWeb, GeoGrid, GeoMat, GeoCell""]"
78230,７８２３０,アートネイチャー,情報通信・サービスその他,AN|アートネ|アート,JONREN|LADONNA|HAIR FOR LIFE|MEN'S ADENOGEN|LADY'S ADENOGEN,"[""会社名: アートネイチャー, AN,\nブランド名: JONREN, LADONNA, MEN'S ADENOGEN, LADY'S ADENOGEN, HAIR FOR LIFE"", ""会社名: アートネ, AN,\nブランド名: アートネイチャー, JONREN, LADONNA, MEN'S TOKYO, LADY'S TOKYO"", ""会社名: アートネイチャー, AN, アート,\nブランド名: JONREN, LADONNA, MENON, HAIR FOR LIFE, LADY ART""]"
78260,７８２６０,フルヤ金属,情報通信・サービスその他,フルヤ|Furuya Metal|Furuya|フルヤメタル,APF|APF-100|APF-200|APF-300|APF-400,"[""会社名: フルヤ, フルヤメタル, Furuya Metal, Furuya,\nブランド名: APF, APF-100, APF-200, APF-300, APF-400"", ""申し訳ありませんが、「フルヤ金属」についての具体的な略称やブランド名の情報は持ち合わせていません。ただし、一般的に企業の略称やブランド名は以下のように構成されることが多いです。\n\n1. 会社の略称・ニックネーム・通称・英語名\n   - フルヤ\n   - Furuya Metal\n   - Furuya\n\n2. 代表的なブランド名・製品名\n   - （具体的なブランド名や製品名の情報は持ち合わせていません）\n\nこれらは一般的な例であり、実際の使用状況とは異なる可能性があります。正確な情報を"", ""会社名: フルヤ, フルヤ金属, Furuya Metal, Furuya, 78260  \nブランド名: 特定のブランド名や製品名は確認できません。""]"
78320,７８３２０,バンダイナムコホールディングス,情報通信・サービスその他,バンダイナムコ|バンナム|Bandai Namco|BNEI,ガンダム|太鼓の達人|鉄拳|ドラゴンボール|パックマン,"[""会社名: バンダイナムコ, バンナム, Bandai Namco, BNEI, バンダイナムコHD  \nブランド名: ガンダム, 太鼓の達人, 鉄拳, パックマン, ドラゴンボール"", ""会社名: バンダイナムコ, バンナム, Bandai Namco, BNEI, バンダイナムコHD  \nブランド名: ガンダム, ドラゴンボール, 太鼓の達人, テイルズ, 鉄拳"", ""会社名: バンダイナムコ, バンナム, BNH,\nブランド名: ガンダム, 太鼓の達人, 鉄拳, パックマン, ドラゴンボール""]"
78390,７８３９０,ＳＨＯＥＩ,情報通信・サービスその他,SHOEI|ショウエイ,GT-Air|Neotec|J-Cruise|X-Fourteen|Glamster,"[""会社名: SHOEI, ショウエイ,\nブランド名: X-Fourteen, GT-Air, Neotec, J-Cruise, Glamster"", ""会社名: SHOEI, ショウエイ, ショウエイ株式会社,\nブランド名: X-Fourteen, GT-Air, Neotec, J-Cruise, Hornet ADV"", ""会社名: SHOEI, ショウエイ, ショウエイ株式会社,\nブランド名: SHOEI, Z-8, GT-Air, J-Cruise, Neotec""]"
78400,７８４００,フランスベッドホールディングス,情報通信・サービスその他,フランスベッド|FBH|FBHD,フランスベッド|リハテック|スリープバンテージ|グランディ|メディカルサービスベッド,"[""会社名: フランスベッド, フランスベッドHD, FBHD, フランスベッドホールディングス,\nブランド名: フランスベッド, リハテック, スリープバンテージ, グランディ, メディカルサービスベッド"", ""会社名: フランスベッド, FBH, フランスベッドHD, フランスベッドホールディングス,\nブランド名: フランスベッド, フランスベッドマットレス, フランスベッドソファーベッド, フランスベッド電動ベッド, フランスベッド介護ベッド"", ""会社名: フランスベッド, FBH, フランスベッドHD, フランスベッドホールディングス,\nブランド名: フランスベッド, ライフトリートメント, メディカルサービス, スリープバンテージ, リハテック""]"
78440,７８４４０,マーベラス,情報通信・サービスその他,MMV|Marvelous Inc.|マベ|マーベ,牧場物語|ルーンファクトリー|閃乱カグラ|Fate/Grand Order Arcade|DAEMON X MACHINA,"[""会社名: マーベラス, Marvelous Inc.,\nブランド名: 牧場物語, ルーンファクトリー, 閃乱カグラ, Fate/Grand Order Arcade, DAEMON X MACHINA"", ""会社名: マベ, マーベ, マーベラスエンターテイメント, マーベラスAQL, MMV  \nブランド名: 牧場物語, ルーンファクトリー, 閃乱カグラ, Fate/Extra, UTAU"", ""会社名: マーベラス, MMV,  \nブランド名: 牧場物語, ルーンファクトリー, 閃乱カグラ, Fate/Grand Order Arcade, 東京放課後サムライガール""]"
78460,７８４６０,パイロットコーポレーション,情報通信・サービスその他,パイロット|PILOT|パイロット社|パイロットコーポ,フリクション|ジュース|カクノ|カスタム|バーディ,"[""会社名: パイロット, PILOT,\nブランド名: フリクション, ジュース, カクノ, カスタム, バーディ"", ""会社名: パイロット, PILOT, パイロット社, パイロットコーポ,\nブランド名: フリクション, カクノ, ジュース, カスタム, コクーン"", ""会社名: パイロット,  \nブランド名: フリクション, ジュース, カクノ, カスタム, バーディー""]"
78560,７８５６０,萩原工業,情報通信・サービスその他,Hagiwara|萩原|萩原工|Hagi,ブルーシート|萩原ターポリン|萩原マット|萩原ネット|萩原フィルム,"[""会社名: 萩原工業, Hagiwara,\nブランド名: ブルーシート, 萩原ターポリン, 萩原マット, 萩原ネット, 萩原フィルム"", ""申し訳ありませんが、「萩原工業」（証券コード: 78560）に関する具体的な略称やブランド名についての情報は持ち合わせていません。一般的に、企業の略称やブランド名はSNSやトレーダーの間での使用状況により異なることがありますので、具体的な情報は直接SNSや企業の公式サイト、または関連するニュース記事などで確認することをお勧めします。"", ""会社名: 萩原, 萩原工, Hagiwara, Hagi, 78560  \nブランド名: 特定のブランド名や製品名は公表されていない可能性があります。""]"
78600,７８６００,エイベックス,情報通信・サービスその他,エイベ|エイベックスグループ|AVEX|Avex,エイベックス・トラックス|エイベックス・ピクチャーズ|エイベックス・マネジメント|エイベックス・エンタテインメント,"[""会社名: エイベ, エイベックスグループ, Avex,\nブランド名: エイベックス・トラックス, エイベックス・エンタテインメント, エイベックス・ピクチャーズ, エイベックス・マネジメント, エイベックス・ライブ・クリエイティブ"", ""会社名: エイベ, AVEX, エイベックスグループ, エイベックスHD, エイベックス・エンタテインメント,\nブランド名: エイベックス・トラックス, エイベックス・ピクチャーズ, エイベックス・マネジメント, エイベックス・ライヴ・クリエイティヴ, エイベックス・デジタル,"", ""会社名: エイベ, AVEX, エイベックスグループ, AVEX GROUP, エイベックスHD,\nブランド名: エイベックス・トラックス, エイベックス・エンタテインメント, エイベックス・ピクチャーズ, エイベックス・マネジメント, エイベックス・デジタル""]"
78640,７８６４０,フジシールインターナショナル,情報通信・サービスその他,フジシール|Fuji Seal|FSI,スリーブラベル|タンブラーラベル|シュリンクラベル|スパウトパウチ|ラップアラウンドラベル,"[""会社名: フジシール, フジシールインターナショナル, Fuji Seal,\nブランド名: スリーブラベル, シュリンクラベル, スパウトパウチ, ラップアラウンドラベル, タンブラーラベル"", ""会社名: フジシール, フジシールインターナショナル, Fuji Seal, FSI,\nブランド名: スリーブラベル, Pouch, タンブラーラベル, Shrink Sleeve, Spouted Pouch"", ""会社名: フジシール, フジシールインターナショナル, FSI, フジシールHD, フジシールホールディングス,\nブランド名: フジシールパッケージ, フジシールラベル, フジシールシュリンク, フジシールスリーブ, フジシールフィルム,""]"
78670,７８６７０,タカラトミー,情報通信・サービスその他,トミー|TAKARA TOMY|TOMY|TT,トミカ|プラレール|リカちゃん|ベイブレード|デュエル・マスターズ,"[""会社名: タカラトミー, TAKARA TOMY, トミー,\nブランド名: トミカ, プラレール, リカちゃん, ベイブレード, デュエル・マスターズ"", ""会社名: タカラトミー, TOMY, TT,\nブランド名: トミカ, プラレール, リカちゃん, デュエル・マスターズ, ベイブレード"", ""会社名: タカラトミー, トミー, タカラ,\nブランド名: トミカ, プラレール, リカちゃん, ベイブレード, デュエル・マスターズ""]"
78680,７８６８０,広済堂ホールディングス,情報通信・サービスその他,広済堂|Kosaido,かもめーる|かもメール|かもめーる年賀状|かもめーる暑中見舞い,"[""申し訳ありませんが、「広済堂ホールディングス」（証券コード: 78680）についての具体的な略称やブランド名のリストは、私のデータベースにはありません。一般的に企業の略称やブランド名は、企業の公式ウェブサイトやプレスリリース、または金融ニュースサイトで確認することができます。"", ""会社名: 広済堂, Kosaido,\nブランド名: かもめーる, かもメール, かもめーる年賀状, かもめーる暑中見舞い, かもめーる寒中見舞い"", ""会社名: 広済堂HD, 広済堂, Kosaido,\nブランド名: なし""]"
78740,７８７４０,レック,素材・化学,LEC|レック株式会社|レックジャパン,激落ちくん|バルサン|お掃除消しゴム|お掃除本舗|ぱぱっとさん,"[""会社名: レック, LEC, レック株式会社,\nブランド名: 激落ちくん, バルサン, お掃除本舗, ぱぱっとさん, かんたん洗浄丸"", ""会社名: レック, LEC, レック株式会社, レックコーポレーション, レックジャパン  \nブランド名: 激落ちくん, バルサン, お掃除消しゴム, 激落ちクロス, 激落ちワイパー"", ""会社名: レック,  \nブランド名: 激落ちくん, バルサン, お掃除消しゴム, ふしぎクロス, ふしぎテープ""]"
78880,７８８８０,三光合成,素材・化学,三光|Sanko|Sanko Gosei|78880,情報が不足しているため、代表的なブランド名や製品名は特定できません。,"[""会社名: 三光, Sanko,\nブランド名: 情報が不足しているため、代表的なブランド名や製品名は特定できません。"", ""申し訳ありませんが、「三光合成」（証券コード: 78880）に関する具体的な略称やブランド名についての情報は持ち合わせていません。一般的に、企業の略称やブランド名はSNSやトレーダー間での使用頻度によって異なることがあります。具体的な情報を得るには、SNSや業界のフォーラム、または企業の公式ウェブサイトを参照することをお勧めします。"", ""会社名: 三光, 三光合成, Sanko, Sanko Gosei, 78880  \nブランド名: 情報が不足しているため、具体的なブランド名や製品名は確認できません。""]"
78930,７８９３０,プロネクサス,情報通信・サービスその他,プロネ|PNX|PRONEXUS|プロネク,X-Smart|X-Smart IR|X-Smart Disclosure|X-Smart Governance|X-Smart Finance,"[""会社名: プロネクサス, PRONEXUS,\nブランド名: X-Smart, X-Smart IR, X-Smart Disclosure, X-Smart Governance, X-Smart Finance"", ""会社名: プロネク, プロネ, ネクサス, PNX, プロネクサス,\nブランド名: 企業情報ナビ, IRナビ, Disclosure Navi, プロネクサスIR, プロネクサスDisclosure,"", ""会社名: プロネクサス, プロネ, PNX,  \nブランド名: なし""]"
79110,７９１１０,ＴＯＰＰＡＮホールディングス,情報通信・サービスその他,トッパン|Toppan Printing|TOPPAN|トッパン印刷|ＴＯＰＰＡＮ,トッパンフォームズ|トッパンセキュリティ|トッパンパッケージ|トッパンメディア,"[""会社名: TOPPAN, トッパン, Toppan Printing, Toppan Inc., Toppan Holdings  \nブランド名: トッパンフォームズ, トッパンパッケージ, トッパンセキュリティ, トッパンデジタル, トッパンメディア"", ""会社名: トッパン, TOPPAN, トッパンホールディングス, Toppan Printing, トッパン印刷  \nブランド名: カレイド, トッパンフォームズ, トッパンパッケージング, トッパンエコロジー, トッパンセキュリティ"", ""会社名: トッパン, Toppan, トッパン印刷, Toppan Printing, トッパンホールディングス,\nブランド名: オフセット印刷, デジタル印刷, セキュリティ印刷, パッケージング, ディスプレイソリューション,""]"
79120,７９１２０,大日本印刷,情報通信・サービスその他,DNP|大日印|印刷,ルミナート|デジタルペーパー|ミライエ|プリントパック|セキュアパス,"[""会社名: DNP, 大日印,\nブランド名: ルミナート, ミライエ, デジタルペーパー, プリントパック, セキュアパス"", ""会社名: DNP, 大日印,\nブランド名: ルミナート, ミライタッチ, デジタルペーパー"", ""会社名: DNP, 大日印, 印刷,\nブランド名: ルミナート, ミライス, クリーンルーム, スマートカード, セキュリティラベル""]"
79140,７９１４０,共同印刷,情報通信・サービスその他,KyoD|共同|Kyodo Printing|Kyodo Insatsu,パッケージングソリューション|メディアプロダクション,"[""会社名: 共同印刷, KyoD, Kyodo Printing, Kyodo Insatsu, KP\nブランド名: クリエイティブソリューション, メディアプロダクション, パッケージングソリューション, セキュリティソリューション, デジタルソリューション"", ""会社名: 共同印刷, 共同, KyoD, KyoD Insatsu, KyoD Printing  \nブランド名: クリエイティブワークス, パッケージングソリューション, メディアプロダクツ, セキュリティソリューション, ビジネスフォーム"", ""会社名: 共同印刷, 共同, KI,  \nブランド名: ありません,""]"
79150,７９１５０,ＮＩＳＳＨＡ,情報通信・サービスその他,Nissha|Nissha Printing|日写|Nissha Co.|Ltd.,IMD|AR Metallizing|Nissha Medical Technologies|IME|SiMPrint,"[""会社名: Nissha, Nissha Printing,\nブランド名: IMD, IME, AR Metallizing, SiMPrint, Nissha Medical Technologies"", ""会社名: Nissha, 日写, Nissha Co., Ltd., Nissha Printing,\nブランド名: IMD, Nissha Metallizing Solutions, AR Metallizing, Nissha Medical Technologies, Nissha Ecosense"", ""会社名: 日写, Nissha, NISSHO,\nブランド名: IMD, AR Metallizing, Nissha Medical Technologies, Si-Cal, Nissha USA""]"
79170,７９１７０,ＺＡＣＲＯＳ,素材・化学,ザクロス|ZACROS|ZACROS Corporation|ザクロスジャパン,なし|プリントパック|エコパック|スマートパック,"[""申し訳ありませんが、「ＺＡＣＲＯＳ」（証券コード: 79170）に関する具体的な略称やブランド名の情報は手元にありません。一般的に、企業の略称やブランド名は公式ウェブサイトやプレスリリース、または金融ニュースなどで確認することができます。具体的な情報が必要な場合は、これらの情報源を参照することをお勧めします。"", ""会社名: ザクロス, ZACROS, ザクロス株式会社, ZACROS Corporation, ザクロスジャパン  \nブランド名: プリントパック, エコパック, スマートパック, バリアパック, フレキシパック"", ""会社名: ザクロス, ZACROS, 桜井グループ, 桜井, 79170,\nブランド名: ZACROS, ザクロス, なし, なし, なし""]"
79210,７９２１０,ＴＡＫＡＲＡ　＆　ＣＯＭＰＡＮＹ,情報通信・サービスその他,TAKARA|タカラ|タカラ＆カンパニー|TAKARA & CO.|タカラアンドカンパニー,...,"[""会社名: TAKARA, タカラ, タカラ＆カンパニー, TAKARA & CO., タカラアンドカンパニー  \nブランド名: ..."", ""申し訳ありませんが、「ＴＡＫＡＲＡ　＆　ＣＯＭＰＡＮＹ」（証券コード: 79210）についての具体的な略称やブランド名の情報は持っていません。一般的に、企業の略称やブランド名は公式ウェブサイトやプレスリリース、または業界のニュースなどで確認することができます。"", ""申し訳ありませんが、「ＴＡＫＡＲＡ　＆　ＣＯＭＰＡＮＹ」（証券コード: 79210）に関する具体的な略称やブランド名、製品名についての情報は持っていません。一般的に、企業の略称やブランド名は業界や市場での認知度によって異なるため、具体的な情報は企業の公式サイトや金融ニュース、業界レポートなどで確認することをお勧めします。""]"
79250,７９２５０,前澤化成工業,素材・化学,前澤化成|MAEZAWA|MKS|Maezawa,マエザワバルブ|マエザワポンプ|マエザワフィッティング|マエザワパイプ|マエザワシステム,"[""会社名: 前澤化成, MAEZAWA, 前澤化成工業,\nブランド名: マエザワバルブ, マエザワポンプ, マエザワフィッティング, マエザワパイプ, マエザワシステム"", ""会社名: 前澤化成, MKS, Maezawa, 前澤,\nブランド名: ハイパーソル, エコロジーシステム, スーパーエコ, マルチパイプ, アクアシステム"", ""申し訳ありませんが、「前澤化成工業」に関する具体的な略称やブランド名、製品名についての情報は持ち合わせていません。ただし、一般的に企業名の略称としては、社名の一部を取ったものや、証券コードを用いることがあります。ブランド名や製品名については、企業の公式サイトやプレスリリースなどで確認することができます。""]"
79310,７９３１０,未来工業,素材・化学,Mirai Industry|MIRAIS|ミライ工業|Future Industries|未来,未来電工|ミライライト|ミライコンセント|ミライスイッチ|ミライパネル,"[""会社名: 未来工業, Mirai Industry,\nブランド名: 未来電工, ミライライト, ミライコンセント, ミライスイッチ, ミライパネル"", ""会社名: 未来工業, MIRAIS, ミライ工業, Future Industries, ミライ,\nブランド名: ミラレックス, ミラフレックス, ミラコン, ミラパイプ, ミラダクト"", ""会社名: 未来工業, 未来,  \nブランド名: 未来スイッチボックス, 未来コンセント, 未来ダクト, 未来配線器具, 未来電設資材""]"
79360,７９３６０,アシックス,情報通信・サービスその他,ASICS|79360,GT-2000|GEL-Kayano|GEL-Nimbus|GEL-Lyte|Metarun,"[""会社名: ASICS, アシックス,\nブランド名: GEL-Kayano, GEL-Nimbus, GEL-Lyte, GT-2000, Metarun"", ""会社名: ASICS, アシックス,\nブランド名: GEL-KAYANO, GEL-NIMBUS, GEL-LYTE, METARUN, GT-2000"", ""会社名: アシックス, ASICS, 79360,  \nブランド名: GEL, Kayano, Nimbus, Tiger, Onitsuka Tiger""]"
79370,７９３７０,ツツミ,情報通信・サービスその他,,,"[""申し訳ありませんが、「ツツミ」（証券コード: 79370）に関する具体的な略称やブランド名の情報は私のデータベースには含まれていないようです。一般的には、企業の略称やブランド名は公式ウェブサイトや金融ニュース、または業界の専門誌などで確認することができます。"", ""申し訳ありませんが、証券コード79370に関連する具体的な企業情報やブランド名についてのデータは持ち合わせていません。証券コードや企業名に関する情報は、最新の株式市場データや企業の公式発表を参照することをお勧めします。"", ""申し訳ありませんが、「ツツミ」（証券コード: 79370）に関する具体的な略称、ニックネーム、ブランド名、製品名についての情報は私のデータベースには含まれていません。一般的に、企業の略称やブランド名は公式な情報源や企業のウェブサイトで確認することができます。""]"
79420,７９４２０,ＪＳＰ,素材・化学,JSP|ジェイエスピー|JSP Corporation|JSP Co.,スタイロフォーム|ミラフォーム|ミラブロック|エスレンシート|ミラセル,"[""会社名: JSP, ジェイエスピー,\nブランド名: ミラフォーム, スタイロフォーム, ミラブロック, ピクセル, エスレンシート"", ""会社名: JSP, ジェイエスピー, JSP Corporation, ジェイエスピー株式会社, JSP Co., Ltd.,\nブランド名: ミラセル, スタイロフォーム, ミラブロック, ミラライト, ミラマット"", ""会社名: JSP,  \nブランド名: ミラセル, ミラフォーム, スタイロフォーム, エスレンシート, ピクセルフォーム""]"
79430,７９４３０,ニチハ,建設・資材,Nichiha,フュージェ|モエンエクセラード|セラミックサイディング|パワーボード|エクセラード,"[""会社名: ニチハ,\nブランド名: パワーボード, フュージェ, モエンエクセラード, セラミックサイディング, エクセラード"", ""会社名: ニチハ, Nichiha,\nブランド名: フュージェ, エクセル, セラディール, セラミックサイディング, フュージェプレミアム"", ""会社名: ニチハ, Nichiha,\nブランド名: エクセルシャノン, フュージェ, セラール, モエンエクセラード, モエンサイディング""]"
79440,７９４４０,ローランド,情報通信・サービスその他,Roland|ローランド株式会社|Roland Corporation|ローランド社,V-Drums|BOSS|JUNO|EDIROL|V-Piano,"[""会社名: Roland, ローランド,\nブランド名: V-Drums, BOSS, AIRA, JUNO, EDIROL"", ""会社名: ローランド, Roland, ローランド株式会社, Roland Corporation, ローランド社  \nブランド名: V-Drums, BOSS, EDIROL, V-Piano, JUNO"", ""会社名: ローランド, Roland, ROLAND, ローランド株式会社, Roland Corporation  \nブランド名: V-Drums, BOSS, V-Piano, Aerophone, JUNO""]"
79470,７９４７０,エフピコ,素材・化学,FP Corporation|FPコーポレーション|FPコープ,エコトレー|エフピコパック|エフピコトレー|エフピコカップ|エフピコボックス,"[""会社名: エフピコ, FP Corporation, FPコーポレーション, FP,\nブランド名: エフピコパック, エフピコトレー, エフピコカップ, エフピコボックス, エフピコエコ"", ""会社名: エフピコ, FP Corporation, FPコーポレーション, FPコープ, FP,\nブランド名: エコトレー, パックマーケット, エフピコダイレクト, エフピコプラザ, エフピコリサイクル"", ""会社名: エフピコ, FP Corporation, FPコーポレーション,  \nブランド名: エコトレー, エコAPET, エコパック, エコロジーパック, エコトレーサー""]"
79490,７９４９０,小松ウオール工業,情報通信・サービスその他,小松ウオール|Komatsu Wall|小松ウォール,ウオールシステム|ウオールパネル|パーティションシステム|モジュラーパネル|インテリアウォール,"[""会社名: 小松ウオール, Komatsu Wall,\nブランド名: ウオールシステム, ウオールパネル, パーティションシステム, モジュラーパネル, インテリアウォール"", ""申し訳ありませんが、「小松ウオール工業」（証券コード: 79490）についての具体的な略称やブランド名の情報は私のデータベースには含まれていません。一般的に企業の略称やブランド名は、企業の公式ウェブサイトや投資家向け資料、またはSNSや業界のフォーラムなどで確認することができます。"", ""会社名: 小松ウオール, 小松ウォール, 小松ウォール工業,\nブランド名: 申し訳ありませんが、小松ウオール工業の具体的なブランド名や製品名についての情報は持っていません。""]"
79510,７９５１０,ヤマハ,情報通信・サービスその他,YAMAHA|ヤマハ株式会社|Yamaha Corporation|ヤマハ発動機（ただし別会社ですので注意が必要です）,ヤマハオーディオ|ヤマハピアノ|ヤマハギター|ヤマハAV機器|ヤマハモーターサイクル,"[""会社名: ヤマハ, Yamaha Corporation, ヤマハ株式会社, YAMAHA,\nブランド名: ヤマハピアノ, ヤマハギター, ヤマハモーターサイクル, ヤマハオーディオ, ヤマハAV機器"", ""会社名: ヤマハ, YAMAHA,\nブランド名: ヤマハピアノ, ヤマハギター, ヤマハバイク, ヤマハオーディオ, ヤマハAV機器"", ""会社名: ヤマハ, YAMAHA, ヤマハ株式会社, ヤマハ発動機（ただし別会社ですので注意が必要です）,\nブランド名: ピアノ, クラビノーバ, ヤマハ音楽教室, ヤマハバイク（ただし別会社の製品ですので注意が必要です）, ヤマハオーディオ""]"
79520,７９５２０,河合楽器製作所,情報通信・サービスその他,Kawai|Kawai Musical Instruments|河合楽器|Kawai Gakki|河合,Shigeru Kawai|Kawai Digital Pianos|Kawai Keyboards|Kawai Acoustic Pianos|KAWAI,"[""会社名: Kawai, Kawai Musical Instruments,\nブランド名: Shigeru Kawai, Kawai Pianos, Kawai Digital Pianos, Kawai Keyboards, Kawai Acoustic Pianos"", ""会社名: 河合楽器, Kawai, Kawai Musical Instruments, Kawai Gakki, 河合,\nブランド名: KAWAI, Shigeru Kawai, Kawai Digital Pianos, Kawai Acoustic Pianos, Kawai Keyboards"", ""会社名: 河合楽器, KAWAI, KAWAI楽器,\nブランド名: KAWAI, Shigeru Kawai, KAWAI電子ピアノ, KAWAIアコースティックピアノ, KAWAIデジタルピアノ""]"
79550,７９５５０,クリナップ,情報通信・サービスその他,Cleanup|クリーンアップ|クリナップ株式会社|Cleanup Corporation,システムキッチン|ラクエラ|バスルーム|ステディア|セントロ,"[""会社名: クリナップ, Cleanup,\nブランド名: システムキッチン, ラクエラ, ステディア, セントロ, バスルーム"", ""会社名: クリナップ, Cleanup, クリーンアップ, クリナップ株式会社, Cleanup Corporation  \nブランド名: システムキッチン「クリンレディ」, システムキッチン「ステディア」, システムバス「アクリアバス」, 洗面化粧台「ファンシオ」, システムキッチン「ラクエラ」"", ""会社名: クリナップ, \nブランド名: システムキッチン, バスルーム, 洗面化粧台, ステンレスキャビネット, ラクエラ""]"
79560,７９５６０,ピジョン,情報通信・サービスその他,Pigeon|ピジョン株式会社|Pigeon Corporation|79560,母乳実感|ベビーケア|マグマグ|スマイルキッズ|ピジョンベビー,"[""会社名: ピジョン,\nブランド名: 母乳実感, スマイルキッズ, ピジョンベビー, ピジョンマタニティ, ピジョンケア"", ""会社名: ピジョン, Pigeon,\nブランド名: 母乳実感, スリムタイプ, ベビーケア, マグマグ, ランフィ"", ""会社名: ピジョン, Pigeon, ピジョン株式会社, Pigeon Corporation, 79560  \nブランド名: 母乳実感, マグマグ, ベビーカー, 哺乳瓶, ベビーケア""]"
79580,７９５８０,天馬,素材・化学,Tenma|テンマ|79580,POCO|POCO X|POCO Y|POCO Z|POCO A,"[""会社名: 天馬, Tenma,\nブランド名: POCO, POCO X, POCO Y, POCO Z, POCO A"", ""申し訳ありませんが、「天馬」（証券コード: 79580）についての具体的な略称やブランド名のリストを提供することはできません。ただし、一般的に企業の略称やブランド名は、企業の公式ウェブサイトや投資家向け資料、またはSNSでの言及などから確認することができます。具体的な情報をお求めの場合は、これらの情報源を参照することをお勧めします。"", ""会社名: 天馬, テンマ, Tenma, 79580, テンマ株式会社  \nブランド名: Fit's, クローゼット, カバコ, フィッツケース, ファビエ""]"
79620,７９６２０,キングジム,情報通信・サービスその他,KING JIM|King Jim|キンジム|KJ,テプラ|ポメラ|ファイルボックス|ショットノート|ラベルライター,"[""会社名: キングジム, King Jim,\nブランド名: テプラ, ポメラ, ファイルボックス, ショットノート, ラベルライター"", ""会社名: キングジム, KING JIM, キンジム, KJ, キング,\nブランド名: テプラ, ポメラ, ショットノート, ファイルボックス, スーパードッチファイル"", ""会社名: キングジム, KING JIM,\nブランド名: テプラ, ショットノート, ファイルボックス, ポメラ, マグフレックス""]"
79650,７９６５０,象印マホービン,電機・精密,象印|Zojirushi|ZOJIRUSHI|ZOJIRUSHI Corporation|Zojirushi Mahobin,ステンレスマグ|炊飯ジャー|ホットプレート|コーヒーメーカー|電気ポット,"[""会社名: 象印, Zojirushi, ZOJIRUSHI Corporation, Zojirushi Mahobin, ZOJIRUSHI MAHOBIN CO., LTD.,\nブランド名: ステンレスマグ, 炊飯ジャー, ホットプレート, 電気ケトル, コーヒーメーカー"", ""会社名: 象印, Zojirushi, 象印マホービン, ZOJIRUSHI,\nブランド名: ステンレスマグ, 炊飯ジャー, ホットプレート, 電気ポット, マイコン炊飯ジャー"", ""会社名: 象印, ZOJIRUSHI, マホービン, ZOJIRUSHI CORPORATION, 象印マホービン株式会社  \nブランド名: ステンレスマグ, 炊飯ジャー, ホットプレート, 電気ポット, コーヒーメーカー""]"
79660,７９６６０,リンテック,情報通信・サービスその他,LINTEC|リンテック株式会社|リンテックジャパン|Lintec Corporation,タックフォーム|タックペーパー|タックフィルム|タックラベル|タックシール,"[""会社名: リンテック, LINTEC, リンテック株式会社, Lintec Corporation, リンテックジャパン  \nブランド名: HI-TAC, Securafol, Kasper, Tacklabel, Lintec Sign System"", ""会社名: リンテック, LINTEC, リンテック株式会社, リンテックジャパン, リンテックコーポレーション  \nブランド名: タックフォーム, タックペーパー, タックフィルム, タックラベル, タックシール"", ""会社名: リンテック, LINTEC, リンテック株式会社,  \nブランド名: タックフォーム, タックペーパー, タックシール, タックフィルム, タックラベル""]"
79700,７９７００,信越ポリマー,素材・化学,Shin-Etsu Polymer|SE Polymer|信越|信越ポリ,Shin-Etsu Tape|Shin-Etsu Sealer|Shin-Etsu Silicone|Shin-Etsu Film|Shin-Etsu Sheet,"[""会社名: 信越ポリマー, Shin-Etsu Polymer, SE Polymer,\nブランド名: Shin-Etsu Sealer, Shin-Etsu Silicone, Shin-Etsu Tape, Shin-Etsu Film, Shin-Etsu Sheet"", ""会社名: 信越ポリマー, 信越, Shin-Etsu Polymer, SE Polymer, 信越ポリ\nブランド名: シンエツフィルム, シンエツシート, シンエツパッド, シンエツコネクタ, シンエツラバー"", ""会社名: 信越ポリマー, 信越, Shin-Etsu Polymer, SE Polymer, 信越P,\nブランド名: Shin-Etsu, SEPS, SEPL, Shin-Etsu Seal, Shin-Etsu Tape,""]"
79720,７９７２０,イトーキ,情報通信・サービスその他,ITOKI|イトーキグループ,Spina|Sylphy|Act|CZシリーズ|Infield,"[""会社名: イトーキ, ITOKI,\nブランド名: Spina, Sylphy, Act, Infield, CZX"", ""会社名: イトーキ, ITOKI, イトーキグループ, イトーキ株式会社, イトーキコーポレーション  \nブランド名: フリップフラップ, スピーナチェア, CZシリーズ, インフィニティ, アクトチェア"", ""会社名: イトーキ, ITOKI,  \nブランド名: CZシリーズ, INSPINE, Spina, Sylphy, Act,""]"
79740,７９７４０,任天堂,情報通信・サービスその他,Nintendo|NCL|任天堂株式会社|Big N,スプラトゥーン|Nintendo Switch|Nintendo 3DS|Wii|Game Boy,"[""会社名: 任天堂, Nintendo,\nブランド名: Nintendo Switch, Nintendo 3DS, Wii, Game Boy, Nintendo DS"", ""会社名: 任天堂, Nintendo, NCL, 任天堂株式会社, Big N  \nブランド名: スーパーマリオ, ゼルダの伝説, ポケットモンスター, スプラトゥーン, あつまれ どうぶつの森"", ""会社名: 任天堂, 任天堂株式会社, Nintendo, NCL,\nブランド名: スイッチ, マリオ, ゼルダ, ポケモン, スプラトゥーン""]"
79760,７９７６０,三菱鉛筆,情報通信・サービスその他,Mitsubishi Pencil|MP|三菱|Uni,ユニ|ジェットストリーム|クルトガ|ポスカ|ピュアモルト,"[""会社名: 三菱鉛筆, Mitsubishi Pencil,\nブランド名: ユニ, ジェットストリーム, クルトガ, ポスカ, ピュアモルト"", ""会社名: 三菱鉛筆, Mitsubishi Pencil, MP,\nブランド名: ユニ, ジェットストリーム, クルトガ, ポスカ, ピュアモルト"", ""会社名: 三菱鉛筆, 三菱, Uni, Mitsubishi Pencil, MP,\nブランド名: ユニ, ジェットストリーム, クルトガ, プロパス, ポスカ,""]"
79790,７９７９０,松風,電機・精密,SHOFU,（具体的なブランド名や製品名については情報が不足しています）,"[""申し訳ありませんが、「松風」（証券コード: 79790）に関する具体的な略称やブランド名の情報は持ち合わせていません。松風は日本の企業で、主に歯科関連の製品を製造・販売していることで知られています。詳細な情報については、公式ウェブサイトや最新の金融ニュースをご確認ください。"", ""申し訳ありませんが、「松風」（証券コード: 79790）に関する具体的な略称やブランド名についての情報は持ち合わせていません。松風は日本の企業で、主に歯科関連の製品を製造していることで知られています。一般的に、企業の略称やブランド名は公式な情報源や業界内での通称に基づいていますので、公式なウェブサイトや業界の資料を参照することをお勧めします。"", ""申し訳ありませんが、「松風」（証券コード: 79790）に関する具体的な略称やニックネーム、ブランド名、製品名についての情報は持ち合わせていません。ただし、一般的に企業名やブランド名は以下のように表現されることがあります。\n\n1. 会社名: 松風, SHOFU\n2. ブランド名: （具体的なブランド名や製品名については情報が不足しています）\n\n具体的な情報については、公式の企業資料や金融ニュースを参照することをお勧めします。""]"
79810,７９８１０,タカラスタンダード,情報通信・サービスその他,タカラ|タカラスタ|Takarastandard|Tスタンダード|Takara Standard,システムキッチン|システムバス|エマージュ|レミュー|フェスカ,"[""会社名: タカラ, タカラスタ, Takara Standard, Takarastandard, Takaras\nブランド名: システムキッチン, システムバス, ホーローキッチン, ホーロー洗面化粧台, ホーロー浴槽"", ""会社名: タカラ, タカラスタ, タカスタ, Tスタンダード, Takarastandard  \nブランド名: エマージュ, レミュー, トレーシア, ミーナ, フェスカ"", ""会社名: タカラ, タカラスタ, TS, タカラS, Tスタンダード  \nブランド名: エマージュ, レミュー, フェスカ, システムバス, システムキッチン""]"
79840,７９８４０,コクヨ,情報通信・サービスその他,KOKUYO|コクヨ株式会社|KOKUYO Co.|Ltd.,Campus|ハリナックス|カルカット|Harinacs|Kadokeshi,"[""会社名: コクヨ, KOKUYO,\nブランド名: Campus, Harinacs, Kadokeshi, ME, KOKUYO DESIGN AWARD"", ""会社名: コクヨ, KOKUYO, コクヨ株式会社, KOKUYO Co., Ltd.,\nブランド名: キャンパスノート, ハリナックス, カルカット, ネオクリッツ, ミーティングバッグ"", ""会社名: コクヨ, KOKUYO,\nブランド名: Campus, ハリナックス, カルカット, MEETING PLANNER, ソフトリングノート""]"
79870,７９８７０,ナカバヤシ,情報通信・サービスその他,NKY|Nakabayashi,フエルアルバム|ロジカルノート|ライフスタイルツールズ|ロアス|ディスカバリー,"[""会社名: ナカバヤシ, Nakabayashi,\nブランド名: ロアス, フエルアルバム, ロジカルノート, ディスカバリー, ライフスタイルツールズ"", ""会社名: ナカバヤシ, NKY,\nブランド名: ロジカルノート, フエルアルバム, ロジカルエアーノート, ロジカルプレミアム, フエルフォトブック"", ""会社名: ナカバヤシ, NKY,  \nブランド名: ロジカル, フエルアルバム, ディアクルール, ライフスタイルツールズ, イノベーター""]"
79880,７９８８０,ニフコ,素材・化学,Nifco|ニフコ株式会社|Nifco Inc.,...,"[""会社名: ニフコ, Nifco,\nブランド名: 申し訳ありませんが、ニフコの代表的なブランド名や製品名に関する具体的な情報は提供できません。"", ""会社名: ニフコ, Nifco, ニフコ株式会社, Nifco Inc.,\nブランド名: ..."", ""会社名: ニフコ, Nifco,  \nブランド名: (該当する具体的なブランド名や製品名は一般的に公表されていないため、情報が不足しています)""]"
79890,７９８９０,立川ブラインド工業,建設・資材,立川ブラインド|立川|TBC|Tachikawa|Tachikawa Blind,プリーツスクリーン|フォレティア|ブラインド|ロールスクリーン|カーテン,"[""会社名: 立川ブラインド, Tachikawa, Tachikawa Blind, 立川,\nブランド名: ブラインド, ロールスクリーン, カーテン, ヴェネツィアンブラインド, プリーツスクリーン"", ""会社名: 立川ブラインド, 立川, TBC, 立川ブラインド工業, 立川BK\nブランド名: ラルクシールド, シルキーシェード, フォレティア, プリーツスクリーン, デュオレ"", ""会社名: 立川ブラインド, 立川, TBC,\nブランド名: ラルク, セレーノ, フォレティア, シルキー, プリーツスクリーン""]"
79900,７９９００,グローブライド,情報通信・サービスその他,GLOBERIDE|旧ダイワ精工|79900,ダイワ|ONOFF|GIII|Morethan|Emeraldas,"[""会社名: グローブライド, GLOBERIDE, 旧ダイワ精工,\nブランド名: ダイワ, ONOFF, GIII, Morethan, Emeraldas"", ""会社名: グローブライド, GLOBERIDE, 旧ダイワ精工, 79900,\nブランド名: ダイワ, ONOFF, GIII, Morethan, Emeraldas"", ""会社名: グローブライド, GLOBERIDE, 79900,\nブランド名: ダイワ, ONOFF, GIII, Morethan, Emeraldas""]"
79940,７９９４０,オカムラ,情報通信・サービスその他,岡村製作所|Okamura Corporation|Okamura Co.|Ltd.,Contessa|Sabrina|Lives|Sylphy|CP,"[""会社名: オカムラ, Okamura Corporation, Okamura Co., Ltd.,\nブランド名: Contessa, Sabrina, CP, Lives, Sylphy"", ""会社名: オカムラ, Okamura, 岡村製作所, 岡村, オカムラコーポレーション  \nブランド名: Contessa, Baron, Sabrina, Sylphy, Lives"", ""会社名: オカムラ, 岡村製作所, OKAMURA,\nブランド名: Contessa, Sabrina, Sylphy, Barone, Lives""]"
79950,７９９５０,バルカー,素材・化学,,,"[""申し訳ありませんが、「バルカー」（証券コード: 79950）に関する具体的な略称やブランド名の情報は持ち合わせていません。一般的に、企業の略称やブランド名は業界や地域によって異なることがありますので、公式な情報源や企業のウェブサイトを参照することをお勧めします。"", ""申し訳ありませんが、「バルカー」（証券コード: 79950）についての具体的な略称やブランド名の情報は持ち合わせていません。バルカーは一般的にガスケットやシール材のメーカーとして知られていますが、詳細な略称やブランド名については公式な情報源や業界の専門家に確認することをお勧めします。"", ""申し訳ありませんが、「バルカー」（証券コード: 79950）に関する具体的な略称やニックネーム、ブランド名、製品名についての情報は持ち合わせていません。一般的に、企業の略称やブランド名、製品名は公式の情報源や企業のウェブサイトで確認することができます。""]"
80010,８００１０,伊藤忠商事,商社・卸売,伊藤忠|ITOCHU|ITOCHU Corporation|Itochu,ファミリーマート|コンビニエンスウェア|デサント|マルエツ|ユニー,"[""会社名: 伊藤忠, 伊藤忠商事, Itochu, Itochu Corporation, ITOCHU Corp\nブランド名: ファミリーマート, コンビニエンスウェア, デサント, マルエツ, ユニー"", ""会社名: 伊藤忠, 伊藤忠商事, ITOCHU, ITOCHU Corporation, C.Itoh & Co.,\nブランド名: ファミリーマート, コンビニエンスウェア, デサント, ミスタードーナツ, マルエツ"", ""会社名: 伊藤忠, 伊藤忠商事, ITOCHU, ITOCHU Corporation, 伊藤忠グループ,\nブランド名: ファミリーマート, コンビニエンスウェア, マルエツ, デサント, ジュピターショップチャンネル""]"
80020,８００２０,丸紅,商社・卸売,Marubeni|丸紅商事|MBK|Marubeni Corporation,Gavilon|MIECO|Marubeni Citizen-Cincom|Marubeni-Komatsu|Forestia,"[""会社名: 丸紅, Marubeni Corporation, Marubeni,\nブランド名: Forestia, Gavilon, MIECO, Marubeni Citizen-Cincom, Marubeni-Komatsu"", ""会社名: 丸紅, Marubeni, 丸紅商事, MBK, Maru,\nブランド名: Gavilon, MIECO, Marubeni Citizen-Cincom, Marubeni-Komatsu, Marubeni-Itochu Steel"", ""会社名: 丸紅, MARUBENI, MBK, 丸紅株式会社, 丸紅商事,\nブランド名: なし""]"
80050,８００５０,スクロール,小売,Scroll|スクロール社|スクロールグループ,生活雑貨|ファッション|コスメ|健康食品|インテリア,"[""会社名: スクロール, Scroll,\nブランド名: 生活雑貨, ファッション, コスメ, 健康食品, インテリア"", ""申し訳ありませんが、「スクロール」（証券コード: 80050）に関する具体的な略称やブランド名の情報は持ち合わせていません。一般的に、企業の略称やブランド名は公式ウェブサイトやプレスリリース、またはSNSでの使用状況などから確認することができます。具体的な情報を知りたい場合は、これらの情報源を参照することをお勧めします。"", ""会社名: スクロール, スクロール社, スクロールグループ,  \nブランド名: サニークラウズ, フェリシモ, 生活雑貨, 夢展望, スクロールマート""]"
80080,８００８０,ヨンドシーホールディングス,小売,4℃ホールディングス|4℃ Holdings|1. 会社名（ブランドや製品名は除外）|ヨンドシー,4℃|Canal 4℃|EAUDOUCE 4℃|Luria 4℃|4℃ BRIDAL,"[""会社名: 4℃ホールディングス, 4℃HD, 4℃ Holdings,\nブランド名: 4℃, Canal 4℃, EAUDOUCE 4℃, Luria 4℃, 4℃ BRIDAL"", ""申し訳ありませんが、「ヨンドシーホールディングス」（証券コード: 80080）についての具体的な略称やブランド名のリストを提供することはできません。ただし、一般的に「ヨンドシー」として知られていることが多いです。ブランド名としては、ジュエリー関連の製品が有名です。具体的な情報は公式ウェブサイトや関連資料をご確認ください。"", ""申し訳ありませんが、「ヨンドシーホールディングス」に関する具体的な略称やブランド名、製品名についての詳細な情報は持っていません。ただし、一般的に企業名やブランド名は以下のように表現されることがあります。\n\n1. 会社名（ブランドや製品名は除外）\n   - 4℃HD, ヨンドシーHD, 4℃ホールディングス, ヨンドシーホールディングス\n\n2. ブランド名・製品名（あれば）\n   - 4℃, Canal 4℃, EAUDOUCE 4℃, Luria 4℃, 4℃ BRIDAL\n\nこれらは一般的""]"
80110,８０１１０,三陽商会,素材・化学,三陽|Sanyo|Sanyo Shokai,バーバリー|エポカ|マッキントッシュ フィロソフィー|ブルーレーベル|アマカ,"[""会社名: 三陽, Sanyo Shokai, Sanyo,\nブランド名: バーバリー, マッキントッシュ フィロソフィー, ブルーレーベル, ブラックレーベル, エポカ"", ""会社名: 三陽, Sanyo, 三陽商会,\nブランド名: バーバリー, マッキントッシュ フィロソフィー, アマカ, エポカ, ブルーレーベル クレストブリッジ"", ""会社名: 三陽,  \nブランド名: バーバリー, マッキントッシュ, アマカ, エポカ, ブルーレーベル""]"
80120,８０１２０,長瀬産業,商社・卸売,長瀬|長瀬インダストリーズ|NAGASE,NAGASE ChemteX|Hayashibara|Prinova,"[""申し訳ありませんが、「長瀬産業」（証券コード: 80120）についての具体的な略称やブランド名の情報は持ち合わせていません。一般的に企業の略称やブランド名は、企業の公式ウェブサイトやプレスリリース、または業界のニュースなどで確認することができます。長瀬産業の公式情報を参照することをお勧めします。"", ""申し訳ありませんが、「長瀬産業」（証券コード: 80120）に関する具体的な略称やブランド名の情報は持ち合わせていません。一般的に、企業の略称やブランド名は公式の情報源や企業のウェブサイトで確認することができます。お役に立てず申し訳ありません。"", ""会社名: 長瀬, 長瀬商事, 長瀬グループ, 長瀬インダストリーズ, NAGASE,\nブランド名: NAGASE ChemteX, Hayashibara, Prinova, Nagase Beauty Care, Nagase Filter""]"
80140,８０１４０,蝶理,商社・卸売,Chori|Chori Co.|Ltd.|CHORI,,"[""会社名: 蝶理, Chori Co., Ltd., Chori,\nブランド名: 申し訳ありませんが、蝶理に関する代表的なブランド名や製品名の情報は見つかりませんでした。"", ""会社名: 蝶理, Chori,\nブランド名: 申し訳ありませんが、蝶理の代表的なブランド名や製品名に関する具体的な情報は提供できません。"", ""会社名: 蝶理, CHORI, 80140,\nブランド名: 申し訳ありませんが、蝶理の特定のブランド名や製品名についての情報は持っていません。""]"
80150,８０１５０,豊田通商,商社・卸売,豊通|Toyota Tsusho|TT|TTC|トヨタ通商,なし,"[""会社名: 豊通, Toyota Tsusho, TT,\nブランド名:"", ""会社名: 豊通, Toyota Tsusho, TT,\nブランド名: なし"", ""会社名: 豊通, TTC, トヨタ通商, Toyota Tsusho, 80150,\nブランド名: 具体的なブランド名や製品名は一般的に公表されていないことが多いです。""]"
80160,８０１６０,オンワードホールディングス,素材・化学,オンワード|Onward Holdings|Onward,23区|自由区|any SiS|J.PRESS|組曲,"[""会社名: オンワード, オンワードHD, Onward Holdings, オンワードホールディングス\nブランド名: 23区, 自由区, ICB, any SiS, J.PRESS"", ""会社名: オンワード, オンワードHD, Onward Holdings, オンワードホールディングス, Onward\nブランド名: 23区, 組曲, 自由区, J.PRESS, any SiS"", ""会社名: オンワード, オンワードHD, オンワードホールディングス,\nブランド名: 23区, 自由区, any SiS, J.PRESS, 組曲""]"
80180,８０１８０,三共生興,商社・卸売,三共|Sankyo Seiko|Sankyo|生興,情報が不足しているため、代表的なブランド名や製品名を特定できません。,"[""会社名: 三共生興, Sankyo Seiko, Sankyo, 三共,\nブランド名: 情報が不足しているため、代表的なブランド名や製品名を特定できません。"", ""申し訳ありませんが、「三共生興」（証券コード: 80180）についての具体的な略称やブランド名の情報は持ち合わせていません。一般的に、企業の略称やブランド名は公式サイトやプレスリリース、またはSNSなどで確認することができます。公式な情報源を参照することをお勧めします。"", ""会社名: 三共, 生興, 三共生興, 80180, 三共グループ,\nブランド名: 特定のブランド名や製品名は確認できません。""]"
80200,８０２００,兼松,商社・卸売,Kanematsu|8020|Kanematsu Corp|80200,,"[""会社名: 兼松, Kanematsu,\nブランド名: 申し訳ありませんが、兼松の代表的なブランド名や製品名についての具体的な情報は提供できません。"", ""会社名: 兼松, Kanematsu, 8020, Kanematsu Corp,\nブランド名: ありません"", ""会社名: 兼松, Kanematsu, 80200,\nブランド名: 特定のブランド名や製品名は一般的に知られていません。""]"
80220,８０２２０,美津濃,情報通信・サービスその他,ミズノ|Mizuno|MIZUNO,ウェーブライダー|モレリア|JPX|ミズノプロ|ミズノウェーブ,"[""会社名: ミズノ, Mizuno,\nブランド名: ミズノプロ, ウェーブライダー, モレリア, JPX, ミズノウェーブ"", ""会社名: ミズノ, MIZUNO, 美津濃,\nブランド名: ミズノプロ, ウェーブライダー, モレリア, ミズノウェーブ, JPX"", ""会社名: ミズノ,  \nブランド名: ミズノ, ウェーブライダー, モレリア, JPX, NEXLITE""]"
80290,８０２９０,ルックホールディングス,素材・化学,ルック,アルチザン|アルチザン＆アーティスト|イルビゾンテ,"[""申し訳ありませんが、「ルックホールディングス」についての具体的な略称やブランド名のリストを提供することはできません。ただし、一般的に企業の略称やブランド名は公式ウェブサイトや公開されている資料で確認することができます。公式な情報源を参照することをお勧めします。"", ""申し訳ありませんが、「ルックホールディングス」（証券コード: 80290）についての具体的な略称やブランド名のリストは提供できません。ただし、一般的に企業の略称やブランド名を知りたい場合は、公式ウェブサイトや投資家向け資料、SNSでの言及を確認することをお勧めします。"", ""会社名: ルック, ルックHD, ルックホールディングス,\nブランド名: アルチザン, アルチザン＆アーティスト, イルビゾンテ, マリメッコ, アルベロベロ""]"
80310,８０３１０,三井物産,商社・卸売,三井|Mitsui & Co.|Mitsui Bussan|物産,情報が不足しているため、代表的なブランド名や製品名は特定できません。,"[""会社名: 三井物産, Mitsui & Co., 三井, Mitsui Bussan, Mitsui & Company  \nブランド名: 情報が不足しているため、代表的なブランド名や製品名は特定できません。"", ""会社名: 三井物産, Mitsui & Co., 三井, 物産, Mitsui Bussan  \nブランド名: 申し訳ありませんが、三井物産は主に商社であり、特定の代表的なブランド名や製品名は一般的に存在しません。"", ""会社名: 三井, 三井物, 物産, MBK, Mitsui,\nブランド名: 具体的なブランド名や製品名は一般的に公開されていないか、特定のブランド名がない場合があります。""]"
80320,８０３２０,日本紙パルプ商事,商社・卸売,日本紙パルプ|日紙商|NIPPON PAPER & PULP|NPPC,NPI Paper|Nippon Paper Products|NPI Trading|Nippon Pulp,"[""会社名: 日本紙パルプ商事, 日本紙パルプ, NIPPON PAPER & PULP, NPPC, NPPS\nブランド名: 申し訳ありませんが、日本紙パルプ商事の代表的なブランド名や製品名に関する具体的な情報は提供できません。"", ""会社名: 日紙商, NPI, Nippon Paper, 日本紙パルプ, Nippon Paper & Pulp  \nブランド名: NPI Paper, Nippon Paper Products, NPI Trading, Nippon Pulp, NPI Packaging"", ""会社名: 日パ商, 日紙商, JPP,\nブランド名: 特定のブランド名や製品名は確認できません。""]"
80350,８０３５０,東京エレクトロン,電機・精密,TEL|Tokyo Electron|東エレ|東京エレ|東京エレク,Trias|Expedius|Tactras|Unity|Impressio,"[""会社名: TEL, 東京エレク, Tokyo Electron, 東エレ,\nブランド名: Trias, Expedius, Tactras, Unity, Impressio"", ""会社名: TEL, 東京エレ, 東エレ, Tokyo Electron, 東エレク  \nブランド名: Trias, Tactras, Expedius, Unity, Precio"", ""会社名: TEL, 東京エレ, 東京エレクトロン,\nブランド名: Trias, Expedius, Tactras, Unity, Certas""]"
80370,８０３７０,カメイ,商社・卸売,Kamei Corporation|Kamei Co.|Ltd.|Kamei,情報が不足しているため、代表的なブランド名や製品名を特定できません。,"[""会社名: カメイ, Kamei Corporation, Kamei Co., Ltd.,\nブランド名: 情報が不足しているため、代表的なブランド名や製品名を特定できません。"", ""申し訳ありませんが、「カメイ」（証券コード: 80370）に関する具体的な略称やブランド名についての情報は持っていません。カメイ株式会社は日本の企業で、さまざまな事業を展開していますが、SNSやトレーダー間で特定の略称やブランド名が一般的に使用されているかどうかは不明です。\n\n一般的には、企業の略称やニックネームはその企業の正式名称や事業内容に基づいて自然発生的に形成されることが多いです。ブランド名や製品名についても、企業の公式な発表やマーケティング活動に依存します。\n\nもし"", ""会社名: カメイ, Kamei, 80370,\nブランド名: 申し訳ありませんが、カメイに関連する具体的なブランド名や製品名の情報は持っていません。""]"
80430,８０４３０,スターゼン,商社・卸売,Starzen|スターゼンホールディングス|SZHD,スターゼンミート|スターゼンフーズ|スターゼンデリカ|スターゼンビーフ|しゃぶしゃぶ用肉,"[""会社名: スターゼン, Starzen,\nブランド名: しゃぶしゃぶ用肉, 焼肉用肉, スターゼンミート, スターゼンフーズ, スターゼンデリカ"", ""会社名: スターゼン, Starzen,\nブランド名: 熟成牛, スターゼンポーク, スターゼンチキン, スターゼンビーフ, スターゼンハム"", ""会社名: スターゼン, スターゼンホールディングス, SZHD, スターゼンHD, 80430,\nブランド名: スターゼンミート, スターゼンフーズ, スターゼンプロダクツ, スターゼンデリカ, スターゼンビーフ,""]"
80500,８０５００,セイコーグループ,電機・精密,セイコー|Seiko Group|Seiko Holdings,グランドセイコー|セイコー5|アストロン|プロスペックス|プレザージュ,"[""会社名: セイコー, セイコーグループ, Seiko Group, セイコーホールディングス, Seiko Holdings\nブランド名: グランドセイコー, セイコー5, アストロン, プロスペックス, プレザージュ"", ""申し訳ありませんが、「セイコーグループ」（証券コード: 80500）についての具体的な略称やブランド名のリストを提供することはできません。ただし、一般的にセイコーグループは「セイコー」として知られており、代表的なブランド名や製品名には「セイコーウォッチ」や「グランドセイコー」などがあります。"", ""会社名: セイコー, セイコーHD, セイコーグループ,\nブランド名: グランドセイコー, セイコー5, アストロン, プロスペックス, プレザージュ""]"
80510,８０５１０,山善,商社・卸売,ヤマゼン|YAMAZEN|山善株式会社|YAMAZEN CORPORATION,YAMAZEN|Livin'luce|Qriom|Y's Gear,"[""申し訳ありませんが、「山善」（証券コード: 80510）に関する具体的な略称やブランド名の情報は持ち合わせていません。一般的に企業の略称やブランド名は、企業の公式ウェブサイトや金融ニュース、業界の資料などで確認することができます。"", ""会社名: ヤマゼン, YAMAZEN, 山善株式会社, 山善商事, YAMAZEN CORPORATION  \nブランド名: YAMAZEN, Livin'luce, Qriom, Y's Gear, YAMAZEN Select"", ""会社名: 山善, ヤマゼン, YAMAZEN,  \nブランド名: YAMAZEN,  \n\n(Note: The company \""山善\"" is often referred to by its full name or in English as \""YAMAZEN\"". Specific product or brand names may vary and are often context-dependent.)""]"
80520,８０５２０,椿本興業,商社・卸売,椿本|TSUBAKIMOTO KOGYO|Tsubaki Kogyo|椿本興,情報が不足しているため、代表的なブランド名や製品名を特定できません。|Tsubaki|Power Transmission|Chain,"[""会社名: 椿本興業, TSUBAKIMOTO KOGYO, Tsubaki Kogyo, 椿本,\nブランド名: 情報が不足しているため、代表的なブランド名や製品名を特定できません。"", ""申し訳ありませんが、「椿本興業」（証券コード: 80520）に関する具体的な略称やブランド名の情報は持ち合わせていません。一般的に、企業の略称やブランド名は業界や地域によって異なることが多いため、SNSやトレーダー間での使用状況を直接確認することをお勧めします。"", ""会社名: 椿本, 椿本興, Tsubakimoto, Tsubaki,\nブランド名: Tsubaki, Power Transmission, Chain, Motion Control, Timing Belts""]"
80530,８０５３０,住友商事,商社・卸売,住商|SC|Sumitomo Corporation|住友,...,"[""会社名: 住商, Sumitomo Corporation, SC, 住友,\nブランド名: ..."", ""会社名: 住商, Sumitomo Corporation, SC, Sumitomo Shoji, 住友商事,\nブランド名: ..."", ""会社名: 住商, SC, Sumitomo Corp, Sumitomo, 住友商事,\nブランド名: 特定のブランド名や製品名は一般的に知られていません。""]"
80560,８０５６０,ＢＩＰＲＯＧＹ,情報通信・サービスその他,,,"[""申し訳ありませんが、「ＢＩＰＲＯＧＹ」（証券コード: 80560）に関する具体的な略称やブランド名の情報は私のデータベースには含まれていません。一般的には、企業の略称やブランド名は公式ウェブサイトやプレスリリース、または金融ニュースサイトなどで確認することができます。"", ""申し訳ありませんが、「ＢＩＰＲＯＧＹ」（証券コード: 80560）についての具体的な略称やブランド名の情報は私のデータベースには含まれていません。一般的に、企業の略称やブランド名は公式な情報源や企業のウェブサイトで確認することができます。"", ""申し訳ありませんが、「ＢＩＰＲＯＧＹ」（証券コード: 80560）に関する具体的な略称やニックネーム、ブランド名、製品名の情報は私のデータベースには含まれていないようです。一般的には、企業の略称やブランド名は公式の企業情報やプレスリリース、金融ニュースなどで確認することができます。公式な情報源を参照することをお勧めします。""]"
80570,８０５７０,内田洋行,商社・卸売,Uchida|Uchida Yoko|内田|内田洋,EduMall|ActiBook|SmartCanvas|Learning Canvas|NetSupport School,"[""会社名: 内田洋行, Uchida Yoko, Uchida,\nブランド名: EduMall, ActiBook, SmartCanvas, Learning Canvas, NetSupport School"", ""会社名: 内田, Uchida, Uchida Yoko, 内田洋行,\nブランド名: EduMall, ActiBook, UniLink, SmartLink, UbiqNote"", ""会社名: 内田, 内田洋, Uchida,\nブランド名: ウチダ, UCHIDA, UCS, UCHIDA YOKO, ウチダシステムソリューションズ""]"
80580,８０５８０,三菱商事,商社・卸売,Mitsubishi Corporation|MC|三菱|8058,直営のブランドや製品名は特にないが、三菱グループ関連のブランドが知られていることが多い。,"[""会社名: 三菱商事, Mitsubishi Corporation, MC, 三菱,\nブランド名:"", ""会社名: 三菱商事, MC, Mitsubishi Corporation, 8058, 三菱,\nブランド名: 直営のブランドや製品名は特にないが、三菱グループ関連のブランドが知られていることが多い。"", ""会社名: 三菱商事, MC, Mitsubishi Corporation, 三菱, 80580,\nブランド名: 特に一般的なブランド名や製品名はありません。""]"
80590,８０５９０,第一実業,商社・卸売,DAIICHI JITSUGYO|DJK|第一|Daiichi,情報が不足しているため、代表的なブランド名や製品名は特定できません。,"[""申し訳ありませんが、「第一実業」（証券コード: 80590）に関する具体的な略称やブランド名の情報は持っていません。一般的には、企業の略称やブランド名は公式ウェブサイトやプレスリリース、または金融ニュースなどで確認することができます。"", ""会社名: 第一実業, DAIICHI JITSUGYO, DJK, 第一, Daiichi,\nブランド名: 情報が不足しているため、代表的なブランド名や製品名は特定できません。"", ""会社名: 第一実業, DAIICHI, DAIICHI JITSUGYO, DJK, 80590  \nブランド名: 特定のブランド名や製品名は確認できません。""]"
80600,８０６００,キヤノンマーケティングジャパン,商社・卸売,キヤノンMJ|キヤノンマーケティング|Canon Marketing Japan|CMJ,EOS|PIXUS|imageRUNNER|imagePRESS|imageFORMULA,"[""会社名: キヤノンMJ, キヤノンマーケティング, Canon Marketing Japan, CMJ,\nブランド名: EOS, PIXUS, imageRUNNER, imagePRESS, imageFORMULA"", ""会社名: キヤノンMJ, キヤノンマーケティング, キヤノンマーケティングジャパン,\nブランド名: EOS, PIXUS, imageRUNNER, imagePRESS, IVY"", ""会社名: キヤノンMJ, キヤノンM, キヤノンマーケ,\nブランド名: EOS, PIXUS, imageRUNNER, imagePRESS, VIXIA""]"
80610,８０６１０,西華産業,商社・卸売,西華|西華産|SIW,,"[""申し訳ありませんが、「西華産業」についての具体的な略称やブランド名の情報は持ち合わせていません。一般的には、企業の略称やブランド名は公式ウェブサイトやプレスリリース、金融ニュースなどで確認することができます。具体的な情報を得るためには、これらの情報源を参照することをお勧めします。"", ""申し訳ありませんが、「西華産業」（証券コード: 80610）についての具体的な略称やブランド名に関する情報は持ち合わせていません。一般的に、企業の略称やブランド名は公式ウェブサイトや企業のプレスリリース、または業界内での使用例を参照することで確認できます。もし具体的な情報が必要であれば、公式な情報源を確認することをお勧めします。"", ""会社名: 西華, 西華産, SIW, 西華工業, 西華商事,\nブランド名: 情報が不足しているため、特定のブランド名や製品名は提供できません。""]"
80650,８０６５０,佐藤商事,商社・卸売,佐藤,,"[""申し訳ありませんが、「佐藤商事」（証券コード: 80650）に関する具体的な略称やブランド名についての情報は持ち合わせていません。一般的に、企業の略称やブランド名は公式の企業情報やプレスリリース、または業界の専門誌などで確認することができます。企業の公式ウェブサイトや金融情報サービスを参照することをお勧めします。"", ""申し訳ありませんが、「佐藤商事」（証券コード: 80650）についての具体的な略称やブランド名の情報は持ち合わせていません。一般的に、企業の略称やブランド名は公式な情報源や企業のウェブサイトで確認することができます。また、SNSやトレーダー間での通称は時期や流行によって変わることがあるため、最新の情報を直接確認することをお勧めします。"", ""申し訳ありませんが、「佐藤商事」（証券コード: 80650）に関する具体的な略称やブランド名、製品名についての情報は持ち合わせていません。一般的に企業の略称やブランド名は、業界や地域によって異なることがあります。具体的な情報を得るには、企業の公式ウェブサイトや金融ニュースの情報源を確認することをお勧めします。""]"
80700,８０７００,東京産業,商社・卸売,東京,,"[""申し訳ありませんが、「東京産業」（証券コード: 80700）に関する具体的な略称、ニックネーム、通称、英語名、ブランド名、製品名についての情報は持ち合わせていません。具体的な情報を得るには、公式の企業ウェブサイトや金融ニュース、証券取引所の情報を参照することをお勧めします。"", ""申し訳ありませんが、「東京産業」（証券コード: 80700）に関する具体的な略称やブランド名についての情報は持っていません。一般的には、企業の略称やブランド名は公式ウェブサイトやプレスリリース、または業界の専門誌などで確認することができます。具体的な情報を知りたい場合は、これらの情報源を参照することをお勧めします。"", ""申し訳ありませんが、「東京産業」（証券コード: 80700）に関する具体的な略称、ニックネーム、ブランド名、製品名についての情報は持っていません。一般的に企業の略称やブランド名は公式な情報源や企業のウェブサイトで確認することができます。""]"
80740,８０７４０,ユアサ商事,商社・卸売,ユアサ|Yuasa Trading|8074|Yuasa Shoji,該当なし,"[""会社名: ユアサ, ユアサ商事, Yuasa Trading,\nブランド名: 申し訳ありませんが、ユアサ商事の代表的なブランド名や製品名に関する具体的な情報は提供できません。"", ""会社名: ユアサ, ユアサ商事, Yuasa Shoji, Yuasa Trading, 8074,\nブランド名: 該当なし"", ""会社名: ユアサ, ユアサ商事, YUASA, YUASA TRADING, 8074,\nブランド名: 特定のブランド名や製品名は一般的に知られていません。""]"
80750,８０７５０,神鋼商事,商社・卸売,KSC|Kobe Steel Trading|神鋼,該当なし,"[""会社名: 神鋼商事, KSC, Kobe Steel Trading,\nブランド名: 該当なし"", ""申し訳ありませんが、「神鋼商事」（証券コード: 80750）に関する具体的な略称やブランド名の情報は持ち合わせていません。一般的には、企業の略称やブランド名は企業の公式ウェブサイトやプレスリリース、または業界内での通称として知られていることが多いです。公式な情報源を確認することをお勧めします。"", ""会社名: 神鋼商事, 神鋼, KSC, 神鋼商事株式会社, 神鋼商事グループ  \nブランド名: 特定のブランド名や製品名は一般的に公表されていない可能性があります。""]"
80780,８０７８０,阪和興業,商社・卸売,阪和|Hanwa|阪和興,,"[""会社名: 阪和, Hanwa, 阪和興業,\nブランド名: 申し訳ありませんが、阪和興業に関する代表的なブランド名や製品名の情報は見つかりませんでした。"", ""会社名: 阪和, 阪和興, Hanwa,\nブランド名: 申し訳ありませんが、阪和興業の代表的なブランド名や製品名に関する具体的な情報は提供できません。"", ""会社名: 阪和, 阪和興, 阪和興業,\nブランド名: 情報がありません。""]"
80790,８０７９０,正栄食品工業,商社・卸売,正栄食品|正栄|Shuei Foods|Shuei Shokuhin,フルーツセレクション|ナッツデイズ|スイートキッチン|チョコレートファクトリー|ドライフルーツマルシェ,"[""会社名: 正栄食品, 正栄, Shuei Foods, Shuei Shokuhin,\nブランド名: ナッツデイズ, フルーツセレクション, スイートキッチン, チョコレートファクトリー, ドライフルーツマルシェ"", ""会社名: 正栄, 正栄食品, 正栄フーズ, Shuei Foods, SEI Foods  \nブランド名: SUNYO, フルーツセレクション, ナッツセレクション, ドライフルーツセレクション, シュエイフーズ"", ""会社名: 正栄食品, 正栄,  \nブランド名: なし""]"
80810,８０８１０,カナデン,商社・卸売,KANADEN|80810|カナデン株式会社|KANADEN Corporation,,"[""申し訳ありませんが、「カナデン」（証券コード: 80810）に関する具体的な略称やブランド名の情報は持ち合わせていません。一般的には、企業の略称やブランド名は公式ウェブサイトやプレスリリースなどで確認することができます。"", ""申し訳ありませんが、「カナデン」（証券コード: 80810）についての具体的な略称やブランド名の情報は持ち合わせていません。一般的には、企業の略称やニックネームは公式サイトやSNSでの使用例を確認することで特定できます。また、ブランド名や製品名については、企業の公式発表や製品カタログを参照することが有効です。"", ""会社名: カナデン, KANADEN, 80810, カナデン株式会社, KANADEN Corporation  \nブランド名: 特定のブランド名や製品名は一般的に公開されていない可能性があります。""]"
80840,８０８４０,ＲＹＯＤＥＮ,商社・卸売,Ryoden Corporation|リョーデン|RYODEN|Ryoden Trading|Ryoden Group,情報が不足しているため、代表的なブランド名や製品名は特定できません。,"[""会社名: RYODEN, Ryoden Corporation, Ryoden Trading, Ryoden Group, Ryoden Co., Ltd.,\nブランド名: 具体的なブランド名や製品名の情報はありません。"", ""会社名: リョーデン, Ryoden, 菱電商事, Ryoden Corporation, 菱電  \nブランド名: 情報が不足しているため、代表的なブランド名や製品名は特定できません。"", ""会社名: リョーデン,  \nブランド名: 申し訳ありませんが、リョーデンに関連する具体的なブランド名や製品名の情報は提供できません。""]"
80860,８０８６０,ニプロ,電機・精密,Nipro|ニプロ株式会社|Nipuro|Nipro Corp,ニプロフロー|ニプロダイヤライザー|ニプロメディカル|フィルグラス|ニプロジェクト,"[""会社名: ニプロ, Nipro,\nブランド名: フィルグラス, ニプロフロー, ニプロジェクト, ニプロダイヤライザー, ニプロメディカル"", ""会社名: ニプロ, Nipro, ニプロ株式会社, Nipuro, Nipro Corp,\nブランド名: フリースタイル, トゥルーフィット, ニプロン, ニプロフロー, ニプロケア"", ""会社名: ニプロ, Nipro, ニプロ株式会社, Nipro Corporation, 80860,\nブランド名: ニプロメディカル, ニプロファーマ, ニプロダイヤライザー, ニプロカテーテル, ニプロシリンジ""]"
80880,８０８８０,岩谷産業,商社・卸売,岩谷|Iwatani|Iwatani Corporation|Iwatani Corp|イワタニ,カセットフー|カセットコンロ|イワタニカセットガス|イワタニガス|イワタニバーナー,"[""会社名: 岩谷, Iwatani, Iwatani Corporation, Iwatani Corp,\nブランド名: カセットフー, カセットコンロ, イワタニカセットガス, イワタニガス, イワタニバーナー"", ""会社名: 岩谷, Iwatani, イワタニ, Iwatani Corporation, イワタニ産業  \nブランド名: カセットフー, ジュニアコンパクトバーナー, プリムス, カセットガス, マーベラス"", ""会社名: 岩谷, Iwatani, Iwatani Corp, Iwatani Sangyo, 岩谷産業,\nブランド名: カセットフー, カセットコンロ, Iwatani, イワタニ, イワタニカセットフー""]"
80930,８０９３０,極東貿易,商社・卸売,KTB|Kyokuto Boeki|極東|Kyokuto,該当なし,"[""会社名: 極東貿易, Kyokuto Boeki, KTB, Kyokuto Boeki Kaisha, Ltd., KBK  \nブランド名: 該当なし"", ""会社名: 極東貿易, 極東, KTB, Kyokuto Boeki, Kyokuto\nブランド名: 該当なし"", ""会社名: 極東, 極東貿易, 8093, KTB, Kyokuto,\nブランド名: 該当なし""]"
80950,８０９５０,アステナホールディングス,商社・卸売,アステナ|ASTENA,ルミエール|メディカルサポート|アステナファーマ|アステナバイオ|アステナケミカル,"[""会社名: アステナ, ASTENA,\nブランド名:"", ""会社名: アステナ, ASTENA, アステナHD, アステナホールディングス,\nブランド名: ルミエール, メディカルサポート, アステナファーマ, アステナバイオ, アステナケミカル"", ""会社名: アステナ, アステナHD, アステナホールディングス,\nブランド名: 特定のブランド名や製品名は確認できません。""]"
80970,８０９７０,三愛オブリ,商社・卸売,三愛|オブリ|SAN-AI OIL|80970,,"[""申し訳ありませんが、「三愛オブリ」（証券コード: 80970）についての具体的な略称やブランド名の情報は持っていません。一般的に企業の略称やブランド名は、企業の公式サイトや金融ニュース、業界の専門誌などで確認することができます。"", ""申し訳ありませんが、「三愛オブリ」（証券コード: 80970）に関する具体的な略称やブランド名の情報は持ち合わせていません。一般的には、企業の略称やブランド名は公式ウェブサイトやプレスリリース、またはSNSでの言及を通じて確認することができます。公式な情報源を参照することをお勧めします。"", ""会社名: 三愛オブリ, 三愛, オブリ, SAN-AI OIL, 80970,\nブランド名: 特定のブランド名や製品名は確認できません。""]"
80980,８０９８０,稲畑産業,商社・卸売,稲畑|Inabata|Inabata & Co.|Ltd.|Inabata Sangyo,,"[""会社名: Inabata, Inabata & Co., Ltd., Inabata Sangyo, 稲畑,\nブランド名: 申し訳ありませんが、稲畑産業の具体的なブランド名や製品名についての情報はありません。"", ""申し訳ありませんが、「稲畑産業」（証券コード: 80980）に関する具体的な略称やブランド名の情報は持ち合わせていません。一般的に、企業の略称やブランド名はSNSやトレーダーの間での使用頻度に依存するため、特定の情報源に基づいて提供することが難しい場合があります。\n\nただし、一般的な方法として、企業の略称やニックネームは会社名の一部を短縮したものや、英語名の頭文字を取ったものが使われることが多いです。また、ブランド名や製品名は企業の公式ウェブサイトやプレスリリ"", ""会社名: 稲畑, INABATA, 稲畑産業,\nブランド名: 申し訳ありませんが、稲畑産業の特定のブランド名や製品名についての情報は持っていません。""]"
81010,８１０１０,ＧＳＩクレオス,商社・卸売,クレオス|GSI|GSI Creos|GSIクレオス,Mr.カラー|Mr.ツール|Mr.サーフェイサー|Mr.ホビー|Creos,"[""会社名: GSI Creos, クレオス, GSI,\nブランド名: Mr.カラー, Mr.ホビー, Creos, Mr.ツール, Mr.サーフェイサー"", ""会社名: GSIクレオス, GSI Creos, クレオス, GSI,\nブランド名: Mr.カラー, Mr.ツール, Mr.サーフェイサー, Mr.マークソフター, Mr.マークセッター"", ""会社名: GSIクレオス, GSI, クレオス,  \nブランド名: Mr.カラー, Mr.ホビー, Creos, Mr.ツール, Mr.サーフェイサー""]"
81030,８１０３０,明和産業,商社・卸売,明和|Meiwa Corporation|明和産,,"[""会社名: 明和, Meiwa Corporation, 明和産業,\nブランド名: 申し訳ありませんが、明和産業に関連する具体的なブランド名や製品名の情報は見つかりませんでした。"", ""申し訳ありませんが、「明和産業」（証券コード: 81030）に関する具体的な略称やブランド名のリストを提供することはできません。一般的に、企業の略称やブランド名は公式な情報源や企業のウェブサイトで確認することができます。もし具体的な情報が必要であれば、公式な情報源を参照することをお勧めします。"", ""会社名: 明和, 明和産, 明和商事, 明和グループ, MEIWA,\nブランド名: 特定のブランド名や製品名は確認できません。""]"
81110,８１１１０,ゴールドウイン,素材・化学,GOLDWIN|GW|ゴルウィン|ゴールドウィン,THE NORTH FACE|HELLY HANSEN|C3fit|DANSKIN|Speedo,"[""会社名: ゴールドウイン, GOLDWIN,\nブランド名: THE NORTH FACE, HELLY HANSEN, C3fit, DANSKIN, Speedo"", ""会社名: ゴールドウイン, GOLDWIN, ゴルウィン, GW, ゴールドウィン,\nブランド名: THE NORTH FACE, HELLY HANSEN, C3fit, DANSKIN, SPEEDO,"", ""会社名: ゴールドウイン, GW, ゴウウィン,\nブランド名: THE NORTH FACE, HELLY HANSEN, C3fit, DANSKIN, GOLDWIN""]"
81130,８１１３０,ユニ・チャーム,素材・化学,ユニチャーム|UC|ユニチャ|Unicharm,ムーニー|マミーポコ|ソフィ|チャームナップ|ライフリー,"[""会社名: ユニ・チャーム, Unicharm,\nブランド名: ムーニー, マミーポコ, ソフィ, チャームナップ, ライフリー"", ""会社名: ユニチャーム, UC, ユニC, ユニチャ, ユニ  \nブランド名: ムーニー, マミーポコ, ソフィ, チャームナップ, ライフリー"", ""会社名: ユニ・チャーム, UC, ユニチャ, ユニチャーム,\nブランド名: ムーニー, マミーポコ, ソフィ, チャームナップ, ライフリー""]"
81250,８１２５０,ワキタ,商社・卸売,WAKITA,,"[""会社名: ワキタ, WAKITA,\nブランド名: 申し訳ありませんが、ワキタの代表的なブランド名や製品名に関する具体的な情報は提供できません。"", ""会社名: ワキタ, WAKITA,\nブランド名: ありません。"", ""会社名: ワキタ,  \nブランド名: 申し訳ありませんが、ワキタの特定のブランド名や製品名についての情報は持っていません。""]"
81290,８１２９０,東邦ホールディングス,商社・卸売,東邦HD|TOHO HOLDINGS|THD,TOHO PHARMACEUTICAL|クリエイトSD|くすりの福太郎|東邦薬品|TOHO SYSTEM,"[""会社名: 東邦, TOHO HOLDINGS, THD, 東邦HD, 東邦ホールディングス\nブランド名: クリエイトSD, くすりの福太郎, 東邦薬品, TOHO PHARMACEUTICAL, TOHO SYSTEM"", ""会社名: 東邦HD, TOHO HD, 東邦ホールディングス,\nブランド名: じほう, じほうメディカル, TOHO PHARMACEUTICAL, TOHO PHARMA, TOHO MEDICAL"", ""会社名: 東邦HD, 東邦HLDG,\nブランド名: なし""]"
81300,８１３００,サンゲツ,商社・卸売,Sangetsu|SG|サンゲツグループ,リザーブ|ファイン|エクセレクト|フェイス|リアテック,"[""会社名: サンゲツ, Sangetsu,\nブランド名: リザーブ, ファイン, エクセレクト, フェイス, エバール"", ""会社名: サンゲツ, Sangetsu,\nブランド名: リザーブ, ファイン, エクセレクト, リアテック, フェイス"", ""会社名: サンゲツ, SG, サンゲツグループ, サンゲツ株式会社, SGホールディングス,\nブランド名: リザーブ, ファイン, エクセレクト, リアテック, クロスデザイン""]"
81310,８１３１０,ミツウロコグループホールディングス,商社・卸売,ミツウロコ|Mitsuuroko Group Holdings|Mitsuuroko,ミツウロコガス|ミツウロコ電気|ミツウロコエナジー|ミツウロコウォーター|ミツウロコソーラー,"[""会社名: ミツウロコ, ミツウロコグループ, Mitsuuroko Group Holdings, Mitsuuroko,\nブランド名: ミツウロコガス, ミツウロコ電気, ミツウロコエナジー, ミツウロコフード, ミツウロコリテール"", ""会社名: ミツウロコ, ミツウロコHD, Mitsuuroko Group, Mitsuuroko Holdings, ミツウロコグループ\nブランド名: ミツウロコプロパンガス, ミツウロコ電気, ミツウロコウォーター, ミツウロコソーラー, ミツウロコカーライフ"", ""会社名: ミツウロコ, ミツウロコHD, ミツウロコGHD, ミツウロコグループ, ミツウロコホールディングス,\nブランド名: ミツウロコエナジー, ミツウロコガス, ミツウロコ電力, ミツウロコソーラー, ミツウロコウォーター""]"
81320,８１３２０,シナネンホールディングス,商社・卸売,シナネン|Sinanen Holdings|Shinanen Holdings,ガスワン|シナネンリフォーム|Sinanen Gas|シナネンエコワン|シナネン電力,"[""会社名: シナネン, シナネンHD, Sinanen Holdings, シナネンホールディングス,\nブランド名: ガスワン, Sinanen Gas, シナネンエコワン, シナネン電力, シナネンリフォーム"", ""会社名: シナネン, シナネンHD, シナネンホールディングス, Shinanen Holdings, Shinanen\nブランド名: ガスワン, エネワン, シナネンエコワーク, シナネンエナジー, シナネンリフォーム"", ""会社名: シナネンHD, シナネン, SHD,\nブランド名: なし""]"
81330,８１３３０,伊藤忠エネクス,商社・卸売,エネクス|Itochu Enex|伊藤忠エネクス株式会社|ENEX,エネクスオイル|エネクスガス|ENEOS|エネクスカーライフ|エネオス,"[""会社名: 伊藤忠エネクス, Itochu Enex, エネクス, ITOCHU ENEX CO., LTD.,\nブランド名: エネオス, ENEOS, エネクスオイル, ENEX OIL, エネクスガス"", ""会社名: 伊藤忠エネクス, エネクス, Itochu Enex, 伊藤忠エネクス株式会社, ENEX  \nブランド名: ENEOS, エネクスでんき, エネクスガス, エネクスオイル, エネクスカーライフ"", ""会社名: 伊藤忠エネクス, エネクス, ITOCHU ENEX, ENEX, 伊藤忠エネクス株式会社  \nブランド名: エネクスフリート, エネクスオイル, エネクスガス, エネクス電力, エネクスカーライフ""]"
81360,８１３６０,サンリオ,商社・卸売,Sanrio|サンリオピューロランド|サンリオエンターテイメント,ハローキティ|マイメロディ|リトルツインスターズ|シナモロール|ポムポムプリン,"[""会社名: サンリオ, Sanrio,\nブランド名: ハローキティ, マイメロディ, リトルツインスターズ, シナモロール, ポムポムプリン"", ""会社名: サンリオ, Sanrio, サンリオピューロランド, サンリオエンターテイメント,\nブランド名: ハローキティ, マイメロディ, リトルツインスターズ, シナモロール, ポムポムプリン"", ""会社名: サンリオ,  \nブランド名: ハローキティ, マイメロディ, リトルツインスターズ, シナモロール, ポムポムプリン""]"
81370,８１３７０,サンワテクノス,商社・卸売,サンワ|SANWA|Sanwa Technos|STC,情報が不足しているため、具体的なブランド名や製品名は特定できません。,"[""会社名: サンワテクノス, SANWA, Sanwa Technos, サンワ,\nブランド名: 情報が不足しているため、具体的なブランド名や製品名は特定できません。"", ""申し訳ありませんが、「サンワテクノス」（証券コード: 81370）に関する具体的な略称やブランド名についての情報は持ち合わせていません。一般的に、企業の略称やブランド名は公式ウェブサイトや企業のプレスリリース、または業界内での通称として知られている場合があります。具体的な情報を得るには、これらの情報源を確認することをお勧めします。"", ""会社名: サンワテクノス, サンワ, STC, 三和テクノス, 三和  \nブランド名: 特定のブランド名や製品名は一般的に知られていません。""]"
81410,８１４１０,新光商事,商社・卸売,新光,,"[""申し訳ありませんが、「新光商事」（証券コード: 81410）に関する具体的な略称やブランド名についての情報は持ち合わせていません。一般的に、企業の略称やブランド名は公式ウェブサイトやプレスリリース、金融ニュースなどで確認することができます。"", ""申し訳ありませんが、「新光商事」（証券コード: 81410）についての具体的な略称やブランド名の情報は私のデータベースには含まれていません。一般的に企業の略称やブランド名は、企業の公式ウェブサイトやプレスリリース、または業界の専門誌などで確認することができます。具体的な情報を得るためには、これらの情報源を参照することをお勧めします。"", ""申し訳ありませんが、「新光商事」（証券コード: 81410）に関する具体的な略称やブランド名、製品名についての情報は持っていません。一般的に企業の略称やブランド名は、業界やメディアによって異なることがあります。具体的な情報を得るためには、公式な企業の発表や金融ニュースを参照することをお勧めします。""]"
81420,８１４２０,トーホー,商社・卸売,TOHO|Toho|81420,A-プライス|業務スーパー|グローバルキッチン|トーホーフードサービス|トーホー・スーパーマーケット,"[""会社名: トーホー, Toho,\nブランド名: A-プライス, 業務スーパー, グローバルキッチン, トーホーフードサービス, トーホー・スーパーマーケット"", ""会社名: トーホー, TOHO,\nブランド名: A-プライス, 業務スーパー, ぱんだのたまご, ぱんだのしっぽ, ぱんだのほっぺ"", ""会社名: トーホー, TOHO, 81420,\nブランド名: ありません。""]"
81500,８１５００,三信電気,商社・卸売,三信|三信電,,"[""申し訳ありませんが、「三信電気」（証券コード: 81500）に関する具体的な略称やブランド名の情報は持ち合わせていません。一般的には、企業の略称やブランド名は公式ウェブサイトやプレスリリース、または業界のニュース記事などで確認することができます。"", ""申し訳ありませんが、「三信電気」（証券コード: 81500）についての具体的な略称やブランド名の情報は私のデータベースには含まれていません。一般的には、企業の略称やニックネームはSNSやトレーダーの間で独自に作られることが多く、公式な情報としては提供されていないことがあります。また、ブランド名や製品名についても、企業の公式サイトやプレスリリースなどで確認することが一般的です。具体的な情報を得るには、最新の企業情報やSNSでの言及を直接確認することをお勧めします。"", ""会社名: 三信, 三信電, 三信電気,\nブランド名: 情報が不足しているため、具体的なブランド名や製品名は確認できません。""]"
81510,８１５１０,東陽テクニカ,商社・卸売,TOYO|TOYO Corporation|東陽|東陽テクニカ株式会社,なし|ソナス|ソナスプローブ,"[""会社名: 東陽テクニカ, TOYO, TOYO Corporation, 東陽, 東陽テクニカ株式会社  \nブランド名: なし"", ""会社名: 東陽, 東陽テク, TOYO, TOYO Corporation, 東陽テクニカ  \nブランド名: ソナス, ソナスシステム, ソナスネットワーク, ソナスプローブ, ソナスアナライザー"", ""会社名: 東陽テクニカ, 東陽, TOYO, TOYO Corporation, 81510  \nブランド名: ソリューション, ソフトウェア, 測定器, エレクトロニクス, 自動車テスト""]"
81530,８１５３０,モスフードサービス,商社・卸売,モス|モスフード|モスバーガー|MFS|モスFS,モスバーガー|モスチキン|モスシェイク|モスライスバーガー|モスサラダ,"[""会社名: モス, モスフード,\nブランド名: モスバーガー, モスチキン, モスライスバーガー, モスシェイク, モスサラダ"", ""会社名: モス, モスフード, モスバーガー,\nブランド名: モスバーガー, モスチキン, モスライスバーガー, モスシェイク, モスサラダ"", ""会社名: モス, モスフード, モスバーガー, MFS, モスFS,\nブランド名: モスバーガー, モスカフェ, モスチキン, モスシェイク, モスサンド""]"
81540,８１５４０,加賀電子,商社・卸売,加賀|Kaga Electronics|Kaga|Kaga Denki,KAGA FEI|KAGA COMPONENTS|KAGA SOLUTION|KAGA DEVICES,"[""申し訳ありませんが、「加賀電子」についての具体的な略称やブランド名の情報は持ち合わせていません。ただし、一般的な情報として、企業の略称やブランド名は公式ウェブサイトや金融ニュース、企業のプレスリリースなどで確認することができます。"", ""会社名: 加賀, 加賀電子, Kaga Electronics, Kaga, Kaga Denki  \nブランド名: KAGA FEI, KAGA COMPONENTS, KAGA SOLUTION, KAGA DEVICES, KAGA SYSTEM"", ""会社名: 加賀電子, Kaga Electronics, Kaga, 加賀,\nブランド名: Kaga Components, Kaga Solutions, Kaga Devices, Kaga Services, Kaga Products""]"
81570,８１５７０,都築電気,情報通信・サービスその他,Tsuzuki Electric|Tsuzuki|都築|都築電,情報が不足しているため、代表的なブランド名や製品名を特定できません。|具体的なブランド名や製品名の情報は公開されていない場合があります。,"[""会社名: 都築電気, Tsuzuki Electric, Tsuzuki,\nブランド名: 情報が不足しているため、代表的なブランド名や製品名を特定できません。"", ""会社名: 都築, 都築電, Tsuzuki Electric, Tsuzuki,\nブランド名: 申し訳ありませんが、都築電気の代表的なブランド名や製品名に関する具体的な情報は提供できません。"", ""会社名: 都築電気, 都築, TSUZUKI,\nブランド名: 具体的なブランド名や製品名の情報は公開されていない場合があります。""]"
81580,８１５８０,ソーダニッカ,商社・卸売,ソーダ|ニッカ|Soda Nikka|ソーダニッカ株式会社,該当なし,"[""会社名: ソーダニッカ, Soda Nikka, ソーダニッカ株式会社, Soda Nikka Co., Ltd.,\nブランド名: 申し訳ありませんが、ソーダニッカの代表的なブランド名や製品名に関する具体的な情報は持っていません。"", ""会社名: ソーダニッカ, ソーダ, ニッカ, SODA NIKKA, SNK  \nブランド名: 該当なし"", ""会社名: ソーダニッカ, ソーダ, ニッカ, SODA, 81580,\nブランド名: 該当なし""]"
81590,８１５９０,立花エレテック,商社・卸売,立花|エレテック|8159|Tachibana Eletech,情報が不足しています。,"[""会社名: 立花エレテック, Tachibana Eletech, 立花,\nブランド名: 申し訳ありませんが、立花エレテックの具体的なブランド名や製品名についての情報は持っていません。"", ""会社名: 立花, エレテック, 8159,\nブランド名: 申し訳ありませんが、立花エレテックの代表的なブランド名や製品名に関する具体的な情報は持っていません。"", ""会社名: 立花エレ, 立花, エレテック, 8159, 立花エレテック,\nブランド名: 情報が不足しています。""]"
81600,８１６００,木曽路,小売,Kisoji|Kisojii|Kisoji Holdings|Kisoji Co.,木曽路|しゃぶしゃぶ木曽路|Kisoji Shabu-shabu|すき焼き木曽路|Kisoji Sukiyaki,"[""会社名: 木曽路, Kisoji,\nブランド名: 木曽路, しゃぶしゃぶ木曽路, Kisoji Shabu-shabu, すき焼き木曽路, Kisoji Sukiyaki"", ""会社名: 木曽路, Kisojii, Kisoji Holdings, Kisoji Co., Ltd.,\nブランド名: 木曽路しゃぶしゃぶ, 木曽路すき焼き, 木曽路和牛, 木曽路ランチ, 木曽路宴会"", ""会社名: 木曽路, Kisoji, 81600,\nブランド名: 木曽路, しゃぶしゃぶ木曽路, Kisoji Shabu-shabu, すき焼き木曽路, Kisoji Sukiyaki,""]"
81630,８１６３０,ＳＲＳホールディングス,小売,SRS|SRS Holdings|8163|ＳＲＳ,和食さと|かごの屋|すし半|ミライザカ,"[""申し訳ありませんが、「ＳＲＳホールディングス」（証券コード: 81630）に関する具体的な略称やブランド名についての情報は持ち合わせていません。一般的には、企業の略称やブランド名は公式ウェブサイトやプレスリリースなどで確認することができます。具体的な情報を得るには、公式な情報源を参照することをお勧めします。"", ""会社名: SRS, SRSホールディングス, SRS HD, SRS Holdings, 8163,\nブランド名: 和食さと, ミライザカ, 三代目鳥メロ, かごの屋, すし半"", ""会社名: SRS, SRS HD, SRSホールディングス, SRSグループ, SRS Holdings,\nブランド名: 和食さと, かごの屋, すし半, 夫婦善哉, さとしゃぶ,""]"
81650,８１６５０,千趣会,小売,センシュカイ|Senshukai|81650,ベルメゾン|すてき定期便|Belle Maison|Lovely Regular Delivery|マンスリークラブ,"[""会社名: 千趣会, Senshukai, センシュカイ,\nブランド名: ベルメゾン, Belle Maison, すてき定期便, Lovely Regular Delivery, マンスリークラブ, Monthly Club"", ""会社名: 千趣会, センシュカイ, Senshukai, 81650,\nブランド名: ベルメゾン, Belle Maison, すてき定期便, 千趣会通販, くらしと生協"", ""会社名: 千趣会, センシュカイ, 81650,\nブランド名: ベルメゾン, ベルメゾンネット, すてき定期便, 千趣会イイハナ, ベルメゾンデッセ""]"
81670,８１６７０,リテールパートナーズ,小売,リテパ|RP|Retail Partners,マルキョウ|サンリブ|マルミヤストア|レッドキャベツ|リックコーポレーション,"[""会社名: リテールパートナーズ, Retail Partners,\nブランド名: マルキョウ, サンリブ, マルミヤストア, レッドキャベツ, リックコーポレーション"", ""会社名: リテパ, リテール, RP, リテールパートナーズ,\nブランド名: マルキョウ, サンリブ, サント, ハローズ, マルナカ"", ""会社名: リテールパートナーズ, リテパ, RP,\nブランド名: マルキョウ, サンリブ, サンク, マルミヤ, マルショク""]"
81730,８１７３０,上新電機,小売,上新|Joshin|ジョーシン|Joshin Denki,キッズランド|Joshin|J&P|Joshin web|ジョーシンオリジナル,"[""会社名: 上新, Joshin, 上新電機,\nブランド名: Joshin, J&P, キッズランド, ジョーシンオリジナル, Joshin Web"", ""会社名: Joshin, ジョーシン, 上新, 上新電機, Joshin Denki  \nブランド名: キッズランド, スーパーキッズランド, Joshin web, J&P, DISC・PIER"", ""会社名: 上新, ジョーシン, Joshin,\nブランド名: Joshin, キッズランド, Joshinオリジナル, Joshin web, Joshinアウトレット""]"
81740,８１７４０,日本瓦斯,小売,日本ガス|ニチガス|NGC|Nihon Gas|J-Gas,でんきdeガス|まるごとガス|まるごとでんき|ガスワン,"[""申し訳ありませんが、「日本瓦斯」（証券コード: 81740）に関する具体的な略称やブランド名のリストを提供することはできません。ただし、一般的に企業の略称やブランド名を知りたい場合は、企業の公式ウェブサイトや金融ニュース、業界レポートなどを参照することをお勧めします。"", ""会社名: 日本ガス, ニチガス, NGC, Nihon Gas, J-Gas  \nブランド名: でんきdeガス, まるごとガス, まるごとでんき, ガスワン, ガスワンサービス"", ""会社名: 日本瓦斯, ニチガス, NGC, 日本ガス, ニチガスグループ,\nブランド名: なし""]"
81790,８１７９０,ロイヤルホールディングス,小売,ロイヤルHD,ロイヤルホスト|天丼てんや|シズラー,"[""申し訳ありませんが、「ロイヤルホールディングス」（証券コード: 81790）に関する具体的な略称やブランド名のリストを提供することはできません。ただし、一般的に企業の略称やブランド名は、公式ウェブサイトやプレスリリース、金融ニュースなどで確認することができます。"", ""申し訳ありませんが、「ロイヤルホールディングス」（証券コード: 81790）についての具体的な略称やブランド名のリストを提供することはできません。ただし、一般的に企業の略称やブランド名は、企業の公式ウェブサイトや公開されている資料で確認することができます。公式な情報源を参照することをお勧めします。"", ""会社名: ロイヤルHD, ロイヤルホールディングス,\nブランド名: ロイヤルホスト, 天丼てんや, シズラー, ロイヤルデリ, ロイヤルコーヒーショップ""]"
81850,８１８５０,チヨダ,小売,Chiyoda|Chiyoda Co.|Ltd.|Chiyoda Corporation,東京靴流通センター|靴チヨダ|セダークレスト|ハイドロテック|シュープラザ,"[""会社名: チヨダ, Chiyoda Co., Ltd., Chiyoda Corporation, Chiyoda,\nブランド名: シューズセレクション, 東京靴流通センター, 靴チヨダ, セダークレスト, ハイドロテック"", ""会社名: チヨダ, Chiyoda,\nブランド名: シュープラザ, 東京靴流通センター, 靴チヨダ, SPORTH, ASBee"", ""会社名: チヨダ, \nブランド名: 東京靴流通センター, セダークレスト, ハイドロテック, フィンコンフォート, シュープラザ""]"
81940,８１９４０,ライフコーポレーション,小売,ライフ|ライフコーポ|LIFE|8194,ビオラル|ライフプレミアム|スーパーマーケットライフ|ライフセレクション,"[""申し訳ありませんが、「ライフコーポレーション」（証券コード: 81940）に関する具体的な略称やブランド名のリストを提供することはできません。ただし、一般的に企業の略称やブランド名は公式ウェブサイトやプレスリリース、または金融ニュースなどで確認することができます。"", ""会社名: ライフ, ライフコーポ, LIFE, ライフコーポレーション, 8194,\nブランド名: ビオラル, ライフプレミアム, スーパーマーケットライフ, ライフセレクション, ライフオリジナル,"", ""会社名: ライフ, ライフコーポ, ライフ社, LC, ライフグループ  \nブランド名: ライフプレミアム, ビオラル, スーパーマーケットライフ, ライフセレクション, ライフプライベートブランド""]"
82000,８２０００,リンガーハット,小売,リンガー|RH|リンハ|Ringer Hut,長崎ちゃんぽん|皿うどん|ぎょうざ|ちゃんぽんめん|皿うどんセット,"[""会社名: リンガーハット, Ringer Hut,\nブランド名: 長崎ちゃんぽん, 皿うどん, ぎょうざ, ちゃんぽんめん, 皿うどんセット"", ""会社名: リンガー, ハット, RH, リンハ, リンガーハット\nブランド名: 長崎ちゃんぽん, 皿うどん, 野菜たっぷりちゃんぽん, ぎょうざ, ちゃんぽんめん"", ""会社名: リンガー, RH, リンハ, リンガーハットHD, リンガーホールディングス,\nブランド名: リンガーハット, 長崎ちゃんぽん, リンガー, ぎょうざの満洲, とんかつ浜勝,""]"
82030,８２０３０,ＭｒＭａｘＨＤ,小売,MrMax|ミスターマックス|MMHD,MrMax|MrMax Select|MrMax Value|MrMax Premium|MrMax Home,"[""会社名: MrMax, MrMax Holdings, MrMaxHD,\nブランド名: MrMax, MrMax Select, MrMax Value, MrMax Premium, MrMax Home"", ""会社名: MrMax, ミスターマックス, MrMaxHD, ミスターマックスHD, MMHD  \nブランド名: MrMaxバリュー, MrMaxセレクト, MrMaxプライベートブランド"", ""会社名: MrMax, MrMaxHD, ミスターマックス, ミスターマックスHD, MMHD  \nブランド名: MrMax, MrMax Select, MrMax Value, MrMax Premium, ミスターマックス""]"
82140,８２１４０,ＡＯＫＩホールディングス,小売,AOKI|青木|AOKI Co.|ＡＯＫＩ,ORIHICA|AOKI|Anniversaire|ANNIVERSAIRE|Bridal,"[""会社名: AOKI, AOKIホールディングス, AOKIグループ,\nブランド名: ORIHICA, AOKI, ANNIVERSAIRE, Bridal, J-Press"", ""会社名: AOKI, AOKIホールディングス, AOKIグループ, 青木, AOKI Co., Ltd.,\nブランド名: ORIHICA, AOKI, Anniversaire, Bridal House, Size MAX"", ""会社名: AOKI, AOKI HD, AOKIホールディングス, AOKIグループ, AOKIコーポレーション,\nブランド名: ORIHICA, AOKI, Anniversaire, Bridal Fair, AOKI Formal,""]"
82170,８２１７０,オークワ,小売,OKUWA|オークワグループ|Okuwa,パレマルシェ|スーパーセンターオークワ|ぱんやさん|まるしげ|まるしげ夢工房,"[""会社名: オークワ, Okuwa,\nブランド名: ぱんやさん, まるしげ, まるしげ夢工房, まるしげ菓子店, まるしげ製パン所"", ""会社名: オークワ, OKUWA, オークワグループ, オークワ株式会社, オークワコーポレーション  \nブランド名: パレマルシェ, メッサ, スーパーセンターオークワ, オークワプライスカット, オークワフードセンター"", ""会社名: オークワ, OKUWA, オークワグループ, オークワ株式会社, オークワホールディングス,\nブランド名: オークワストア, スーパーセンターオークワ, パレマルシェ, オークワネットスーパー, オークワカード""]"
82180,８２１８０,コメリ,小売,KOME-RI|コメリー|コメ|KMR,パワー|コメリカード|アテーナ|ハード＆グリーン|アルミック,"[""会社名: コメリ,\nブランド名: アテーナ, ハード＆グリーン, パワー, アルミック, コメリカード"", ""会社名: コメリ, KOME-RI, コメリー, コメ, KMR  \nブランド名: アテーナライフ, ホームマート, パワー, ハード&グリーン, コメリカード"", ""会社名: コメリ,  \nブランド名: パワー, ハード＆グリーン, アテーナ, コメリカード, コメリリフォーム""]"
82190,８２１９０,青山商事,小売,青山|Aoyama Trading|Aoyama|AOKI,洋服の青山|THE SUIT COMPANY|WHITE THE SUIT COMPANY|UNIVERSAL LANGUAGE|NEXT BLUE,"[""会社名: 青山, 青山商事, Aoyama Trading,\nブランド名: 洋服の青山, THE SUIT COMPANY, WHITE THE SUIT COMPANY, UNIVERSAL LANGUAGE, NEXT BLUE"", ""会社名: 青山, 青山商事, Aoyama,\nブランド名: 洋服の青山, THE SUIT COMPANY, WHITE THE SUIT COMPANY, UNIVERSAL LANGUAGE, NEXT BLUE"", ""会社名: 青山, 青山商事, AOKI, AOYAMA, AOYAMA TRADING,  \nブランド名: 洋服の青山, THE SUIT COMPANY, WHITE THE SUIT COMPANY, UNIVERSAL LANGUAGE, NEXT BLUE""]"
82270,８２２７０,しまむら,小売,SHIMAMURA|シマムラ|Shimamura Co.|Ltd.,ファッションセンターしまむら|バースデイ|シャンブル|ディバロ|Avail,"[""会社名: しまむら, SHIMAMURA, シマムラ, Shimamura Co., Ltd.,\nブランド名: ファッションセンターしまむら, Avail, バースデイ, シャンブル, ディバロ"", ""会社名: しまむら, SHIMAMURA, シマムラ, 8227, しまむらグループ  \nブランド名: ファッションセンターしまむら, Avail, バースデイ, シャンブル, ディバロ"", ""会社名: しまむら,  \nブランド名: ファッションセンターしまむら, シャンブル, アベイル, バースデイ, ディバロ""]"
82330,８２３３０,高島屋,小売,Takashimaya|タカシマヤ|Taka|高島,ローズギャラリー|タカシマヤスタイル|タカシマヤフードメゾン|高島屋カード|Takashimaya Times Square,"[""会社名: 高島屋, Takashimaya,\nブランド名: 高島屋カード, Takashimaya Times Square, Takashimaya Food Maison, Takashimaya Rose Selection, Takashimaya Watch Maison"", ""会社名: 高島屋, タカシマヤ, Takashimaya, Taka, 高島,\nブランド名: ローズギャラリー, タカシマヤスタイル, タカシマヤセレクト, タカシマヤフードメゾン, タカシマヤコレクション"", ""会社名: 高島屋, TAKASHIMAYA, タカシマヤ,\nブランド名: ローズギャラリー, タカシマヤスタイル, タカシマヤカード, タカシマヤフードメゾン, タカシマヤオンラインストア""]"
82370,８２３７０,松屋,小売,Matsuya|松屋ホールディングス|Matsuya Co.|Ltd.,松屋銀座|Matsuya Ginza|松屋浅草|Matsuya Asakusa|Ginza Matsuya,"[""会社名: 松屋, Matsuya,\nブランド名:"", ""会社名: 松屋, Matsuya,\nブランド名:"", ""会社名: 松屋, Matsuya, 松屋ホールディングス, Matsuya Co., Ltd., 82370,\nブランド名: 松屋銀座, Matsuya Ginza, 松屋浅草, Matsuya Asakusa, Ginza Matsuya,""]"
82420,８２４２０,エイチ・ツー・オー　リテイリング,小売,H2Oリテイリング|H2O|エイチツーオー|阪急阪神百貨店|阪急阪神,阪急百貨店|阪神百貨店|阪急オアシス|イズミヤ|クックデリ御膳,"[""会社名: H2Oリテイリング, エイチツーオー, H2O,\nブランド名: 阪急百貨店, 阪神百貨店, 阪急オアシス, イズミヤ, クックデリ御膳"", ""会社名: H2O, エイチツーオー, H2Oリテイリング, 阪急阪神百貨店, 阪急阪神\nブランド名: 阪急百貨店, 阪神百貨店, 阪急オアシス, イズミヤ, クラッセ"", ""会社名: H2O, H2Oリテイリング, 阪急阪神百貨店,\nブランド名: 阪急百貨店, 阪神百貨店, イズミヤ, 阪急オアシス, デイリーカナート""]"
82440,８２４４０,近鉄百貨店,小売,近鉄|Kintetsu Department Store|近鉄百|Kintetsu Hyakkaten,近鉄パッセ|近鉄友の会|近鉄百貨店ギフトカード|あべのハルカス近鉄本店|近鉄百貨店ネットショップ,"[""会社名: 近鉄, Kintetsu Department Store, 近鉄デパート, Kintetsu Hyakkaten, Kintetsu Depa,\nブランド名: あべのハルカス近鉄本店, 近鉄パッセ, 近鉄百貨店ネットショップ, 近鉄友の会, 近鉄百貨店ギフトカード"", ""会社名: 近鉄, 近鉄デパート, Kintetsu Department Store, 近鉄百,\nブランド名: あべのハルカス近鉄本店, 近鉄パッセ, 近鉄百貨店ネットショップ, 近鉄友の会, 近鉄百貨店ギフトカード"", ""会社名: 近鉄, 近鉄百, Kintetsu, 近鉄デパート, 近鉄HD,\nブランド名: あべのハルカス, 近鉄パッセ, 近鉄友の会, 近鉄百貨店ギフトカード, 近鉄オンラインショップ""]"
82520,８２５２０,丸井グループ,小売,丸井|MARUI|8252|マルイ,エポスカード|OIOI|マルイ|マルイウェブチャネル|マルイファミリー,"[""会社名: 丸井, MARUI, 丸井グループ, 8252,\nブランド名: OIOI, マルイ, エポスカード, マルイウェブチャネル, マルイファミリー"", ""会社名: 丸井, MARUI, 丸井グループ, 8252, マルイ,\nブランド名: OIOI, エポスカード, マルイウェブチャネル, マルイファミリー, マルイシティ,"", ""会社名: 丸井,  \nブランド名: エポスカード, マルイ, モディ, 0101, エポスカードVisa""]"
82530,８２５３０,クレディセゾン,金融（除く銀行）,セゾン|クレセゾ|CS|クレディ,セゾンカード|セゾンアメックス|セゾンゴールド|セゾンプラチナ,"[""会社名: セゾン, クレセゾン, クレディセゾン,\nブランド名: セゾンカード, セゾンアメックス, セゾンポイントモール, セゾンゴールドカード, セゾンプラチナカード"", ""会社名: セゾン, クレセゾ, CS, クレディ, セゾンカード  \nブランド名: セゾンカード, 永久不滅ポイント, セゾンアメックス, セゾンゴールド, セゾンプラチナ"", ""会社名: セゾン, クレセゾ, CS, セゾンカード, クレディ,\nブランド名: セゾンカード, セゾンポイント, セゾンアメックス, セゾンゴールド, セゾンプラチナ""]"
82550,８２５５０,アクシアル　リテイリング,小売,アクシアル|アクシアルリテイリング,ベイシア|フレッセイ|ベルク|マルエツ|マルシェ,"[""会社名: アクシアル, アクシアルリテイリング,\nブランド名: ベイシア, フレッセイ, ベルク, マルエツ, マルシェ"", ""会社名: アクシアル, アクシアルリテイリング, アクシアルHD, アクシアルホールディングス, アクシアルグループ  \nブランド名: ベイシア, ベイシア電器, ベイシアマート, ベイシアスーパーセンター, ベイシアホームセンター"", ""会社名: アクシアル, アクシアルリテイリング, アクシアルHD, アクシアルグループ, アクシアルホールディングス  \nブランド名: ベイシア, フレッセイ, ベルク, ウエルシア, カインズ""]"
82670,８２６７０,イオン,小売,AEON|イオンリテール|イオンフィナンシャルサービス,イオンスタイル|マックスバリュ|イオンカード|トップバリュ,"[""会社名: イオン, AEON,\nブランド名: イオンモール, イオンスタイル, マックスバリュ, イオンカード, トップバリュ"", ""会社名: イオン, AEON, イオンリテール, イオンモール, イオンフィナンシャルサービス  \nブランド名: イオンスタイル, トップバリュ, マックスバリュ, ミニストップ, イオンカード"", ""会社名: イオン, AEON, イオンリテール, イオンモール, イオンフィナンシャルサービス  \nブランド名: イオンカード, イオン銀行, トップバリュ, イオンスタイル, マックスバリュ""]"
82730,８２７３０,イズミ,小売,IZUMI|いずみ|Izumi Co.|Ltd.,ゆめタウン|ゆめマート,"[""会社名: イズミ, IZUMI,\nブランド名: ゆめタウン, ゆめマート, ゆめカード, ゆめオンライン, ゆめアプリ"", ""会社名: イズミ, IZUMI, いずみ, Izumi Co., Ltd.,\nブランド名: ゆめタウン, ゆめマート, ゆめカード, ゆめオンライン, ゆめアプリ"", ""会社名: イズミ, IZUMI, イズミグループ, イズミホールディングス, 8273,\nブランド名: ゆめタウン, ゆめマート, ゆめカード, ゆめオンライン, ゆめアプリ""]"
82750,８２７５０,フォーバル,商社・卸売,Forval|FB,なし,"[""会社名: フォーバル, Forval,\nブランド名: なし"", ""申し訳ありませんが、「フォーバル」（証券コード: 82750）に関する具体的な略称やブランド名のリストを提供することはできません。ただし、一般的に企業の略称やブランド名は公式ウェブサイトやプレスリリース、SNSなどで確認することができます。"", ""会社名: フォーバル, FB,\nブランド名: なし""]"
82760,８２７６０,平和堂,小売,Heiwado|HWD|HEP Five|HEP Navio,フレンドマート|アル・プラザ|エール|Friend Mart|Al Plaza,"[""会社名: 平和堂, Heiwado, HWD\nブランド名: Friend Mart, Al Plaza, Heiwado Supermarket"", ""会社名: 平和堂, Heiwado, HEP Five, HEP Navio, HEP\nブランド名: フレンドマート, アル・プラザ, 平和堂ストア, エール, エスマート"", ""会社名: 平和堂, Heiwado, HWD, \nブランド名: フレンドマート, アル・プラザ, エール, \n\n(Note: The company name \""平和堂\"" (Heiwado) and its related brands may have specific nicknames or abbreviations used in financial news or by the company itself. The above are common representations and brand names associated with Heiwado.)""]"
82780,８２７８０,フジ,小売,Fuji,フジスーパー|フジネットスーパー|フジカード,"[""会社名: フジ, Fuji,\nブランド名: フジグループ, フジスーパー, フジネットスーパー, フジカード, フジポイントカード"", ""申し訳ありませんが、証券コード「82780」に該当する「フジ」という会社についての具体的な情報は持ち合わせていません。そのため、SNSやトレーダー間での略称やブランド名についても特定することができません。一般的に、企業の略称やブランド名は業界や地域によって異なる場合がありますので、具体的な情報は企業の公式サイトや関連するニュースソースを確認することをお勧めします。"", ""会社名: フジ,  \nブランド名: フジグラン, フジスーパー, フジネットスーパー, フジカード, フジポイントカード""]"
82790,８２７９０,ヤオコー,小売,YAOKO|ヤオコーグループ,ヤオコーデリカ|ヤオコープレミアム|ヤオコーセレクト|ヤオコーオリジナル|ヤオコーキッチン,"[""会社名: ヤオコー, YAOKO,\nブランド名: ヤオコープレミアム, ヤオコーデリカ, ヤオコーセレクト, ヤオコーオリジナル, ヤオコーキッチン"", ""会社名: ヤオコー, YAOKO,\nブランド名: YAO, YAO CAFE, YAO DELI, YAO KITCHEN, YAO MARKET"", ""会社名: ヤオコー, YAOKO, ヤオコーグループ,\nブランド名: ヤオコー, YAOKO, ヤオコーレシピ, ヤオコーデリカ, ヤオコーオリジナル商品""]"
82810,８２８１０,ゼビオホールディングス,小売,ゼビオ|Xebio Holdings|Xebio,スーパースポーツゼビオ|ヴィクトリア|ゴルフパートナー|エルブレス|ゼビオアリーナ,"[""会社名: ゼビオ, ゼビオHD, Xebio Holdings,\nブランド名: スーパースポーツゼビオ, ヴィクトリア, ゴルフパートナー, エルブレス, ゼビオアリーナ"", ""会社名: ゼビオ, Xebio,\nブランド名: ヴィクトリア, エルブレス, スーパースポーツゼビオ, ゴルフパートナー, ゼビオスポーツエクスプレス"", ""会社名: ゼビオ, ゼビオHD, ゼビオホールディングス,\nブランド名: スーパースポーツゼビオ, ヴィクトリア, エルブレス, ゴルフパートナー, ゼビオアリーナ""]"
82820,８２８２０,ケーズホールディングス,小売,ケーズデンキ|K's Holdings|ケーズHD|K's,ケーズデンキ|なし|K's Denki,"[""会社名: ケーズデンキ, K's Holdings, K's Denki, ケーズHD, K's\nブランド名: ケーズデンキ"", ""会社名: ケーズデンキ, K's Holdings, ケーズHD, ケーズ,\nブランド名: ケーズデンキ, K's Denki"", ""会社名: ケーズデンキ, K's, K's Holdings, K's HD, ケーズ,\nブランド名: ケーズデンキ, K's Denki, なし, なし, なし""]"
82830,８２８３０,ＰＡＬＴＡＣ,商社・卸売,PALTAC|パルタック|8283|PAL,,"[""会社名: PALTAC,\nブランド名: 申し訳ありませんが、PALTACに関連する代表的なブランド名や製品名の情報は提供できません。"", ""会社名: PALTAC, パルタック, 8283,\nブランド名: 申し訳ありませんが、PALTACに関連する代表的なブランド名や製品名の情報は見つかりませんでした。"", ""会社名: PAL, パルタック,\nブランド名: 申し訳ありませんが、PALTAKに関連する特定のブランド名や製品名の情報は見つかりませんでした。""]"
82850,８２８５０,三谷産業,商社・卸売,三谷,,"[""申し訳ありませんが、「三谷産業」（証券コード: 82850）に関する具体的な略称やブランド名の情報は持ち合わせていません。一般的には、企業の略称やブランド名は公式ウェブサイトやプレスリリース、または業界のニュースなどで確認することができます。もし具体的な情報が必要であれば、これらの情報源を参照することをお勧めします。"", ""申し訳ありませんが、「三谷産業」（証券コード: 82850）についての具体的な略称やブランド名の情報は私のデータベースには含まれていません。一般的に、企業の略称やブランド名はSNSやトレーダーの間で独自に使われることが多いため、正確な情報を得るには最新のSNSの投稿や企業の公式発表を確認することをお勧めします。"", ""申し訳ありませんが、「三谷産業」（証券コード: 82850）に関する具体的な略称やニックネーム、ブランド名、製品名についての情報は持ち合わせていません。一般的に企業の略称やブランド名は、業界や地域によって異なることがありますので、具体的な情報は企業の公式ウェブサイトや金融ニュースなどで確認することをお勧めします。""]"
83040,８３０４０,あおぞら銀行,銀行,あおぞら|Aozora Bank|AOZORA|あおぎん|あお銀,BANK支店|あおぞらダイレクト|あおぞらネット銀行|あおぞらカード,"[""会社名: あおぞら, Aozora Bank, AOZORA,\nブランド名: ありません"", ""会社名: あおぎん, AOZORA, Aozora Bank, あおぞら,\nブランド名: BANK支店, あおぞらダイレクト, あおぞらネット銀行, あおぞらカード, あおぞらローン"", ""会社名: あおぞら, AOZORA, あお銀, Aozora Bank, AZB,  \nブランド名: なし""]"
83060,８３０６０,三菱ＵＦＪフィナンシャル・グループ,銀行,MUFG|三菱UFJ|三菱UFJフィナンシャルグループ|Mitsubishi UFJ Financial Group|三菱ＵＦＪフィナンシャル・,MUFGカード|三菱UFJ信託銀行|三菱UFJモルガン・スタンレー証券|三菱UFJリース|三菱UFJキャピタル,"[""会社名: MUFG, 三菱UFJ, 三菱UFJフィナンシャルグループ, Mitsubishi UFJ Financial Group, 三菱UFJ銀行\n\nブランド名: MUFGカード, 三菱UFJ信託銀行, 三菱UFJモルガン・スタンレー証券, 三菱UFJリース, 三菱UFJキャピタル"", ""会社名: MUFG, 三菱UFJ, 三菱UFJ銀行, 三菱UFJフィナンシャルグループ, 三菱銀行\n\nブランド名: MUFGカード, 三菱UFJ信託銀行, 三菱UFJモルガン・スタンレー証券, 三菱UFJニコス, 三菱UFJリース"", ""会社名: MUFG, 三菱UFJ, 三菱UFJFG, 三菱UFJ銀行, UFJ,\nブランド名: MUFGカード, MUFGプラチナ, MUFGアセットマネジメント, MUFG証券, MUFG信託銀行""]"
83080,８３０８０,りそなホールディングス,銀行,りそな|Resona|Resona Holdings,りそなカード|埼玉りそな銀行|関西みらい銀行|りそな信託銀行,"[""会社名: りそな, Resona, りそなHD, Resona Holdings, りそなホールディングス\nブランド名: りそな銀行, 埼玉りそな銀行, 関西みらい銀行, りそなカード, りそな信託銀行"", ""会社名: りそな, りそなHD, Resona, Resona Holdings, りそなホールディングス  \nブランド名: りそな銀行, 埼玉りそな銀行, 近畿大阪銀行, りそなグループ, りそなカード"", ""会社名: りそな, りそなHD, りそなホールディングス, りそな銀行, りそなグループ,\nブランド名: りそなカード, りそなポイント, りそなウォレット, りそなアプリ, りそなダイレクト""]"
83090,８３０９０,三井住友トラストグループ,銀行,三井住友信託|SMTB|Mitsui Sumitomo Trust|三井住友トラスト,みずほ信託銀行|住友信託銀行|三井信託銀行|SMTB Wealth|Sumitomo Mitsui Trust Asset Management,"[""会社名: 三井住友信託, SMTB, Mitsui Sumitomo Trust, 三井住友トラスト, Sumitomo Mitsui Trust,\nブランド名: みずほ信託銀行, 住友信託銀行, 三井信託銀行, SMTB Wealth, Sumitomo Mitsui Trust Asset Management,"", ""会社名: SMTB, 三井住友信託, 住友信託, Mitsui Sumitomo Trust, 信託銀行  \nブランド名: みらいプロジェクト, SuMi TRUST CLUB, SuMi TRUST Bank, SuMi TRUST Wealth, SuMi TRUST AM"", ""会社名: 三井住友トラスト, SMTB, 三井住友信託, 信託銀行, 住友トラスト,\nブランド名: SuMi TRUST, 住信SBIネット銀行, 三井住友トラスト・アセットマネジメント, 三井住友トラスト不動産, 三井住友トラストクラブ,""]"
83160,８３１６０,三井住友フィナンシャルグループ,銀行,SMFG|三井住友FG|三井住友|三井住友フィナンシャル|住友フィナンシャル,SMBC|SMBC日興証券|SMBC信託銀行|三井住友銀行,"[""会社名: SMFG, 三井住友FG, 三井住友フィナンシャル, Mitsui Sumitomo Financial Group, 三井住友\nブランド名: 三井住友銀行, SMBC, SMBC日興証券, SMBC信託銀行, SMBCファイナンスサービス"", ""会社名: SMFG, 三井住友, 三井住友FG, 住友フィナンシャル, 三井住友フィナンシャル,\nブランド名: 三井住友銀行, SMBC, 三井住友カード, SMBC日興証券, SMBC信託銀行"", ""会社名: SMFG, 三井住友FG, 三井住友, 住友FG, 住友フィナンシャル,\nブランド名: SMBC, SMBC日興証券, SMBC信託銀行, SMBCファイナンスサービス, SMBCコンシューマーファイナンス""]"
83310,８３３１０,千葉銀行,銀行,千葉銀|Chiba Bank|ちばぎん|83310|Chibagin,ちばぎんカード|ちばぎん住宅ローン|ちばぎんネットバンキング|ちばぎん投資信託,"[""会社名: 千葉銀, Chiba Bank, ちばぎん,\nブランド名: ちばぎんカード, ちばぎん住宅ローン, ちばぎんアプリ, ちばぎんネットバンキング, ちばぎん投資信託"", ""会社名: 千葉銀, Chiba Bank, ちばぎん, 83310, Chibagin  \nブランド名: ちばぎんカード, ちばぎん住宅ローン, ちばぎん証券, ちばぎんダイレクト, ちばぎんポイントクラブ"", ""会社名: 千葉銀, ちばぎん, Chiba Bank, Chibagin, 83310,\nブランド名: ちばぎんカード, ちばぎん住宅ローン, ちばぎんアプリ, ちばぎんネットバンキング, ちばぎん投信""]"
83340,８３３４０,群馬銀行,銀行,群銀|Gunma Bank|GB|群馬銀|GUNMA,ぐんぎんアプリ|ぐんぎんダイレクト|ぐんぎんカードローン|ぐんぎん住宅ローン|ちょコム,"[""会社名: 群銀, Gunma Bank, GB,\nブランド名: ぐんぎんアプリ, ぐんぎんダイレクト, ぐんぎんカードローン, ぐんぎん住宅ローン, ぐんぎん投資信託"", ""会社名: 群銀, Gunma Bank, GUNMA, 群馬銀,\nブランド名: ちょコム, ぐんぎんアプリ, ぐんぎんダイレクト, ぐんぎん住宅ローン, ぐんぎんカードローン"", ""会社名: 群馬銀, 群銀, Gunma Bank, GB, 群馬BK,\nブランド名: ちょコム, ぐんぎんアプリ, ぐんぎんダイレクト, ぐんぎんカード, ぐんぎんローン,""]"
83360,８３３６０,武蔵野銀行,銀行,Musashino Bank|Musashino|83360|武銀|武蔵野,なし,"[""会社名: 武蔵野銀行, Musashino Bank, Musashino,\nブランド名: ありません"", ""会社名: 武蔵野銀, Musashino Bank, 83360, 武銀, Musashino,\nブランド名: ありません。"", ""会社名: 武蔵野銀行, 武銀, Musashino Bank, 83360,\nブランド名: なし""]"
83370,８３３７０,千葉興業銀行,銀行,千葉興銀|CKB|千葉興業|Chiba Kogyo Bank|CHIBA KOGYO BANK,ちば興銀アプリ|ちば興銀投資信託|ちば興銀ネットバンキング|ちば興銀ローン,"[""会社名: 千葉興銀, Chiba Kogyo Bank, CKB, 千葉興業,\nブランド名: ちば興銀アプリ, ちば興銀カードローン, ちば興銀住宅ローン, ちば興銀ビジネスローン, ちば興銀投資信託"", ""会社名: 千葉興銀, CHIBA KOGYO BANK, CKB, 千葉興業,\nブランド名: ちば興銀アプリ, ちば興銀カード, ちば興銀ネットバンキング, ちば興銀ローン, ちば興銀投資信託"", ""会社名: 千葉興銀, 千葉興業, 千葉銀, CKB, Chiba Kogyo Bank,\nブランド名: ちば興銀アプリ, ちば興銀ネットバンキング, ちば興銀カード, ちば興銀ローン, ちば興銀投資信託""]"
83380,８３３８０,筑波銀行,銀行,筑銀|Tsukuba Bank|Tsukuba Ginko|つくば銀行|筑波BK,つくばカード|つくばローン|つくば保険|つくばデビット|つくば投資信託,"[""会社名: 筑銀, Tsukuba Bank, Tsukuba Ginko, 筑波BK, Tsukuba,\nブランド名: つくばカード, つくばローン, つくばデビット, つくば投資信託, つくば保険"", ""会社名: 筑波銀, Tsukuba Bank, つくば銀行, つくば銀, Tsukuba Ginko  \nブランド名: ありません"", ""会社名: 筑波銀行, 筑銀, TSUKUBA BANK, つくば銀行, つく銀,\nブランド名: つくばカード, つくばローン, つくば預金, つくば投信, つくば保険""]"
83410,８３４１０,七十七銀行,銀行,七十七銀|77銀行|七十七|77BK|The 77 Bank,77カード|77ダイレクト|77ローン,"[""会社名: 七十七銀, 77銀行, The 77 Bank,\nブランド名: 77カード, 77ダイレクト, 77ローン, 77ポイント, 77アプリ"", ""会社名: 七十七, 77銀行, 七十七銀, 77BK, 七銀  \nブランド名: 77カード, 77ローン, 77ダイレクト, 77投信, 77保険"", ""会社名: 七十七銀, 77銀行, 七十七BK, 77BK, 七十七,\nブランド名: 特に一般的なブランド名や製品名は確認できません。""]"
83430,８３４３０,秋田銀行,銀行,AKITA BANK|秋田銀|秋銀|8343|あきぎん,しんきんカード|秋田銀行アプリ|秋田銀行住宅ローン|秋田銀行カードローン,"[""会社名: 秋田銀, AKITA BANK,\nブランド名: しんきんカード, 秋田銀行アプリ, 秋田銀行住宅ローン, 秋田銀行カードローン, 秋田銀行投資信託"", ""会社名: 秋銀, AKITA BANK, あきぎん, 8343, 秋田銀  \nブランド名: ありません"", ""会社名: 秋田銀行, 秋銀, AKITA BANK, 8343,\nブランド名: ありません""]"
83440,８３４４０,山形銀行,銀行,山銀|Yamagata Bank|Yamagata Ginko|Yamagin|83440,なし|つばさプラス|つばさローン|つばさカード|つばさ定期預金,"[""会社名: 山銀, Yamagata Bank, Yamagata Ginko,\nブランド名: つばさプラス, つばさローン, つばさカード, つばさ定期預金, つばさネットバンキング"", ""会社名: 山銀, Yamagata Bank, Yamagin, 83440,\nブランド名: なし"", ""会社名: 山銀, Yamagata Bank, Yamagata Ginko, 8344, 山形銀,\nブランド名: なし""]"
83450,８３４５０,岩手銀行,銀行,岩銀|Iwate Bank|Iwagin|岩手銀|岩手,なし,"[""会社名: 岩銀, Iwate Bank, Iwagin,\nブランド名: ありません"", ""会社名: 岩銀, Iwate Bank, 岩手銀,\nブランド名: ありません。"", ""会社名: 岩手銀行, 岩銀, Iwate Bank,  \nブランド名: なし""]"
83460,８３４６０,東邦銀行,銀行,東邦銀|Toho Bank|東邦BK|東邦|TOHO,とうほうマイカーローン|とうほう住宅ローン|とうほうカード|とうほう投資信託|とうほうネットバンキング,"[""会社名: 東邦銀, Toho Bank, 東邦BK, TOHO,\nブランド名: とうほうマイカーローン, とうほう住宅ローン, とうほうカード, とうほう投資信託, とうほうネットバンキング"", ""会社名: 東邦銀, Toho Bank, 8346, 東邦,\nブランド名: ありません"", ""会社名: 東邦銀, TOHO銀, 東邦BK, TOHO BK, 東邦,\nブランド名: なし""]"
83540,８３５４０,ふくおかフィナンシャルグループ,銀行,FFG|ふくおかFG|福岡FG|福岡フィナンシャルグループ|Fukuoka Financial Group,福岡銀行|熊本銀行|親和銀行|iBank|みんなの銀行,"[""会社名: FFG, ふくおかFG, 福岡FG, Fukuoka Financial Group, 福岡フィナンシャルグループ,\nブランド名: 福岡銀行, 熊本銀行, 親和銀行, iBank, みんなの銀行"", ""会社名: FFJ, ふくおかFG, FFG, 福岡フィナンシャルグループ, 福岡FG  \nブランド名: 福岡銀行, 熊本銀行, 親和銀行"", ""会社名: ふくおかFG, ふくおかフィナンシャル, FFG, 福岡FG, 福岡フィナンシャル,\nブランド名: なし""]"
83580,８３５８０,スルガ銀行,銀行,スルガ|Suruga Bank|スルガ銀|8358,Dバンク|スルガダイレクト|スルガVisaデビットカード|スルガ住宅ローン|スルガカードローン,"[""会社名: スルガ, Suruga Bank, スルガ銀行,\nブランド名: Dバンク, スルガダイレクト, スルガVisaデビットカード, スルガ住宅ローン, スルガカードローン"", ""会社名: スルガ, Suruga Bank, 8358, スルガ銀, Suruga,\nブランド名: Dバンク, スルガVISAデビットカード, スルガ銀行カードローン, スルガ銀行住宅ローン, スルガ銀行ネットバンク"", ""会社名: スルガ, スルガ銀, スルガ銀行, Suruga Bank, 83580  \nブランド名: 特に一般的なブランド名や製品名は確認されていません。""]"
83590,８３５９０,八十二銀行,銀行,八十二|Hachijuni Bank|八十二銀|82銀行|八十二BK,特に一般的なブランド名や製品名は確認されていません。,"[""会社名: 八十二, Hachijuni Bank, 八十二銀,\nブランド名: 申し訳ありませんが、八十二銀行の代表的なブランド名や製品名に関する具体的な情報はありません。"", ""会社名: 八十二, 82銀行, Hachijuni Bank, Hachijuni, 八十二BK  \nブランド名: ありません"", ""会社名: 八十二, 八十二銀, 八十二BK, 82銀行, 82BK  \nブランド名: 特に一般的なブランド名や製品名は確認されていません。""]"
83600,８３６００,山梨中央銀行,銀行,山梨中銀|YCB|Yamanashi Chugin|Yamanashi Central Bank|山中,なし|甲府支店|富士吉田支店|甲州支店|山梨支店,"[""会社名: 山梨中銀, Yamanashi Chugin, Yamanashi Central Bank, YCB, 山中\nブランド名: なし"", ""会社名: 山梨中銀, YCB, Yamanashi Chuo Bank, 山梨中央,\nブランド名: 甲府支店, 富士吉田支店, 甲州支店, 山梨支店, 中央支店"", ""会社名: 山梨中銀, 山中銀, YCB, 山梨銀行, 中央銀行,\nブランド名: なし""]"
83610,８３６１０,大垣共立銀行,銀行,OKB|大垣共立|大垣銀|共立銀|8361,OKBカード|OKBローン|OKBネットバンキング|OKB投資信託,"[""会社名: OKB, 大垣共立,\nブランド名: OKBカード, OKBローン, OKBネットバンキング, OKBポイントサービス, OKB投資信託"", ""会社名: OKB, 大垣共立, 大垣銀, 共立銀, 8361,\nブランド名: なし"", ""会社名: OKB, 大垣銀,\nブランド名: OKBカード, OKBローン, OKBネットバンキング, OKBポイント, OKBアプリ""]"
83620,８３６２０,福井銀行,銀行,福銀|Fukui Bank|福井銀|8362|福井,ふくぎんカード|ふくぎんローン|ふくぎんネットバンキング|ふくぎん投資信託,"[""会社名: 福井銀行, Fukui Bank, 福銀,\nブランド名: ふくぎんカード, ふくぎんローン, ふくぎんネットバンキング, ふくぎん投資信託, ふくぎん保険"", ""会社名: 福井銀, Fukui Bank, 8362, 福銀, Fukugin  \nブランド名: ふくぎんアプリ, ふくぎんカード, ふくぎんローン, ふくぎんネットバンキング, ふくぎん投資信託"", ""会社名: 福井銀, 福銀, 8362, 福井BK, 福井銀行,\nブランド名: ふくぎんカード, ふくぎんアプリ, ふくぎんローン, ふくぎん預金, ふくぎん投信,""]"
83640,８３６４０,清水銀行,銀行,8364|Shimizu Bank|清水|清水銀,しみずダイレクト|しみずカード|しみずローン|しみず投資信託|しみず保険,"[""会社名: 清水銀行, Shimizu Bank, 清水, 8364,\nブランド名: しみずダイレクト, しみずカード, しみずローン, しみず投資信託, しみず保険"", ""申し訳ありませんが、「清水銀行」（証券コード: 83640）に関する具体的な略称やブランド名についての情報は持っていません。一般的に、銀行や企業の略称やブランド名は公式な情報源や企業のウェブサイトなどで確認することができます。"", ""会社名: 清水銀, 清水BK, しみず銀行, しみず銀, 8364,\nブランド名: なし""]"
83660,８３６６０,滋賀銀行,銀行,Shiga Bank|Shigagin|滋賀銀|滋銀|83660,しがぎんダイレクト|しがぎんカードローン|しがぎん住宅ローン|しがぎんビジネスローン|しがぎんアプリ,"[""会社名: 滋銀, Shiga Bank, Shigagin,\nブランド名: びわこローン, しがぎんダイレクト, しがぎんカードローン, しがぎん住宅ローン, しがぎんビジネスローン"", ""会社名: 滋賀銀, Shiga Bank, 83660, Shigagin, Shiga Ginko,\nブランド名: しがぎんダイレクト, しがぎんアプリ, しがぎんカードローン, しがぎん住宅ローン, しがぎんビジネスローン,"", ""会社名: 滋賀銀, しがぎん, Shiga Bank,   \nブランド名: しがぎんアプリ, しがぎんダイレクト, しがぎんローン, しがぎんカード, しがぎん投信""]"
83670,８３６７０,南都銀行,銀行,南都|南都銀|Nanto Bank|Nanto,なし,"[""会社名: 南都, 南都銀, Nanto Bank, Nanto,\nブランド名: なし"", ""会社名: 南都, 南都銀, 南都銀行, Nanto Bank, Nanto,\nブランド名: なし"", ""会社名: 南都, 南都銀, 南都銀行, Nanto Bank, 8367,\nブランド名: なし""]"
83680,８３６８０,百五銀行,銀行,百五|Hyakugo Bank|百五銀|Hyakugo|105銀行,なし,"[""会社名: 百五, Hyakugo Bank, 105 Bank, 百五銀, Hyakugo,\nブランド名: ありません。"", ""会社名: 百五, Hyakugo Bank, 105銀行, HYG銀行, Hyakugo,\nブランド名: なし"", ""会社名: 百五, 百五銀, Higo Bank, 105銀行, 105銀,\nブランド名: 特に一般的なブランド名や製品名は確認できません。""]"
83700,８３７００,紀陽銀行,銀行,紀陽銀|Kiyo Bank|紀陽|Kiyo Ginko|83700,きのくに信用保証|紀陽フィナンシャルグループ|紀陽カード,"[""会社名: 紀陽銀, Kiyo Bank, Kiyo Ginko, 紀陽,\nブランド名: きのくに信用保証, 紀陽フィナンシャルグループ, 紀陽カード, 紀陽リース, 紀陽証券"", ""会社名: 紀陽銀, Kiyo Bank, 紀陽,\nブランド名: きのくに信用保証, 紀陽フィナンシャルグループ, 紀陽カード, 紀陽リース, 紀陽ビジネスサービス"", ""会社名: 紀陽銀, 紀陽, Kiyo Bank, Kiyo Ginko, 83700,\nブランド名: なし""]"
83770,８３７７０,ほくほくフィナンシャルグループ,銀行,ほくほくFG|Hokuhoku Financial Group|ほくほく|ほくほくフィナンシャル|北陸銀行グループ,北陸銀行|北海道銀行|ほくほく銀行|ほくぎん,"[""会社名: ほくほくFG, Hokuhoku Financial Group, ほくほくフィナンシャル,\nブランド名: ほくほく銀行, 北陸銀行, 北海道銀行, ほくぎん, ほくぎんカード"", ""会社名: ほくほくFG, Hokuhoku Financial Group, ほくほく,\nブランド名: 北海道銀行, 北陸銀行"", ""会社名: ほくほくFG, ほくほく, 北陸銀行グループ, 北海道銀行グループ, 83770,\nブランド名: ほくほくカード, ほくほくローン, ほくほく投信, ほくほく保険, ほくほく証券""]"
83810,８３８１０,山陰合同銀行,銀行,ごうぎん|山陰合銀|SGB|San-in GODO Bank|San-in Godo Bank,なし|夢みらい|夢みらいプラス|夢みらいローン,"[""会社名: ごうぎん, 山陰合銀, San-in GODO Bank, SGB,\nブランド名: 夢みらい, 夢みらいプラス, 夢みらいカード, 夢みらいローン, 夢みらい定期預金"", ""会社名: ごうぎん, 山陰合銀, San-in Godo Bank, SGB, さんぎん  \nブランド名: なし"", ""会社名: ごうぎん, 山陰合同銀行, 山陰合銀, 合同銀行, 8381,\nブランド名: なし""]"
83860,８３８６０,百十四銀行,銀行,百十四銀|百十四|Hyakujushi Bank|114銀行|114 Bank,なし|114カード|114ローン|114ネットバンキング|114投資信託,"[""会社名: 百十四銀, Hyakujushi Bank, 114 Bank, 百十四,\nブランド名: なし"", ""会社名: 百十四, 114銀行, Hyakujushi Bank, 百十四銀, Hyakujushi,\nブランド名: 114カード, 114ローン, 114ネットバンキング, 114投資信託, 114保険"", ""会社名: 百十四, 114銀行, 百十四銀, 114, 百十四BK,\nブランド名: 特定のブランド名や製品名は一般的に使用されていません。""]"
83870,８３８７０,四国銀行,銀行,四銀|Shikoku Bank|四国銀|Shikoku Ginko|四国,しぎんカード|四銀ダイレクト|四銀アプリ|四銀ローン|四銀投信,"[""会社名: 四銀, Shikoku Bank, 四国銀, Shikoku Ginko, 四国銀行\nブランド名: しぎんカード, 四銀ダイレクト, 四銀アプリ, 四銀ローン, 四銀投信"", ""会社名: 四銀, Shikoku Bank, 四国銀,\nブランド名: しこぎんダイレクト, しこぎんアプリ, しこぎんカードローン, しこぎん住宅ローン, しこぎん投資信託"", ""会社名: 四銀, 四国銀, 四国銀行, 8387, Shikoku Bank  \nブランド名: なし""]"
83880,８３８８０,阿波銀行,銀行,阿波銀|Awa Bank|83880|The Awa Bank|Awa Ginko,,"[""会社名: 阿波銀, The Awa Bank, Awa Bank,\nブランド名: ありません"", ""会社名: 阿波銀, Awa Bank, Awa Ginko, 83880, 阿波,\nブランド名: ありません。"", ""会社名: 阿波銀, Awa Bank, 83880,\nブランド名: ありません,""]"
83920,８３９２０,大分銀行,銀行,Oita Bank|Oita Ginko|OBK|大分銀|大分,夢プラン|夢プラン住宅ローン|夢プラン教育ローン|夢プランローン,"[""会社名: 大分銀行, Oita Bank, Oita Ginko, OBK,\nブランド名: 夢プラン, 夢プランカード, 夢プランローン, 夢プラン住宅ローン, 夢プラン教育ローン"", ""会社名: 大分銀, Oita Bank, 8392, Oita Ginko, OBK,\nブランド名: 夢プラン, 夢プランカードローン, 夢プラン住宅ローン, 夢プラン教育ローン, 夢プランマイカーローン"", ""会社名: 大分銀行, 大銀, Oita Bank,  \nブランド名: ありません""]"
83930,８３９３０,宮崎銀行,銀行,宮銀|Miyagin|みやぎん|8393|The Miyazaki Bank,みやぎんカード|みやぎんローン|みやぎんネットバンキング|みやぎん投資信託,"[""会社名: 宮銀, Miyagin, The Miyazaki Bank, MGB, みやぎん  \nブランド名: みやぎんカード, みやぎんネットバンキング, みやぎんローン, みやぎん投資信託, みやぎん保険"", ""会社名: 宮銀, Miyagin, Miyazaki Bank, 8393,\nブランド名: みやぎんカード, みやぎんローン, みやぎんネットバンキング, みやぎんアプリ, みやぎん投資信託"", ""会社名: 宮銀, みやぎん, Miyagin, 宮崎銀, 8393,\nブランド名: みやぎんアプリ, みやぎんカード, みやぎんローン, みやぎんネット, みやぎんポイント,""]"
83950,８３９５０,佐賀銀行,銀行,佐銀|Saga Bank|The Bank of Saga|さぎん|佐賀銀,さぎんカード|さぎんローン|さぎん投信|さぎん保険,"[""会社名: 佐銀, The Bank of Saga, Saga Bank,\nブランド名: さぎんカード, さぎんアプリ, さぎんローン, さぎん投信, さぎん保険"", ""会社名: 佐銀, Saga Bank, さぎん,\nブランド名: さぎんカード, さぎんアプリ, さぎんローン, さぎん定期預金, さぎん投資信託"", ""会社名: 佐銀, 佐賀銀, SAGIN,\nブランド名: さぎん, 佐銀カード, 佐銀アプリ, 佐銀ローン, 佐銀ネットバンキング""]"
83990,８３９９０,琉球銀行,銀行,琉銀|Bank of the Ryukyus|Ryugin|琉球銀|RYUBANK,ちゅらカード|ちゅらローン|ちゅら貯金|ちゅら投信|ちゅら保険,"[""会社名: 琉銀, Bank of the Ryukyus, Ryugin,\nブランド名: ちゅらカード, ちゅらローン, ちゅら貯金, ちゅら投信, ちゅら保険"", ""申し訳ありませんが、「琉球銀行」（証券コード: 83990）についての具体的な略称やブランド名の情報は私のデータベースには含まれていません。一般的に、企業の略称やニックネームは地域や業界によって異なることが多いため、正確な情報を得るには公式の資料や信頼できる情報源を確認することをお勧めします。\n\nただし、一般的な方法として、企業の略称は社名の一部を取ったものや、英語名の頭文字を組み合わせたものが多いです。また、銀行の場合、地域名やサービス名を含むブランド名が使われ"", ""会社名: 琉銀, 琉球銀, RYUBANK, RYUKYU BANK, 83990,\nブランド名: ちゅらカード, ちゅらローン, ちゅら預金, ちゅらポイント, ちゅらネットバンキング,""]"
84100,８４１００,セブン銀行,銀行,7BK|Seven Bank|セブン&アイ銀行|84100|セブン,セブン銀行ATM|セブンカード|セブンマネー|セブンペイ|セブン銀行デビットカード,"[""会社名: セブン銀行, Seven Bank, 7BK, セブン&アイ銀行, 84100,\nブランド名: セブン銀行ATM, セブン銀行デビットカード, セブン銀行口座, セブン銀行アプリ, セブン銀行海外送金,"", ""会社名: セブン銀, 7銀, Seven Bank, 7BK, セブンB  \nブランド名: セブン銀行ATM, セブンカード, セブンデビット, セブンマネー, セブンペイ"", ""会社名: セブン銀行, セブンBK, 7BK, 7銀行, 8410,\nブランド名: セブンATM, セブンマネー, セブンカード, セブンペイ, セブンアプリ""]"
84110,８４１１０,みずほフィナンシャルグループ,銀行,みずほ|Mizuho|MHFG|みずほFG|みずほフィナンシャル,みずほ銀行|みずほ信託銀行|みずほリサーチ&テクノロジーズ|みずほ情報総研,"[""会社名: みずほ, Mizuho, MHFG, みずほFG, みずほフィナンシャル\nブランド名: みずほ銀行, みずほ証券, みずほ信託銀行, みずほリサーチ&テクノロジーズ, みずほ情報総研"", ""会社名: みずほ, MHFG, みずほFG, Mizuho, 84110  \nブランド名: みずほ銀行, みずほ信託銀行, みずほ証券, みずほリース, みずほキャピタル"", ""会社名: みずほ, MHFG, みずほFG, Mizuho, みずほグループ  \nブランド名: みずほ銀行, みずほ証券, みずほ信託銀行, みずほコーポレート銀行, みずほリサーチ&テクノロジーズ""]"
84180,８４１８０,山口フィナンシャルグループ,銀行,YMFG|山口FG|山口フィナンシャル|Yamaguchi Financial Group|山口グループ,もみじ銀行|北九州銀行|山口銀行|YMFGカード,"[""会社名: YMFG, 山口FG, 山口フィナンシャル,\nブランド名: もみじ銀行, 北九州銀行, 山口銀行, YMFGカード, YMFG証券"", ""会社名: YMFG, 山口FG, 山口フィナンシャル, Yamaguchi Financial Group, 山口グループ  \nブランド名: もみじ銀行, 山口銀行, 北九州銀行"", ""会社名: YMFG, 山口FG, 山口フィナンシャル, 山口銀行グループ, 山フィナ,\nブランド名: なし""]"
84240,８４２４０,芙蓉総合リース,金融（除く銀行）,芙蓉リース|Fuyo Lease|Fuyo General Lease|Fuyo Sogo Lease|ふようリース,情報が不足しているため、代表的なブランド名や製品名は特定できません。,"[""会社名: 芙蓉リース, Fuyo Lease, Fuyo General Lease,\nブランド名: 情報が不足しているため、代表的なブランド名や製品名は特定できません。"", ""会社名: 芙蓉リース, Fuyo Lease, Fuyo Sogo Lease, Fuyo General Lease, ふようリース  \nブランド名: 情報が不足しているため、代表的なブランド名や製品名は特定できません。"", ""会社名: 芙蓉リース, 芙蓉総リ, Fuyo Lease, Fuyo, FL,\nブランド名: 特定のブランド名や製品名は確認できません。""]"
84250,８４２５０,みずほリース,金融（除く銀行）,Mizuho Lease|Mizuho Leasing|みずほリース株式会社|Mizuho Lease Co.,,"[""会社名: みずほリース, Mizuho Lease,\nブランド名: 申し訳ありませんが、みずほリースの具体的なブランド名や製品名についての情報は提供できません。"", ""会社名: みずほリース, Mizuho Lease, Mizuho Leasing, みずほリース株式会社, Mizuho Lease Co., Ltd.\n\nブランド名: 申し訳ありませんが、みずほリースの代表的なブランド名や製品名に関する具体的な情報は見つかりませんでした。"", ""会社名: みずほリース, Mizuho Lease, みずほ, Mizuho, ML  \nブランド名: 特定のブランド名や製品名は一般的に公表されていない可能性があります。""]"
84390,８４３９０,東京センチュリー,金融（除く銀行）,東セン|TCC|Tokyo Century|TCリース,...|ございません。|TCリース|TCオートリース,"[""会社名: 東京センチュリー, Tokyo Century,\nブランド名: ..."", ""会社名: 東セン, TCC, 東京センチュリー,\nブランド名: ございません。"", ""会社名: 東セン, 東京センチュリー, TCリース, TCC, 東センチュリー,\nブランド名: TCリース, TCオートリース, TCエンタープライズ, TCアセット, TCファイナンス""]"
84730,８４７３０,ＳＢＩホールディングス,金融（除く銀行）,SBI|エスビーアイ|ＳＢＩ,SBI証券|SBI損保|SBIマネープラザ|SBI FXトレード|SBIネオモバイル証券,"[""会社名: SBI, SBIホールディングス, SBIグループ, エスビーアイ,\nブランド名: SBI証券, SBI損保, SBIマネープラザ, SBI FXトレード, SBIネオモバイル証券"", ""会社名: SBI, SBIホールディングス, SBIグループ, エスビーアイ, エスビーアイホールディングス  \nブランド名: SBI証券, SBI FXトレード, SBIマネープラザ, SBI損保, SBI生命"", ""会社名: SBI, SBIHD, SBIホールディングス, エスビーアイ, エスビーアイHD,\nブランド名: SBI証券, SBI銀行, SBI損保, SBIマネープラザ, SBI FXトレード""]"
85110,８５１１０,日本証券金融,金融（除く銀行）,日証金|JSF|日本証券金融株式会社|日本証券|証金,なし|特に一般的なブランド名や製品名は確認されていません。,"[""会社名: 日証金, JSF, 日本証券金融株式会社,\nブランド名: なし"", ""会社名: 日証金, JSF, 日本証券金融株式会社,\nブランド名: なし"", ""会社名: 日証金, JSF, 日本証券, 証金, 日証,\nブランド名: 特に一般的なブランド名や製品名は確認されていません。""]"
85150,８５１５０,アイフル,金融（除く銀行）,AIFUL|85150|アイフル株式会社,キャッシングプラス|アイフルカード|サポートプラス|アイフルローン|アイフルクレジット,"[""会社名: アイフル, AIFUL,\nブランド名: キャッシングプラス, サポートプラス, アイフルカード, アイフルローン, アイフルクレジット"", ""会社名: アイフル, AIFUL,\nブランド名: キャッシングプラス, SuLaLi, おまとめMAX, 事業サポートプラン, かりかえMAX"", ""会社名: アイフル, AIFUL, 85150, アイフル株式会社, アイフルグループ,\nブランド名: キャッシングローン, サラ金, アイフルカード, おまとめローン, アイフルアプリ,""]"
85220,８５２２０,名古屋銀行,銀行,名銀|名古屋銀|名古屋バンク,なし,"[""会社名: 名銀, 名古屋銀,\nブランド名: なし"", ""会社名: 名銀, 名古屋銀, 名古屋バンク, 名銀バンク, 名古屋銀行,\nブランド名: ありません"", ""会社名: 名銀, 名古屋銀, 名古屋BK, 名銀銀行, 名古屋銀行,\nブランド名: なし""]"
85240,８５２４０,北洋銀行,銀行,北洋銀|北洋|Hokuyo Bank|北洋BK,ほくようカード|ほくようネットバンキング|ほくよう投資信託|ほくようローン|ほくよう保険,"[""会社名: 北洋銀, Hokuyo Bank, 北洋,\nブランド名: ほくようカード, ほくようローン, ほくようネットバンキング, ほくよう投資信託, ほくよう保険"", ""会社名: 北洋, Hokuyo Bank, 北洋銀,\nブランド名: ほくようカード, ほくよう住宅ローン, ほくようビジネスローン, ほくよう投資信託, ほくようネットバンキング"", ""会社名: 北洋, 北洋銀, 北洋BK, 北洋銀行,\nブランド名: ほくよう, ほくぎん, 北洋カード, 北洋ローン, 北洋アプリ""]"
85410,８５４１０,愛媛銀行,銀行,EHIME|愛銀|EHIME BANK|Ehime Bank|ひめぎん,ひめぎんカード|ひめぎん投資信託|ひめぎん保険|ひめぎんローン|ひめぎんネットバンキング,"[""会社名: 愛銀, Ehime Bank, EHIME,\nブランド名: ひめぎんカード, ひめぎんローン, ひめぎんネットバンキング, ひめぎん投資信託, ひめぎん保険"", ""会社名: ひめぎん, EHIME BANK, 愛銀, EHIME GINKO, EHIME,\nブランド名: ひめぎんカード, ひめぎん住宅ローン, ひめぎん投資信託, ひめぎん保険, ひめぎん外貨預金"", ""会社名: 愛媛銀, EHIME銀行, EHIME BANK, EHIME, 85410,\nブランド名: 特定のブランド名や製品名は確認できません。""]"
85440,８５４４０,京葉銀行,銀行,Keiyo Bank|京葉銀|京銀|京葉BK|京葉,ちばぎんカード|ちばぎんローン|ちばぎん保険,"[""会社名: 京葉銀行, Keiyo Bank,\nブランド名: ありません"", ""会社名: 京葉銀, Keiyo Bank, 京銀, KB, 京葉BK  \nブランド名: ちばぎんカード, ちばぎんローン, ちばぎん証券, ちばぎん保険, ちばぎん投信"", ""会社名: 京葉銀, 京葉BK, 京銀, KBK, 京葉,\nブランド名: なし""]"
85500,８５５００,栃木銀行,銀行,栃銀|Tochigi Bank|Tochigi Ginko|栃木銀|Tochigin,ちぎんカード|ちぎんローン|ちぎんネットバンキング|ちぎん投資信託|ちぎん保険サービス,"[""会社名: 栃銀, Tochigi Bank, Tochigi Ginko,\nブランド名: ちぎんカード, ちぎんローン, ちぎんネットバンキング, ちぎん投資信託, ちぎん保険サービス"", ""会社名: 栃銀, Tochigi Bank, Tochigin, 栃木銀, Tochigi Ginko  \nブランド名: なし"", ""会社名: 栃銀, Tochigi Bank, 栃木銀, Tochigi Ginko, 栃木BK,\nブランド名: ありません""]"
85510,８５５１０,北日本銀行,銀行,北銀|北日本銀|KITAGIN|北日銀|北日本,夢ふる|夢ふるローン|夢ふる定期預金,"[""会社名: 北銀, 北日本銀,\nブランド名: ありません。"", ""会社名: 北銀, KITAGIN, 北日本銀,\nブランド名: 夢ふる, 夢ふるローン, 夢ふるカード, 夢ふる定期預金, 夢ふる住宅ローン"", ""会社名: 北日本銀, 北銀, 北日銀, 北日本, 8551,\nブランド名: 特に一般的なブランド名や製品名は確認できません。""]"
85580,８５５８０,東和銀行,銀行,東和銀|Towa Bank|Towa Ginko|Towa|東和,該当なし,"[""会社名: 東和銀, Towa Bank, Towa Ginko, Towa,\nブランド名: ありません"", ""会社名: 東和, Towa Bank, 東和銀, 85580, Towa Ginko  \nブランド名: 該当なし"", ""会社名: 東和, 東和銀, Towa Bank, Towa, 8558,\nブランド名: 特定のブランド名や製品名は確認できません。""]"
85660,８５６６０,リコーリース,金融（除く銀行）,Ricoh Leasing|リコーリース株式会社|RICOH LEASING|リコーリ,なし|RICOH|RICOH Leasing,"[""会社名: リコーリース, Ricoh Leasing, リコーリース株式会社,\nブランド名: すみませんが、リコーリースに特有の代表的なブランド名や製品名は確認できません。"", ""会社名: リコーリース, RICOH LEASING, リコーリ, リコリ, リース85660  \nブランド名: なし"", ""会社名: リコーリース, リコーL, RICOHリース,  \nブランド名: RICOH, RICOH Leasing,""]"
85700,８５７００,イオンフィナンシャルサービス,金融（除く銀行）,イオンFS|イオンフィナンシャル|AEON Financial Service|AEON Financial,イオンカード|WAON|イオンのほけん相談|イオン保険,"[""会社名: イオンFS, イオンフィナンシャル, AEON Financial Service, イオンフィナンシャルサービス,\nブランド名: イオンカード, WAON, イオン銀行, イオン保険サービス, イオンのほけん相談"", ""会社名: イオンFS, イオンフィナンシャル, AEON Financial,\nブランド名: イオンカード, WAON, イオン銀行, イオン保険, イオンのほけん相談"", ""会社名: イオンFS, イオンフィナンシャル, イオンフィナンス, イオン金服, イオン金融,\nブランド名: イオンカード, WAON, イオン銀行, イオン保険, イオンローン,""]"
85720,８５７２０,アコム,金融（除く銀行）,ACOM,むじんくん|ACマスターカード|ちょいポケ|ぱっとサポート|すぐポケ,"[""会社名: アコム, ACOM,\nブランド名: むじんくん, ACマスターカード, ぱっとサポート, ちょいポケ, すぐポケ"", ""会社名: アコム, ACOM,\nブランド名: むじんくん, ACマスターカード, ぱちんこローン, じぶんローン, アコムカードローン"", ""会社名: アコム, ACOM,\nブランド名: むじんくん, ACマスターカード, ぱっとカード, ちょいポケ, ちょい借り""]"
85840,８５８４０,ジャックス,金融（除く銀行）,JACCS|JACCS Co.|Ltd.|ジャックスカード,JACCSカード|JACCSローン|Orico Card|JACCSショッピングクレジット,"[""会社名: ジャックス, JACCS,\nブランド名: Orico Card, JACCSカード, JACCSローン, JACCSショッピングクレジット, JACCSリース"", ""会社名: ジャックス, JACCS, ジャックスカード, JACCS Co., Ltd.,\nブランド名: R-style, Monex Card, JACCSカード, JACCSモバイル, JACCSローン"", ""会社名: ジャックス, JACCS, JACCS Co., Ltd., ジャックス株式会社, ジャックスグループ,\nブランド名: JACCSカード, ジャックスカード, プレミアムカード, ジャックスローン, ジャックスリース""]"
85850,８５８５０,オリエントコーポレーション,金融（除く銀行）,オリコ|オリエント|ORICO|Orient Corporation,Orico Card|Orico Card THE POINT|Orico Card THE PLATINUM|Orico Card THE WORLD|Orico Card THE GOLD,"[""会社名: オリコ, Orient Corporation, オリエント, オリエントコーポレーション, ORICO  \nブランド名: Orico Card, Orico Card THE POINT, Orico Card THE PLATINUM, Orico Card THE WORLD, Orico Card THE GOLD"", ""会社名: オリコ, ORICO, オリエント\nブランド名: Orico Card, Oricoポイントゲートウェイ, Oricoモール, Oricoローン, Oricoキャッシュレスサービス"", ""会社名: オリコ, オリエント, オリコカード, オリエントコーポ, 8585,\nブランド名: オリコカード, Orico Card, オリコローン, Orico Loan, オリコポイント""]"
85910,８５９１０,オリックス,金融（除く銀行）,ORIX|オリックス株式会社|ORIX Corporation,オリックスレンタカー|オリックス不動産|オリックス自動車|オリックス生命,"[""会社名: オリックス, ORIX, オリックスグループ, オリックス株式会社, ORIX Corporation  \nブランド名: オリックスレンタカー, オリックス生命保険, オリックス不動産, オリックス銀行, オリックス自動車"", ""会社名: オリックス, ORIX, オリ,\nブランド名: オリックス・バファローズ, オリックス生命, オリックスレンタカー, オリックス不動産, オリックス銀行"", ""会社名: オリックス, ORIX, ORIXグループ, ORIX Corporation, オリックス株式会社  \nブランド名: オリックスレンタカー, オリックス生命, オリックス不動産, オリックス銀行, オリックス自動車""]"
85930,８５９３０,三菱ＨＣキャピタル,金融（除く銀行）,三菱HC|MHC|三菱HCキャピタル|Mitsubishi HC Capital|三菱キャピタル,Orico|JACCS|Diamond Lease|MC Lease|Mitsubishi Auto Lease,"[""会社名: 三菱HC, Mitsubishi HC Capital, MHC, 三菱HCキャピタル,\nブランド名: Orico, JACCS, Diamond Lease, MC Lease, Mitsubishi Auto Lease,"", ""会社名: 三菱HC, MHC, 三菱キャピタル, HCキャピタル, Mitsubishi HC,\nブランド名: Orico, JACCS, Diamond Lease, MC Asset Management, Mitsubishi UFJ Lease & Finance"", ""会社名: 三菱HC, 三菱HCキャピタル, MHCキャピタル, MHC, 三菱HC証券,\nブランド名: 情報がありません。""]"
85950,８５９５０,ジャフコ　グループ,金融（除く銀行）,ジャフコ|JAFCO|ジャフコ・グループ|JAFCO Group,該当なし|特に一般的なブランド名や製品名は確認されていません。,"[""会社名: ジャフコ, JAFCO, ジャフコグループ, ジャフコ・グループ, JAFCO Group  \nブランド名: 該当なし"", ""申し訳ありませんが、「ジャフコ グループ」（証券コード: 85950）に関する具体的な略称やブランド名の情報は私のデータベースには含まれていません。一般的な情報として、企業の略称やブランド名は公式ウェブサイトや金融情報サイトで確認することができます。"", ""会社名: ジャフコ, JAFCO, ジャフコG, JAFCOグループ, ジャフコグループ,\nブランド名: 特に一般的なブランド名や製品名は確認されていません。""]"
86000,８６０００,トモニホールディングス,銀行,トモニHD|Tomoni Holdings|THD,すみませんが、トモニホールディングスの代表的なブランド名や製品名についての具体的な情報は持っていません。|阿波銀行|徳島大正銀行|トモニカード,"[""会社名: トモニHD, トモニホールディングス, Tomoni Holdings,\nブランド名: すみませんが、トモニホールディングスの代表的なブランド名や製品名についての具体的な情報は持っていません。"", ""会社名: トモニ, トモニHD, THD, トモニホールディングス,\nブランド名: 阿波銀行, 徳島大正銀行, トモニカード, トモニ証券, トモニリース"", ""会社名: トモニHD, トモニホールディングス,\nブランド名: すみませんが、トモニホールディングスに特定のブランド名や製品名は確認できません。""]"
86010,８６０１０,大和証券グループ本社,金融（除く銀行）,大和証券|Daiwa Securities|Daiwa|DS,ダイワファンドラップ|ダイワSMA|ダイワ・セキュリティーズ|ダイワ・アセット・マネジメント|ダイワ・インベストメント,"[""会社名: 大和証券, Daiwa Securities, 大和, Daiwa, 大和証券グループ  \nブランド名: ダイワファンドラップ, ダイワSMA, ダイワ・アセット・マネジメント, ダイワ・セキュリティーズ, ダイワ・インベストメント"", ""会社名: 大和証券, Daiwa, Daiwa Securities, 大和, DS\nブランド名: 大和ネクスト銀行, ダイワファンドラップ, ダイワSMA, ダイワ・アセット・マネジメント, ダイワ・セキュリティーズ"", ""会社名: 大和証券, 大和, DS,\nブランド名: ダイワファンドラップ, ダイワSMA, ダイワ・アセットマネジメント, ダイワ・セキュリティーズ, ダイワ・キャピタルマーケッツ""]"
86040,８６０４０,野村ホールディングス,金融（除く銀行）,野村|Nomura|Nomura Holdings,Nomura Asset Management|Nomura Research Institute|Nomura Trust and Banking|NEXT FUNDS|Nomura BPI,"[""会社名: 野村, 野村証券, Nomura, Nomura Holdings, Nomura Securities  \nブランド名: NEXT FUNDS, Nomura Asset Management, Nomura Research Institute, Nomura Trust and Banking, Nomura BPI"", ""会社名: 野村, Nomura, 野村HD, 野村証券, Nomura Holdings  \nブランド名: 野村證券, Nomura Asset Management, 野村信託銀行, Nomura Research Institute, Nomura Capital Markets"", ""会社名: 野村, 野村証券, Nomura, Nomura Holdings, 野村HD,\nブランド名: Nomura Asset Management, Nomura Securities, Nomura Research Institute, Nomura Trust and Banking, Nomura Real Estate""]"
86090,８６０９０,岡三証券グループ,金融（除く銀行）,岡三|Okasan|OKASAN,岡三オンライン|岡三ネットトレード|岡三ファンド,"[""会社名: 岡三, Okasan,\nブランド名: 岡三オンライン, 岡三ネットトレード, 岡三アセットマネジメント, 岡三ファンド, 岡三証券プラットフォーム"", ""会社名: 岡三, 岡三証券, Okasan,\nブランド名: 岡三オンライン, 岡三ネットトレーダー, 岡三アセットマネジメント, 岡三リサーチセンター, 岡三フィナンシャルホールディングス"", ""会社名: 岡三, 岡三証券, 岡三グループ, OKASAN, OKASAN SECURITIES,\nブランド名: 岡三オンライン, 岡三ネットトレード, 岡三アセットマネジメント, 岡三ファンド, 岡三リサーチセンター""]"
86130,８６１３０,丸三証券,金融（除く銀行）,Marusan Securities|丸三|Marusan|丸三証|8613,,"[""会社名: 丸三証券, Marusan Securities, Marusan Shoken,\nブランド名: ありません"", ""会社名: 丸三, Marusan, 丸三証, 8613, Marusan Securities  \nブランド名: ありません"", ""会社名: 丸三, 丸三証, 8613, Marusan,\nブランド名: 特に一般的なブランド名や製品名は確認できません。""]"
86140,８６１４０,東洋証券,金融（除く銀行）,TOYO SECURITIES|東洋|TOYO|東洋証,該当なし,"[""会社名: 東洋証券, TOYO SECURITIES,\nブランド名:"", ""会社名: 東洋, 東洋証, TOYO,\nブランド名:"", ""会社名: 東洋証券, TOYO, TOYO SECURITIES, 8614, 東洋,\nブランド名: 該当なし""]"
86160,８６１６０,東海東京フィナンシャル・ホールディングス,金融（除く銀行）,東海東京|東海東京FH|Tokai Tokyo|東海東京フィナンシャル|東海東京フィナンシャル・,とうしん|とうしんダイレクト|とうしんプラス|とうしんファンド,"[""会社名: 東海東京, 東海東京FH, Tokai Tokyo,\nブランド名: とうしん, とうしんダイレクト, とうしんファンド, とうしんプラス, とうしんネット"", ""会社名: 東海東京, 東海東京FH, 東海東京フィナンシャル, Tokai Tokyo, 東海東京HD  \nブランド名: とうしん, 東海東京証券, 東海東京アセットマネジメント, 東海東京キャピタル, 東海東京リサーチ"", ""会社名: 東海東京, 東海東京FH, 東海東京フィナンシャル,\nブランド名: とうしん, とうしんダイレクト, とうしんネット, とうしんプラス, とうしんアプリ""]"
86220,８６２２０,水戸証券,金融（除く銀行）,Mito Securities|Mito Shoken|みとしょうけん|みと証|水戸,該当なし,"[""会社名: 水戸証券, Mito Securities,\nブランド名: ありません。"", ""会社名: 水戸証券, Mito Securities, Mito Shoken, みとしょうけん, みと証,\nブランド名: 該当なし"", ""会社名: 水戸証券, 水戸, みと証券, MITO, 86220,\nブランド名: 該当なし""]"
86240,８６２４０,いちよし証券,金融（除く銀行）,いちよし|Ichiyoshi|Ichiyoshi Securities|8624,いちよしダイレクト|いちよしファンド|いちよしリサーチ|いちよしプライベートバンク,"[""会社名: いちよし, Ichiyoshi,\nブランド名:"", ""会社名: いちよし, いちよし証券, Ichiyoshi Securities, Ichiyoshi,\nブランド名: いちよしダイレクト, いちよしファンド, いちよしリサーチ, いちよしアセットマネジメント, いちよしプライベートバンク"", ""会社名: いちよし, いちよし証券, 8624,\nブランド名: 該当なし""]"
86280,８６２８０,松井証券,金融（除く銀行）,松井|松井証|Matsui|Matsui Securities,ネットストック|Matsui FX|Matsui Trade|松井証券ネットストック|Matsui Fund,"[""会社名: 松井, Matsui Securities, 松井証, Matsui, 松井証券株式会社  \nブランド名: ネットストック, Matsui FX, Matsui Trade, Matsui Fund, Matsui Robo"", ""会社名: 松井, 松井証, Matsui,\nブランド名: ネットストック, 松井証券ネットストック, Matsui FX, Matsui Securities, Matsui Trade"", ""会社名: 松井, 松井証, 松井証券,  \nブランド名: ネットストック, 松井証券ネットストック, 松井証券FX, 松井証券株アプリ, 松井証券投信アプリ""]"
86300,８６３００,ＳＯＭＰＯホールディングス,金融（除く銀行）,SOMPO|SOMPO Holdings|SOMPO Group|ＳＯＭＰＯ,SOMPOひまわり生命|SOMPOケア|SOMPOリスクマネジメント|SOMPOサステナビリティ|SOMPOパートナーズ,"[""会社名: SOMPO, SOMPO HD, SOMPO Holdings, SOMPO Group, SOMPOホールディングス,\nブランド名: SOMPOひまわり生命, SOMPOケア, SOMPOリスクマネジメント, SOMPOサステナビリティ, SOMPOパートナーズ"", ""会社名: SOMPO, SOMPO HD, SOMPO Holdings, 損保HD, 損保ホールディングス  \nブランド名: そんぽ24, SOMPOケア, SOMPOひまわり生命, SOMPOリスクマネジメント, SOMPOサステナビリティ"", ""会社名: SOMPO, SOMPO HD, SOMPOホールディングス, SOMPOグループ, SOMPOジャパン,\nブランド名: SOMPOケア, SOMPOひまわり生命, SOMPOリスクマネジメント, SOMPOパートナーズ, SOMPOサステナビリティ""]"
86970,８６９７０,日本取引所グループ,金融（除く銀行）,JPX|日本取引所|Japan Exchange Group,東証|大証|TOCOM|J-GATE|arrowhead,"[""会社名: JPX, 日本取引所, Japan Exchange Group, 日本取引所グループ, 日本取引所グループ株式会社  \nブランド名: 東証, 大証, TOCOM, J-GATE, arrowhead"", ""会社名: JPX, 日本取引所, 日本取引所グループ, Japan Exchange Group, 東証,\nブランド名: 東証一部, 東証二部, マザーズ, JASDAQ, ETF市場"", ""会社名: JPX, 日本取引所, 日本取引所グループ,\nブランド名: 東証, 大証, J-GATE, arrowhead, TOCOM""]"
86980,８６９８０,マネックスグループ,金融（除く銀行）,マネックス|Monex|Monex Group|MG,マネックス証券|TradeStation|Coincheck|マネックスクリプトバンク,"[""会社名: マネックス, Monex,\nブランド名: マネックス証券, TradeStation, Coincheck, マネックスアセットマネジメント, マネックスクリプトバンク"", ""会社名: マネックス, Monex, マネックスグループ, Monex Group, MG  \nブランド名: マネックス証券, TradeStation, マネックスカード, マネックスアセットマネジメント, マネックスクリプトバンク"", ""会社名: マネックス, マネックスG, マネックスグループ,\nブランド名: マネックス証券, TradeStation, Coincheck, マネックスアセットマネジメント, マネックスSP信託銀行""]"
87060,８７０６０,極東証券,金融（除く銀行）,Kyokuto Securities|Kyokuto|極東|87060,,"[""会社名: 極東証券, Kyokuto Securities, Kyokuto,\nブランド名: 申し訳ありませんが、極東証券の代表的なブランド名や製品名に関する具体的な情報はありません。"", ""申し訳ありませんが、「極東証券」（証券コード: 87060）に関する具体的な略称やブランド名についての情報は持ち合わせていません。一般的に、企業の略称やブランド名は公式な情報源や企業のウェブサイト、または業界内での通称として知られているものを参照する必要があります。公式な情報を確認することをお勧めします。"", ""会社名: 極東証券, 極東, 87060,  \nブランド名: 申し訳ありませんが、極東証券の特定のブランド名や製品名についての情報は持ち合わせていません。""]"
87070,８７０７０,岩井コスモホールディングス,金融（除く銀行）,岩井コスモ|IwaiCosmo|IwaiCosmo Holdings,なし|該当なし,"[""会社名: 岩井コスモ, 岩井コスモ証券, 岩井コスモHD, IwaiCosmo, IwaiCosmo Holdings  \nブランド名: なし"", ""会社名: 岩井コスモ, 岩井, コスモ, Iwai Cosmo, ICHD  \nブランド名: 該当なし"", ""会社名: 岩井コスモ, 岩井コスモ証券,\nブランド名: なし""]"
87080,８７０８０,アイザワ証券グループ,金融（除く銀行）,アイザワ証券|Aizawa Securities|Aizawa|Aizawa Group,アイザワネットトレード|アイザワファンド|アイザワ資産運用|アイザワリサーチ|アイザワプライベートバンク,"[""会社名: アイザワ証券, Aizawa Securities, Aizawa, アイザワ,\nブランド名: アイザワネットトレード, アイザワファンド, アイザワ資産運用, アイザワリサーチ, アイザワプライベートバンク"", ""会社名: アイザワ, Aizawa, Aizawa Securities, アイザワ証券, Aizawa Group  \nブランド名: アイザワ証券ネットトレード, Aizawa Direct, アイザワ証券投資信託, アイザワ証券株式, アイザワ証券FX"", ""会社名: アイザワ証券, アイザワ, AIZAWA,\nブランド名: なし""]"
87130,８７１３０,フィデアホールディングス,銀行,フィデア|Fidea Holdings|FH,きらやか銀行|荘内銀行|きらやかダイレクト|荘内ダイレクト|フィデアカード,"[""会社名: フィデア, Fidea Holdings, フィデアHD, フィデアホールディングス,\nブランド名: きらやか銀行, 荘内銀行, きらやかダイレクト, 荘内ダイレクト, フィデアカード"", ""申し訳ありませんが、「フィデアホールディングス」（証券コード: 87130）に関する具体的な略称やブランド名の情報は私のデータベースには含まれていません。一般的に、企業の略称やブランド名は公式な情報や市場での認知度に基づいて変わることがありますので、公式な資料や市場の情報を確認することをお勧めします。"", ""会社名: フィデア, フィデアHD, FH, フィデアホ, フィデアホール,\nブランド名: なし""]"
87140,８７１４０,池田泉州ホールディングス,銀行,池田泉州HD|ISHD,いけしん|いけだしんしゅう|いけだ,"[""申し訳ありませんが、「池田泉州ホールディングス」に関する具体的な略称やブランド名の情報は持ち合わせていません。一般的には、企業の略称やブランド名は公式ウェブサイトやプレスリリース、金融ニュースなどで確認することができます。"", ""申し訳ありませんが、「池田泉州ホールディングス」（証券コード: 87140）に関する具体的な略称やブランド名の情報は私のデータベースには含まれていません。一般的には、企業の略称やブランド名は公式ウェブサイトや金融情報サイトで確認することができます。"", ""会社名: 池田泉州HD, 池田泉州, ISHD, \nブランド名: いけしん, いけだしんしゅう, いけだ, しんしゅう, いけしんバンク""]"
87150,８７１５０,アニコム　ホールディングス,金融（除く銀行）,アニコム|Anicom Holdings|Anicom,どうぶつ健保|anifull|anicom Pafe|anicom Pet|anicom Insurance,"[""会社名: アニコム, アニコムHD, Anicom Holdings, アニコムホールディングス,\nブランド名: どうぶつ健保, anifull, anicom Pafe, anicom Pet, anicom Insurance"", ""会社名: アニコム, アニコムHD, アニコムホールディングス, Anicom,\nブランド名: どうぶつ健保, anifull, Anicom Pafe, Anicom Pet, Anicom Insurance"", ""会社名: アニコム, アニコムHD, アニコムホールディングス,  \nブランド名: どうぶつ健保, anifull,anicom pafe,anicom concierge,anicom pet care""]"
87250,８７２５０,ＭＳ＆ＡＤインシュアランスグループホールディングス,金融（除く銀行）,MS&AD|MS&AD Insurance Group|ＭＳ＆ＡＤインシュアランスグループ,三井住友海上|あいおいニッセイ同和損保|Mitsui Sumitomo Insurance|Aioi Nissay Dowa Insurance|MSI Aioi Life,"[""会社名: MS&AD, MS&ADインシュアランス, MS&ADホールディングス, MS&AD Insurance Group, MS&AD Holdings  \nブランド名: 三井住友海上, あいおいニッセイ同和損保, Mitsui Sumitomo Insurance, Aioi Nissay Dowa Insurance, MSI Aioi Life"", ""会社名: MS&AD, MS&ADインシュアランス, MS&ADホールディングス, MS&ADグループ, MS&AD Insurance Group\nブランド名: 三井住友海上, あいおいニッセイ同和損保, 三井ダイレクト損保, Mitsui Sumitomo Insurance, Aioi Nissay Dowa Insurance"", ""会社名: MS&AD, MS&ADインシュアランス, MS&ADホールディングス, MS&ADグループ, 8725,\nブランド名: 三井住友海上, あいおいニッセイ同和損保, Mitsui Sumitomo Insurance, Aioi Nissay Dowa Insurance, InterRisk Research Institute & Consulting""]"
87390,８７３９０,スパークス・グループ,金融（除く銀行）,スパークス|SPARX|SPARX Group|スパークスAM|スパークス・,スパークス・アセット・マネジメント|スパークス・インベストメント|スパークス・グリーン・エナジー&テクノロジー|スパークス・ジャパン・スモール・キャップ|スパークス・アジア・パシフィック・エクイティ,"[""会社名: スパークス, スパークス・グループ, SPARX,\nブランド名: スパークス・アセット・マネジメント, スパークス・グリーン・エナジー&テクノロジー, スパークス・ジャパン・スモール・キャップ, スパークス・アジア・パシフィック・エクイティ, スパークス・ジャパン・エクイティ"", ""会社名: スパークス, スパークス・グループ, SPARX, SPARX Group, スパークスAM  \nブランド名: スパークス・ジャパン・ファンド, スパークス・グリーン・エナジー&テクノロジー・ファンド, スパークス・アジア・ファンド, スパークス・インベストメント, スパークス・グローバル・ファンド"", ""会社名: スパークス, スパークス・グループ, SPARX, SPARX Group, 8739,\nブランド名: スパークス・アセット・マネジメント, SPARX Asset Management, スパークス・グリーンエナジー＆テクノロジー, SPARX Green Energy & Technology, スパークス・インベストメント, SPARX Investment""]"
87500,８７５００,第一生命ホールディングス,金融（除く銀行）,第一生命|DAI-ICHI|Dai-ichi Life|8750|Dai-ichi,じぶんの積立|U-29|みらいのカタチ|Bright Way|Neo First Life,"[""会社名: 第一生命, Dai-ichi Life, Dai-ichi, DAI-ICHI, 8750,\nブランド名: じぶんの積立, U-29, みらいのカタチ, Bright Way, Neo First Life"", ""会社名: 第一生命, Dai-ichi Life, DAI-ICHI, 8750, Dai-ichi Holdings  \nブランド名: じぶんの積立, U-29, みらいのカタチ, Bright Way, Neo First Life"", ""会社名: 第一生命, 第一生命HD, DAI-ICHI, DAI-ICHI LIFE, DAI-ICHI HOLDINGS,\nブランド名: ジブラルタ生命, ネオファースト生命, 第一フロンティア生命, かんぽ生命, みらい創造プロジェクト""]"
87660,８７６６０,東京海上ホールディングス,金融（除く銀行）,東京海上|TMNF|Tokio Marine|Tokio Marine Holdings,超保険|トータルアシスト|東京海上日動|Super Insurance|Nisshin Fire,"[""会社名: 東京海上, TMNF, Tokio Marine, 東京海上HD, Tokio Marine Holdings  \nブランド名: 東京海上日動, Super Insurance, Nisshin Fire, E.design Insurance, Hoken Minna No Madoguchi"", ""会社名: 東海, TMNF, 東京海上, Tokio Marine, TMHD  \nブランド名: 超保険, トータルアシスト, NEXt, Super Business Insurance, CyberEdge"", ""会社名: 東京海上, TMNF, 東京海上HD, 東京海上グループ, 東京海上日動,\nブランド名: 超保険, トータルアシスト, ちょいのり保険, ちょいのり, ちょいのりワイド""]"
87710,８７７１０,イー・ギャランティ,金融（除く銀行）,イーギャラ|eGuarantee|イーギャランティ|イーギャラ社|EG,eGuaranteeサービス|eGファクタリング|eG保証サービス|eG信用保証|eGリスク管理,"[""会社名: イーギャラ, eGuarantee, イーギャランティ,\nブランド名: eGuaranteeサービス, eGファクタリング, eG保証サービス, eG信用保証, eGリスク管理"", ""会社名: イーギャラ, eGuarantee, イーギャランティ,\nブランド名: eGuaranteeサービス, eG保証サービス, eGファクタリング, eG信用保証, eGリスク管理"", ""会社名: イーギャラ, イーギャラ社, EG, イーG, イーガラ,\nブランド名: あんしん保証, 取引保証, 売掛保証, 企業保証, 信用保証,""]"
87930,８７９３０,ＮＥＣキャピタルソリューション,金融（除く銀行）,NECキャピタル|NECキャピタルソリューションズ|NECキャピ|NEC Capital Solutions|NEC Capital,...|Biz-Assist|Biz-Assist Neo|Biz-Assist Light|Biz-Assist Lease,"[""会社名: NECキャピタル, NECキャピタルソリューションズ, NEC Capital Solutions, NEC Capital, NECキャピ\nブランド名: ..."", ""会社名: NECキャピ, NECキャピタル, NECキャピタルソリューションズ, NEC Capital Solutions, NEC CS  \nブランド名: Biz-Assist, Biz-Assist Neo, Biz-Assist Light, Biz-Assist Lease, Biz-Assist Finance"", ""会社名: NECキャピタル, NECキャピ, NECキャピタルソリューションズ, NECキャピタルソリューション株式会社, NECキャピタルソリューションズ株式会社  \nブランド名: 特定のブランド名や製品名は一般的に公開されていない可能性があります。""]"
87950,８７９５０,Ｔ＆Ｄホールディングス,金融（除く銀行）,T&D|T&D Holdings|8795|Ｔ＆Ｄ,太陽生命|大同生命|T&Dフィナンシャル生命|Pet & Family|T&Dアセットマネジメント,"[""会社名: T&D, T&Dホールディングス, T&D Holdings, T&D HD,\nブランド名: 太陽生命, 大同生命, T&Dフィナンシャル生命, Pet & Family, T&Dアセットマネジメント"", ""会社名: T&D, T&Dホールディングス, T&D Holdings, 8795, T&D HD  \nブランド名: 太陽生命, 大同生命, T&Dフィナンシャル生命"", ""会社名: T&D, T&DHD, T&Dホールディングス,\nブランド名: Taiyo Life, Daido Life, T&D Financial Life, Pet & Family Insurance, T&D Asset Management""]"
87980,８７９８０,アドバンスクリエイト,金融（除く銀行）,アドクリ|AC|Advance Create|アドバンス|クリエイト,保険市場|保険クリニック|保険市場 for business|保険市場レディース|保険市場キッズ,"[""会社名: アドクリ, Advance Create, AC,\nブランド名: 保険市場, 保険市場 for business, 保険市場レディース, 保険市場キッズ, 保険市場シニア"", ""会社名: アドクリ, アドバンス, クリエイト, AC, Advance Create  \nブランド名: 保険市場, 保険クリニック, 保険コネクト"", ""会社名: アドクリ, AC, アドバンス, クリエイト, 87980,\nブランド名: 保険市場, みんなの保険アドバイザー, 保険クリニック, 保険ナビ, 保険プランナー""]"
88010,８８０１０,三井不動産,不動産,三井不|Mitsui Fudosan|MF|Mitsui Real Estate|三井,LaLaport|Mitsui Outlet Park|三井アウトレットパーク|ららぽーと|三井ガーデンホテルズ,"[""会社名: 三井不, Mitsui Fudosan, Mitsui Real Estate, MF, 三井不動産グループ  \nブランド名: 三井アウトレットパーク, ららぽーと, 三井ガーデンホテルズ, 日本橋三井タワー, 三井ショッピングパーク"", ""会社名: 三井不, Mitsui Fudosan, MF, Mitsui Real Estate, 三井不動産,\nブランド名: LaLaport, Mitsui Outlet Park, 三井ガーデンホテル, COREDO, MID都市開発,"", ""会社名: 三井不, 三井不動産, Mitsui Fudosan, MF, 8801,\nブランド名: LaLaport, Mitsui Outlet Park, Tokyo Midtown, Mitsui Garden Hotels, Mitsui Shopping Park,""]"
88020,８８０２０,三菱地所,不動産,Mitsubishi Estate|MEC|三菱|三菱地所グループ,丸の内|ザ・パークハウス|ザ・パークレジデンス|ザ・パークタワー|赤坂インターシティ,"[""会社名: 三菱地所, Mitsubishi Estate, MEC  \nブランド名: 丸の内, 赤坂インターシティ, 横浜ランドマークタワー, サンシャインシティ, ロイヤルパークホテルズ"", ""会社名: 三菱地所, 三菱, Mitsubishi Estate, MEC,\nブランド名: ザ・パークハウス, ザ・パークワン, ザ・パークレジデンス, ザ・パークホームズ, ザ・パークタワー"", ""会社名: 三菱地所, 三菱地所グループ, 三菱地所株式会社, 三菱地所REIT, 三菱地所リアルエステートサービス,\nブランド名: 丸の内, パークハウス, ザ・パークハウス, ザ・パークタワー, ザ・パークレジデンス""]"
88030,８８０３０,平和不動産,不動産,Heiwa Real Estate|HRE|平和|HEIWA,賃貸事業|開発事業|投資事業|管理事業,"[""会社名: 平和不動産, Heiwa Real Estate, HRE,\nブランド名: 不動産事業, 賃貸事業, 開発事業, 投資事業, 管理事業"", ""申し訳ありませんが、「平和不動産」（証券コード: 88030）に関する具体的な略称やブランド名の情報は私のデータベースには含まれていません。一般的に企業の略称やブランド名は、公式な情報源や業界内での使用に基づいています。公式な情報や業界のトレンドを確認することをお勧めします。"", ""会社名: 平和不動産, 平和, HEIWA, 88030,\nブランド名: ありません""]"
88040,８８０４０,東京建物,不動産,Tokyo Tatemono|Tatemono|東建|TTK,なし|Brillia|Brillia Towers|Brillia ist|Brillia City,"[""会社名: 東京建物, Tokyo Tatemono, Tatemono,\nブランド名: Brillia, Brillia Towers, Brillia ist, Brillia City, Brillia Mare"", ""会社名: 東建, Tokyo Tatemono, TTK,\nブランド名: Brillia, Brillia ist, Brillia Towers, Brillia City, Brillia ist Tower"", ""会社名: 東建, 東京建物, Tatemono, TTK, TKB,\nブランド名: Brillia, なし, なし, なし, なし""]"
88180,８８１８０,京阪神ビルディング,不動産,京阪神ビル|京阪神|Keihanshin Building|KHB,,"[""会社名: 京阪神ビル, 京阪神ビルディング, Keihanshin Building,\nブランド名:"", ""会社名: 京阪神ビル, 京阪神, KHB, 京阪神ビルディング,\nブランド名: ありません"", ""会社名: 京阪神ビル, 京阪神, KBC,\nブランド名: ありません""]"
88300,８８３００,住友不動産,不動産,住友不|Sumitomo Realty|Sumitomo Realty & Development|SRD|住友,シティタワー|シティハウス|グランドヒルズ|シティテラス|ガーデンヒルズ,"[""会社名: 住友不動産, Sumitomo Realty & Development, 住友不, SRD, 住友RD  \nブランド名: シティタワー, シティハウス, グランドヒルズ, ガーデンヒルズ, シティテラス"", ""会社名: 住友不, Sumitomo Realty, 住友不動産,\nブランド名: シティタワー, グランドヒルズ, シティハウス, シティテラス, シティタワーズ"", ""会社名: 住友不, 住不, Sumitomo Realty, SR, 8830,\nブランド名: シティタワー, グランドヒルズ, シティハウス, シティテラス, スカイガーデン""]"
88410,８８４１０,テーオーシー,不動産,TOC|TOC Co.|Ltd.|テーオーシー株式会社,,"[""申し訳ありませんが、「テーオーシー」（証券コード: 88410）についての具体的な略称やブランド名の情報は持ち合わせていません。一般的には、企業の略称やブランド名は公式ウェブサイトやプレスリリース、または金融ニュースなどで確認することができます。"", ""申し訳ありませんが、テーオーシー（証券コード: 88410）についての具体的な略称やブランド名の情報は持ち合わせていません。一般的に、企業の略称やブランド名は公式のウェブサイトやプレスリリース、または業界の専門メディアで確認することができます。"", ""会社名: TOC, テーオーシー, TOC Co., Ltd., テーオーシー株式会社, 88410,\nブランド名: ありません。""]"
88480,８８４８０,レオパレス２１,不動産,レオパレス|レオパレス21|Leopalace21|Leopalace|レオパ,レオパレスリゾート|レオパレス21|レオパレス21アパートメント,"[""会社名: レオパレス, レオパレス21, Leopalace21, Leopalace,\nブランド名: レオパレス21アパートメント, レオパレスリゾート, レオパレスセンター, レオパレスホテル, レオパレスパートナーズ"", ""会社名: レオパレス, レオパ, Leopalace21, Leopalace, LP21  \nブランド名: レオパレス21, Leopalace21 Apartments, Leopalace Resort, Leopalace Hotels, Leopalace Partners"", ""会社名: レオパレス, レオパ, LP21, レオパレス21, レオ,\nブランド名: レオパレス21, あぱマン, レオネット, レオパレスリゾート, レオパレスセンター""]"
88500,８８５００,スターツコーポレーション,不動産,スターツ|Starts Corporation|スターツコーポ,ピタットハウス|スターツホテル|スターツ出版|センチュリー21|スターツアメニティーサービス,"[""会社名: スターツ, Starts Corporation, スターツコーポレーション,\nブランド名: ピタットハウス, センチュリー21, スターツホテル, スターツ出版, スターツアメニティーサービス"", ""会社名: スターツ, スターツコーポ, Starts Corporation, スターツグループ, スターツ社  \nブランド名: ピタットハウス, スターツ出版, スターツホテル, スターツツーリスト, スターツデベロップメント"", ""会社名: スターツ, スターツコーポ, スターツCorp,\nブランド名: ピタットハウス, センチュリー21, スターツホテル, スターツ出版, スターツアメニティサービス""]"
88600,８８６００,フジ住宅,不動産,FUJI|フジ|8860,フジホーム|フジタウン|フジヴィラ,"[""申し訳ありませんが、「フジ住宅」（証券コード: 88600）に関する具体的な略称やブランド名の情報は持っていません。一般的に、企業の略称やブランド名は公式ウェブサイトやプレスリリースで確認できることが多いです。公式な情報源を参照することをお勧めします。"", ""会社名: フジ住宅, FUJI, フジ,\nブランド名: フジパレス, フジホーム, フジタウン, フジヴィラ, フジガーデン"", ""会社名: フジ住宅, FUJI, フジ, 8860,\nブランド名: すまいのフジ, フジホーム, フジタウン, フジマンション, フジヴィラ""]"
88640,８８６４０,空港施設,不動産,Kuko Shisetsu|Airport Facilities Co.|Ltd.|KASCO,,"[""会社名: 空港施設, Kuko Shisetsu, Airport Facilities Co., Ltd.,\nブランド名:"", ""申し訳ありませんが、「空港施設」（証券コード: 88640）に関する具体的な略称やブランド名についての情報は持ち合わせていません。一般的に、企業の略称やブランド名は公式な情報源や企業のウェブサイトで確認することができます。"", ""会社名: 空港施設, KASCO, Kuko Shisetsu,\nブランド名: ありません。""]"
88690,８８６９０,明和地所,不動産,明和|MEIWA,パークホームズ|パークタワー|パークコート,"[""申し訳ありませんが、「明和地所」についての具体的な略称やブランド名の情報は私のデータベースには含まれていないようです。一般的には、企業の略称やブランド名は公式ウェブサイトや金融ニュース、企業のプレスリリースなどで確認することができます。"", ""申し訳ありませんが、「明和地所」（証券コード: 88690）についての具体的な略称やブランド名の情報は、私のデータベースには含まれていません。一般的に企業の略称やブランド名は、公式な情報源や企業のウェブサイト、またはSNS上での使用例を確認することで得られることが多いです。具体的な情報をお求めの場合は、これらの情報源を参照することをお勧めします。"", ""会社名: 明和地所, 明和, MEIWA,\nブランド名: パークホームズ, パークタワー, パークコート, パークシティ, パークハウス""]"
88710,８８７１０,ゴールドクレスト,不動産,GC|Goldcrest|ゴルクレ,ゴールドクレストタワー|ゴールドクレストレジデンス|ゴールドクレストマンション|ゴールドクレストヴィラ|ゴールドクレストガーデン,"[""会社名: ゴールドクレスト, GC, Goldcrest,\nブランド名: ゴールドクレストマンション, ゴールドクレストタワー, ゴールドクレストレジデンス, ゴールドクレストヴィラ, ゴールドクレストガーデン"", ""会社名: ゴルクレ, GC,\nブランド名: ゴールドクレストタワー, ゴールドクレストレジデンス, クレストシティ, クレストプライムレジデンス, クレストフォルム"", ""申し訳ありませんが、「ゴールドクレスト」（証券コード: 88710）に関する具体的な略称やニックネーム、ブランド名、製品名についての情報は持ち合わせていません。一般的に企業名がそのまま使われることが多いですが、特定の略称やニックネームがある場合は、金融ニュースや業界内での使用例を参照する必要があります。""]"
88760,８８７６０,リログループ,情報通信・サービスその他,リロ|Relo Group|Relo,リロクラブ|リロケーションジャパン,"[""申し訳ありませんが、「リログループ」（証券コード: 88760）についての具体的な略称やブランド名のリストを提供することはできません。ただし、一般的に企業の略称やブランド名は、企業の公式ウェブサイトや金融ニュース、投資家向け資料などで確認することができます。"", ""申し訳ありませんが、「リログループ」（証券コード: 88760）についての具体的な略称やブランド名のリストを提供することはできません。リログループは日本の企業であり、SNSやトレーダー間での通称やブランド名についての情報は、私のトレーニングデータには含まれていない可能性があります。一般的には、企業の公式ウェブサイトや投資家向けの資料で確認することができます。"", ""会社名: リロ, リログループ, Relo Group, リロホールディングス, Relo,\nブランド名: リロクラブ, リロケーションジャパン, リロエステート, リロバケーション, リロエージェント""]"
88770,８８７７０,エスリード,不動産,Eslead|ESLD|エスリ,エスリードマンション|エスリードレジデンス|エスリードタワー|エスリードガーデン|エスリードシティ,"[""会社名: エスリード, Eslead,\nブランド名: エスリードマンション, エスリードレジデンス, エスリードタワー, エスリードガーデン, エスリードシティ"", ""会社名: エスリード, Eslead, ESLD, エスリ,\nブランド名: エスリードマンション, エスリードタワー, エスリードレジデンス, エスリードガーデン, エスリードパーク"", ""会社名: エスリード,  \nブランド名: 申し訳ありませんが、エスリードに関連する具体的なブランド名や製品名の情報は持っていません。""]"
88810,８８８１０,日神グループホールディングス,不動産,日神グループ|Nisshin Group|Nisshin Holdings,日神パレステージ|日神レジデンス|日神デュオステージ|日神アーバンステージ|日神グランデュオ,"[""会社名: 日神グループ, 日神HD, Nisshin Group, Nisshin Holdings, Nisshin GHD  \nブランド名: 日神パレステージ, 日神デュオステージ, 日神アーバンステージ, 日神レジデンス, 日神グランデュオ"", ""会社名: 日神, 日神グループ, Nisshin Group, Nisshin Holdings, 日神HD  \nブランド名: 日神パレステージ, パレステージ, 日神レジデンス, レジデンスシリーズ, 日神アーバンプレイス"", ""会社名: 日神GHD, 日神グループ, 日神HD, 日神, NGHD,\nブランド名: プラウドシティ, プラウドタワー, プラウドシーズン, プラウドレジデンス, プラウドフラット,""]"
88920,８８９２０,日本エスコン,不動産,エスコン|ESCON|Nihon Escon|Escon Japan,エスコンタワー|エスコンガーデン|レジデンスエスコン|エスコンヒルズ,"[""会社名: 日本エスコン, ESCON, Nihon Escon, Escon Japan, エスコン\nブランド名: レジデンスエスコン, エスコンヒルズ, エスコンタワー, エスコンガーデン, エスコンプラザ"", ""会社名: 日本エスコン, エスコン,\nブランド名: エスコンシティ, エスコンタワー, エスコンガーデン, エスコンヴィレッジ, エスコンプラザ"", ""会社名: エスコン, ESCON, 日本エスコン,\nブランド名: エスコンフィールド, エスコンタワー, エスコンレジデンス, エスコンガーデン, エスコンプラザ""]"
88970,８８９７０,ＭＩＲＡＲＴＨホールディングス,不動産,ＭＩＲＡＲＴＨ,,"[""申し訳ありませんが、「ＭＩＲＡＲＴＨホールディングス」（証券コード: 88970）に関する具体的な略称やブランド名の情報は手元にありません。一般的には、企業の略称やブランド名は公式ウェブサイトやプレスリリース、または金融ニュースなどで確認することができます。"", ""申し訳ありませんが、「ＭＩＲＡＲＴＨホールディングス」（証券コード: 88970）についての具体的な略称やブランド名の情報は持ち合わせていません。一般的に、企業の略称やブランド名は公式ウェブサイトやプレスリリース、または業界内での通称から得られることが多いです。公式な情報源を確認することをお勧めします。"", ""申し訳ありませんが、「ＭＩＲＡＲＴＨホールディングス」に関する具体的な略称やブランド名、製品名についての情報は持っていません。一般的に、企業の略称やブランド名は公式の発表や業界の慣習によって異なるため、正確な情報を得るには公式のリリースや信頼できるニュースソースを参照することをお勧めします。""]"
89050,８９０５０,イオンモール,不動産,AEON MALL|イオン,イオンモール|AEON MALL|イオンレイクタウン|イオンモール幕張新都心|イオンモール岡山,"[""会社名: イオンモール, AEON MALL,\nブランド名: イオンモール, AEON MALL, イオンレイクタウン, イオンモール幕張新都心, イオンモール岡山"", ""申し訳ありませんが、「イオンモール」（証券コード: 89050）に関する具体的な略称やブランド名のリストを提供することはできません。ただし、一般的にイオンモールは「イオン」や「AEON」として知られています。また、イオンモール自体がブランド名として広く認識されています。具体的な製品名は通常ありませんが、イオンモール内にはさまざまなテナントや店舗が入っており、それらが提供する商品やサービスが利用されています。"", ""会社名: イオン, イオンモール,\nブランド名: イオンモール, イオンスタイル, イオンタウン, イオンラウンジ, イオンシネマ""]"
89180,８９１８０,ランド,不動産,ランド社|ランド株式会社|LAND|89180,該当なし,"[""申し訳ありませんが、具体的な証券コード「89180」に関連する企業情報やブランド名についての詳細なデータは持ち合わせていません。証券コードや企業名に関する情報は、最新の金融ニュースや公式な企業発表を参照することをお勧めします。"", ""会社名: ランド, ランド社, ランド株式会社, LAND,\nブランド名: ありません"", ""会社名: ランド, ランド社, ランド株式会社, 89180, ランドグループ,\nブランド名: 該当なし""]"
89190,８９１９０,カチタス,不動産,KATITAS|8919|中古住宅再生,なし|該当なし,"[""会社名: カチタス, KATITAS,\nブランド名: ありません"", ""会社名: カチタス, KATITAS, 8919,\nブランド名: なし"", ""会社名: カチタス, KATITAS, 8919, リフォーム会社, 中古住宅再生,\nブランド名: 該当なし""]"
89200,８９２００,東祥,情報通信・サービスその他,東祥株式会社|Tosho|Tosho Co.|Ltd.,ホリデイスポーツクラブ|ホリデイ|ホリデイフィットネス|Holiday Sports Club|Holiday,"[""会社名: 東祥, 東祥株式会社, Tosho, Tosho Co., Ltd.,\nブランド名: ホリデイスポーツクラブ, Holiday Sports Club, ホリデイ, Holiday, ホリデイフィットネス"", ""会社名: 東祥, TOHO SHOJI, 89200,\nブランド名: ホテルルートイン, スーパーホテル, ルートインホテルズ, ルートイン, ルートインジャパン"", ""会社名: 東祥, \nブランド名: ホリデイスポーツクラブ, ホリデイ, ホリデイフィットネス, ホリデイジム, ホリデイスポーツ""]"
89230,８９２３０,トーセイ,不動産,TOSEI|Tosei|8923,...,"[""会社名: トーセイ, TOSEI,\nブランド名: ..."", ""申し訳ありませんが、特定の企業に関する詳細な情報を提供することはできません。ただし、一般的に企業の略称やブランド名は公式ウェブサイトや投資情報サイトで確認することができます。"", ""会社名: トーセイ, Tosei, 8923,\nブランド名: 特に一般的なブランド名や製品名は確認できません。""]"
89340,８９３４０,サンフロンティア不動産,不動産,サンフロンティア|サンフロ|SF不動産|サンフロン,不動産再生事業|オフィスビル事業|賃貸事業,"[""会社名: サンフロンティア, サンフロ,\nブランド名: 申し訳ありませんが、サンフロンティア不動産の代表的なブランド名や製品名に関する具体的な情報は持っていません。"", ""会社名: サンフロ, サンフロンティア, SF不動産, サンフロン,\nブランド名: 不動産再生事業, ホテル事業, オフィスビル事業, 賃貸事業, 不動産管理事業"", ""会社名: サンフロ, サンフロンティア,\nブランド名: なし""]"
89350,８９３５０,ＦＪネクストホールディングス,不動産,FJネクスト|FJホールディングス|FJ Next Holdings|ＦＪネクスト,ガーラマンション|ガーラレジデンス|ガーラシティ|ガーラヒルズ|ガーラプレイス,"[""会社名: FJネクスト, FJネクストHD, FJ Next Holdings, FJ Holdings, FJネクストホールディングス\nブランド名: ガーラマンション, ガーラレジデンス, ガーラシティ, ガーラヒルズ, ガーラヴィスタ"", ""会社名: FJネクスト, FJホールディングス, FJHD, エフジェイネクスト, エフジェイHD  \nブランド名: ガーラマンション, ガーラレジデンス, ガーラシティ, ガーラプレイス, ガーラステーション"", ""会社名: FJネクスト, FJHD, ネクストHD, FJホールディングス, FJH,\nブランド名: ガーラマンション, ガーラレジデンス, ガーラシティ, ガーラプレイス, ガーラヒルズ""]"
89990,８９９９０,グランディハウス,不動産,グランディ|GH|グランディ社,該当なし,"[""申し訳ありませんが、「グランディハウス」（証券コード: 89990）に関する具体的な略称やブランド名についての情報は持ち合わせていません。一般的に、企業の略称やブランド名は公式ウェブサイトやプレスリリース、または業界のニュースなどで確認することができます。"", ""申し訳ありませんが、「グランディハウス」（証券コード: 89990）に関する具体的な略称やブランド名の情報は持ち合わせていません。一般的に、企業の略称やブランド名はSNSやトレーダーの間での使用状況によって異なるため、正確な情報を得るには関連するフォーラムやSNSでの言及を確認することをお勧めします。"", ""会社名: グランディ, グランディハウス, GH, グランディ社, グランディHD,\nブランド名: 該当なし""]"
90010,９００１０,東武鉄道,運輸・物流,東武|Tobu|Tobu Railway|東武鉄,東武百貨店|スカイツリーライン|東武動物公園|東武ワールドスクウェア|東武ホテル,"[""会社名: 東武, Tobu, 東武鉄道, Tobu Railway,\nブランド名: 東武百貨店, 東武ホテル, スカイツリーライン, 東武動物公園, 東武ワールドスクウェア"", ""会社名: 東武, Tobu, 東武鉄, 東武鉄道, Tobu Railway  \nブランド名: スカイツリーライン, 東武ワールドスクウェア, 東武動物公園, 東武百貨店, リバティ"", ""会社名: 東武, 東武鉄, TOBU, 東武鉄道,\nブランド名: スカイツリーライン, 東武ワールドスクウェア, 東武動物公園, 東武百貨店, 東武ホテル""]"
90030,９００３０,相鉄ホールディングス,運輸・物流,相鉄|Sotetsu,相鉄線|相鉄ローゼン|相鉄ジョイナス|相鉄ホテル|相鉄ライフ,"[""会社名: 相鉄, Sotetsu, 相鉄グループ, 相鉄HD, 相鉄ホールディングス,\nブランド名: 相鉄線, 相鉄ローゼン, 相鉄ホテル, 相鉄ジョイナス, 相鉄ライフ,"", ""会社名: 相鉄, Sotetsu, 相鉄HD, 相鉄ホールディングス, 90030  \nブランド名: 相鉄線, 相鉄ローゼン, 相鉄ジョイナス, 相鉄フレッサイン, 相鉄ライフ"", ""会社名: 相鉄, 相鉄HD, 相鉄ホールディングス, Sotetsu,\nブランド名: 相鉄線, 相鉄ジョイナス, 相鉄ローゼン, 相鉄ホテル, 相鉄不動産""]"
90050,９００５０,東急,運輸・物流,東急電鉄|東急グループ|Tokyu Corporation|Tokyu,東急百貨店|東急ハンズ|東急ホテルズ|渋谷ヒカリエ|東急ストア,"[""会社名: 東急, Tokyu Corporation, 東急電鉄, Tokyu, 東急グループ  \nブランド名: 東急百貨店, 東急ハンズ, 渋谷ヒカリエ, 東急プラザ, 東急ホテルズ"", ""会社名: 東急, Tokyu, 東急電鉄, 東急グループ, Tokyu Corporation  \nブランド名: 東急百貨店, 東急ストア, 東急ハンズ, 渋谷ヒカリエ, 東急ホテルズ"", ""会社名: 東急, 東急電鉄, 東急グループ, 東急株式会社, 東急コーポレーション,\nブランド名: 東急百貨店, 東急ハンズ, 東急ホテルズ, 東急ストア, 東急不動産""]"
90060,９００６０,京浜急行電鉄,運輸・物流,京急|京急電鉄|京浜急行|Keikyu|Keikyu Corporation,京急線|京急百貨店|京急ストア|京急バス,"[""会社名: 京急, Keikyu, 京急電鉄, Keikyu Corporation, 京浜急行\nブランド名: 京急線, 京急百貨店, 京急ストア, 京急EXイン, 京急ミュージアム"", ""会社名: 京急, Keikyu, 京急電鉄, 京浜急行, Keikyu Corporation  \nブランド名: 京急線, 京急バス, 京急ストア, 京急ホテル, 京急百貨店"", ""会社名: 京急, 京急電鉄, 京浜急行, 京浜急行電鉄, KEIKYU,\nブランド名: 京急線, 京急バス, 京急ストア, 京急ホテル, 京急百貨店""]"
90070,９００７０,小田急電鉄,運輸・物流,小田急|Odakyu|OER|Odakyu Electric Railway,小田急百貨店|小田急OX|ロマンスカー|小田急ホテルセンチュリー|小田急線,"[""会社名: 小田急, 小田急電鉄, Odakyu, Odakyu Electric Railway, OER,\nブランド名: ロマンスカー, 小田急線, 小田急百貨店, 小田急OX, 小田急ホテルセンチュリー,"", ""会社名: 小田急, 小田急電鉄, Odakyu, OER, 小田急線  \nブランド名: 小田急ロマンスカー, 小田急百貨店, 小田急OX, 小田急ホテルセンチュリー, 小田急サザンタワー"", ""会社名: 小田急, 小田急電鉄, OER, Odakyu, 小田急グループ,\nブランド名: ロマンスカー, 小田急百貨店, 小田急OX, 小田急ホテル, 小田急バス,""]"
90080,９００８０,京王電鉄,運輸・物流,京王|Keio|Keio Corporation,京王ストア|京王バス|京王線|京王ライナー,"[""会社名: 京王, Keio, 京王電鉄, 京王グループ, Keio Corporation  \nブランド名: 京王線, 京王ライナー, 京王ストア, 京王プラザホテル, 京王バス"", ""会社名: 京王, 京王電鉄, Keio,\nブランド名: 京王線, 京王ライナー, 京王バス, 京王ストア, 京王プラザホテル"", ""会社名: 京王, 京王電鉄, 京王グループ, 京王線, 京王電鉄株式会社  \nブランド名: 京王プラザホテル, 京王ストア, 京王百貨店, 京王バス, 京王リテールサービス""]"
90090,９００９０,京成電鉄,運輸・物流,京成|Keisei|Keisei Electric Railway,スカイライナー|京成バス|京成ホテル|京成ローザ,"[""会社名: 京成, Keisei,\nブランド名: スカイライナー, 京成バス, 京成ホテル, 京成ローザ, 京成カード"", ""会社名: 京成, Keisei, 京成電鉄, 京成グループ, Keisei Electric Railway  \nブランド名: スカイライナー, 京成バス, 京成ホテル, 京成ローザ, 京成ストア"", ""会社名: 京成, 京成電鉄, 京成グループ, 京成線, 京成鉄道,\nブランド名: スカイライナー, モーニングライナー, イブニングライナー, 京成バス, 京成ホテル,""]"
90100,９０１００,富士急行,運輸・物流,富士急|Fujikyu|Fuji-Q|富士山電車,富士急ハイランド|富士山駅|富士急バス|富士急ホテル|富士急行電鉄,"[""会社名: 富士急, 富士急行,\nブランド名: 富士急ハイランド, 富士山駅, 富士急バス, 富士急行電鉄, 富士急ホテル"", ""会社名: 富士急, 富士急行, Fujikyu, Fuji-Q, 富士山電車,\nブランド名: 富士急ハイランド, 富士山駅, 富士急バス, 富士急ケーブルカー, 富士急ホテル,"", ""会社名: 富士急, 富士急行, 富士急グループ, 富士急電鉄, 富士急行株式会社,\nブランド名: 富士急ハイランド, 富士山駅, 富士急バス, 富士急ホテル, 富士急リゾート,""]"
90200,９０２００,東日本旅客鉄道,運輸・物流,JR東日本|JR East|東日本JR|JR東,Suica|新幹線|VIEWカード|えきねっと|みどりの窓口,"[""会社名: JR東日本, JR East, 東日本JR, 東日本旅客鉄道,\nブランド名: Suica, 新幹線, みどりの窓口, VIEWカード, えきねっと"", ""会社名: JR東日本, JR East, 東日本旅客鉄道, 東日本JR, JR東  \nブランド名: Suica, 新幹線, えきねっと, VIEWカード, グリーン車"", ""会社名: JR東日本, 東日本JR, JR East, JR東, 東日本旅客鉄道,\nブランド名: Suica, 新幹線, えきねっと, VIEWカード, びゅうプラザ,""]"
90210,９０２１０,西日本旅客鉄道,運輸・物流,JR西日本|JR West|西日本JR|西鉄,サンダーバード|くろしお|しらさぎ|はるか|こうのとり,"[""会社名: JR西日本, JR West, 西日本JR, 西日本旅客鉄道,\nブランド名: サンダーバード, くろしお, しらさぎ, こうのとり, はるか"", ""会社名: JR西日本, JR West, 西鉄,\nブランド名: サンダーバード, くろしお, はるか, しらさぎ, こうのとり"", ""会社名: JR西日本, JR West, 西日本JR, 西JR, 西鉄,\nブランド名: サンダーバード, くろしお, しらさぎ, はるか, みずほ,""]"
90220,９０２２０,東海旅客鉄道,運輸・物流,JR東海|JR Central|東海JR|東海鉄道|Central Japan Railway,東海道新幹線|のぞみ|ひかり|こだま|リニア中央新幹線,"[""会社名: JR東海, JR Central, 東海JR, Central Japan Railway,\nブランド名: 東海道新幹線, のぞみ, ひかり, こだま, リニア中央新幹線"", ""会社名: JR東海, JR Central, 東海旅客, 東海鉄道, JR Tokai  \nブランド名: 東海道新幹線, のぞみ, ひかり, こだま, リニア中央新幹線"", ""会社名: JR東海, 東海旅客鉄道, JR Central, 東海JR, 東海鉄道,\nブランド名: 東海道新幹線, のぞみ, ひかり, こだま, リニア中央新幹線,""]"
90230,９０２３０,東京地下鉄,運輸・物流,東京メトロ|Metro|Tokyo Metro|TMC|TM,PASMO|メトロポイントクラブ|メトロミュージアム,"[""会社名: 東京メトロ, Metro, TMC, Tokyo Metro,\nブランド名: PASMO, メトロポイントクラブ, メトロミュージアム, メトロカード, メトロアプリ"", ""会社名: 東京メトロ, Metro, TM, Tokyo Metro, 東メト,\nブランド名: PASMO, メトロポイントクラブ, メトロカード, メトロアプリ, メトロミュージアム,"", ""会社名: 東京メトロ, メトロ,\nブランド名: PASMO, メトロポイントクラブ, メトロ24時間券, メトロパス, メトロリンク""]"
90240,９０２４０,西武ホールディングス,運輸・物流,西武HD|Seibu Holdings|SEIBU,プリンスホテル|西武鉄道|西武バス|西武ライオンズ|西武園ゆうえんち,"[""会社名: 西武HD, Seibu Holdings, 西武ホールディングス,\nブランド名: プリンスホテル, 西武鉄道, 西武バス, 西武ライオンズ, 西武園ゆうえんち"", ""会社名: 西武HD, 西武, Seibu Holdings, 西武ホールディングス,\nブランド名: プリンスホテル, 西武鉄道, 西武バス, 西武ライオンズ, 西武園ゆうえんち"", ""会社名: 西武HD, 西武, 西武ホールディングス, SEIBU,\nブランド名: プリンスホテル, 西武鉄道, 西武バス, 西武ライオンズ, 西武園ゆうえんち""]"
90250,９０２５０,鴻池運輸,運輸・物流,鴻池|Konoike|Konoike Transport|Konoike Unyu,情報が不足しています。|なし|該当なし,"[""会社名: 鴻池, Konoike Transport, Konoike,\nブランド名: 情報が不足しています。"", ""会社名: 鴻池, Konoike, 鴻池運輸,\nブランド名: なし"", ""会社名: 鴻池, 鴻池運輸, Konoike, Konoike Transport, Konoike Unyu,\nブランド名: 該当なし""]"
90310,９０３１０,西日本鉄道,運輸・物流,西鉄|Nishitetsu|NNR|Nishitetsu Group,西鉄ホテル|西鉄イン|nimoca|天神大牟田線|西鉄バス,"[""会社名: 西鉄, Nishitetsu, 西日本鉄道,\nブランド名: 西鉄バス, 西鉄電車, 西鉄ホテル, 西鉄イン, 西鉄ストア"", ""会社名: 西鉄, NNR, Nishitetsu, 西日本鉄道, Nishitetsu Group  \nブランド名: nimoca, 天神大牟田線, 福岡市内バス, 太宰府線, 西鉄ホテルズ"", ""会社名: 西鉄, 西鉄グループ, 西鉄電車, 西鉄バス, 西鉄不動産,\nブランド名: nimoca, 天神大牟田線, 西鉄ホテル, 西鉄イン, 西鉄旅行,""]"
90370,９０３７０,ハマキョウレックス,運輸・物流,ハマキョウ|ハマレックス|Hamakyorex|Hamatrex,該当なし,"[""会社名: ハマキョウ, ハマキョウレックス, Hamakyorex,\nブランド名: 申し訳ありませんが、ハマキョウレックスに関連する具体的なブランド名や製品名の情報は見つかりませんでした。"", ""会社名: ハマキョウ, ハマキョウレックス, ハマレックス, Hamatrex, Hamatrex Logistics,\nブランド名: 該当なし"", ""会社名: ハマキョウ, ハマレックス, HREX, Hama,\nブランド名: ありません。""]"
90390,９０３９０,サカイ引越センター,運輸・物流,サカイ|サカイ引越|Sakai|Sakai Moving,ひっこしのサカイ|小さな引越便|サカイの引越|まごころパック|サカイのトラック便,"[""会社名: サカイ, サカイ引越, Sakai, Sakai Moving, Sakai Moving Service,\nブランド名: 小さな引越便, ひっこしのサカイ, サカイの引越, まごころパック, サカイのトラック便"", ""会社名: サカイ, サカイ引越, サカイ引越センター, Sakai,\nブランド名: 小さな引越便, まごころパンダ, ひっこしのサカイ, まごころパック, ひっこしパンダ"", ""会社名: サカイ, サカイ引越, サカイ引越センター,\nブランド名: ひっこしのサカイ, パンダマーク, サカイの引越,""]"
90410,９０４１０,近鉄グループホールディングス,運輸・物流,近鉄|Kintetsu|Kintetsu Group|Kintetsu Holdings,近鉄百貨店|近鉄バス|近鉄不動産|近鉄レンタカー,"[""会社名: 近鉄, Kintetsu, 近鉄グループ, Kintetsu Group, Kintetsu Holdings\nブランド名: 近鉄百貨店, 近鉄バス, 近鉄不動産, 近鉄ホテル, 近鉄レンタカー"", ""会社名: 近鉄, Kintetsu, 近鉄グループ, Kintetsu Group, 近鉄HD  \nブランド名: 近鉄百貨店, 近鉄不動産, 近鉄バス, 近鉄ホテルシステムズ, 近鉄レンタカー"", ""会社名: 近鉄, 近鉄グループ, Kintetsu,\nブランド名: 近鉄百貨店, 近鉄不動産, 近鉄バス, 近鉄ホテル, 近鉄レジャーサービス""]"
90420,９０４２０,阪急阪神ホールディングス,運輸・物流,阪急阪神|阪急|阪神|H2Oリテイリング|HHH,阪急電鉄|阪神電鉄|阪急百貨店|阪神百貨店|宝塚歌劇団,"[""会社名: 阪急阪神, 阪急, 阪神,\nブランド名: 阪急電鉄, 阪神電鉄, 阪急百貨店, 阪神百貨店, 宝塚歌劇団"", ""会社名: 阪急阪神, 阪急, 阪神, H2Oリテイリング, HHH\nブランド名: 阪急電鉄, 阪神電鉄, 阪急百貨店, 阪神百貨店, 宝塚歌劇団"", ""会社名: 阪急阪神, 阪急, 阪神,\nブランド名: 阪急電鉄, 阪神電鉄, 阪急百貨店, 阪神百貨店, 宝塚歌劇団""]"
90440,９０４４０,南海電気鉄道,運輸・物流,南海|南海電鉄|Nankai|Nankai Electric Railway|南海鉄道,ラピート|サザン|こうや|りんかん|なんばCITY,"[""会社名: 南海, 南海電鉄, Nankai, Nankai Electric Railway,\nブランド名: ラピート, サザン, こうや, りんかん, みさき公園"", ""会社名: 南海, 南海電鉄, Nankai, Nankai Electric Railway, 南海鉄道  \nブランド名: ラピート, サザン, こうや, りんかん, なんばCITY"", ""会社名: 南海, 南海電鉄, 南海鉄道, 南海グループ, Nankai,\nブランド名: ラピート, サザン, こうや, りんかん, なんばCITY,""]"
90450,９０４５０,京阪ホールディングス,運輸・物流,京阪|京阪電鉄|Keihan Holdings|Keihan Electric Railway|Keihan,京阪電車|京阪バス|京阪モール|京阪ホテルズ,"[""申し訳ありませんが、「京阪ホールディングス」（証券コード: 90450）に関する具体的な略称やブランド名のリストを提供することはできません。ただし、一般的に日本の鉄道会社に関連する情報として、以下のような情報が考えられます。\n\n会社名: 京阪, 京阪電鉄, Keihan Holdings, Keihan Electric Railway,\nブランド名: 京阪電車, 京阪バス, 京阪ホテルズ, 京阪モール,\n\nこれらは一般的な情報であり、実際の使用頻度や正確性については、最新の金融ニュースや公式情報を確認することをお勧めします。"", ""申し訳ありませんが、「京阪ホールディングス」（証券コード: 90450）についての具体的な略称やニックネーム、ブランド名や製品名のリストを提供することはできません。しかし、一般的に日本の鉄道会社に関しては、以下のような形式で略称やブランド名が使われることがあります。\n\n会社名: 京阪, 京阪電鉄, Keihan,\nブランド名: 京阪電車, 京阪バス, 京阪ホテル, 京阪モール,\n\nこれらは一般的な例であり、実際の使用状況は異なる場合があります。最新の情報については、公式の資料や信頼できる情報源を確認してください"", ""会社名: 京阪, 京阪電鉄, 京阪HD, 京阪グループ, 京阪ホールディングス,\nブランド名: おけいはん, 京阪電車, 京阪バス, 京阪ホテル, 京阪モール""]"
90460,９０４６０,神戸電鉄,運輸・物流,神鉄|神戸電|Kobe Electric Railway|Kobe Dentetsu,なし|...,"[""会社名: 神鉄, Kobe Electric Railway, Kobe Dentetsu, Kōbe Dentetsu, 神戸電\nブランド名: なし"", ""会社名: 神鉄, Kobe Electric Railway, 神戸電, Kobe Dentetsu, 神戸電鉄  \nブランド名: ..."", ""会社名: 神鉄, 神戸電, 神戸電鉄, 神鉄電鉄, 神戸鉄道,\nブランド名: なし""]"
90480,９０４８０,名古屋鉄道,運輸・物流,名鉄|Meitetsu|名古屋鉄道株式会社|Nagoya Railroad,名鉄百貨店|名鉄バス|ミュースカイ|名鉄イン|名鉄グランドホテル,"[""会社名: 名鉄, Meitetsu, 名古屋鉄道株式会社, Nagoya Railroad,\nブランド名: ミュースカイ, 名鉄百貨店, 名鉄イン, 名鉄バス, 名鉄グランドホテル"", ""会社名: 名鉄, Meitetsu, 名古屋鉄道,\nブランド名: μ-SKY, ミューチケット, 名鉄百貨店, 名鉄イン, 名鉄バス"", ""会社名: 名鉄, 名古屋鉄道, Meitetsu, 名鉄グループ, 名鉄電車,\nブランド名: ミュースカイ, パノラマスーパー, 名鉄百貨店, 名鉄バス, 名鉄ホテル,""]"
90520,９０５２０,山陽電気鉄道,運輸・物流,山陽電鉄|Sanyo Electric Railway|Sanyo Dentetsu|山陽電車,直通特急|山陽電車|山陽バス|直通特急「ラピート」|S特急,"[""会社名: 山陽電鉄, Sanyo Electric Railway, 山陽電気鉄道,\nブランド名: 直通特急, 山陽電車, 山陽バス, 直通特急「ラピート」"", ""会社名: 山陽電鉄, 山陽電車, Sanyo Electric Railway, Sanyo Dentetsu, Sanyo Railways  \nブランド名: S特急, 直通特急, 山陽姫路駅, 山陽明石駅, 山陽垂水駅"", ""会社名: 山陽電鉄, 山陽電, 山陽, Sanyo Electric Railway, Sanyo Dentetsu  \nブランド名: 直通特急, 山陽バス, 山陽タクシー, 山陽電車, 山陽フェリー""]"
90640,９０６４０,ヤマトホールディングス,運輸・物流,ヤマト|ヤマト運輸|Yamato Holdings|Yamato,クロネコヤマト|宅急便|クール宅急便|宅配便|クロネコメンバーズ,"[""会社名: ヤマト, ヤマト運輸, ヤマトHD, Yamato Holdings, Yamato\nブランド名: クロネコヤマト, 宅急便, クール宅急便, 宅配便, クロネコメンバーズ"", ""会社名: ヤマト, ヤマトHD, Yamato Holdings, ヤマトホールディングス, Yamato,\nブランド名: クロネコヤマト, 宅急便, ヤマト運輸, クール宅急便, 宅配便"", ""会社名: ヤマト, ヤマトHD, ヤマトホールディングス, ヤマト運輸, クロネコヤマト,\nブランド名: クロネコヤマト, 宅急便, クール宅急便, 宅急便コンパクト, クロネコメンバーズ,""]"
90650,９０６５０,山九,運輸・物流,SANKYU|山九株式会社|サンキュー|Sankyu Inc.,,"[""会社名: 山九, SANKYU, サンキュー, 山九株式会社, Sankyu Inc.,\nブランド名: 申し訳ありませんが、山九の代表的なブランド名や製品名に関する具体的な情報は提供できません。"", ""申し訳ありませんが、「山九」（証券コード: 90650）についての具体的な略称やブランド名のリストは、私のデータベースには含まれていません。一般的に、企業の略称やブランド名は業界や地域によって異なることがありますので、SNSやトレーダー間での使用状況を直接確認することをお勧めします。"", ""会社名: 山九, SANKYU, 90650, 山九株式会社,   \nブランド名: 申し訳ありませんが、山九の具体的なブランド名や製品名に関する情報は提供できません。""]"
90660,９０６６０,日新,運輸・物流,Nissin|Nissin Corporation|日新運輸|日新物流,情報が不足しているため、特定のブランド名や製品名を挙げることができません。,"[""会社名: 日新, Nissin, Nissin Corporation, 日新運輸, 日新物流  \nブランド名: 情報が不足しているため、特定のブランド名や製品名を挙げることができません。"", ""申し訳ありませんが、「日新」（証券コード: 90660）に関する具体的な略称やブランド名についての情報は持ち合わせていません。一般的に、企業の略称やブランド名は公式の情報源や企業のウェブサイトで確認することができます。"", ""申し訳ありませんが、「日新」（証券コード: 90660）に関する具体的な略称やニックネーム、ブランド名、製品名についての情報は持ち合わせていません。一般的に、企業の略称やニックネームは業界やメディアでの使用に依存するため、特定の情報源や文脈が必要です。\n\nただし、一般的な方法として、企業の略称は社名の一部を取ったものや、英語表記の頭文字を使うことが多いです。ブランド名や製品名については、企業の公式ウェブサイトやプレスリリースなどで確認することができます。""]"
90680,９０６８０,丸全昭和運輸,運輸・物流,丸全昭和|丸全|Maruzen Showa|Maruzen Showa Logistics|MSL,該当なし,"[""会社名: 丸全昭和, 丸全, Maruzen Showa, Maruzen Showa Logistics, MSL,\nブランド名: 該当なし"", ""会社名: 丸全, 丸全昭和, 丸全昭和運輸, Maruzen Showa, Maruzen Showa Unyu  \nブランド名: 該当なし"", ""会社名: 丸全, 昭和運輸, 丸全昭和, MZS, MZS運輸,\nブランド名: 情報がありません。""]"
90690,９０６９０,センコーグループホールディングス,運輸・物流,センコー|SENKO|SGホールディングス,SENKO EXPRESS|SENKO LOGISTICS|SENKO SOLUTIONS|SENKO RETAIL|SENKO TRANSPORTATION,"[""会社名: センコー, SENKO, センコーグループ,\nブランド名: SENKO EXPRESS, SENKO LOGISTICS, SENKO SOLUTIONS, SENKO RETAIL, SENKO TRANSPORTATION"", ""申し訳ありませんが、「センコーグループホールディングス」についての具体的な略称やブランド名のリストを提供することはできません。ただし、一般的な方法として、企業の略称やブランド名は公式ウェブサイトや投資家向け資料で確認することができます。"", ""会社名: センコー, SGホールディングス, センコーグループ,\nブランド名: なし""]"
90720,９０７２０,ニッコンホールディングス,運輸・物流,ニッコン|Nichicon Holdings|NH,情報が不足しているため、代表的なブランド名や製品名は特定できません。|なし,"[""会社名: ニッコン, Nichicon Holdings, NH, ニッコンHD, ニッコンホールディングス\nブランド名: 情報が不足しているため、代表的なブランド名や製品名は特定できません。"", ""会社名: ニッコン, ニッコンHD, Nichicon Holdings, Nichicon,\nブランド名: なし"", ""会社名: ニッコン, ニッコンHD, ニッコンホールディングス,\nブランド名: 情報がありません。""]"
90750,９０７５０,福山通運,運輸・物流,福通|Fukuyama Transport|Fukutsu|Fukuyama Express|Fuku-Tsu,福山エクスプレス|福山カーゴサービス|福山宅配便|福山国際輸送,"[""会社名: 福通, Fukuyama Transport, Fukutsu,\nブランド名: 福山エクスプレス, 福山カーゴサービス, 福山物流ソリューション, 福山宅配便, 福山国際輸送"", ""会社名: 福通, Fukutsu, Fukuyama Express, Fukuyama Transport, Fuku-Tsu,\nブランド名: らくらく便, Green Delivery, 福山エクスプレス, 福山カーゴ, 福山物流,"", ""会社名: 福通, 福山, 福山通, 通運, 90750,\nブランド名: 該当なし""]"
90760,９０７６０,セイノーホールディングス,運輸・物流,セイノー|西濃|西濃運輸|SEINO,なし|カンガルー便,"[""申し訳ありませんが、「セイノーホールディングス」（証券コード: 90760）についての具体的な略称やブランド名のリストを提供することはできません。ただし、一般的に企業の略称やブランド名は以下のように構成されることが多いです。\n\n1. 会社の略称・ニックネーム・通称・英語名:\n   - セイノー, 西濃, Seino\n\n2. 代表的なブランド名・製品名:\n   - 西濃運輸, カンガルー便\n\nこれらは一般的な例であり、実際の使用状況は異なる場合がありますので、公式な情報源"", ""申し訳ありませんが、「セイノーホールディングス」（証券コード: 90760）に関する具体的な略称やブランド名のリストを提供することはできません。ただし、一般的に企業の略称やブランド名は、公式ウェブサイトや業界のニュース、SNSなどで確認することができます。"", ""会社名: セイノー, 西濃, 西濃運輸, 西濃HD, SEINO,\nブランド名: カンガルー便, なし, なし, なし, なし""]"
90810,９０８１０,神奈川中央交通,運輸・物流,神奈中|Kanachu|神奈中バス|KCB|中交,神奈中タクシー|神奈中観光|神奈中ハイヤー|かなちゃん号|神奈中バス,"[""会社名: 神奈中, Kanachu,\nブランド名: 神奈中バス, 神奈中タクシー, 神奈中観光, 神奈中ハイヤー, 神奈中トラベル"", ""会社名: 神奈中, Kanachu, 神奈中バス, KCB, 中交,\nブランド名: かなちゃん号, 湘南神奈交バス, 相模神奈交バス, 横浜神奈交バス, 町田神奈交バス"", ""会社名: 神奈中, 神奈中バス, 中央交通, KCK, Kanachu,\nブランド名: かなちゃん号, Kanachu Bus, 神奈中観光, 神奈中タクシー, 神奈中ハイヤー""]"
90900,９０９００,ＡＺ−ＣＯＭ丸和ホールディングス,運輸・物流,AZ-COM|丸和HD|90900|ＡＺ−ＣＯＭ丸和,AZ-COM物流|AZ-COM BtoB|AZ-COM BtoC|Rakuraku PAL,"[""会社名: 丸和運輸機関, AZ-COM, 丸和HD, 丸和ホールディングス, Maruwa Unyu Kikan,\nブランド名: Rakuraku PAL, Rakuraku PAL Express, Rakuraku PAL International, Rakuraku PAL Logistics, Rakuraku PAL Support"", ""会社名: 丸和HD, AZ-COM, 丸和ホールディングス, 90900, 丸和\nブランド名: AZ-COM物流, AZ-COM BtoB, AZ-COM BtoC, AZ-COM物流サービス, AZ-COM物流ネットワーク"", ""会社名: 丸和HD, AZ-COM, 丸和ホールディングス, 90900, 丸和,\nブランド名: AZ-COM物流, AZ-COM BtoB, AZ-COM BtoC, AZ-COM物流サービス, AZ-COM物流ソリューション""]"
91010,９１０１０,日本郵船,運輸・物流,NYK|Nippon Yusen|日本郵船株式会社|Nippon Yusen Kaisha,NYK LINE|NYK COOL|NYK AUTO LOGISTICS|NYK BULK & PROJECTS|NYK CRUISES,"[""会社名: 日本郵船, NYK, Nippon Yusen, 日本郵船株式会社, Nippon Yusen Kaisha  \nブランド名: NYK Line, NYK Logistics, Yusen Logistics, NYK Bulk & Projects, NYK Cruises"", ""会社名: 日本郵船, NYK, 日本郵船株式会社, Nippon Yusen, Nippon Yusen Kaisha  \nブランド名: NYK LINE, NYK COOL, NYK AUTO LOGISTICS, NYK BULK & PROJECTS, NYK CRUISES"", ""会社名: 日本郵船, NYK, 郵船,\nブランド名: NYK LINE, NYK COOL, NYK AUTO LOGISTICS, NYK BULK & PROJECTS, NYK CRUISES""]"
91040,９１０４０,商船三井,運輸・物流,MOL|Mitsui O.S.K. Lines|三井船舶|Mitsui Lines,MOL ACE|MOL Ferry|MOL Logistics|MOL Chemical Tankers|MOL Techno-Trade,"[""会社名: MOL, 商船三井, Mitsui O.S.K. Lines, 三井船舶, Mitsui Lines  \nブランド名: MOL ACE, MOL Ferry, MOL Logistics, MOL Chemical Tankers, MOL Techno-Trade"", ""会社名: 商船三井, MOL, Mitsui O.S.K. Lines, 三井船舶, 三井海運  \nブランド名: MOL ACE, MOL Ferry, MOL Logistics, MOL Chemical Tankers, MOL Techno-Trade"", ""会社名: 商船三井, MOL, Mitsui O.S.K. Lines, 三井船舶, 91040,\nブランド名: なし""]"
91070,９１０７０,川崎汽船,運輸・物流,川汽|K-Line|K Line|Kawasaki Kisen,"""K"" Line|K Line Logistics|K Line RoRo|K Line LNG|K Line Offshore","[""会社名: 川汽, K Line, Kawasaki Kisen, 川崎汽船,\nブランド名: \""K\"" Line, K Line Logistics, K Line RoRo, K Line LNG, K Line Offshore"", ""会社名: 川汽, K-Line, 川崎汽船,\nブランド名: K-Line Container, K-Line Logistics, K-Line Bulk, K-Line Car Carrier, K-Line Energy"", ""会社名: 川崎汽船, K-Line, 川汽, KAWASAKI KISEN, 91070,\nブランド名: DRY BULK, ENERGY TRANSPORT, LOGISTICS, CONTAINER SHIPPING, RORO CARGO,""]"
91100,９１１００,ＮＳユナイテッド海運,運輸・物流,NSユナイテッド|NSU|NS United|NSユナ|ユナイテッド海運,なし|該当なし,"[""会社名: NSユナイテッド, NS United, NSU, NSユナイテッド海運,\nブランド名: なし"", ""会社名: NSユナイテッド, NSU, NSユナ, ユナイテッド海運, NS United\nブランド名: 該当なし"", ""会社名: NSユナイテッド, NSU, ユナイテッド海運, NSユナ, NSU海運,\nブランド名: なし""]"
91190,９１１９０,飯野海運,運輸・物流,Iino Kaiun|Iino Lines|Iino Shipping|Iino Marine Services,該当なし|特に一般的なブランド名や製品名は確認されていません。,"[""会社名: 飯野海運, Iino Kaiun, Iino Lines, Iino Shipping, Iino Marine Services  \nブランド名: ありません"", ""会社名: 飯野, 飯野海, Iino Kaiun, Iino Lines, 91190,\nブランド名: 該当なし"", ""会社名: 飯野海運, Iino Kaiun, Iino Lines, Iino Shipping, Iino Marine,\nブランド名: 特に一般的なブランド名や製品名は確認されていません。""]"
91420,９１４２０,九州旅客鉄道,運輸・物流,JR九州|JR Kyushu|九州JR|Kyushu Railway Company,ソニック|かもめ|ゆふいんの森|ななつ星|つばめ,"[""会社名: JR九州, JR Kyushu, 九州JR,\nブランド名: ななつ星, ソニック, かもめ, ゆふいんの森, つばめ"", ""会社名: JR九州, JR Kyushu, 九州旅客鉄道, 九州JR, Kyushu Railway Company  \nブランド名: ななつ星in九州, 九州新幹線, ゆふいんの森, ソニック, かもめ"", ""会社名: JR九州, 九州JR, JR Kyushu, 九州旅鉄, JR Kyushu Railway,\nブランド名: ななつ星, ソニック, つばめ, かもめ, ゆふいんの森""]"
91430,９１４３０,ＳＧホールディングス,運輸・物流,SGHD|SG Holdings|SGH|ＳＧ,佐川急便|飛脚宅配便|飛脚航空便|飛脚クール便|飛脚メール便,"[""会社名: SGHD, SGホールディングス, SG Holdings,\nブランド名: 佐川急便, 飛脚宅配便, 飛脚クール便, 飛脚航空便, 飛脚国際宅配便"", ""会社名: SGHD, SGホールディングス, SGH, SGグループ, SG Holdings  \nブランド名: 佐川急便, 飛脚宅配便, 飛脚クール便, 飛脚メール便, 飛脚航空便"", ""会社名: SGHD, SGホールディングス, SGH, SGHLD, SGグループ,\nブランド名: 佐川急便, 飛脚宅配便, 飛脚メール便, 飛脚航空便, 飛脚ジャスト便""]"
91470,９１４７０,ＮＩＰＰＯＮ　ＥＸＰＲＥＳＳホールディングス,運輸・物流,日通|NXHD|NIPPON EXPRESS|Nippon Express Holdings|ＮＩＰＰＯＮ　ＥＸＰＲＥＳＳ,NEX-Logi|NX Transport|NX Solutions|NX Logistics|NX Global,"[""会社名: 日通, NIPPON EXPRESS, NXHD, NXホールディングス, Nippon Express Holdings\nブランド名: NEX-Logi, NX Transport, NX Logistics, NX Solutions, NX Global"", ""会社名: 日通, NIPPON EXPRESS, NXHD, 日本通運, NXグループ  \nブランド名: NEX-Logi, NEX-Global, NEX-Forwarding, NEX-Solutions, NEX-Transport"", ""会社名: 日通, NXHD, Nippon Express, Nittsu, NX Group  \nブランド名: NX物流, NX Transport, NX Solutions, NX Cargo, NX Freight""]"
92010,９２０１０,日本航空,運輸・物流,JAL|Japan Airlines|日航|ジャル,JALマイレージバンク|JALカード|JALパック,"[""会社名: JAL, 日本航空, Japan Airlines, 日航,\nブランド名: JALマイレージバンク, JALカード, JALパック, JALショッピング, JALエクスプレス"", ""会社名: JAL,日本航空,ジャル,Japan Airlines,\nブランド名: JALマイレージバンク,JALカード,JALパック,JALショッピング,JALエクスプレス"", ""会社名: JAL, 日航, 日本航空,\nブランド名: JAL SKY SUITE, JAL FIRST CLASS, JAL BUSINESS CLASS, JAL ECONOMY CLASS, JAL MILEAGE BANK""]"
92020,９２０２０,ＡＮＡホールディングス,運輸・物流,ANA|全日空|All Nippon Airways|ＡＮＡ,ANAマイレージクラブ|ANAカード|ANA Cargo|ANAスカイホリデー|ANAビジネスジェット,"[""会社名: ANA, 全日空, All Nippon Airways, ANAホールディングス, ANAグループ  \nブランド名: ANAマイレージクラブ, ANAカード, ANAスカイホリデー, ANAビジネスジェット, ANA Cargo"", ""会社名: ANA, 全日空, All Nippon Airways, ANAホールディングス, 全日空ホールディングス\n\nブランド名: ANAマイレージクラブ, ANAカード, ANAスカイホリデー, ANAビジネスジェット, ANA Cargo"", ""会社名: ANA, 全日空, ANA HD, ANAグループ, 全日空ホールディングス,\nブランド名: ANAマイレージクラブ, ANAカード, ANAスカイ, ANA Cargo, ANA Wi-Fiサービス""]"
92160,９２１６０,ビーウィズ,情報通信・サービスその他,BeWith|BW,,"[""会社名: ビーウィズ, BeWith,\nブランド名: 申し訳ありませんが、ビーウィズに関連する具体的なブランド名や製品名の情報は持っていません。"", ""申し訳ありませんが、「ビーウィズ」（証券コード: 92160）についての具体的な略称やブランド名の情報は持ち合わせていません。一般的には、企業の略称やブランド名は公式ウェブサイトやプレスリリース、またはSNSでの使用例を参考にすることができます。具体的な情報を得るには、これらの情報源を確認することをお勧めします。"", ""会社名: ビーウィズ, BW, BeWith,\nブランド名: 申し訳ありませんが、ビーウィズの具体的なブランド名や製品名についての情報は提供できません。""]"
92290,９２２９０,サンウェルズ,情報通信・サービスその他,,,"[""申し訳ありませんが、「サンウェルズ」（証券コード: 92290）に関する具体的な略称やブランド名についての情報は持っていません。一般的には、企業の略称やブランド名は公式ウェブサイトやプレスリリース、または金融ニュースなどで確認することができます。もし具体的な情報が必要であれば、これらの情報源を参照することをお勧めします。"", ""申し訳ありませんが、「サンウェルズ」（証券コード: 92290）についての具体的な略称やブランド名の情報は持っていません。一般的にSNSやトレーダー間で使われる略称やブランド名は、企業の公式発表や市場での認知度に依存することが多いです。\n\nもし具体的な情報が必要であれば、公式な企業のウェブサイトやプレスリリース、またはSNS上でのトレーダーの投稿などを確認することをお勧めします。"", ""申し訳ありませんが、「サンウェルズ」（証券コード: 92290）に関する具体的な略称やニックネーム、ブランド名、製品名についての情報は持っていません。一般的には、企業の略称やニックネームは業界やメディアでの使用状況によって異なるため、具体的な情報が必要です。もし特定の情報源や文脈があれば、それに基づいて調査することをお勧めします。""]"
92470,９２４７０,ＴＲＥホールディングス,情報通信・サービスその他,ＴＲＥ|ＴＲＥＨＤ|TRE Holdings|TREホールディングス,,"[""申し訳ありませんが、「ＴＲＥホールディングス」（証券コード: 92470）についての具体的な略称やブランド名の情報は私のデータベースにはありません。一般的に、企業の略称やブランド名は公式のウェブサイトやプレスリリース、または金融ニュースなどで確認することができます。もし具体的な情報が必要であれば、これらの情報源を確認することをお勧めします。"", ""申し訳ありませんが、「ＴＲＥホールディングス」についての具体的な略称やブランド名の情報は私のデータベースには含まれていないようです。一般的には、企業の略称やブランド名は公式ウェブサイトやプレスリリース、または業界内での通称として知られていることが多いです。最新の情報を得るためには、公式な情報源や業界のニュースを確認することをお勧めします。"", ""会社名: ＴＲＥ, ＴＲＥＨＤ, TRE Holdings, TREホールディングス, TREHD,\nブランド名: 申し訳ありませんが、ＴＲＥホールディングスの具体的なブランド名や製品名に関する情報は提供できません。""]"
92480,９２４８０,人・夢・技術グループ,情報通信・サービスその他,人・夢・技術,,"[""申し訳ありませんが、「人・夢・技術グループ」（証券コード: 92480）に関する具体的な略称やブランド名の情報は私のデータベースには含まれていないようです。一般的に、企業の略称やブランド名は公式ウェブサイトやプレスリリース、または金融ニュースサイトで確認することができます。"", ""申し訳ありませんが、「人・夢・技術グループ」（証券コード: 92480）に関する具体的な略称やブランド名についての情報は持ち合わせていません。一般的には、企業の略称やブランド名は公式ウェブサイトやプレスリリース、またはSNSでの言及を通じて確認することができます。"", ""申し訳ありませんが、「人・夢・技術グループ」（証券コード: 92480）に関する具体的な略称、ニックネーム、ブランド名、製品名についての情報は持っていません。最新の情報は、公式ウェブサイトや金融ニュースを確認することをお勧めします。""]"
92620,９２６２０,シルバーライフ,小売,Silver Life|SL|シルライ|92620,配食のふれ愛|まごころ弁当|まごころケア食|まごころ宅食|まごころ配食,"[""会社名: シルバーライフ, Silver Life,\nブランド名: 配食のふれ愛, まごころ弁当, まごころケア食, まごころ宅食, まごころ配食"", ""会社名: シルバーライフ, SL, シルライ, Silver Life, 92620  \nブランド名: 配食のふれ愛, まごころ弁当"", ""会社名: シルバーライフ, SL, シルライ, 92620, シルバー,\nブランド名: まごころ弁当, 配食のふれ愛, まごころケア食, まごころサポート, まごころデリバリー""]"
92670,９２６７０,Ｇｅｎｋｙ　ＤｒｕｇＳｔｏｒｅｓ,小売,Genky|Genky Stores|Genky Drug|ゲンキー|Genky Holdings,ゲンキーホーム|ゲンキーメディカル|ゲンキーファーマシー|Genky Pharmacy|Genky Health & Beauty,"[""会社名: Genky, Genky Stores, Genky Holdings, Genky Co., Ltd., Genky Drug\nブランド名: Genky Pharmacy, Genky Health & Beauty, Genky Food & Drug, Genky Wellness, Genky Mart"", ""会社名: ゲンキー, Genky, Genky Stores, Genky Drug,\nブランド名: ゲンキーホーム, ゲンキーメディカル, ゲンキーファーマシー, ゲンキースーパーマーケット, ゲンキービューティー"", ""会社名: ゲンキー, Genky, GDS,\nブランド名: ゲンキーホーム, ゲンキーメディカル, ゲンキーファーマシー,""]"
92730,９２７３０,コーア商事ホールディングス,商社・卸売,コーア商事,,"[""申し訳ありませんが、「コーア商事ホールディングス」（証券コード: 92730）についての具体的な略称やブランド名の情報は私のデータベースには含まれていません。一般的に、企業の略称やブランド名は公式ウェブサイトやプレスリリース、または金融ニュースなどで確認することができます。"", ""申し訳ありませんが、「コーア商事ホールディングス」についての具体的な略称やブランド名の情報は持ち合わせていません。一般的には、企業の略称やブランド名は公式ウェブサイトやプレスリリース、またはSNSでの言及を通じて確認することができます。"", ""申し訳ありませんが、「コーア商事ホールディングス」に関する具体的な略称やブランド名、製品名についての情報は持っていません。一般的に、企業の略称やブランド名は業界や市場での認知度によって異なることがあります。公式な情報源や企業のウェブサイトで確認することをお勧めします。""]"
92740,９２７４０,ＫＰＰグループホールディングス,商社・卸売,KPPグループ|Kokusai Pulp & Paper Co.|Ltd.|ＫＰＰグループ,,"[""会社名: KPPグループ, KPPホールディングス, KPP, Kokusai Pulp & Paper Co., Ltd., 国際紙パルプ商事\nブランド名: 申し訳ありませんが、KPPグループホールディングスの具体的なブランド名や製品名についての情報は提供できません。"", ""申し訳ありませんが、「ＫＰＰグループホールディングス」（証券コード: 92740）についての具体的な略称やブランド名の情報は持ち合わせていません。一般的には、企業の略称やブランド名は公式ウェブサイトやプレスリリース、または業界内での通称として知られていることが多いです。公式な情報源を確認することをお勧めします。"", ""会社名: KPP, KPPグループ, KPPホールディングス, KPP HD, KPP Group,\nブランド名: 申し訳ありませんが、KPPグループホールディングスに特定のブランド名や製品名は確認できません。""]"
92780,９２７８０,ブックオフグループホールディングス,小売,ブックオフ|BOOKOFF|BO,ハードオフ|オフハウス|モードオフ|ガレージオフ|ブックオフ,"[""会社名: ブックオフ, BOOKOFF,\nブランド名: BOOKOFF, ハードオフ, オフハウス, モードオフ, ガレージオフ"", ""会社名: ブックオフ, BO, ブックオフHD, ブックオフホールディングス, ブックオフグループ  \nブランド名: ブックオフ, ハードオフ, オフハウス, モードオフ, ガレージオフ"", ""会社名: ブックオフ, ブックオフグループ,\nブランド名: ブックオフ, ハードオフ, オフハウス, モードオフ, ガレージオフ""]"
92790,９２７９０,ギフトホールディングス,小売,GIFT|9279,町田商店|すためし|まるしん,"[""申し訳ありませんが、「ギフトホールディングス」についての具体的な略称やブランド名の情報は私のデータベースには含まれていないようです。一般的には、企業の略称やブランド名は公式ウェブサイトやプレスリリースで確認することができます。"", ""申し訳ありませんが、「ギフトホールディングス」（証券コード: 92790）に関する具体的な略称やブランド名についての情報は持ち合わせていません。一般的に、企業の略称やブランド名はSNSやトレーダーの間での使用頻度に依存するため、特定の情報源やデータベースを参照する必要があります。公式な情報源や企業のウェブサイトを確認することをお勧めします。"", ""会社名: ギフト, ギフトHD, GIFT, ギフトホールディングス, 9279,\nブランド名: 町田商店, すためし, まるしん, らーめん田, らーめん横丁,""]"
93010,９３０１０,三菱倉庫,運輸・物流,Mitsubishi Logistics|MLC|三菱倉庫株式会社|三菱倉,,"[""会社名: 三菱倉庫, Mitsubishi Logistics, MLC, 三菱倉庫株式会社, Mitsubishi Warehouse,\nブランド名: 特に代表的なブランド名や製品名はありません。"", ""会社名: 三菱倉庫, 三菱倉, Mitsubishi Logistics, MLC, 三菱ロジスティクス  \nブランド名: 特に代表的なブランド名や製品名はありません。"", ""会社名: 三菱倉庫, 三菱倉, MITSUI-SOKO, 93010, 三菱倉庫株式会社  \nブランド名: 特に一般的なブランド名や製品名は確認できません。""]"
93020,９３０２０,三井倉庫ホールディングス,運輸・物流,三井倉庫|Mitsui-Soko|Mitsui-Soko Holdings|MSHD,,"[""会社名: 三井倉庫, 三井倉庫HD, Mitsui-Soko, Mitsui-Soko Holdings, MSHD  \nブランド名: 申し訳ありませんが、三井倉庫ホールディングスの代表的なブランド名や製品名に関する具体的な情報はありません。"", ""会社名: 三井倉庫, 三井倉庫HD, Mitsui-Soko, Mitsui-Soko Holdings, MSK\nブランド名: ありません"", ""会社名: 三井倉庫, 三井倉庫HD, 三井倉庫ホールディングス,\nブランド名:""]"
93030,９３０３０,住友倉庫,運輸・物流,Sumitomo Warehouse|SWC|住倉|93030,該当なし,"[""会社名: 住友倉庫, Sumitomo Warehouse, Sumitomo Corp. Logistics, Sumitomo Warehouse Co., Ltd., SWC\nブランド名: 申し訳ありませんが、住友倉庫に関する代表的なブランド名や製品名の情報は見つかりませんでした。"", ""会社名: 住友倉庫, Sumitomo Warehouse, 住倉, SWC, 93030  \nブランド名: 該当なし"", ""会社名: 住友倉庫, 住倉, Sumitomo Warehouse, SWC, 93030,\nブランド名: 特に一般的なブランド名や製品名はありません。""]"
93040,９３０４０,澁澤倉庫,運輸・物流,澁澤|Shibusawa Warehouse|Shibusawa,,"[""会社名: 澁澤, 澁澤倉庫, Shibusawa Warehouse, Shibusawa, 澁澤物流,\nブランド名: 申し訳ありませんが、澁澤倉庫の代表的なブランド名や製品名に関する具体的な情報はありません。"", ""会社名: 澁澤, 澁澤倉庫, Shibusawa Warehouse, Shibusawa, 93040\nブランド名: 申し訳ありませんが、澁澤倉庫の代表的なブランド名や製品名に関する具体的な情報はありません。"", ""会社名: 澁澤, 澁澤倉庫, 澁澤物流, 澁澤グループ, 澁澤ホールディングス,\nブランド名: 申し訳ありませんが、具体的なブランド名や製品名の情報は提供できません。""]"
93050,９３０５０,ヤマタネ,商社・卸売,Yamatane|ヤマタネ物流|ヤマタネ倉庫|YMTN,,"[""会社名: ヤマタネ, Yamatane,\nブランド名: 申し訳ありませんが、ヤマタネに関連する代表的なブランド名や製品名の情報は見つかりませんでした。"", ""申し訳ありませんが、「ヤマタネ」（証券コード: 93050）に関する具体的な略称やブランド名の情報は私のデータベースには含まれていません。一般的には、企業の略称やブランド名は公式ウェブサイトや業界の資料で確認することができます。"", ""会社名: ヤマタネ, ヤマタネ物流, ヤマタネ倉庫, YMTN, ヤマタネグループ,\nブランド名: 申し訳ありませんが、ヤマタネに特定のブランド名や製品名の情報はありません。""]"
93080,９３０８０,乾汽船,運輸・物流,K Line Kisen|Iino Kaiun|Iino Lines|Iino Shipping,乾ドライバルク|乾タンカー|乾LNG|乾コンテナ,"[""会社名: 乾汽船, K Line Kisen, Iino Kaiun, Iino Lines, Iino Shipping,\nブランド名: 情報がありません。"", ""会社名: 乾汽船, KKK, K Line Kinkai, Kinkai Yusen,\nブランド名: 乾ドライバルク, 乾タンカー, 乾LNG, 乾コンテナ, 乾物流"", ""会社名: 乾汽船, INUI, INUI KISEN, 9308, 乾,\nブランド名: なし""]"
93100,９３１００,日本トランスシティ,運輸・物流,日トラ|トランスシティ|JTC|日本トランス|トランス,なし,"[""申し訳ありませんが、「日本トランスシティ」についての具体的な略称やブランド名の情報は持っていません。一般的には、企業の略称やブランド名は公式ウェブサイトやプレスリリース、または金融ニュースなどで確認することができます。具体的な情報をお求めの場合は、これらの情報源を参照することをお勧めします。"", ""申し訳ありませんが、「日本トランスシティ」（証券コード: 93100）に関する具体的な略称やブランド名の情報は持っていません。一般的に、企業の略称やブランド名は公式な情報源や企業のウェブサイトで確認することができます。"", ""会社名: 日トラ, トランスシティ, JTC, 日本トランス, トランス,\nブランド名: なし""]"
93190,９３１９０,中央倉庫,運輸・物流,CWC|中倉|Chuo Warehouse|9319,なし,"[""会社名: 中央倉庫, Chuo Warehouse, CWC, 中倉,\nブランド名: 申し訳ありませんが、中央倉庫に関連する具体的なブランド名や製品名の情報は提供できません。"", ""申し訳ありませんが、「中央倉庫」（証券コード: 93190）に関する具体的な略称やブランド名の情報は持っていません。一般的に、企業の略称やブランド名は公式な情報源や企業のウェブサイト、または業界内での通称として知られている場合があります。具体的な情報を得るには、公式なリソースや業界のフォーラムを参照することをお勧めします。"", ""会社名: 中央倉庫, CWC, 中倉, 9319, 中央C,\nブランド名: なし""]"
93240,９３２４０,安田倉庫,運輸・物流,Yasuda Warehouse|安田|YASCO|YASUCO,なし,"[""会社名: 安田倉庫, Yasuda Warehouse, YASCO,\nブランド名: ありません。"", ""会社名: 安田, 安田倉庫, Yasuda Warehouse, YASUCO, 9324,\nブランド名: ありません。"", ""会社名: 安田倉庫, 安田, YASDA, YASDA倉庫, YASDA物流,\nブランド名: なし""]"
93320,９３３２０,ＮＩＳＳＯホールディングス,情報通信・サービスその他,ＮＩＳＳＯ,,"[""申し訳ありませんが、「ＮＩＳＳＯホールディングス」（証券コード: 93320）に関する具体的な略称やブランド名についての情報は持ち合わせていません。一般的には、企業の略称やブランド名は公式ウェブサイトやプレスリリース、金融ニュースなどで確認することができます。"", ""申し訳ありませんが、「ＮＩＳＳＯホールディングス」（証券コード: 93320）に関する具体的な略称やブランド名の情報は持ち合わせていません。一般的に、企業の略称やブランド名は公式サイトやプレスリリース、またはSNSでの言及を通じて確認することができます。具体的な情報を得るには、これらの情報源を参照することをお勧めします。"", ""申し訳ありませんが、「ＮＩＳＳＯホールディングス」（証券コード: 93320）に関する具体的な略称やブランド名、製品名についての情報は持っていません。一般的に企業の略称やブランド名は、企業の公式ウェブサイトやプレスリリース、金融ニュースなどで確認することができます。""]"
93360,９３３６０,大栄環境,情報通信・サービスその他,,,"[""申し訳ありませんが、「大栄環境」についての具体的な略称やブランド名の情報は私のデータベースには含まれていません。一般的には、企業の略称やブランド名は公式ウェブサイトやプレスリリース、または金融ニュースなどで確認することができます。"", ""申し訳ありませんが、「大栄環境」（証券コード: 93360）に関する具体的な略称やブランド名についての情報は持ち合わせていません。一般的には、企業の略称やニックネームはSNSやトレーダーの間で独自に作られることが多く、公式な情報としては提供されていない場合があります。また、ブランド名や製品名も企業の公式発表や製品ラインナップに依存します。\n\nもし具体的な情報が必要であれば、公式な企業のウェブサイトやプレスリリース、またはSNS上でのコミュニティの投稿を直接確認することをお勧めします"", ""申し訳ありませんが、「大栄環境」（証券コード: 93360）に関する具体的な略称やニックネーム、ブランド名、製品名についての情報は持ち合わせていません。一般的に企業の略称やブランド名は、業界や地域によって異なることがありますので、公式な情報源や企業のウェブサイトなどで確認することをお勧めします。""]"
93410,９３４１０,ＧＥＮＯＶＡ,情報通信・サービスその他,,,"[""申し訳ありませんが、具体的な企業の略称やブランド名についての情報は提供できません。ただし、一般的に企業の略称やブランド名は、企業の公式ウェブサイトやプレスリリース、金融ニュースなどで確認することができます。"", ""申し訳ありませんが、「ＧＥＮＯＶＡ」（証券コード: 93410）に関する具体的な略称やブランド名の情報は持ち合わせていません。一般的に、企業の略称やブランド名は公式サイトやプレスリリース、SNSなどで確認することができます。具体的な情報を知りたい場合は、これらの情報源を参照することをお勧めします。"", ""申し訳ありませんが、具体的な企業の略称やブランド名、製品名についての情報は提供できません。ただし、一般的に企業の略称やブランド名は、企業の正式名称やその一部、またはその企業が提供する主要な製品やサービスに基づくことが多いです。企業の公式ウェブサイトやプレスリリース、または金融ニュースの報道などで確認することをお勧めします。""]"
93470,９３４７０,日本管財ホールディングス,情報通信・サービスその他,日本管財HD|NKK Holdings|日本管財HLDGS|NKKHD,,"[""申し訳ありませんが、「日本管財ホールディングス」（証券コード: 93470）に関する具体的な略称やブランド名の情報は持ち合わせていません。一般的に、企業の略称やブランド名は公式ウェブサイトやプレスリリース、金融ニュースなどで確認することができます。"", ""申し訳ありませんが、「日本管財ホールディングス」（証券コード: 93470）に関する具体的な略称やブランド名についての情報は持っていません。一般的に、企業の略称やブランド名は公式ウェブサイトやプレスリリース、またはSNSでのユーザーの使用状況から確認することができます。具体的な情報を知りたい場合は、これらの情報源を参照することをお勧めします。"", ""会社名: 日本管財HD, NKK Holdings, 日本管財HLDGS, NKKHD, 日本管財,\nブランド名: 申し訳ありませんが、日本管財ホールディングスの具体的なブランド名や製品名についての情報はありません。""]"
93640,９３６４０,上組,運輸・物流,Kamigumi|Kamigumi Co.|Ltd.|KAMIGUMI,なし,"[""会社名: 上組, Kamigumi, Kamigumi Co., Ltd.,\nブランド名: 申し訳ありませんが、上組に関する代表的なブランド名や製品名の情報は見つかりませんでした。"", ""申し訳ありませんが、「上組」（証券コード: 93640）に関する具体的な略称やブランド名の情報は私のデータベースには含まれていません。上組は日本の物流会社であり、特定の略称やブランド名が一般的に知られているかどうかは不明です。一般的には、企業の公式ウェブサイトや業界の資料を参照することで、正確な情報を得ることができます。"", ""会社名: 上組, KAMIGUMI, 9364, 上組株式会社, KAMIGUMI CO., LTD.,\nブランド名: なし""]"
93690,９３６９０,キユーソー流通システム,運輸・物流,キユーソー|キユーソー流通|QRS,該当なし,"[""会社名: キユーソー, QRS, キユーソー流通,\nブランド名: 申し訳ありませんが、キユーソー流通システムに関連する具体的なブランド名や製品名の情報は持っていません。"", ""会社名: キユーソー, キユーソー流通, キユーソー流通システム, キユーソー物流, キユーソーシステム  \nブランド名: 該当なし"", ""会社名: キユーソー, キユーソー流通, キユーソーシステム, KRS, キユーソー物流,\nブランド名: 該当なし""]"
93810,９３８１０,エーアイテイー,運輸・物流,AIT|9381,なし,"[""会社名: AIT, エーアイテイー,\nブランド名: ありません。"", ""会社名: AIT, エーアイテイー, 9381,\nブランド名: ありません。"", ""会社名: AIT, エーアイテイー, 9381,\nブランド名: なし""]"
93860,９３８６０,日本コンセプト,運輸・物流,日コン|Jコンセプト|Jコン|日本コン|コンセプト,,"[""申し訳ありませんが、「日本コンセプト」（証券コード: 93860）についての具体的な略称やブランド名の情報は持ち合わせていません。一般的に、企業の略称やブランド名は公式ウェブサイトやプレスリリース、または金融ニュースなどで確認することができます。具体的な情報が必要な場合は、これらの情報源を参照することをお勧めします。"", ""申し訳ありませんが、「日本コンセプト」（証券コード: 93860）に関する具体的な略称やブランド名の情報は持っていません。一般的に、企業の略称やブランド名は、企業の公式ウェブサイトやプレスリリース、または業界内での通称として知られていることが多いです。具体的な情報を得るには、公式な情報源を確認することをお勧めします。"", ""会社名: 日コン, Jコンセプト, Jコン, 日本コン, コンセプト,\nブランド名: 申し訳ありませんが、特定のブランド名や製品名の情報は提供できません。""]"
94010,９４０１０,ＴＢＳホールディングス,情報通信・サービスその他,TBS|東京放送|TBS Holdings|ＴＢＳ,TBSテレビ|TBSラジオ|BS-TBS|TBSチャンネル|TBSオンデマンド,"[""会社名: TBS, TBSHD, 東京放送, 東京放送ホールディングス, TBS Holdings,\nブランド名: TBSテレビ, TBSラジオ, BS-TBS, TBSチャンネル, TBSオンデマンド"", ""会社名: TBS, TBSHD, 東京放送, Tokyo Broadcasting System, TBS Holdings  \nブランド名: TBSテレビ, TBSラジオ, BS-TBS, TBSチャンネル, Paravi"", ""会社名: TBS, TBSHD, 東京放送, 東京放送ホールディングス, TBSグループ,\nブランド名: TBSテレビ, TBSラジオ, BS-TBS, TBSチャンネル, TBSオンデマンド""]"
94040,９４０４０,日本テレビホールディングス,情報通信・サービスその他,日テレ|NTV|日本テレビ,Hulu|日テレジータス|BS日テレ|日テレオンデマンド|日テレNEWS24,"[""会社名: 日テレ, NTV, 日本テレビ, Nippon TV, 日本テレビHD  \nブランド名: Hulu, 日テレジータス, BS日テレ, 日テレNEWS24, 日テレオンデマンド"", ""会社名: 日テレ, NTV, 日本テレビ, 日テレHD, 日本テレビHD  \nブランド名: Hulu, 日テレジータス, BS日テレ, 日テレオンデマンド, 日テレNEWS24"", ""会社名: 日テレ, NTV, 日本テレビ, 日本テレビHD, 日テレHD  \nブランド名: Hulu, 日テレオンデマンド, BS日テレ, 日テレジータス, 日テレプラス""]"
94050,９４０５０,朝日放送グループホールディングス,情報通信・サービスその他,ABC|朝日放送|Asahi Broadcasting Corporation,ABCテレビ|ABCラジオ|ABCニュース,"[""会社名: ABC, 朝日放送, Asahi Broadcasting Corporation, ABCグループ, 朝日放送グループ\nブランド名: ABCテレビ, ABCラジオ, ABCニュース, ABCオンライン, ABCマート"", ""会社名: ABC, 朝日放送, 朝日放送グループ, Asahi Broadcasting Corporation, 朝日\nブランド名: ABCテレビ, ABCラジオ, スカイA, ABCリブラ, ABCニュース"", ""会社名: ABC, 朝日放送, 朝日放送グループ,\nブランド名: ABCラジオ, ABCテレビ, ABCニュース, ABCオンライン, ABCリスナー""]"
94090,９４０９０,テレビ朝日ホールディングス,情報通信・サービスその他,テレ朝|テレビ朝日|TV Asahi|朝日テレビ,報道ステーション|ミュージックステーション|ドラえもん|スーパー戦隊シリーズ|クレヨンしんちゃん,"[""会社名: テレ朝, テレビ朝日, テレ朝HD, TV Asahi, Asahi Broadcasting Corporation\nブランド名: 報道ステーション, ミュージックステーション, ドラえもん, クレヨンしんちゃん, スーパー戦隊シリーズ"", ""会社名: テレ朝, テレビ朝日, EX, TV Asahi, 朝日テレビ  \nブランド名: 報道ステーション, ミュージックステーション, ドラえもん, クレヨンしんちゃん, スーパー戦隊シリーズ"", ""会社名: テレ朝, テレビ朝日, テレビ朝日HD, テレ朝HD, 朝日テレビ,\nブランド名: ANN, ドラえもん, 報道ステーション, ミュージックステーション, スーパー戦隊シリーズ""]"
94120,９４１２０,スカパーＪＳＡＴホールディングス,情報通信・サービスその他,スカパー|JSAT|スカパーJSAT|スカパーＪＳＡＴ,スカパー!|スカパープレミアム|スカパーオンデマンド|JCSAT|Horizons,"[""会社名: スカパー, JSAT, スカパーJSAT, スカパーJSATホールディングス, Sky Perfect JSAT\nブランド名: スカパー!, スカパープレミアム, スカパーオンデマンド, JCSAT, Horizons"", ""会社名: スカパー, JSAT, スカパーJSAT, スカパーHD, スカパーJSATホールディングス  \nブランド名: スカパー!, スカパー!プレミアムサービス, スカパー!オンデマンド, スカパー!光, スカパー!4K"", ""会社名: スカパー, JSAT, スカパーJSAT, スカパーHD, スカパーJSATホールディングス,\nブランド名: スカパー！, スカパー！プレミアムサービス, スカパー！オンデマンド, スカパー！プロ野球セット, スカパー！サッカーセット,""]"
94130,９４１３０,テレビ東京ホールディングス,情報通信・サービスその他,テレ東|テレビ東京|TXHD|TV Tokyo Holdings,BSテレ東|あにてれ|テレビ東京|テレ東プラス|テレ東BIZ,"[""会社名: テレ東, テレビ東京, TXHD, TV Tokyo Holdings, テレビ東京HD  \nブランド名: テレビ東京, BSテレ東, テレ東BIZ, あにてれ, テレ東オンデマンド"", ""会社名: テレ東, TXHD, テレビ東京HD, テレビ東京ホールディングス, テレビ東京,\nブランド名: テレビ東京, BSテレ東, テレ東ビジネスオンデマンド, あにてれ, テレ東プラス"", ""会社名: テレ東, テレビ東京, テレビ東京HD, テレ東HD, TV Tokyo,\nブランド名: テレビ東京ビジネスオンデマンド, テレ東プラス, あにてれ, BSテレ東, テレ東音楽祭,""]"
94160,９４１６０,ビジョン,情報通信・サービスその他,Vision|94160|VSN|ビジョン株式会社,グローバルWiFi|Ninja WiFi|ビジョンモバイル|Wi-Ho!|ビジョン光,"[""会社名: ビジョン, Vision,\nブランド名: グローバルWiFi, Ninja WiFi, Wi-Ho!"", ""会社名: ビジョン, Vision,\nブランド名: グローバルWiFi, Ninja WiFi, ビジョンモバイル, ビジョン光, ビジョンネット"", ""会社名: ビジョン, Vision, 94160, VSN, ビジョン株式会社  \nブランド名: グローバルWiFi, GLOBAL WiFi, ビジョンモバイル, Vision Mobile, VISION WiMAX""]"
94180,９４１８０,Ｕ−ＮＥＸＴ　ＨＯＬＤＩＮＧＳ,情報通信・サービスその他,U-NEXT|UNEXT|ユーネクスト|U-NEXT Holdings,U-NEXT|H-NEXT,"[""会社名: U-NEXT, UNEXT, U-NEXT Holdings, ユーネクスト,\nブランド名: U-NEXT, H-NEXT, U-NEXTストア, U-NEXTポイント, U-NEXTカード"", ""会社名: U-NEXT, UNEXT, ユーネクスト, U-NEXTホールディングス, UNEXTホールディングス  \nブランド名: U-NEXT, H-NEXT, U-NEXT光, U-NEXTモバイル, U-NEXTブックス"", ""会社名: U-NEXT, UNEXT, Uネクスト, ユーネクスト, U-NEXTホールディングス,\nブランド名: U-NEXT, H-NEXT, U-NEXT Book, U-NEXT Music, U-NEXT Store,""]"
94240,９４２４０,日本通信,情報通信・サービスその他,JCI|Japan Communications|日本通信株式会社,b-mobile|日本通信SIM|b-mobile S|b-mobile WiFi|b-mobile X,"[""会社名: 日本通信, JCI, Japan Communications,\nブランド名: b-mobile, 日本通信SIM, b-mobile S, b-mobile X, b-mobile WiFi"", ""会社名: 日本通信, JCI, Japan Communications,\nブランド名: b-mobile, 日本通信SIM, b-mobile S, b-mobile WiFi, b-mobile 190PadSIM"", ""会社名: 日本通信, JCI, 日本通信株式会社, Japan Communications, 日本通信グループ  \nブランド名: b-mobile, 日本通信SIM, b-mobile S, b-mobile X, b-mobile WiFi""]"
94320,９４３２０,日本電信電話,情報通信・サービスその他,NTT|Nippon Telegraph and Telephone Corporation|日本電信電話株式会社|Nippon Telegraph and Telephone,FLET'S|OCN|NTTドコモ|NTTコミュニケーションズ|NTTデータ,"[""会社名: NTT, 日本電信電話, Nippon Telegraph and Telephone Corporation, 日本電信電話株式会社,\nブランド名: FLET'S, OCN, NTTドコモ, NTTコミュニケーションズ, NTTデータ"", ""会社名: NTT, 日本電信電話, Nippon Telegraph and Telephone,\nブランド名: FLET'S, docomo, OCN, NTT Communications, NTT Data"", ""会社名: NTT, 日本電信電話, 日本電信電話株式会社, Nippon Telegraph and Telephone, Nippon Telegraph and Telephone Corporation  \nブランド名: NTTドコモ, NTTコミュニケーションズ, NTTデータ, NTT東日本, NTT西日本""]"
94330,９４３３０,ＫＤＤＩ,情報通信・サービスその他,KDDI|KDDI Corporation|KDDI株|AU,au|UQ mobile|au PAY|auじぶん銀行|auひかり,"[""会社名: KDDI, KDDI Corporation, KDDI株,\nブランド名: au, UQ mobile, au PAY, auじぶん銀行, auひかり"", ""会社名: KDDI, AU, KDDI Corporation, KDDIグループ, KDDI株式会社  \nブランド名: au, UQ mobile, au PAY, auひかり, auじぶん銀行"", ""会社名: KDDI, au, KDDI株式会社,\nブランド名: au, UQ mobile, povo, au PAY, auじぶん銀行""]"
94340,９４３４０,ソフトバンク,情報通信・サービスその他,SB|ソフバン|ソフトバンクグループ|SoftBank,Y!mobile|PayPay|ソフトバンクモバイル|LINEMO|LINEモバイル,"[""会社名: ソフトバンク, SoftBank, SB,\nブランド名: ソフトバンクモバイル, Y!mobile, PayPay, LINEモバイル, ZOZO"", ""会社名: ソフバン, SB, ソフトバンクグループ, ソフトバンク株式会社, ソフトバンクホールディングス  \nブランド名: ソフトバンク, Y!mobile, LINEMO, PayPay, SoftBank Air"", ""会社名: ソフトバンク, SB, ソフバン, ソフトバンクグループ, SBG,\nブランド名: ソフトバンクモバイル, Y!mobile, LINEMO, PayPay, ソフトバンク光,""]"
94350,９４３５０,光通信,情報通信・サービスその他,Hikari Tsushin|Hikari|94350,...|BIZTEL|Next IT|Hikari Box|Hikari Rental,"[""会社名: 光通信, Hikari Tsushin, Hikari, 光, Hikari Telecom  \nブランド名: ..."", ""会社名: 光通信, Hikari Tsushin, Hikari, 94350, HT,\nブランド名: BIZTEL, Next IT, Hikari Box, Hikari Rental, Hikari Mobile,"", ""会社名: 光通信, Hikari Tsushin, 94350,\nブランド名: ...""]"
94380,９４３８０,エムティーアイ,情報通信・サービスその他,MTI|MTI Ltd.,music.jp|ルナルナ|カラダメディカ|dヘルスケア,"[""申し訳ありませんが、「エムティーアイ」（証券コード: 94380）についての具体的な略称やブランド名の情報は持ち合わせていません。一般的には、企業の略称やブランド名は公式ウェブサイトやプレスリリース、または金融ニュースなどで確認することができます。"", ""会社名: MTI, エムティーアイ, MTI Ltd.,\nブランド名: music.jp, ルナルナ, カラダメディカ, dヘルスケア, ムーヴバンド"", ""会社名: MTI, エムティーアイ, MTI Ltd.,   \nブランド名: music.jp, ルナルナ, カラダメディカ,   \n\n(Note: The list may not be exhaustive and is based on the information available up to October 2023.)""]"
94490,９４４９０,ＧＭＯインターネットグループ,情報通信・サービスその他,GMO|GMOインターネット|GMO Internet Group|GMO Internet|ＧＭＯインターネット,Z.com|GMOクリック証券|お名前.com|GMOペパボ|GMOコイン,"[""会社名: GMO, GMOインターネット, GMOグループ, GMO Internet Group, GMO Internet,\nブランド名: お名前.com, Z.com, GMOクリック証券, GMOペパボ, GMOコイン"", ""会社名: GMO, GMOインターネット, GMOグループ, GMO Internet Group, GMO Internet,\nブランド名: GMOクリック証券, GMOペパボ, GMOコイン, GMOあおぞらネット銀行, Z.com"", ""会社名: GMO, GMOインターネット, GMOグループ, GMO IG, GMOインターネットグループ,\nブランド名: Z.com, お名前.com, GMOクリック証券, GMOペイメントゲートウェイ, GMOクラウド""]"
94500,９４５００,ファイバーゲート,情報通信・サービスその他,FG|ファイゲ|ファイバー|ゲート,Wi-Fi Nex|Wi-Fi Connect|Wi-Fi Spot|Wi-Fi Home,"[""申し訳ありませんが、「ファイバーゲート」（証券コード: 94500）に関する具体的な情報は手元にありません。そのため、会社の略称やブランド名についてのリストを提供することができません。ファイバーゲートに関する詳細な情報は、公式ウェブサイトや金融ニュースの最新情報をご確認ください。"", ""会社名: ファイバーゲート, FG, ファイゲ, ファイバー, ゲート  \nブランド名: Wi-Fi Nex, Wi-Fi Connect, Wi-Fi Spot, Wi-Fi Home, Wi-Fi Office"", ""申し訳ありませんが、「ファイバーゲート」（証券コード: 94500）に関する具体的な略称やニックネーム、ブランド名、製品名についての情報は持っていません。一般的に企業名やブランド名は、企業の公式情報やニュース記事で確認することができます。公式ウェブサイトやプレスリリースを参照することをお勧めします。""]"
94680,９４６８０,ＫＡＤＯＫＡＷＡ,情報通信・サービスその他,KADOKAWA|カドカワ|角川,角川文庫|電撃文庫|ファミ通|ドワンゴ|ニコニコ動画,"[""会社名: KADOKAWA, カドカワ,\nブランド名: 角川文庫, 電撃文庫, ファミ通, ドワンゴ, ニコニコ動画"", ""会社名: KADOKAWA, カドカワ, 角川,\nブランド名: 角川文庫, 電撃文庫, ファミ通, ドワンゴ, ニコニコ動画"", ""会社名: KADOKAWA, カドカワ,\nブランド名: 角川文庫, 電撃文庫, ファミ通, ドワンゴ, ニコニコ""]"
94700,９４７００,学研ホールディングス,情報通信・サービスその他,学研|Gakken|Gakken Holdings,学研教室|学研ステイフル|学研プラス|学研メディカル秀潤社|学研図書,"[""会社名: 学研, Gakken,\nブランド名: 学研教室, 学研図書, 学研ステイフル, 学研プラス, 学研メディカル秀潤社"", ""会社名: 学研, Gakken, 学研HD, 学研ホールディングス, Gakken Holdings  \nブランド名: 学研教室, 学研図鑑, 学研まんが, 学研ステイフル, 学研プラス"", ""会社名: 学研, Gakken,\nブランド名: 学研教室, 学研プラス, 学研ステイフル, 学研出版, 学研メディカル秀潤社""]"
94740,９４７４０,ゼンリン,情報通信・サービスその他,ZENRIN|ゼンリン社|ゼンリン株式会社|ZENRIN Co.,ZENRIN地図|ZENRIN住宅地図|ZENRINデジタル地図|ZENRIN地図データ|ZENRINナビゲーションソフト,"[""会社名: ゼンリン, ZENRIN,\nブランド名: ZENRIN地図, ZENRIN住宅地図, ZENRINデジタル地図, ZENRIN地図データ, ZENRINナビゲーションソフト"", ""会社名: ゼンリン, ZENRIN, ゼンリン社, ゼンリン株式会社, ZENRIN Co., Ltd.,\nブランド名: ZENRIN地図, ZENRIN住宅地図, ZENRINデジタル地図, ZENRINマップ, ZENRINナビゲーション,"", ""会社名: ゼンリン,  \nブランド名: ZENRIN, ZENRIN DataCom, ZENRIN Store, ZENRIN Map, ZENRIN GIS""]"
95010,９５０１０,東京電力ホールディングス,電気・ガス,東電|TEPCO|東京電力,でんき家計簿|TEPCOスマートメーター|TEPCOホームテック|TEPCOエナジーパートナー|TEPCO PG,"[""会社名: 東電, TEPCO, 東京電力, 東京電力HD, 東京電力ホールディングス,\nブランド名: でんき家計簿, TEPCOスマートメーター, TEPCOホームテック, TEPCOエナジーパートナー, TEPCO PG"", ""会社名: 東電, TEPCO, 東京電力, 東京電力HD, 9501,\nブランド名: でんき家計簿, TEPCOスマートメーター, TEPCOアプリ, TEPCOでんき, TEPCOガス"", ""会社名: 東電, TEPCO, 東京電力, 東京電力HD, 東京電力ホールディングス,\nブランド名: でんき家計簿, TEPCOスマートメーター, TEPCOホームテック, TEPCOエナジーパートナー, TEPCOトレーディング""]"
95020,９５０２０,中部電力,電気・ガス,中電|Chubu Electric|CEPCO|中部電,カテエネ|エコキュート|でんきのeくん|エコウィル|エコワット,"[""会社名: 中電, Chubu Electric, Chuden, CEPCO, Chubu Electric Power,\nブランド名: カテエネ, でんきのeくん, エコキュート, エコウィル, エコワット"", ""会社名: 中電, Chubu Electric, 中部電, CEC, 中部電力,\nブランド名: カテエネ, でんきdeポイント, 中部電力ミライズ, 中部電力パワーグリッド, 中部電力エナジーソリューションズ,"", ""会社名: 中電, 中部電, CEPCO, Chubu Electric, 中部電力,\nブランド名: カテエネ, でんきの科学館, エコキュート, エコアイス, エコキュートヒートポンプ,""]"
95030,９５０３０,関西電力,電気・ガス,関電|KEPCO|Kansai Electric|関西電|Kanden,はぴeみる電|はぴeポイント|はぴeプラン|はぴeライフ|はぴeスマート,"[""会社名: 関電, KEPCO, Kansai Electric,\nブランド名: はぴeみる電, はぴeポイント, はぴeプラン, はぴeライフ, はぴeスマート"", ""会社名: 関電, Kanden, 関西電, Kansai Electric, KEPCO  \nブランド名: はぴeみる電, はぴeポイント, はぴeタイム, はぴeプラン, はぴeスマイル"", ""会社名: 関電, 関西電, KEP, 関西電力,\nブランド名: はぴeみる電, はぴeポイント, はぴeプラン, eおトクプラン, はぴeスマートプラン""]"
95040,９５０４０,中国電力,電気・ガス,Chugoku Electric|CEPCO|中電|Chugoku Electric Power,EnerGia|ぐっとずっと。エネルギア|エネルギアポイント|エネルギアプラス|エネルギアライフサポート,"[""会社名: 中国電力, Chugoku Electric, Chugoku Electric Power, CEPCO, 中国電\nブランド名: EnerGia, ぐっとずっと。エネルギア, エネルギアポイント, エネルギアプラス, エネルギアライフサポート"", ""会社名: 中国電力, Chugoku Electric, 中電, CEPCO, Chugoku EPCO  \nブランド名: EnerGia"", ""会社名: 中国電力, 中電, Chugoku Electric, CEPCO, 9504,\nブランド名: EnerGia, ぐっとずっと。エネルギア, ちゅうでんeco, ちゅうでんアプリ, ちゅうでんポイント""]"
95050,９５０５０,北陸電力,電気・ガス,北電|北陸電|Hokuriku Electric Power Company|Hokuriku EPCO,ほくでんガス|ほくでんエコプラン|エナジア|ほくリンク|北陸電力ネットワーク,"[""会社名: 北電, Hokuriku Electric Power Company, Hokuriku EPCO, 北陸電力株式会社, Hokuriku Denryoku\nブランド名: エナジア, 北陸電力ネットワーク, ほくでんガス, ほくでんエコプラン, ほくでんスマートプラン"", ""会社名: 北電, Hokuriku Electric, 北陸電, 北陸電力,\nブランド名: エナジア, ほくリンク, ほくでんガス, ほくでん電気, ほくでんエコプラン"", ""会社名: 北電, 北陸電, 北陸電力,\nブランド名: ほくリンク, ほくでんガス, ほくでんエコプラン, ほくでんスマート, ほくでんポイント""]"
95060,９５０６０,東北電力,電気・ガス,東北電|Tohoku EPCO|Tohoku Electric|Tohoku Electric Power,やまびこ|でんきの森|でんきの森プラス|でんきの森スマート|でんきの森エコ,"[""会社名: 東北電力, Tohoku Electric Power, 東北電, Tohoku EPCO,\nブランド名: やまびこ, でんきの森, でんきの森プラス, でんきの森スマート, でんきの森エコ"", ""会社名: 東北電, Tohoku Electric, 東北電力,\nブランド名: よりそう, よりそうeねっと, よりそうでんき, よりそうガス, よりそうプラス"", ""会社名: 東北電力, 東北電, Tohoku Electric, Tohoku EPCO, 95060  \nブランド名: なし""]"
95070,９５０７０,四国電力,電気・ガス,四電|Shikoku Electric|四国電|Shikoku Electric Power|四国電力株式会社,よんでんeポイント|よんでんeチャージ|よんでんeプラン|よんでんeライフ,"[""会社名: 四電, Shikoku Electric, Shikoku Electric Power, 四国電力株式会社, SEPCO,\nブランド名: よんでんeポイント, よんでんeチャージ, よんでんeプラン, よんでんeサポート, よんでんeライフ"", ""申し訳ありませんが、「四国電力」（証券コード: 95070）に関する具体的な略称やブランド名のリストを提供することはできません。ただし、一般的に電力会社に関連する略称やブランド名の例としては、以下のようなものがあります。\n\n会社名: 四電, Shikoku Electric, 四国電,\nブランド名: よんでんeポイント, よんでんグリーンエナジー, よんでんガス\n\nこれらは一般的な例であり、実際の使用状況とは異なる可能性があります。最新の情報は公式な資料や信頼できる情報源を確認してください。"", ""会社名: 四電, 四国電, 四国電力, 四電力, 四国電気,\nブランド名: よんでん, よんでんエナジー, よんでんグリーン, よんでんライフ, よんでんソリューションズ,""]"
95080,９５０８０,九州電力,電気・ガス,九電|Kyushu Electric|Kyuden|KEPCO,なし|玄海原子力発電所|川内原子力発電所|ひびきLNG|でんき予報,"[""会社名: 九電, Kyushu Electric, Kyuden,\nブランド名: 玄海原子力発電所, 川内原子力発電所, ひびきLNG, でんき予報, でんき家計簿"", ""会社名: 九州電力, 九電, Kyushu Electric, KEPCO, Kyuden,\nブランド名: なし"", ""会社名: 九州電力, 九電, Kyuden, Kyushu Electric, 九州電,\nブランド名: なし""]"
95090,９５０９０,北海道電力,電気・ガス,北電|Hokkaido Electric|HEPCO|北海道電力株式会社|北海道電,ほくでんガス|ほくでんスマートメーター|ほくでんエコプラン|ほくでん電気|ほくでんポイントクラブ,"[""会社名: 北電, Hokkaido Electric, HEPCO, 北海道電力株式会社, Hokkaido Electric Power Co.\nブランド名: ほくでんガス, ほくでんエコプラン, ほくでんスマートメーター, ほくでん電気, ほくでんポイントクラブ"", ""会社名: 北電, 北海道電, Hokkaido Electric, HEPCO, 北海道電力株式会社\n\nブランド名: ほくでんガス, ほくでんエコ, ほくでんでんき, ほくでんポイント, ほくでんスマートプラン"", ""会社名: 北電, 北海道電, 北海道電力,\nブランド名: ほくでん, ほくでんエナジーサービス, ほくでんグリーンエネルギー, ほくでんスマートメーター, ほくでん電力プラン""]"
95110,９５１１０,沖縄電力,電気・ガス,沖電|沖縄電|沖縄電力株式会社|Okinawa Electric Power Company,でんきプラン|沖電エコプラン|沖電スマートプラン|沖電ガス|沖電ソーラー,"[""会社名: 沖電, 沖縄電力株式会社, Okinawa Electric Power Company, OEPC, 沖縄電力\nブランド名: でんきプラン, 沖電エコプラン, 沖電スマートプラン, 沖電ガス, 沖電ソーラー"", ""会社名: 沖電, 沖縄電, OKIDEN, 沖縄電力,\nブランド名: でんきプラン, ちゅらでんき, でんきポイントサービス, でんき安心サポート, でんきスマートプラン"", ""会社名: 沖電, 沖縄電, 沖縄電力,\nブランド名: なし""]"
95130,９５１３０,電源開発,電気・ガス,J-POWER|電源開発株式会社|電開|Jパワー,ふくしま未来|風力発電プロジェクト|水力発電プロジェクト|石炭火力発電プロジェクト,"[""会社名: J-POWER, 電源開発株式会社, 電源開発,\nブランド名:"", ""会社名: J-POWER, 電源開発, 電開, Jパワー, Jパワー電源開発  \nブランド名: ふくしま未来, ふくしま未来プロジェクト, 風力発電プロジェクト, 水力発電プロジェクト, 石炭火力発電プロジェクト"", ""会社名: J-POWER, 電発, 電源開発,\nブランド名: なし""]"
95140,９５１４０,エフオン,電気・ガス,F-ON|F-ONエナジー|F-ONパワー|エフオンジャパン,,"[""会社名: エフオン, F-ON,\nブランド名: 申し訳ありませんが、エフオンに関連する代表的なブランド名や製品名の情報は見つかりませんでした。"", ""会社名: エフオン, F-ON,\nブランド名:"", ""会社名: エフオン, F-ON, F-ONエナジー, F-ONパワー, エフオンジャパン  \nブランド名: 特定のブランド名や製品名は確認できません。""]"
95170,９５１７０,イーレックス,電気・ガス,EREX|eREX|9517,,"[""会社名: イーレックス, EREX,\nブランド名: 申し訳ありませんが、イーレックスの代表的なブランド名や製品名に関する具体的な情報は提供できません。"", ""申し訳ありませんが、イーレックス株式会社（証券コード: 95170）に関する具体的な略称やブランド名についての情報は持ち合わせていません。一般的に、企業の略称やブランド名は企業の公式ウェブサイトや関連するプレスリリース、または業界内での使用例を参照することで確認できます。具体的な情報が必要な場合は、公式な情報源を確認することをお勧めします。"", ""会社名: イーレックス, eREX, 9517,\nブランド名: 申し訳ありませんが、イーレックスの具体的なブランド名や製品名についての情報は持っていません。""]"
95190,９５１９０,レノバ,電気・ガス,RENOVA|9519|レノバ株式会社|RENOVA Inc.,...,"[""会社名: レノバ, RENOVA, レノバ株式会社, RENOVA Inc.,\nブランド名: 申し訳ありませんが、レノバの具体的なブランド名や製品名についての情報は提供できません。"", ""会社名: レノバ, RENOVA, 9519, 再エネ企業, 再生可能エネルギー企業  \nブランド名: ..."", ""会社名: レノバ, RENOVA, 9519, 再生エネ企業, クリーンエネルギー企業,\nブランド名: 特定のブランド名や製品名は一般的に報道されていません。""]"
95310,９５３１０,東京瓦斯,電気・ガス,東京ガス|東ガス|TG|Tokyo Gas|トーガス,エネファーム|ガスパッチョ|myTOKYOGAS|ガスファンヒーター|ガス温水床暖房,"[""会社名: 東京ガス, TG, Tokyo Gas, 東ガス, トーガス  \nブランド名: エネファーム, ガスパッチョ, myTOKYOGAS, ガス温水床暖房, ガスファンヒーター"", ""会社名: 東ガス, TGC, 東京ガス,\nブランド名: エネファーム, myTOKYOGAS, ガスパッチョ, ガスファンヒーター, ガスコンロ"", ""会社名: 東ガス, 東京ガス, TG, Tガス, 東ガスグループ,\nブランド名: エネファーム, myTOKYOGAS, ガスパッチョ, ガスミュージアム, ガスの科学館""]"
95320,９５３２０,大阪瓦斯,電気・ガス,大ガス|Osaka Gas|OGS|オーガス|オー・ジー・エス,エネファーム|マイホーム発電|ガスファンヒーター|エコジョーズ|ピピッとコンロ,"[""会社名: 大ガス, Osaka Gas, OGS, オー・ジー・エス, オーガス  \nブランド名: エネファーム, マイホーム発電, ピピッとコンロ, ガスファンヒーター, ガス温水床暖房システム"", ""会社名: 大ガス, 大阪ガス, Osaka Gas, OGS, オーガス  \nブランド名: エコジョーズ, エネファーム, ガスパル, らく得サービス, ガスファンヒーター"", ""会社名: 大ガス, OSAKA GAS, OG,\nブランド名: エネファーム, マイホーム発電, ガスてん, ぴこぴこガス, エコジョーズ""]"
95330,９５３３０,東邦瓦斯,電気・ガス,東邦ガス|Toho Gas|東ガス|Toho Gas Co.,エコジョーズ|ガスファンヒーター|ガスコンロ|都市ガス|ガス給湯器,"[""会社名: 東邦ガス, Toho Gas, 東邦ガス株式会社, Toho Gas Co., Ltd.,\nブランド名: 都市ガス, エコジョーズ, ガスファンヒーター, ガスコンロ, ガス給湯器"", ""会社名: 東ガス, 東邦ガス, Toho Gas, 東邦,\nブランド名: 都市ガス, エコジョーズ, ガスファンヒーター, ガスコンロ, ガス給湯器"", ""会社名: 東邦ガス, 東邦G, 東ガス, TOHO GAS, 9533,\nブランド名: エネファーム, エコジョーズ, ガスファンヒーター, ガスコンロ, ガス温水床暖房システム,""]"
95340,９５３４０,北海道瓦斯,電気・ガス,北ガス|Hokkaido Gas|Hokkaido Gas Co.|Ltd.|HG,エコジョーズ|北ガスの電気|北ガスのガス|北ガスの都市ガス|北ガスのLPガス,"[""会社名: 北ガス, Hokkaido Gas, Hokkaido Gas Co., Ltd.,\nブランド名: エコジョーズ, 北ガスの電気, 北ガスのガス, 北ガスの都市ガス, 北ガスのLPガス"", ""会社名: 北ガス, Hokkaido Gas, HG, 北海道ガス,\nブランド名: エコジョーズ, エネファーム, らくらくガス, らくらく電気, らくらくセット"", ""会社名: 北ガス, Hokkaido Gas, \nブランド名: 北ガス, ほくでんガス, ほくでんエコ, ほくでんエネルギー, ほくでんライフ""]"
95350,９５３５０,広島ガス,電気・ガス,広ガス|Hiroshima Gas|広島ガス株式会社|HG|95350,ガスワン|ひろしまガス|エコジョーズ|ガスパル|ガスファンヒーター,"[""会社名: 広ガス, Hiroshima Gas\nブランド名: ひろしまガス, ガスワン, エコジョーズ, ガスファンヒーター, ガスコンロ"", ""会社名: 広ガス, Hiroshima Gas, HG, 広島ガス株式会社, 95350  \nブランド名: ひろしまガスプラス, ガスワン, ガスファーム, エコジョーズ, ガスパル"", ""会社名: 広ガス, 広島G, HGC, 広島ガス株式会社, 広島ガス,\nブランド名: ひろしまガス, ガスパル, エネファーム, ガスワン, ガスプラス""]"
95360,９５３６０,西部ガスホールディングス,電気・ガス,西部ガス|Seibu Gas|Seibu Gas Holdings,ひなた|ガスワン|ガスファーム|エコウィル|ガスパル,"[""会社名: 西部ガス, 西部ガスHD, 西部ガスホールディングス, Seibu Gas, Seibu Gas Holdings  \nブランド名: ひなた, ガスワン, ガスファーム, エコウィル, ガスパル"", ""会社名: 西部ガス, 西部ガスHD, 西ガス, Seibu Gas, SGHD  \nブランド名: ひなたガス, ひなた電気, ひなたの水, ひなたの暮らし, ひなたのエネルギー"", ""会社名: 西部ガス, 西部ガスHD, 西部ガスホールディングス,\nブランド名: ありません。""]"
95430,９５４３０,静岡ガス,電気・ガス,静ガス|Shizuoka Gas|SG|Shizugas|静岡G,エネファーム|ガスワン|ガスプラス|ガスライト|ガスヒートポンプ,"[""会社名: 静ガス, Shizuoka Gas, Shizugas,\nブランド名: エネファーム, ガスワン, ガスプラス, ガスライト, ガスヒートポンプ"", ""会社名: 静ガス, Shizuoka Gas, SG,\nブランド名: エネファーム, しずおかガスでんき, しずおかガスプラス, しずおかガスウォーター, しずおかガスヒートポンプ"", ""会社名: 静ガス, 静岡G, SG, 静岡ガス株式会社, 静岡ガスグループ,\nブランド名: エネファーム, エコウィル, ガスワン, ガスプラス, 静ガスエネルギー""]"
95510,９５５１０,メタウォーター,電気・ガス,,,"[""申し訳ありませんが、「メタウォーター」（証券コード: 95510）についての具体的な略称やブランド名の情報は私のデータベースには含まれていません。一般的には、企業の略称やブランド名は公式ウェブサイトや金融ニュース、または投資家向けの資料で確認することができます。"", ""申し訳ありませんが、「メタウォーター」（証券コード: 95510）についての具体的な略称やブランド名のリストを提供することはできません。ただし、一般的に企業の略称やニックネームは会社名を短縮したものや英語名が使われることが多いです。また、ブランド名や製品名は企業の公式ウェブサイトやプレスリリースで確認することができます。具体的な情報をお求めの場合は、公式な情報源を参照することをお勧めします。"", ""申し訳ありませんが、「メタウォーター」（証券コード: 95510）についての具体的な略称やニックネーム、ブランド名、製品名に関する情報は私のデータベースには含まれていません。一般的に企業名やブランド名は、公式な略称やニックネームが存在する場合がありますが、それらは企業の公式発表や業界での通称に依存します。\n\nもし具体的な情報が必要であれば、企業の公式ウェブサイトや最新の金融ニュースを参照することをお勧めします。""]"
95520,９５５２０,Ｍ＆Ａ総研ホールディングス,情報通信・サービスその他,M&A総研|M&A Research Institute Holdings|M&A Research Institute|Ｍ＆Ａ総研,なし,"[""申し訳ありませんが、「Ｍ＆Ａ総研ホールディングス」についての具体的な略称やブランド名の情報は私のデータベースには含まれていません。一般的に、企業の略称やブランド名は公式ウェブサイトやプレスリリース、または金融ニュースなどで確認することができます。"", ""会社名: M&A総研, M&A総研HD, M&A総研ホールディングス, M&A Research Institute Holdings, M&A Research Institute\n\nブランド名: 申し訳ありませんが、M&A総研ホールディングスの代表的なブランド名や製品名に関する具体的な情報は持っていません。"", ""会社名: M&A総研, M&A総研HD, M&A総研ホールディングス,\nブランド名: なし""]"
96000,９６０００,アイネット,情報通信・サービスその他,アイ,,"[""申し訳ありませんが、「アイネット」（証券コード: 96000）に関する具体的な情報は私のデータベースには含まれていないようです。そのため、会社の略称やブランド名についてのリストを提供することができません。最新の情報については、公式な金融ニュースや企業の公式ウェブサイトをご確認ください。"", ""申し訳ありませんが、「アイネット」（証券コード: 96000）に関する具体的な略称やブランド名についての情報は持ち合わせていません。一般的に、企業の略称やブランド名は公式な情報源や企業のウェブサイト、またはSNSでの使用例を確認することが重要です。もし具体的な情報が必要であれば、公式な情報源を参照することをお勧めします。"", ""申し訳ありませんが、「アイネット」（証券コード: 96000）に関する具体的な略称やブランド名、製品名についての情報は持ち合わせていません。一般的に、企業の略称やブランド名、製品名は企業の公式ウェブサイトやプレスリリース、または金融ニュースサイトで確認することができます。具体的な情報を得るためには、これらの情報源を参照することをお勧めします。""]"
96010,９６０１０,松竹,情報通信・サービスその他,Shochiku|松竹株式会社|Shochiku Co.|Ltd.,松竹映画|松竹歌劇団|松竹座|松竹大歌舞伎|松竹マルチプレックスシアターズ,"[""会社名: 松竹, Shochiku,\nブランド名: 松竹映画, 松竹歌劇団, 松竹座, 松竹大歌舞伎, 松竹新喜劇"", ""会社名: 松竹, Shochiku, 松竹株式会社, Shochiku Co., Ltd.,\nブランド名: 松竹映画, 松竹歌劇団, 松竹座, 松竹大歌舞伎, 松竹マルチプレックスシアターズ"", ""会社名: 松竹, SHOCHIKU, 松竹株式会社, 松竹グループ, 松竹映像,\nブランド名: 松竹映画, 松竹座, 松竹大歌舞伎, 松竹マルチプレックスシアターズ, 松竹歌劇団,""]"
96020,９６０２０,東宝,情報通信・サービスその他,TOHO|東宝株式会社|トーホー|9602,ゴジラ|ドラえもん|名探偵コナン|シン・ゴジラ|妖怪ウォッチ,"[""会社名: 東宝, TOHO,\nブランド名: ゴジラ, ドラえもん, 名探偵コナン, シン・ゴジラ, 妖怪ウォッチ"", ""会社名: 東宝, TOHO, トーホー, 9602, 東宝株式会社  \nブランド名: ゴジラ, シン・ゴジラ, 名探偵コナン, ドラえもん, クレヨンしんちゃん"", ""会社名: 東宝, TOHO, 東宝株式会社,  \nブランド名: ゴジラ, シネマシティ, 東宝シネマズ, シネマメディアージュ, 東宝映像事業""]"
96030,９６０３０,エイチ・アイ・エス,情報通信・サービスその他,H.I.S|HIS|エイチアイエス,初夢フェア|HISモバイル|HISトラベル|HISバスツアー|HISクルーズ,"[""会社名: H.I.S, HIS, エイチ・アイ・エス, エイチアイエス, エイチアイエス株式会社  \nブランド名: 初夢フェア, HISモバイル, HISトラベル, HISバスツアー, HISクルーズ"", ""会社名: HIS, エイチアイエス, H.I.S,\nブランド名: 初夢フェア, たびとも, HISモバイル, HISクーポン, HISオンラインツアー"", ""会社名: H.I.S, HIS, エイチ・アイ・エス, エイチアイエス, エイチアイエス株式会社,\nブランド名: ハウステンボス, クラブツーリズム, スカイウォーカー, ホテルアンドリゾーツ, エイチ・アイ・エスモバイル""]"
96050,９６０５０,東映,情報通信・サービスその他,TOEI|東映株式会社|TOEI CO.|LTD.,ドラゴンボール|ワンピース|スーパー戦隊シリーズ|仮面ライダーシリーズ|プリキュアシリーズ,"[""会社名: 東映, TOEI, 東映株式会社, TOEI COMPANY, TOEI CO., LTD.,\nブランド名: スーパー戦隊シリーズ, 仮面ライダーシリーズ, プリキュアシリーズ, ドラゴンボール, ワンピース"", ""会社名: 東映, TOEI, 東映株式会社, Toei Company, Toei Co., Ltd.\n\nブランド名: スーパー戦隊シリーズ, 仮面ライダーシリーズ, プリキュアシリーズ, ドラゴンボール, ワンピース"", ""会社名: 東映, TOEI, 東映株式会社, TOEI CO., LTD., 東映グループ  \nブランド名: スーパー戦隊, 仮面ライダー, プリキュア, ドラゴンボール, ワンピース""]"
96120,９６１２０,ラックランド,情報通信・サービスその他,ラック|LL,らっくん|らっくランドキッチン|らっくランドプロジェクト,"[""申し訳ありませんが、「ラックランド」（証券コード: 96120）に関する具体的な略称やブランド名の情報は手元にありません。一般的には、企業の略称やブランド名は公式ウェブサイトやプレスリリース、金融ニュースなどで確認できます。具体的な情報が必要な場合は、これらの情報源を参照することをお勧めします。"", ""会社名: ラックランド, LL, ラック,\nブランド名: らっくん, らっくランドキッチン, らっくランドプロジェクト, らっくランドサービス, らっくランドデザイン"", ""会社名: ラックランド, ラック,\nブランド名: なし""]"
96130,９６１３０,ＮＴＴデータグループ,情報通信・サービスその他,NTTデータ|NTT DATA|ＮＴＴデータ,BizXaaS|COTOHA|NETRUST|BizINEX|Cotoha,"[""会社名: NTTデータ, NTT DATA, データグループ, NTTデータグループ,\nブランド名: BizXaaS, BizINEX, Cotoha, OpenCanvas, Mirai Translator"", ""会社名: NTTデータ, NTTデータグループ, NTTデータ株式会社, NTT DATA, NTTデータホールディングス  \nブランド名: BizXaaS, COTOHA, NETRUST, i-MEDIC, AMLAD"", ""会社名: NTTデータ, NTTデータグループ, NTTデータ株式会社, NTTデータホールディングス, NTTデータジャパン,\nブランド名: BizXaaS, COTOHA, i-MEDCORE, NETRUST, WinActor,""]"
96160,９６１６０,共立メンテナンス,情報通信・サービスその他,共立メンテ|Kyoritsu Maintenance|Kyoritsu|共立|96160,ドーミーイン|ドーミー|ドーミー倶楽部|ドーミーインプレミア,"[""会社名: 共立メンテ, Kyoritsu Maintenance, Kyoritsu,\nブランド名: ドーミーイン, ドーミー, ドーミーインプレミア, ドーミーインエクスプレス, ドーミーインセレクト"", ""会社名: 共立, 共立メンテ, Kyoritsu, Kyoritsu Maintenance, 96160\nブランド名: ドーミーイン, ドーミー, ドーミー倶楽部, ドーミーインPREMIUM, ドーミーインEXPRESS"", ""会社名: 共立メンテ, 共立, Kyoritsu Maintenance, Kyoritsu,\nブランド名: ドーミーイン, ドーミー, Dormy Inn, Dormy, ドーミー倶楽部""]"
96190,９６１９０,イチネンホールディングス,情報通信・サービスその他,イチネン|Ichinen Holdings|Ichinen,カーライフ|イチネンケミカル|イチネンテクノ|イチネンレンタリース|イチネンオートリース,"[""会社名: イチネン, イチネンHD, Ichinen Holdings, Ichinen,\nブランド名: カーライフ, イチネンケミカル, イチネンテクノ, イチネンレンタリース, イチネンオートリース"", ""申し訳ありませんが、「イチネンホールディングス」（証券コード: 96190）についての具体的な略称やブランド名の情報は持っていません。一般的には、企業の略称やブランド名は公式ウェブサイトやプレスリリース、またはSNSでの使用例から確認することができます。公式な情報源を参照することをお勧めします。"", ""会社名: イチネン, イチネンHD, イチネンホールディングス,\nブランド名: 特定のブランド名や製品名は一般的に報道されていない可能性があります。""]"
96210,９６２１０,建設技術研究所,情報通信・サービスその他,建技研|CTI|建設技研|CTI Engineering,,"[""申し訳ありませんが、「建設技術研究所」（証券コード: 96210）に関する具体的な略称やブランド名の情報は持っていません。一般的に、企業の略称やブランド名は公式な情報源や企業のウェブサイトで確認することができます。"", ""会社名: 建技研, CTI, 建設技研, CTI Engineering, 建設技術研究所\nブランド名: ありません"", ""会社名: 建技, CTI, 建設技研, 建技研, 建設技術,\nブランド名: 特定のブランド名や製品名は一般的に知られていません。""]"
96220,９６２２０,スペース,情報通信・サービスその他,SPACE|スペース社|スペース株式会社,,"[""会社名: スペース, SPACE,\nブランド名: ありません"", ""申し訳ありませんが、「スペース」（証券コード: 96220）に関する具体的な情報は私のデータベースには含まれていないようです。そのため、会社の略称やブランド名についての詳細を提供することができません。一般的には、企業の公式ウェブサイトや金融情報提供サービスを通じて、最新の情報を確認することをお勧めします。"", ""会社名: スペース, スペース社, スペース株式会社,  \nブランド名: ありません。""]"
96270,９６２７０,アインホールディングス,小売,アインHD|Ain Holdings|アインファーマシーズ|Ain,アインファーマシーズ|アイン薬局|ハピコム|アインズ&トルペ|アインメディカルシステム,"[""会社名: アインHD, Ain Holdings, アインファーマシーズ, アイン, Ain\nブランド名: アイン薬局, ハピコム, アインズ&トルペ, アインメディカルシステム, アインファーマシーズ"", ""申し訳ありませんが、「アインホールディングス」（証券コード: 96270）に関する具体的な略称やブランド名のリストは提供できません。ただし、一般的に企業の略称やブランド名は公式ウェブサイトや投資家向け資料で確認できることが多いです。公式な情報源を参照することをお勧めします。"", ""会社名: アインHD, アインHLDG, アインホールディングス,\nブランド名: アインズ＆トルペ, AINZ&TULPE, アインファーマシーズ, ainz, tulpe""]"
96280,９６２８０,燦ホールディングス,情報通信・サービスその他,,,"[""申し訳ありませんが、「燦ホールディングス」（証券コード: 96280）に関する具体的な略称やブランド名の情報は私のデータベースには含まれていないようです。一般的には、企業の略称やブランド名は公式ウェブサイトやプレスリリース、または金融ニュースなどで確認することができます。"", ""申し訳ありませんが、「燦ホールディングス」（証券コード: 96280）に関する具体的な略称やブランド名についての情報は持っていません。一般的には、企業の略称やブランド名は公式ウェブサイトや投資家向け資料、またはSNS上での言及を通じて確認することができます。具体的な情報を知りたい場合は、これらの情報源を参照することをお勧めします。"", ""申し訳ありませんが、「燦ホールディングス」（証券コード: 96280）に関する具体的な略称やブランド名、製品名の情報は私のデータベースには含まれていません。一般的には、企業の略称やブランド名は公式ウェブサイトやプレスリリース、または金融ニュースで確認することができます。""]"
96290,９６２９０,ピー・シー・エー,情報通信・サービスその他,PCA|ピーシーエー|パソコン会計,PCA会計|PCA給与|PCA商魂|PCA商管|PCA人事管理,"[""会社名: PCA, ピーシーエー,\nブランド名: PCA会計, PCA給与, PCA商魂, PCA商管, PCA人事管理"", ""会社名: PCA, ピーシーエー, ピー・シー・エー, パソコン会計,\nブランド名: PCA会計, PCA給与, PCA商魂, PCA商管, PCA固定資産"", ""会社名: PCA, ピーシーエー,\nブランド名: PCA会計, PCA給与, PCA商魂, PCA商管, PCA人事管理""]"
96320,９６３２０,スバル興業,情報通信・サービスその他,スバ興|SK|96320,なし,"[""会社名: スバ興, スバル興業,\nブランド名: ありません。"", ""会社名: スバ興, SK, スバル興業,\nブランド名: ありません。"", ""会社名: スバ興, スバル興業, 96320,\nブランド名: なし""]"
96440,９６４４０,タナベコンサルティンググループ,情報通信・サービスその他,タナベ|TCG|タナベコンサル|タナベコンサルティング,,"[""申し訳ありませんが、「タナベコンサルティンググループ」についての具体的な略称やブランド名の情報は持っていません。一般的には、企業の略称やブランド名は公式ウェブサイトやプレスリリースで確認することができます。具体的な情報が必要な場合は、公式な情報源を参照してください。"", ""申し訳ありませんが、「タナベコンサルティンググループ」についての具体的な略称やブランド名のリストは提供できません。一般的には、企業の略称やブランド名は公式のウェブサイトやプレスリリース、または業界内での通称として知られていることが多いです。公式な情報源を確認することをお勧めします。"", ""会社名: タナベ, TCG, タナベコンサル, タナベグループ, タナベコンサルティング,\nブランド名: 特定のブランド名や製品名は確認できません。""]"
96580,９６５８０,ビジネスブレイン太田昭和,情報通信・サービスその他,BBS|ビジネスブレイン|太田昭和|BBSO,SAP導入支援|ERPソリューション|ITコンサルティング|システムインテグレーション|業務改善コンサルティング,"[""会社名: BBS, ビジネスブレイン, 太田昭和, BBSO, ビジネスブレイン太田昭和,\nブランド名: SAP導入支援, ERPソリューション, ITコンサルティング, システムインテグレーション, 業務改善コンサルティング"", ""申し訳ありませんが、「ビジネスブレイン太田昭和」（証券コード: 96580）についての具体的な略称やブランド名の情報は持ち合わせていません。一般的に企業の略称やブランド名は、公式ウェブサイトやプレスリリース、または業界内での使用例を参照することで確認できます。"", ""会社名: BBS, ビジブレ, 太田昭和, BBSO, ビジネスブレイン,\nブランド名: 特定のブランド名や製品名は一般的に知られていません。""]"
96630,９６６３０,ナガワ,情報通信・サービスその他,NAGAWA|ナガワ株式会社|NAGAWA Corporation,スーパーハウス|モバイルスペース|スペースデザイン|エコスペース|スペースクリエイト,"[""会社名: ナガワ, NAGAWA,\nブランド名: スーパーハウス, モバイルスペース, スペースデザイン, エコスペース, スペースクリエイト"", ""会社名: ナガワ, NAGAWA, ナガワ株式会社, NAGAWA Corporation, ナガワコーポレーション\n\nブランド名: スーパーハウス, スーパーハウスミニ, スーパーハウスエコ, スーパーハウスデラックス, スーパーハウスライト"", ""申し訳ありませんが、「ナガワ」（証券コード: 96630）に関する具体的な略称やニックネーム、ブランド名、製品名についての情報は持っていません。一般的に企業名やブランド名は、公式な情報源や企業のウェブサイトで確認することができます。""]"
96720,９６７２０,東京都競馬,情報通信・サービスその他,TCK|東京シティ競馬|東競|Tokyo City Keiba|大井競馬場,東京大賞典|ジャパンダートダービー|大井競馬|Twinkle Race|東京メガイルミ,"[""会社名: TCK, Tokyo City Keiba, 東京シティ競馬, 大井競馬場, 東競\nブランド名: 大井競馬, Twinkle Race, 東京大賞典, ジャパンダートダービー, 東京シティ競馬ナイター"", ""会社名: 東競, TCK, 東京シティ競馬, Tokyo City Keiba, 大井競馬場  \nブランド名: 大井競馬, 東京メガイルミ, TCK女王盃, ジャパンダートダービー, 東京大賞典"", ""会社名: TCK, 東京シティ競馬, 東競,\nブランド名: 大井競馬場, 東京メガイルミ, Twinkle Race, ジャパンダートダービー, 東京大賞典""]"
96780,９６７８０,カナモト,情報通信・サービスその他,カナモ,なし,"[""申し訳ありませんが、「カナモト」（証券コード: 96780）についての具体的な略称やブランド名のリストを提供することはできません。ただし、一般的に企業の略称やブランド名は、企業の公式ウェブサイトや金融ニュース、投資家向け資料などで確認することができます。"", ""申し訳ありませんが、「カナモト」（証券コード: 96780）に関する具体的な略称やブランド名の情報は私のデータベースには含まれていません。一般的には、企業の略称やブランド名は公式ウェブサイトや投資家向け資料、またはSNSでの一般的な使用法を参考にすることができます。"", ""会社名: カナモト, カナモ,  \nブランド名: なし""]"
96820,９６８２０,ＤＴＳ,情報通信・サービスその他,DTS|ディーティーエス|DTS Corp,(該当なし),"[""会社名: DTS, ディーティーエス\nブランド名: 申し訳ありませんが、DTSに関連する具体的なブランド名や製品名の情報は提供できません。"", ""会社名: DTS, ディーティーエス, DTS株式会社, ディーティーエス株式会社  \nブランド名: ありません"", ""会社名: DTS, ディーティーエス, DTS株式会社, DTS Corp, ディーティーエスコーポレーション,\nブランド名: (該当なし)""]"
96840,９６８４０,スクウェア・エニックス・ホールディングス,情報通信・サービスその他,スクエニ|スクウェア・エニックス|エニックス|Square Enix|SQUARE ENIX,ファイナルファンタジー|ドラゴンクエスト|キングダムハーツ|トゥームレイダー|ニーア,"[""会社名: スクエニ, スクウェア・エニックス, Square Enix,\nブランド名: ファイナルファンタジー, ドラゴンクエスト, キングダムハーツ, トゥームレイダー, ニーア"", ""会社名: スクエニ, スクウェア・エニックス, SQUARE ENIX, スクエア, エニックス  \nブランド名: ファイナルファンタジー, ドラゴンクエスト, キングダムハーツ, 聖剣伝説, ニーア"", ""会社名: スクエニ, スクウェア・エニックス, スクウェア, エニックス, SEホールディングス,\nブランド名: ファイナルファンタジー, ドラゴンクエスト, キングダムハーツ, トゥームレイダー, ニーアオートマタ,""]"
96920,９６９２０,シーイーシー,情報通信・サービスその他,CEC|シーイーシー株式会社,...,"[""会社名: CEC, シーイーシー,\nブランド名: ..."", ""会社名: CEC, シーイーシー, シーイーシー株式会社  \nブランド名: 申し訳ありませんが、具体的なブランド名や製品名の情報は提供できません。"", ""会社名: CEC, シーイーシー,\nブランド名: 具体的なブランド名や製品名の情報はありません。""]"
96970,９６９７０,カプコン,情報通信・サービスその他,CAPCOM|Capcom|カプコン社|カプコン株式会社,バイオハザード|モンスターハンター|ストリートファイター|ロックマン|デビルメイクライ,"[""会社名: カプコン, Capcom  \nブランド名: バイオハザード, モンスターハンター, ストリートファイター, ロックマン, デビルメイクライ"", ""会社名: カプコン, CAPCOM, カプコン社, カプコン株式会社, CAPCOM Co., Ltd.\n\nブランド名: バイオハザード, モンスターハンター, ストリートファイター, ロックマン, デビルメイクライ"", ""会社名: カプコン, CAPCOM, 96970, ゲームメーカー, 大阪のゲーム会社  \nブランド名: バイオハザード, モンスターハンター, ストリートファイター, ロックマン, デビルメイクライ""]"
96990,９６９９０,ニシオホールディングス,情報通信・サービスその他,ニシオ,,"[""申し訳ありませんが、「ニシオホールディングス」（証券コード: 96990）に関する具体的な略称やブランド名の情報は持ち合わせていません。一般的には、企業の略称やブランド名は公式ウェブサイトやプレスリリース、または金融ニュースなどで確認することができます。"", ""申し訳ありませんが、「ニシオホールディングス」（証券コード: 96990）についての具体的な略称やブランド名の情報は持ち合わせていません。一般的に、企業の略称やブランド名は公式な情報源や企業のウェブサイト、またはSNSなどで確認することができます。"", ""申し訳ありませんが、「ニシオホールディングス」（証券コード: 96990）に関する具体的な略称やブランド名、製品名についての情報は持っていません。一般的には、企業の略称やブランド名は公式ウェブサイトやプレスリリース、金融ニュースなどで確認することができます。""]"
97020,９７０２０,アイ・エス・ビー,情報通信・サービスその他,ISB|アイエスビー,...,"[""会社名: ISB, アイエスビー,\nブランド名: ..."", ""申し訳ありませんが、「アイ・エス・ビー」（証券コード: 97020）に関する具体的な略称やブランド名のリストを提供することはできません。一般的に、企業の略称やブランド名はSNSやトレーダー間での使用状況によって変わることがあります。公式な情報や最新のSNSのトレンドを確認することをお勧めします。"", ""会社名: ISB, アイエスビー, ISBホールディングス, ISBグループ, ISB株式会社,\nブランド名: 申し訳ありませんが、ISBの特定のブランド名や製品名に関する情報は提供できません。""]"
97060,９７０６０,日本空港ビルデング,不動産,日本空港ビル|JAT|JATCO|空港ビルデング|Japan Airport Terminal Co.,羽田エアポートガーデン|羽田エアポートラウンジ|羽田エアポートホテル,"[""会社名: 日本空港ビル, JATCO, Japan Airport Terminal Co., Ltd., JAT,\nブランド名: 羽田エアポートガーデン, 羽田エアポートラウンジ, 羽田エアポートホテル, 羽田エアポートショッピング, 羽田エアポートサービス"", ""会社名: 日本空港ビル, 空港ビルデング, JATCO, JAT, NAA,\nブランド名: 羽田空港, 成田空港, Haneda Airport, Narita Airport, TIAT,"", ""会社名: 日本空港ビル, 空港ビルデング, JAT,\nブランド名: 羽田エアポートガーデン, 羽田エアポートホテル, 羽田エアポートラウンジ, 羽田エアポートショッピング, 羽田エアポートサービス""]"
97150,９７１５０,トランス・コスモス,情報通信・サービスその他,トランスコスモス|トランス|TC|transcosmos|トラコス,transcosmos analytics|transcosmos online communications|e-Contact|DECAds|eCommerce One-Stop Center,"[""会社名: トランスコスモス, transcosmos,\nブランド名: DECAds, eCommerce One-Stop Center, Social Gear, transcosmos analytics, transcosmos online communications"", ""会社名: トランスコスモス, トランス, TC, トラコス, トランスコスモス株式会社  \nブランド名: DECOS, e-Contact, transcosmos analytics, transcosmos online communications, transcosmos America"", ""会社名: トランスコスモス, トランス, TC,\nブランド名: DEC, e-Contact, transcosmos analytics, transcosmos online communications, transcosmos information systems""]"
97160,９７１６０,乃村工藝社,情報通信・サービスその他,NOMURA|ノムラ|乃村|乃村工藝|Nomura Co.,...,"[""会社名: 乃村工藝, NOMURA, ノムラ, Nomura Co., Ltd.,\nブランド名: 申し訳ありませんが、乃村工藝社の代表的なブランド名や製品名についての具体的な情報は提供できません。"", ""会社名: 乃村, NOMURA, ノムラコウゲイ, ノムラ, Nomura Kogei,\nブランド名: ..."", ""会社名: 乃村工藝社, NOMURA, ノムラ, 乃村,\nブランド名: 特定のブランド名や製品名は一般的に知られていません。""]"
97190,９７１９０,ＳＣＳＫ,情報通信・サービスその他,SCSK|SCSK Corporation|SCSK Corp,ProActive|CELF|USiZE|ALMAGEST|POSITIVE,"[""会社名: SCSK, SCSK Corporation, SCSK株式会社,\nブランド名: ALMAGEST, ProActive, CELF, USiZE, POSITIVE"", ""会社名: SCSK, SCSK株式会社, SCSK Corp, SCSK Corporation, SCSKグループ  \nブランド名: PRIMEQUEST, ALMEX, ProActive, USiZE, CELF"", ""会社名: SCSK, SCSK株式会社,\nブランド名: ALMAGEST, ProActive, CELF, USiZE, PrimeForce""]"
97220,９７２２０,藤田観光,情報通信・サービスその他,Fujita Kanko|FK|藤観|藤田,ホテル椿山荘東京|ワシントンホテル|ホテルグレイスリー|箱根小涌園ユネッサン|太閤園,"[""会社名: 藤田観光, Fujita Kanko, FK,\nブランド名: ホテル椿山荘東京, ワシントンホテル, ホテルグレイスリー, 箱根小涌園ユネッサン, 藤田観光リゾート"", ""会社名: 藤田観光, 藤観, Fujita Kanko, FK,\nブランド名: ホテル椿山荘東京, ワシントンホテル, 小涌園, 箱根小涌園ユネッサン, 太閤園"", ""会社名: 藤田観光, 藤田,  \nブランド名: ワシントンホテル, ホテル椿山荘東京, 箱根小涌園, 太閤園, ホテルグレイスリー""]"
97260,９７２６０,ＫＮＴ−ＣＴホールディングス,情報通信・サービスその他,KNT-CT|近畿日本ツーリスト|近ツー|近鉄グループホールディングス|KNT,メイト|旅の友|近畿日本ツーリスト|クラブツーリズム|ホリデイ,"[""会社名: KNT-CT, 近鉄グループホールディングス, 近畿日本ツーリスト,\nブランド名: 近畿日本ツーリスト, クラブツーリズム, ホリデイ, メイト, 旅の友"", ""会社名: KNT, 近ツー, 近畿ツーリスト, KNT-CT,\nブランド名: メイト, Holiday, Club Tourism, 旅の友, 近ツーの旅"", ""会社名: 近鉄グループ, KNT-CT, 近鉄, 近ツー, 近畿日本ツーリスト,\nブランド名: 近畿日本ツーリスト, クラブツーリズム, メイト, ホリデイ, 旅の友""]"
97290,９７２９０,トーカイ,情報通信・サービスその他,東海|TOKAI|トーカイホールディングス,ループ|ループプラス|ループウォーター,"[""申し訳ありませんが、「トーカイ」（証券コード: 97290）に関する具体的な略称やブランド名の情報は持っていません。一般的には、企業の略称やブランド名は公式ウェブサイトや金融ニュース、企業のプレスリリースなどで確認することができます。"", ""申し訳ありませんが、「トーカイ」（証券コード: 97290）に関する具体的な略称やブランド名の情報は持ち合わせていません。一般的には、企業の略称やブランド名は公式ウェブサイトやプレスリリース、または業界の専門誌などで確認することができます。"", ""会社名: トーカイ, 東海, TOKAI, トーカイホールディングス, 東海ホールディングス  \nブランド名: ループ, ループプラス, ループウォーター, ループエア, ループエナジー""]"
97350,９７３５０,セコム,情報通信・サービスその他,SECOM,セコムホームセキュリティ|セコムあんしんサービス|セコムトラストシステムズ|セコムメディカルクラブ|セコムホームライフ,"[""会社名: セコム, SECOM,\nブランド名: セコムホームセキュリティ, セコムあんしんサービス, セコムトラストシステムズ, セコムメディカルクラブ, セコムホームライフ"", ""会社名: セコム, SECOM,\nブランド名: ホームセキュリティ, ALSOK, SECOMホームセキュリティ, SECOMあんしんサービス, SECOM防犯カメラ"", ""会社名: セコム, SECOM,\nブランド名: セコムホームセキュリティ, セコムあんしんプラス, セコムドクターヘリ, セコムAED, セコムホームサービス""]"
97390,９７３９０,ＮＳＷ,情報通信・サービスその他,日本システムウエア|NSW|日本システムウェア|NSウエア,HULFT|DataSpider|ASTERIA|ALOG|WebARGUS,"[""会社名: ＮＳＷ, 日本システムウエア,\nブランド名: HULFT, DataSpider, ASTERIA, ALOG, WebARGUS"", ""申し訳ありませんが、「ＮＳＷ」（証券コード: 97390）に関する具体的な略称やブランド名の情報は持っていません。一般的には、企業の略称やブランド名は公式ウェブサイトや企業のプレスリリース、または業界のニュースなどで確認することができます。"", ""会社名: NSW, 日本システムウエア, 日本システムウェア, NSウエア, NSウェア,\nブランド名: Smart Factory, IoT Solutions, Cloud Services, Security Solutions, Embedded Systems""]"
97400,９７４００,セントラル警備保障,情報通信・サービスその他,セントラル警備|CSG|セントラルセキュリティ|中央警備,ALSOK|セントラルアラーム|セントラルガード|セントラルモニタリング|セントラルレスキュー,"[""会社名: セントラル警備, CSG, セントラルセキュリティ,\nブランド名: ALSOK, セントラルアラーム, セントラルガード, セントラルモニタリング, セントラルレスキュー"", ""会社名: セントラル, セントラル警備, 中央警備, 中央, CSP  \nブランド名: ALSOK, セントラルアラーム, セントラルガード, セントラルセキュリティ, セントラルモニター"", ""会社名: セントラル警備, セントラル, CSG, セントラルセキュリティ, 中央警備,\nブランド名: 情報がありません。""]"
97420,９７４２０,アイネス,情報通信・サービスその他,INES|INES Corporation|INES Corp|アイネス株式会社,特定のブランド名や製品名は公表されていない可能性があります。,"[""会社名: アイネス, INES,\nブランド名: ありません。"", ""申し訳ありませんが、指定された証券コード「97420」に関連する具体的な情報は確認できません。一般的に、企業の略称やブランド名は公開情報や企業の公式サイト、または金融情報サービスで確認することができます。具体的な情報を知りたい場合は、これらの情報源を参照することをお勧めします。"", ""会社名: アイネス, INES, INES Corporation, INES Corp, アイネス株式会社  \nブランド名: 特定のブランド名や製品名は公表されていない可能性があります。""]"
97430,９７４３０,丹青社,情報通信・サービスその他,丹青|Tanseisha|Tansei|97430,,"[""会社名: 丹青, Tanseisha,\nブランド名:"", ""会社名: 丹青, Tanseisha, Tansei,\nブランド名:"", ""会社名: 丹青, 丹青社, Tansei, Tanseisha, 97430,\nブランド名: 特定のブランド名や製品名は一般的に知られていません。""]"
97440,９７４４０,メイテックグループホールディングス,情報通信・サービスその他,メイテックグループ,,"[""申し訳ありませんが、「メイテックグループホールディングス」（証券コード: 97440）に関する具体的な略称やブランド名の情報は持っていません。一般的に、企業の略称やブランド名は公式ウェブサイトやプレスリリース、金融ニュースなどで確認することができます。"", ""申し訳ありませんが、「メイテックグループホールディングス」（証券コード: 97440）についての具体的な略称やブランド名のリストは提供できません。一般的に、企業の略称やブランド名は公式な情報源や企業のウェブサイトで確認することができます。"", ""申し訳ありませんが、「メイテックグループホールディングス」（証券コード: 97440）に関する具体的な略称やブランド名、製品名についての情報は持っていません。一般的に企業の略称やブランド名は、企業の公式ウェブサイトやプレスリリース、または金融ニュースで確認することができます。""]"
97460,９７４６０,ＴＫＣ,情報通信・サービスその他,TKC|TKC Corporation|TKC全国会,FX4クラウド|財務会計システム|経営情報システム|税務申告システム|経営分析システム,"[""会社名: TKC,\nブランド名: 財務会計システム, 経営情報システム, 税務申告システム, 経営分析システム, 業務支援システム"", ""会社名: TKC, TKC Corporation, TKCグループ, TKC全国会, TKCシステム\nブランド名: e-TAX, FX4クラウド, TKCモニタリング情報サービス, TKC会計情報システム, TKC電子申告システム"", ""会社名: TKC,  \nブランド名: FX4クラウド, TKCシステム, TKCソフトウェア, TKC会計, TKC税務""]"
97550,９７５５０,応用地質,情報通信・サービスその他,OYO Corporation|OYO|OYO地質|OYO Geo,Geo-Graphia|Geo-Slope|Geo-Cloud|Geo-Analysis|Geo-Consulting,"[""会社名: 応用地質, OYO Corporation, OYO,\nブランド名: Geo-Graphia, Geo-Slope, Geo-Cloud, Geo-Analysis, Geo-Consulting"", ""申し訳ありませんが、「応用地質」（証券コード: 97550）についての具体的な略称やブランド名の情報は持ち合わせていません。一般的には、企業の略称やニックネームはSNSやトレーダーの間で独自に使われることが多く、公式な情報としては提供されていない場合があります。\n\nただし、一般的な方法としては、企業の正式名称を短縮したものや、英語名の頭文字を取ったものが略称として使われることが多いです。また、ブランド名や製品名については、企業の公式ウェブサイトやプレスリリースなどで確認することができます。\n\n具体"", ""会社名: 応用地質, OYO, OYO Corporation, OYO地質, OYO Geo\n\nブランド名: GeoSuite, GeoCloud, GeoSeis, GeoRisk, GeoMonitor""]"
97570,９７５７０,船井総研ホールディングス,情報通信・サービスその他,船井総研|Funai Soken|船井ホールディングス,経営コンサルティング|ITソリューション|マーケティング戦略|人材育成プログラム|事業再生支援,"[""会社名: 船井総研, Funai Soken, 船井総研HD, Funai Soken Holdings, 船井ホールディングス  \nブランド名: 経営コンサルティング, マーケティング戦略, 人材育成プログラム, 事業再生支援, ITソリューション"", ""会社名: 船井総研, 船井, Funai Soken, FSG, 船井総研HD  \nブランド名: 経営コンサルティング, マーケティング支援, 人材育成, 組織改革, ITソリューション"", ""会社名: 船井総研, 船井HD, 船井ホールディングス, FCG, 船井,\nブランド名: 特定のブランド名や製品名は一般的に知られていません。""]"
97590,９７５９０,ＮＳＤ,情報通信・サービスその他,NSD|日本システムディベロップメント|日本システム技術|Nippon System Development|NSD Corporation,NSD-Win|NSD-ERP|NSD-Cloud|NSD-Security,"[""会社名: NSD, 日本システムディベロップメント,\nブランド名: 申し訳ありませんが、NSDに関連する具体的なブランド名や製品名の情報は見つかりませんでした。"", ""会社名: NSD, 日本システム技術, Nippon System Development, NSD Corporation, NSD Japan  \nブランド名: NSD-Win, NSD-ERP, NSD-Cloud, NSD-Security, NSD-Consulting"", ""会社名: NSD, 日本システム技術, 日本システムデザイン, NSD株式会社, 日本システムディベロップメント,\nブランド名: NSDソリューション, NSDサービス, NSDプロダクト, NSDテクノロジー, NSDシステム,""]"
97660,９７６６０,コナミグループ,情報通信・サービスその他,コナミ|KONAMI|Konami,ウイニングイレブン|遊戯王|メタルギア|ビートマニア|ダンスダンスレボリューション,"[""会社名: コナミ, Konami, コナミホールディングス, Konami Group,\nブランド名: ウイニングイレブン, 遊戯王, メタルギア, ビートマニア, ダンスダンスレボリューション"", ""会社名: コナミ, KONAMI, コナミグループ, コナミHD, コナミホールディングス  \nブランド名: ウイニングイレブン, 遊戯王, メタルギア, ボンバーマン, パワプロ"", ""会社名: コナミ, KONAMI, コナミHD, コナミホールディングス, KONAMIグループ,\nブランド名: ウイニングイレブン, 遊戯王, メタルギア, ビートマニア, ダンスダンスレボリューション,""]"
97690,９７６９０,学究社,情報通信・サービスその他,Gakkyusha|学究,ena|ena小中学部|ena高校部|ena国際部|ena大学受験部,"[""会社名: 学究社, Gakkyusha,\nブランド名: ena, ena小中学部, ena高校部, ena国際部, ena大学受験部"", ""申し訳ありませんが、「学究社」（証券コード: 97690）についての具体的な略称やブランド名の情報は私のデータベースには含まれていません。一般的に、企業の略称やブランド名はSNSやトレーダーの間で異なる場合がありますので、正確な情報を得るためには、公式な企業情報やSNS上のコミュニティを確認することをお勧めします。"", ""会社名: 学究社, Gakkyusha, 学究,\nブランド名: 進学会, 早稲田アカデミー, Wアカ, 早アカ, 早稲アカ""]"
97870,９７８７０,イオンディライト,情報通信・サービスその他,AEON Delight|イオンD|ADL|イオンDライト,なし,"[""会社名: イオンディライト, AEON Delight,\nブランド名: 申し訳ありませんが、イオンディライトの代表的なブランド名や製品名に関する具体的な情報は提供できません。"", ""申し訳ありませんが、「イオンディライト」（証券コード: 97870）に関する具体的な略称やブランド名のリストは提供できません。ただし、一般的に企業の略称やブランド名は、企業の公式ウェブサイトやプレスリリース、または業界の専門誌などで確認することができます。"", ""会社名: イオンディライト, イオンD, ADL, イオンDライト, イオンDL,\nブランド名: なし""]"
97880,９７８８０,ナック,情報通信・サービスその他,Nac,ケアサービス|ダスキン|レンタルサービス|クリーンサービス|ウォーターサーバー,"[""会社名: ナック, Nac,\nブランド名: ダスキン, ケアサービス, レンタルサービス, クリーンサービス, ウォーターサーバー"", ""会社名: ナック, Nac,\nブランド名: ケアサービス, レオハウス, ダスキン, ウォーターネット, ケアサービス"", ""申し訳ありませんが、「ナック」（証券コード: 97880）に関する具体的な略称やニックネーム、ブランド名、製品名についての情報は持ち合わせていません。一般的に、企業の略称やブランド名は公式の情報源や企業のウェブサイトで確認することができます。""]"
97900,９７９００,福井コンピュータホールディングス,情報通信・サービスその他,福井コン|FCHD|福井コンピュータ|Fukui Computer,TREND-ONE|TREND-CORE|TREND-FIELD|TREND-POINT|TREND-ROAD,"[""会社名: 福井コン, FCHD, Fukui Computer,\nブランド名: TREND-ONE, TREND-CORE, TREND-FIELD, TREND-POINT, TREND-ROAD"", ""会社名: 福井コン, 福井コンピュータ, FCHD, 福井コンHD, 福井コンピュータHD  \nブランド名: TREND-ONE, TREND-CORE, TREND-FIELD, TREND-POINT, TREND-ROAD"", ""会社名: 福井コンピュータ, 福井コンピュータHD, 福井コン, FCHD, 福コン,\nブランド名: TREND-ONE, TREND-CORE, TREND-FIELD, TREND-POINT, TREND-ROAD""]"
97930,９７９３０,ダイセキ,情報通信・サービスその他,Daiseki|DSK,EcoClean|SoilClean|AquaClean|WasteSolution,"[""申し訳ありませんが、「ダイセキ」（証券コード: 97930）に関する具体的な略称やブランド名の情報は持ち合わせていません。一般的に、企業の略称やブランド名は公式な情報源や企業のウェブサイトで確認することができます。もし具体的な情報が必要であれば、公式なリソースを参照することをお勧めします。"", ""会社名: ダイセキ, Daiseki, DSK,\nブランド名: EcoClean, SoilClean, AquaClean, WasteSolution, RecyclePro"", ""会社名: ダイセキ, Daiseki, DSK,  \nブランド名: 申し訳ありませんが、ダイセキに関連する具体的なブランド名や製品名の情報は持っていません。""]"
97950,９７９５０,ステップ,情報通信・サービスその他,ステップ証券,該当なし,"[""申し訳ありませんが、「ステップ」（証券コード: 97950）に関する具体的な情報は私のデータベースには含まれていないようです。一般的に、企業の略称やブランド名は公式ウェブサイトや金融ニュース、証券取引所の情報などで確認することができます。具体的な情報が必要な場合は、これらの情報源を参照してください。"", ""申し訳ありませんが、「ステップ」（証券コード: 97950）についての具体的な略称やブランド名の情報は持ち合わせていません。一般的に、企業の略称やブランド名はその企業の公式ウェブサイトやプレスリリース、または業界内での使用例を確認することで特定できます。具体的な情報を得るには、直接その企業の情報源を参照することをお勧めします。"", ""会社名: ステップ, ステップ証券, ステップ株式会社, ステップHD, ステップホールディングス,\nブランド名: 該当なし""]"
98240,９８２４０,泉州電業,商社・卸売,SENSHU ELECTRIC|泉州,,"[""会社名: 泉州電業, SENSHU ELECTRIC,\nブランド名: 申し訳ありませんが、泉州電業の代表的なブランド名や製品名に関する具体的な情報は提供できません。"", ""申し訳ありませんが、「泉州電業」（証券コード: 98240）に関する具体的な略称やブランド名の情報は持ち合わせていません。一般的に企業の略称やブランド名は、公式な情報源や企業のウェブサイト、または業界内での通称として知られている場合があります。具体的な情報を得るには、企業の公式資料や業界の専門家の意見を参照することをお勧めします。"", ""会社名: 泉州電業, 泉州,\nブランド名: 申し訳ありませんが、泉州電業の具体的なブランド名や製品名についての情報は持っていません。""]"
98280,９８２８０,Ｇｅｎｋｉ　Ｇｌｏｂａｌ　Ｄｉｎｉｎｇ　Ｃｏｎｃｅｐｔｓ,小売,,,"[""申し訳ありませんが、「Ｇｅｎｋｉ　Ｇｌｏｂａｌ　Ｄｉｎｉｎｇ　Ｃｏｎｃｅｐｔｓ」（証券コード: 98280）に関する具体的な情報は持ち合わせていません。そのため、会社の略称やブランド名についてのリストを提供することができません。最新の情報については、公式の発表や金融ニュースを参照してください。"", ""申し訳ありませんが、「Genki Global Dining Concepts」（証券コード: 98280）についての具体的な情報は私のデータベースにはありません。そのため、一般的な略称やブランド名を提供することができません。もし他の情報が必要であれば、具体的な質問をお知らせください。"", ""申し訳ありませんが、「Ｇｅｎｋｉ　Ｇｌｏｂａｌ　Ｄｉｎｉｎｇ　Ｃｏｎｃｅｐｔｓ」（証券コード: 98280）に関する具体的な略称やブランド名、製品名の情報は持っていません。一般的に、企業の略称やブランド名は企業の公式発表や業界での通称に依存するため、公式な情報源を確認することをお勧めします。""]"
98300,９８３００,トラスコ中山,商社・卸売,トラスコ|TRUSCO|トラスコ中山株式会社|トラスコ中山(株),TRUSCO|Orange Book|TRUSCO NAKAYAMA|TRUSCO TOOLBOX|Green Book,"[""会社名: トラスコ, トラスコ中山, TRUSCO,\nブランド名: TRUSCO, Orange Book, TRUSCO NAKAYAMA, Green Book, TRUSCO TOOLBOX"", ""会社名: トラスコ, トラスコ中山, TRUSCO, トラスコ中山株式会社, トラスコ中山(株),\nブランド名: TRUSCO, Orange Book, TRUSCO NAKAYAMA, TRUSCO TOOLBOX, TRUSCO PRO TOOL,"", ""会社名: トラスコ, トラスコ中山, TRUSCO, トラスコ中山株式会社, TRUSCO NAKAYAMA  \nブランド名: TRUSCO, TRUSCO Orange Book, TRUSCO Pro Tool, TRUSCO Green Book, TRUSCO Blue Book""]"
98310,９８３１０,ヤマダホールディングス,小売,ヤマダ電機|YHD,LABI|家電住まいる館|ヤマダウェブコム|ヤマダアウトレット|テックランド,"[""会社名: ヤマダ電機, ヤマダHD, Yamada Holdings, Yamada Denki, YHD\nブランド名: LABI, Tecc Land, 家電住まいる館, ヤマダウェブコム, ヤマダアウトレット"", ""会社名: ヤマダ電機, ヤマダHD, YAMADA, ヤマダホールディングス, ヤマダ,\nブランド名: LABI, テックランド, 家電住まいる館, ヤマダウェブコム, ヤマダモバイル"", ""会社名: ヤマダ電機, ヤマダHD, ヤマダ, ヤマダホールディングス, YHD,\nブランド名: LABI, テックランド, ヤマダウェブコム, 家電住まいる館, ヤマダアウトレット,""]"
98320,９８３２０,オートバックスセブン,商社・卸売,オートバックス|AB7|オートバ|Autobacs Seven,オートバックス|スーパーオートバックス|AUTOBACS|AUTOBACS Express|AUTOBACS CARS,"[""会社名: オートバックス, AB7, Autobacs Seven, オートバックスセブン,\nブランド名: オートバックス, スーパーオートバックス, AUTOBACS, AUTOBACS Express, AUTOBACS CARS"", ""会社名: オートバックス, AB, オートバ,\nブランド名: オートバックス, スーパーオートバックス, オートバックスエクスプレス, オートバックスセブン, オートバックスカーズ"", ""会社名: オートバックス, オートバ, AB7, \nブランド名: オートバックス, スーパーオートバックス, AUTOBACS, SA, GORDON MILLER""]"
98370,９８３７０,モリト,商社・卸売,MORITO,フットロッカー|フィットロック|スナップボタン|マジックテープ|ファスナー,"[""会社名: モリト, MORITO,\nブランド名: フットロッカー, フィットロック, スナップボタン, マジックテープ, ファスナー"", ""申し訳ありませんが、「モリト」（証券コード: 98370）に関する具体的な略称やブランド名についての情報は持ち合わせていません。モリト株式会社は日本の企業で、主にアパレルや自動車関連の部品を製造・販売していますが、SNSやトレーダー間での通称やブランド名についての具体的なデータは提供できません。公式な情報やSNSでの一般的な使用法を確認することをお勧めします。"", ""会社名: モリト, MORITO,  \nブランド名: 具体的なブランド名や製品名は公開されていない可能性があります。""]"
98420,９８４２０,アークランズ,小売,ARCLANDS|アーク,ホームセンタームサシ|ビバホーム|スーパービバホーム|ビバペット,"[""申し訳ありませんが、「アークランズ」（証券コード: 98420）についての具体的な情報は私のデータベースには含まれていないようです。そのため、会社の略称やブランド名についてのリストを提供することができません。最新の情報については、公式ウェブサイトや金融ニュースサイトをご確認ください。"", ""会社名: アークランズ, ARCLANDS, アーク,\nブランド名: ホームセンタームサシ, ビバホーム, スーパービバホーム, ビバペット, ビバガーデン"", ""申し訳ありませんが、「アークランズ」（証券コード: 98420）に関する具体的な略称やニックネーム、ブランド名、製品名についての情報は持ち合わせていません。一般的に企業名やブランド名は、企業の公式な資料やウェブサイト、または金融ニュースなどで確認することができます。具体的な情報を得るには、最新の公式情報源を参照することをお勧めします。""]"
98430,９８４３０,ニトリホールディングス,小売,ニトリ|Nitori Holdings|Nitori|ニトリホ,ニトリデコホーム|ニトリモール|デコホーム,"[""会社名: ニトリ, ニトリHD, Nitori Holdings, Nitori,\nブランド名: ニトリデコホーム, ニトリモール, デコホーム, ニトリネット, ニトリビジネス"", ""会社名: ニトリ, Nitori Holdings, ニトリHD, ニトリホ, ニトリグループ  \nブランド名: ニトリデコホーム, ニトリモール, ニトリネット, ニトリビジネス, デコホーム"", ""会社名: ニトリ, ニトリHD, ニトリホールディングス,\nブランド名: デコホーム, ニトリモール, ニトリネット, ニトリデコホーム, ニトリビジネス""]"
98500,９８５００,グルメ杵屋,小売,杵屋|グル杵|Gourmet Kineya|Kineya,杵屋|そじ坊|讃岐製麺|穂の香,"[""申し訳ありませんが、「グルメ杵屋」（証券コード: 98500）に関する具体的な略称やブランド名のリストを提供することはできません。ただし、一般的に企業の略称やブランド名は、公式ウェブサイトやプレスリリース、または業界のニュースなどで確認することができます。"", ""会社名: グルメ杵屋, 杵屋, グル杵, Gourmet Kineya, Kineya\nブランド名: 杵屋, そじ坊, 讃岐製麺, 穂の香, うどんの四国"", ""会社名: グルメ杵屋, 杵屋,  \nブランド名: 杵屋, 杵屋麦丸, そじ坊, そば処杵屋, うどんの杵屋""]"
98560,９８５６０,ケーユーホールディングス,小売,ケーユー|KUHD,,"[""申し訳ありませんが、「ケーユーホールディングス」（証券コード: 98560）に関する具体的な略称やブランド名の情報は私のデータベースには含まれていないようです。一般的には、企業の略称やブランド名は公式ウェブサイトやプレスリリースで確認することができます。"", ""申し訳ありませんが、「ケーユーホールディングス」（証券コード: 98560）に関する具体的な略称やブランド名の情報は私のデータベースには含まれていないようです。一般的に、企業の略称やブランド名は公式ウェブサイトや投資家向け資料、SNSなどで確認することができます。"", ""会社名: ケーユー, ケーユーHD, KUHD,\nブランド名: 申し訳ありませんが、ケーユーホールディングスに関連する具体的なブランド名や製品名の情報は提供できません。""]"
98610,９８６１０,吉野家ホールディングス,小売,吉野家|YOSHINOYA HOLDINGS,吉野家|牛丼|はなまるうどん|京樽|アークミール,"[""会社名: 吉野家HD, 吉野家ホールディングス, YOSHINOYA HOLDINGS, 吉野家,\nブランド名: 吉野家, はなまるうどん, 京樽, アークミール, すき家"", ""会社名: 吉野家, YOSHINOYA,\nブランド名: 牛丼, 吉野家の牛丼, 豚丼, ねぎ玉牛丼, 牛カルビ丼"", ""会社名: 吉野家, 吉野家HD, 吉野家ホールディングス, YHD, 吉野家グループ,\nブランド名: 吉野家, 牛丼, 吉野家牛丼, 吉野家定食, 吉野家カレー""]"
98690,９８６９０,加藤産業,商社・卸売,カトウサンギョウ|Kato Sangyo|Kato|98690|加藤,,"[""申し訳ありませんが、「加藤産業」（証券コード: 98690）についての具体的な略称やブランド名の情報は私のデータベースには含まれていません。一般的には、企業の略称やブランド名は公式ウェブサイトや金融ニュース、業界レポートなどで確認することができます。"", ""申し訳ありませんが、「加藤産業」（証券コード: 98690）についての具体的な略称やブランド名の情報は持ち合わせていません。一般的には、企業の略称やニックネームはSNSやトレーダー間で独自に作られることが多く、公式な情報としては提供されていないことが多いです。また、ブランド名や製品名についても、企業の公式サイトやプレスリリースなどで確認することが一般的です。\n\nもし具体的な情報が必要であれば、加藤産業の公式ウェブサイトや関連するニュースソースを確認することをお勧めします。"", ""会社名: 加藤産業, カトウサンギョウ, Kato Sangyo, Kato, 98690,\nブランド名: 特に一般的なブランド名や製品名は確認できません。""]"
98800,９８８００,イノテック,電機・精密,,,"[""申し訳ありませんが、指定された証券コード「98800」に関連する「イノテック」という企業についての具体的な情報は私のデータベースにはありません。一般的に、企業の略称やブランド名は企業の公式ウェブサイトや金融ニュース、証券取引所の情報などで確認することができます。もし他に具体的な情報があれば、それをもとにお手伝いできるかもしれません。"", ""申し訳ありませんが、「イノテック」（証券コード: 98800）に関する具体的な略称やブランド名についての情報は持ち合わせていません。一般的には、企業の略称やブランド名は公式ウェブサイトやプレスリリース、またはSNSでの言及を通じて確認することができます。具体的な情報が必要な場合は、これらの情報源を参照することをお勧めします。"", ""申し訳ありませんが、特定の企業に関する詳細な情報を提供することはできません。ただし、一般的に企業の略称やニックネームは、企業名の一部を短縮したものや、証券コードを基にしたものが使われることがあります。ブランド名や製品名については、企業の公式ウェブサイトやプレスリリースを参照することをお勧めします。""]"
98820,９８８２０,イエローハット,商社・卸売,YH|イエハ|ハット,イエローハットオイル|イエローハットバッテリー|イエローハットタイヤ|イエローハット|PITサービス,"[""会社名: イエローハット, YH\nブランド名: イエローハットオイル, イエローハットバッテリー, イエローハットタイヤ"", ""会社名: イエローハット, YH, イエハ, ハット, YHホールディングス  \nブランド名: イエローハット, PITサービス, オイル交換, タイヤ館, カー用品"", ""会社名: イエローハット, YH, イエハ, YHホールディングス, イエローハットグループ,\nブランド名: イエローハット, Yellow Hat, イエローハットオイル, イエローハットタイヤ, イエローハットバッテリー""]"
98870,９８８７０,松屋フーズホールディングス,小売,松屋|Matsuya Foods|Matsuya,松屋|松のや|マイカリー食堂|松乃家|松八,"[""会社名: 松屋, 松屋フーズ, Matsuya Foods,\nブランド名: 松屋, 松のや, 松乃家, マイカリー食堂, 松八"", ""申し訳ありませんが、「松屋フーズホールディングス」（証券コード: 98870）についての具体的な略称やブランド名のリストを提供することはできません。ただし、一般的に松屋フーズホールディングスは「松屋」として知られており、代表的なブランド名としては「松屋」があります。他にも「松のや」や「松乃家」などのブランドがあります。"", ""会社名: 松屋, 松屋フーズ, 松屋HD, Matsuya, Matsuya Foods,\nブランド名: 松屋, 松のや, マイカリー食堂, 松そば, 松弁ネット""]"
98890,９８８９０,ＪＢＣＣホールディングス,情報通信・サービスその他,ＪＢＣＣ|JBCC Holdings|JBCCホールディングス,JBCLOUD|SystemAce|ProActive|JBCALL|JBCARTS,"[""会社名: ＪＢＣＣ, JBCC Holdings, JBCCホールディングス,\nブランド名: SystemAce, ProActive, JBCLOUD, JBCALL, JBCARTS"", ""申し訳ありませんが、「ＪＢＣＣホールディングス」（証券コード: 98890）についての具体的な略称やブランド名の情報は持っていません。一般的には、企業の略称やブランド名は公式ウェブサイトやプレスリリース、または業界のニュースなどで確認することができます。"", ""会社名: ＪＢＣＣ, JBCC,\nブランド名: JBCLOUD, JBSaaS, JBCare, JBSupport, JBService""]"
98960,９８９６０,ＪＫホールディングス,商社・卸売,ＪＫ,,"[""申し訳ありませんが、「ＪＫホールディングス」（証券コード: 98960）に関する具体的な略称やブランド名の情報は持っていません。一般的には、企業の略称やブランド名は公式ウェブサイトやプレスリリース、または金融ニュースなどで確認することができます。"", ""申し訳ありませんが、「ＪＫホールディングス」（証券コード: 98960）に関する具体的な略称やブランド名についての情報は持ち合わせていません。一般的に、企業の略称やブランド名は公式な情報源や企業のウェブサイトで確認することができます。"", ""申し訳ありませんが、「ＪＫホールディングス」（証券コード: 98960）に関する具体的な略称やブランド名、製品名についての情報は持っていません。一般的に、企業の略称やブランド名は公式のウェブサイトやプレスリリース、または金融ニュースで確認することができます。""]"
99000,９９０００,サガミホールディングス,小売,サガミ,,"[""申し訳ありませんが、「サガミホールディングス」（証券コード: 99000）についての具体的な略称やブランド名の情報は持っていません。一般的には、企業の略称やブランド名は公式ウェブサイトやプレスリリース、または金融ニュースなどで確認することができます。もし具体的な情報が必要であれば、これらのソースを参照することをお勧めします。"", ""申し訳ありませんが、「サガミホールディングス」（証券コード: 99000）に関する具体的な略称やブランド名についての情報は持ち合わせていません。一般的には、企業の略称やブランド名は公式ウェブサイトやプレスリリース、または業界内での通称として知られている場合があります。公式な情報源を確認することをお勧めします。"", ""申し訳ありませんが、「サガミホールディングス」（証券コード: 99000）に関する具体的な略称やブランド名、製品名についての情報は持っていません。一般的に、企業名やブランド名、製品名は企業の公式ウェブサイトやプレスリリース、または金融ニュースサイトで確認することができます。""]"
99020,９９０２０,日伝,商社・卸売,,,"[""申し訳ありませんが、「日伝」（証券コード: 99020）に関する具体的な略称やブランド名についての情報は持ち合わせていません。一般的に、企業の略称やブランド名は公式ウェブサイトやプレスリリース、金融ニュースなどで確認することができます。具体的な情報を得るには、これらの情報源を参照することをお勧めします。"", ""申し訳ありませんが、「日伝」（証券コード: 99020）に関する具体的な略称やブランド名の情報は持ち合わせていません。一般的に、企業の略称やブランド名は企業の公式ウェブサイトやプレスリリース、または業界の専門誌などで確認することができます。具体的な情報を得るには、これらの情報源を参照することをお勧めします。"", ""申し訳ありませんが、「日伝」（証券コード: 99020）についての具体的な略称やブランド名、製品名に関する情報は私のデータベースには含まれていません。一般的に、企業の略称やブランド名は業界や市場での認知度に依存するため、特定の情報源やニュース記事を参照することをお勧めします。""]"
99280,９９２８０,ミロク情報サービス,情報通信・サービスその他,MJS|ミロク|ミロク情報|Miroku|情報サービス,MJSLINK|ACELINK|MJSLINK NX-Plus|MJSLINK NX-I|財務大将,"[""会社名: MJS, ミロク, ミロク情報,\nブランド名: MJSLINK, 財務大将, ACELINK, MJSLINK NX-Plus, MJSLINK NX-I"", ""会社名: MJS, ミロク, ミロク情報,\nブランド名: MJSLINK, 財務大将, ACELINK, MJSLINK NX-Plus, MJSLINK NX-I"", ""会社名: MJS, ミロク情報, ミロク, Miroku, 情報サービス,\nブランド名: MJSLINK, 財務応援, ACELINK, MJSLINK NX-Plus, MJSLINK NX-I""]"
99320,９９３２０,杉本商事,商社・卸売,杉本,,"[""申し訳ありませんが、「杉本商事」（証券コード: 99320）に関する具体的な略称やブランド名についての情報は持ち合わせていません。一般的に企業の略称やブランド名は、企業の公式ウェブサイトやプレスリリース、または業界のニュース記事などで確認することができます。もし具体的な情報が必要であれば、これらの情報源を参照することをお勧めします。"", ""申し訳ありませんが、「杉本商事」（証券コード: 99320）に関する具体的な略称やブランド名についての情報は持ち合わせていません。一般的には、企業の略称やブランド名は公式ウェブサイトやプレスリリース、またはSNSでのユーザーの投稿などで確認できます。企業の公式情報を参照することをお勧めします。"", ""申し訳ありませんが、「杉本商事」（証券コード: 99320）に関する具体的な略称やニックネーム、ブランド名、製品名についての情報は持っていません。一般的に企業の略称やブランド名は、業界や地域によって異なることがありますので、具体的な情報は企業の公式サイトや金融ニュースを参照することをお勧めします。""]"
99340,９９３４０,因幡電機産業,商社・卸売,因幡電機|Inaba Denki|因幡電|Inaba Electric,INABA|INABA DENKI|INABA ELECTRIC|因幡電工|JAPPY,"[""会社名: 因幡電機, Inaba Denki,\nブランド名: JAPPY, Inaba Denko, INABA, INABA DENKI, INABA ELECTRIC"", ""会社名: 因幡電機, 因幡電, Inaba Electric,\nブランド名: ジョイントボックス, エアコン配管部材, 因幡電工, 因幡電機産業製品, 因幡電機産業工具"", ""会社名: 因幡電機, 因幡電機産業, 因幡, INABA, INABA DENKI,\nブランド名: INABA, INABA DENKI, 因幡電工, INABA ELECTRIC, 因幡電機製品""]"
99360,９９３６０,王将フードサービス,小売,王将|餃子の王将|Osho|王将フード|GYOZA OHSHO,餃子の王将|王将ラーメン|王将セット|Gyoza no Ohsho|ぎょうざの王将,"[""会社名: 王将, 餃子の王将, Osho,\nブランド名: 餃子の王将, Gyoza no Ohsho, ぎょうざの王将, Ohsho Gyoza, 王将ラーメン"", ""会社名: 王将, 餃子の王将, Osho, GYOZA OHSHO, 王将フード,\nブランド名: 餃子の王将, GYOZA OHSHO, 王将ラーメン, 王将セット, 餃子定食"", ""会社名: 王将, 餃子の王将, 王将フード,\nブランド名: 餃子の王将, 王将ラーメン, 王将セット, 王将チャーハン, 王将餃子""]"
99460,９９４６０,ミニストップ,小売,MINISTOP|ミニスト|MINI|MS,ソフトクリーム|ハロハロ|Xフライドポテト|おにぎりセレクト|おにぎり,"[""会社名: ミニストップ, MINISTOP,\nブランド名: ソフトクリーム, ハロハロ, おにぎり, フライドポテト, パフェ"", ""会社名: ミニスト, ミニストップ,\nブランド名: ソフトクリーム, ハロハロ, Xフライドポテト, おにぎりセレクト, プレミアムコーヒー"", ""会社名: ミニストップ, MINI, MS, ミニ,\nブランド名: ソフトクリーム, ハロハロ, MINISTOP CAFE, Xフライドポテト, おにぎりセレクト""]"
99480,９９４８０,アークス,小売,ARCS|アークスグループ,ラルズ|ユニバース|東光ストア|ベニーマート,"[""申し訳ありませんが、「アークス」（証券コード: 99480）に関する具体的な略称やブランド名の情報は私のデータベースには含まれていません。一般的に、企業の略称やブランド名は企業の公式ウェブサイトや金融ニュース、業界レポートなどで確認することができます。"", ""会社名: アークス, ARCS, アークスグループ, アークスホールディングス, アークス株式会社  \nブランド名: ラルズ, ユニバース, ベニーマート, フクハラ, 東光ストア"", ""会社名: アークス, ARCS, 99480, アークスグループ, アークスホールディングス  \nブランド名: ラルズ, ユニバース, ベルジョイス, 東光ストア, 道北アークス""]"
99560,９９５６０,バローホールディングス,小売,バロー|VHD,バロー|Vドラッグ|ホームセンターバロー|ペットフォレスト,"[""申し訳ありませんが、「バローホールディングス」（証券コード: 99560）に関する具体的な略称やブランド名の情報は持っていません。一般的には、企業の略称やブランド名は公式ウェブサイトやプレスリリースで確認することができます。"", ""申し訳ありませんが、「バローホールディングス」（証券コード: 99560）についての具体的な略称やブランド名のリストを提供することはできません。ただし、一般的に企業の略称やブランド名は以下のような形式で存在することが多いです。\n\n会社名: バロー, バローホールディングス, VHD, バローHD, バローグループ,\nブランド名: バロー, Vドラッグ, ホームセンターバロー, ペットフォレスト, バローホームセンター,\n\nこれらは一般的な例であり、実際の使用状況に基づくものではありません。正確な情報は公式の"", ""申し訳ありませんが、「バローホールディングス」（証券コード: 99560）に関する具体的な略称やブランド名、製品名についての情報は持っていません。一般的に企業名やブランド名は、公式のウェブサイトや金融ニュース、企業のプレスリリースなどで確認することができます。""]"
99600,９９６００,東テク,商社・卸売,東テク株式会社|Totech|Totech Corporation,情報が不足しているため、代表的なブランド名や製品名を特定できません。,"[""申し訳ありませんが、「東テク」（証券コード: 99600）に関する具体的な略称やブランド名の情報は持ち合わせていません。一般的には、企業の略称やブランド名は公式ウェブサイトやプレスリリース、または金融ニュースなどで確認することができます。公式な情報源を参照することをお勧めします。"", ""会社名: 東テク, Totech, 東テク株式会社, Totech Corporation, 東テクグループ  \nブランド名: 情報が不足しているため、代表的なブランド名や製品名を特定できません。"", ""会社名: 東テク, 東テク株式会社, 東テクグループ, 東テクホールディングス, 東テクHD  \nブランド名: 情報が不足しているため、具体的なブランド名や製品名は提供できません。""]"
99620,９９６２０,ミスミグループ本社,商社・卸売,ミスミ|MISUMI|ミスミG,VONA|Mechabuild|MISUMI Automation|MISUMI FA,"[""申し訳ありませんが、具体的な企業の略称やブランド名についての情報は提供できません。ただし、一般的に企業の略称やブランド名は、企業の公式ウェブサイトやプレスリリース、または金融ニュースなどで確認することができます。"", ""会社名: ミスミ, MISUMI, ミスミグループ, ミスミG, ミスミホールディングス  \nブランド名: VONA, Mechabuild, MISUMI Automation, MISUMI FA, MISUMI Mold"", ""会社名: ミスミ, MISUMI, ミスミグループ,\nブランド名: VONA, Meviy, WOS, QCT, KARAKURI""]"
99740,９９７４０,ベルク,小売,ベルクホールディングス|ベルクスーパー,なし|ベルクオリジナル|ベルクセレクト|ベルクフレッシュ,"[""申し訳ありませんが、「ベルク」（証券コード: 99740）に関する具体的な略称やブランド名の情報は持っていません。ベルクは日本のスーパーマーケットチェーンであるため、一般的には「ベルク」として知られています。ブランド名や製品名についても特定の情報はありません。\n\n一般的に、企業の略称やブランド名は公式ウェブサイトやプレスリリースで確認することができます。"", ""会社名: ベルク, ベルクホールディングス, ベルクグループ, ベルクスーパー, ベルクストア  \nブランド名: ベルクオリジナル, ベルクセレクト, ベルクフレッシュ, ベルクデリ, ベルクベーカリー"", ""会社名: ベルク, ベルク株式会社,  \nブランド名: ベルク, なし, なし, なし, なし""]"
99790,９９７９０,大庄,小売,,やるき茶屋|日本海庄や|大庄水産,"[""申し訳ありませんが、「大庄」（証券コード: 99790）に関する具体的な略称やブランド名の情報は持ち合わせていません。大庄は日本の外食産業に関連する企業であり、居酒屋チェーンなどを運営していることが知られていますが、詳細な略称やブランド名については公式な情報源や企業のウェブサイトを参照することをお勧めします。"", ""申し訳ありませんが、「大庄」（証券コード: 99790）についての具体的な略称やブランド名の情報は私のデータベースには含まれていません。一般的に、企業の略称やブランド名はSNSやトレーダー間での使用頻度に基づいて変わることが多いため、最新の情報を確認するにはSNSや関連するニュースソースを直接参照することをお勧めします。"", ""会社名: 大庄, \nブランド名: やるき茶屋, 日本海庄や, 大庄水産, かごの屋, すし屋銀蔵""]"
99830,９９８３０,ファーストリテイリング,小売,FR|Fast Retailing|ファストリ|ファストリテ,ユニクロ|GU|プリンセス タム・タム|コントワー・デ・コトニエ|セオリー,"[""会社名: ファーストリテイリング, FR, Fast Retailing,\nブランド名: ユニクロ, GU, Theory, プリンセス タム・タム, コントワー・デ・コトニエ"", ""会社名: ファストリ, FR, ファーストリテイリング, Fast Retailing, ファストリテ\nブランド名: ユニクロ, GU, プリンセス タム・タム, セオリー, コントワー・デ・コトニエ"", ""会社名: ファーストリテイリング, FR, ファストリ, FRホールディングス, ファーストリ,\nブランド名: ユニクロ, GU, プリンセス タム・タム, セオリー, プラステ""]"
99840,９９８４０,ソフトバンクグループ,情報通信・サービスその他,ソフトバンク|SB|SBG|SoftBank,PayPay|ソフトバンクモバイル|Yahoo! JAPAN|LINE|Z Holdings,"[""会社名: ソフトバンク, ソフトバンクグループ, SoftBank, SB, SBG  \nブランド名: ソフトバンクモバイル, Yahoo! JAPAN, PayPay, LINE, Z Holdings"", ""会社名: ソフトバンク, ソフバン, SB, SoftBank, SBG,\nブランド名: Y!mobile, LINEMO, PayPay, SoftBank Air, ソフトバンク光,"", ""会社名: ソフトバンク, SB, SBG, ソフトバンクG, ソフトバンクグループ,\nブランド名: ソフトバンクモバイル, Yahoo! JAPAN, PayPay, LINE, Z Holdings""]"
99870,９９８７０,スズケン,商社・卸売,SUZUKEN,ルートイン|メディセオ|アルフレッサ|スズケンファーマ,"[""申し訳ありませんが、「スズケン」（証券コード: 99870）に関する具体的な略称やブランド名の情報は持っていません。スズケンは日本の医薬品卸売業者であり、一般的にそのような情報は企業の公式ウェブサイトや金融ニュースで確認することができます。"", ""会社名: スズケン, SUZUKEN,\nブランド名: ルートイン, メディセオ, アルフレッサ, スズケンファーマ, スズケンメディカル"", ""申し訳ありませんが、「スズケン」（証券コード: 99870）に関する具体的な略称やニックネーム、ブランド名、製品名についての情報は持っていません。ただし、一般的に企業名やブランド名は以下のように略されることがあります。\n\n1. 会社名: スズケン, SUZUKEN\n2. ブランド名: 情報が不足しています\n\n具体的なブランド名や製品名については、公式の企業サイトや関連する資料を参照することをお勧めします。""]"
99890,９９８９０,サンドラッグ,小売,サンドラッグホールディングス|サンドラ|サン,ジェネリックワン|サンドラッグプライベートブランド|サンドラッグセレクト|2. 代表的なブランド名・製品名|サンドラッグストア,"[""会社名: サンドラッグ, サンドラッグホールディングス\nブランド名: ジェネリックワン, サンドラッグプライベートブランド, サンドラッグセレクト"", ""申し訳ありませんが、「サンドラッグ」（証券コード: 99890）に関する具体的な略称やブランド名のリストを提供することはできません。ただし、一般的に日本の企業に関しては、以下のような形式で略称やブランド名が使われることがあります。\n\n1. 会社の略称・ニックネーム・通称・英語名\n   - サンドラッグ\n   - サンドラ\n   - SD\n\n2. 代表的なブランド名・製品名\n   - サンドラッグプライベートブランド\n   - サンドラッグオリジナル商品\n\nこれらは一般的な例であり、実際の使用状"", ""会社名: サンドラ, サン,\nブランド名: サンドラッグストア, サン薬局, サンコスメ, サンヘルス, サンビューティー""]"
99900,９９９００,サックスバー　ホールディングス,小売,サックスバー,,"[""申し訳ありませんが、「サックスバー ホールディングス」（証券コード: 99900）に関する具体的な略称やブランド名の情報は持ち合わせていません。一般的に、企業の略称やブランド名は公式ウェブサイトやプレスリリース、または金融ニュースなどで確認することができます。具体的な情報を得るためには、これらの情報源を参照することをお勧めします。"", ""申し訳ありませんが、「サックスバー ホールディングス」（証券コード: 99900）についての具体的な略称やブランド名のリストを提供することはできません。ただし、一般的な方法として、会社の公式ウェブサイトや投資家向け資料、SNSでの言及を調べることで、これらの情報を見つけることができるかもしれません。"", ""申し訳ありませんが、「サックスバー ホールディングス」（証券コード: 99900）に関する具体的な略称やブランド名、製品名の情報は私のデータベースには含まれていません。一般的には、企業の略称やブランド名は公式ウェブサイトやプレスリリース、または金融ニュースサイトで確認することができます。""]"
99910,９９９１０,ジェコス,商社・卸売,,,"[""申し訳ありませんが、「ジェコス」（証券コード: 99910）についての具体的な略称やブランド名の情報は私のデータベースには含まれていないようです。一般的には、企業の略称やブランド名は公式ウェブサイトや金融ニュース、企業のプレスリリースなどで確認することができます。"", ""申し訳ありませんが、ジェコス（証券コード: 99910）に関する具体的な略称やブランド名についての情報は持っていません。一般的に、企業の略称やブランド名は公式ウェブサイトや関連するプレスリリース、または業界のニュースなどで確認することができます。もし具体的な情報が必要であれば、これらの情報源を参照することをお勧めします。"", ""申し訳ありませんが、「ジェコス」（証券コード: 99910）に関する具体的な略称やニックネーム、ブランド名、製品名についての情報は持ち合わせていません。一般的に企業名やブランド名は、企業の公式な情報源や金融ニュースで確認することができます。具体的な情報が必要な場合は、公式な企業のウェブサイトや金融情報サービスを参照してください。""]"
99970,９９９７０,ベルーナ,小売,BELLUNA|ベルーナグループ|ベルナ,RyuRyu|ベルーナノーティス|ベルーナグルメ|ベルーナカタログ|ベルーナインテリア,"[""会社名: ベルーナ, BELLUNA, ベルーナグループ, ベルーナ株式会社,\nブランド名: RyuRyu, ベルーナノーティス, ベルーナグルメ, ベルーナインテリア, ベルーナカタログ"", ""会社名: ベルーナ, BELLUNA, ベルナ, ベルーナグループ, ベルーナホールディングス  \nブランド名: RyuRyu, ベルーナノーティス, ベルーナグルメ, ベルーナネット, ベルーナカタログ"", ""申し訳ありませんが、具体的な企業の略称やブランド名、製品名についての情報を提供することはできません。ただし、一般的に企業の略称やブランド名は、企業の正式名称や製品ラインに基づいて作られることが多いです。企業の公式ウェブサイトやプレスリリースなどで確認することをお勧めします。""]"
