ticker,ticker_fullwidth,company_name,variants,sector17_code,sector17,variants_cleaned
13010,１３０１０,極洋,極洋 / 極洋株式会社 / 極洋フーズ / 極洋シーフーズ / 極洋水産 / 極洋冷凍食品 / 極洋ブランド / 極洋サーモン / 極洋マグロ,1,食品,(極洋 OR 極洋株式会社 OR 極洋フーズ OR 極洋シーフーズ OR 極洋水産 OR 極洋冷凍食品 OR 極洋ブランド OR 極洋サーモン OR 極洋マグロ)
13320,１３３２０,ニッスイ,ニッスイ / 日本水産 / 1332 / シーフード / 海の幸 / ちくわ / かまぼこ / おさかなソーセージ / アラスカポラック / 海鮮丼の素,1,食品,(ニッスイ OR 日本水産 OR 海の幸 OR おさかなソーセージ OR アラスカポラック OR 海鮮丼の素)
13330,１３３３０,マルハニチロ,マルハニチロ / マルハ / ニチロ / アクリブランド / ラ・カンティーヌ / あけぼの / 海のあじわい / さば水煮 / いわし蒲焼,1,食品,(マルハニチロ OR マルハ OR ニチロ OR アクリブランド OR カンティーヌ OR あけぼの OR 海のあじわい OR さば水煮 OR いわし蒲焼)
13750,１３７５０,雪国まいたけ,雪国まいたけ / 雪国しめじ / 雪国えのき / 雪国きのこ / 雪国ブランド / 雪国食品 / 雪国まいたけプレミアム / 雪国まいたけ極 / 雪国まいたけ有機,1,食品,(雪国まいたけ OR 雪国しめじ OR 雪国えのき OR 雪国きのこ OR 雪国ブランド OR 雪国食品 OR 雪国まいたけプレミアム OR 雪国まいたけ極 OR 雪国まいたけ有機)
13760,１３７６０,カネコ種苗,カネコ種苗 / カネコ / カネコシード / カネコブランド / カネコの種 / カネコの苗 / カネコ農業 / カネコ園芸 / カネコグリーン,1,食品,(カネコ種苗 OR カネコ OR カネコシード OR カネコブランド OR カネコの種 OR カネコの苗 OR カネコ農業 OR カネコ園芸 OR カネコグリーン)
13770,１３７７０,サカタのタネ,サカタのタネ / サカタシード / タネのサカタ / サカタブランド / 花のサカタ / 野菜のサカタ / ガーデンメイト / サカタプロダクト,1,食品,(サカタのタネ OR サカタシード OR タネのサカタ OR サカタブランド OR 花のサカタ OR 野菜のサカタ OR ガーデンメイト OR サカタプロダクト)
13790,１３７９０,ホクト,ホクト / きのこ / ぶなしめじ / えのき / まいたけ / たもぎたけ / ホクトプレミアム / きのこで菌活 / きのこレシピ,1,食品,(ホクト OR きのこ OR ぶなしめじ OR えのき OR まいたけ OR たもぎたけ OR ホクトプレミアム OR きのこで菌活 OR きのこレシピ)
14140,１４１４０,ショーボンドホールディングス,ショーボンド / ショーボンドHD,3,建設・資材,(ショーボンド OR ショーボンドHD)
14170,１４１７０,ミライト・ワン,,3,建設・資材,
14190,１４１９０,タマホーム,タマホーム / タマ / タマホーム株式会社 / 大安心の家 / 木のぬくもりの家 / タマホームの家 / タマホームのリフォーム / タマホームの注文住宅 / タマホームの分譲住宅,3,建設・資材,(タマホーム OR タマ OR タマホーム株式会社 OR 大安心の家 OR 木のぬくもりの家 OR タマホームの家 OR タマホームのリフォーム OR タマホームの注文住宅 OR タマホームの分譲住宅)
14350,１４３５０,ｒｏｂｏｔ　ｈｏｍｅ,ロボットホーム / robot home / ロボホーム / Rホーム / R-home / Rホームシステム / R-home AI / R-home IoT / R-home Security,17,不動産,(ロボットホーム OR robot OR home OR ロボホーム OR Rホーム OR R-home OR Rホームシステム OR AI OR IoT OR Security)
15140,１５１４０,住石ホールディングス,住石ホールディングス / 住石 / 住石HD / 住石ホールディングス株式会社 / 住石グループ / 住友石炭 / 住友石炭鉱業 / 住石ブランド / 住石製品,2,エネルギー資源,(住石ホールディングス OR 住石 OR 住石HD OR 住石ホールディングス株式会社 OR 住石グループ OR 住友石炭 OR 住友石炭鉱業 OR 住石ブランド OR 住石製品)
15150,１５１５０,日鉄鉱業,日鉄鉱業 / 日鉄鉱 / Nittetsu Mining / 日鉄鉱業株式会社 / Nittetsu / Nittetsu Kougyou / 日鉄鉱業グループ / Nittetsu Mining Co. / Ltd. / 日鉄鉱業製品,2,エネルギー資源,(日鉄鉱業 OR 日鉄鉱 OR Nittetsu OR Mining OR 日鉄鉱業株式会社 OR Kougyou OR 日鉄鉱業グループ OR Co. OR Ltd. OR 日鉄鉱業製品)
15180,１５１８０,三井松島ホールディングス,三井松島ホールディングス / 三井松島 / 松島 / MMHD / 三井松島HD / 三井松島ホールディングス株式会社 / Mitsui Matsushima Holdings / Mitsui Matsushima / MM Holdings,10,情報通信・サービスその他,(三井松島ホールディングス OR 三井松島 OR 松島 OR MMHD OR 三井松島HD OR 三井松島ホールディングス株式会社 OR Mitsui OR Matsushima OR Holdings OR MM)
16050,１６０５０,ＩＮＰＥＸ,INPEX / 国際石油開発帝石 / インペックス / INPEXエネルギー / INPEXオイル / INPEXガス / INPEXプロジェクト / INPEX開発 / INPEXリソース,2,エネルギー資源,(INPEX OR 国際石油開発帝石 OR インペックス OR INPEXエネルギー OR INPEXオイル OR INPEXガス OR INPEXプロジェクト OR INPEX開発 OR INPEXリソース)
16620,１６６２０,石油資源開発,石油資源開発 / JAPEX / 石油資源 / 石油開発 / JAPEX石油 / JAPEX開発 / 石油資源開発株式会社 / JAPEX株式会社 / 石油資源開発(株),2,エネルギー資源,(石油資源開発 OR JAPEX OR 石油資源 OR 石油開発 OR JAPEX石油 OR JAPEX開発 OR 石油資源開発株式会社 OR JAPEX株式会社 OR 石油資源開発(株))
16630,１６６３０,Ｋ＆Ｏエナジーグループ,Ｋ＆Ｏエナジー / Ｋ＆ＯエナジーG,2,エネルギー資源,(Ｋ＆Ｏエナジー OR Ｋ＆ＯエナジーG)
167A0,１６７A０,リョーサン菱洋ホールディングス,リョーサン菱洋 / リョーサン菱洋HD,13,商社・卸売,(リョーサン菱洋 OR リョーサン菱洋HD)
17160,１７１６０,第一カッター興業,第一カッター興業 / ダイイチカッター / カッター興業 / DCK / カッター工業 / 第一カッター / ダイイチ / カッター / カッターサービス,3,建設・資材,(第一カッター興業 OR ダイイチカッター OR カッター興業 OR DCK OR カッター工業 OR 第一カッター OR ダイイチ OR カッター OR カッターサービス)
17190,１７１９０,安藤・間,,3,建設・資材,
17200,１７２００,東急建設,東急建設 / Tokyu Construction / 東急コン / Tokyu Kensetsu / 東急建 / 東急建設株式会社 / 東急建設グループ / 東急,3,建設・資材,(東急建設 OR Tokyu OR Construction OR 東急コン OR Kensetsu OR 東急建 OR 東急建設株式会社 OR 東急建設グループ OR 東急)
17210,１７２１０,コムシスホールディングス,コムシスホールディングス / コムシス / COMSYS / コムシスHD / コムシスホールディングス株式会社 / コムシスグループ / コムシスネットワーク / コムシスソリューション / コムシスエンジニアリング,3,建設・資材,(コムシスホールディングス OR コムシス OR COMSYS OR コムシスHD OR コムシスホールディングス株式会社 OR コムシスグループ OR コムシスネットワーク OR コムシスソリューション OR コムシスエンジニアリング)
17260,１７２６０,ビーアールホールディングス,ビーアール / ビーアールHD,3,建設・資材,(ビーアール OR ビーアールHD)
17620,１７６２０,高松コンストラクショングループ,高松コンストラクション / 高松コンストラクションG,3,建設・資材,(高松コンストラクション OR 高松コンストラクションG)
17660,１７６６０,東建コーポレーション,東建コーポレーション / ホームメイト / ホームメイト・リサーチ / ホームメイト・ネット / ホームメイト・ショップ / ホームメイト・レジデンス / ホームメイト・オフィス,3,建設・資材,(東建コーポレーション OR ホームメイト OR リサーチ OR ネット OR ショップ OR レジデンス OR オフィス)
17800,１７８００,ヤマウラ,,3,建設・資材,
17860,１７８６０,オリエンタル白石,オリエンタル白石 / オリ白 / オリエンタル / OWS / オリエンタルホワイトストーン / 白石 / オリホク / オリエンタル建設 / オリエンタル技研,3,建設・資材,(オリエンタル白石 OR オリ白 OR オリエンタル OR OWS OR オリエンタルホワイトストーン OR 白石 OR オリホク OR オリエンタル建設 OR オリエンタル技研)
18010,１８０１０,大成建設,大成建設 / TAISEI / 大成 / TAISEI CORPORATION / 大成グループ / 大成建設株式会社 / TAISEI建設 / 大成プロジェクト / TAISEIブランド,3,建設・資材,(大成建設 OR TAISEI OR 大成 OR CORPORATION OR 大成グループ OR 大成建設株式会社 OR TAISEI建設 OR 大成プロジェクト OR TAISEIブランド)
18020,１８０２０,大林組,大林組 / 大林 / OBAYASHI / OBAYASHI CORPORATION / 大林グループ / 大林建設 / 大林プロジェクト / 大林技術 / 大林エンジニアリング,3,建設・資材,(大林組 OR 大林 OR OBAYASHI OR CORPORATION OR 大林グループ OR 大林建設 OR 大林プロジェクト OR 大林技術 OR 大林エンジニアリング)
18030,１８０３０,清水建設,清水建設 / 清水 / シミケン / 清建 / Shimizu Corporation / ピルコム / ピルコム工法 / シミズ / SHIMIZU,3,建設・資材,(清水建設 OR 清水 OR シミケン OR 清建 OR Shimizu OR Corporation OR ピルコム OR ピルコム工法 OR シミズ OR SHIMIZU)
18080,１８０８０,長谷工コーポレーション,長谷工 / 長谷工コーポレーション / HASEKO / HASEKOグループ / 長谷工マンション / 長谷工の家 / 長谷工不動産 / 長谷工リフォーム / 長谷工コミュニティ,3,建設・資材,(長谷工 OR 長谷工コーポレーション OR HASEKO OR HASEKOグループ OR 長谷工マンション OR 長谷工の家 OR 長谷工不動産 OR 長谷工リフォーム OR 長谷工コミュニティ)
18100,１８１００,松井建設,松井,3,建設・資材,(松井)
18120,１８１２０,鹿島建設,鹿島建設 / 鹿島 / 鹿島建 / KAJIMA / 鹿島グループ / 鹿島技術研究所 / 鹿島プロジェクト / 鹿島ブランド / 鹿島の家,3,建設・資材,(鹿島建設 OR 鹿島 OR 鹿島建 OR KAJIMA OR 鹿島グループ OR 鹿島技術研究所 OR 鹿島プロジェクト OR 鹿島ブランド OR 鹿島の家)
18130,１８１３０,不動テトラ,不動テトラ / テトラ / 不動 / 不動テ / テトラ工法 / テトラブロック / テトラポッド / 不動テトラ工法 / 不動テトラ製品,3,建設・資材,(不動テトラ OR テトラ OR 不動 OR 不動テ OR テトラ工法 OR テトラブロック OR テトラポッド OR 不動テトラ工法 OR 不動テトラ製品)
18150,１８１５０,鉄建建設,鉄建建設 / 鉄建 / 鉄建グループ / 鉄建ブランド / 鉄建プロジェクト / 鉄建技術 / 鉄建ソリューション / 鉄建インフラ,3,建設・資材,(鉄建建設 OR 鉄建 OR 鉄建グループ OR 鉄建ブランド OR 鉄建プロジェクト OR 鉄建技術 OR 鉄建ソリューション OR 鉄建インフラ)
18200,１８２００,西松建設,西松建設 / 西松 / NIPPO / NIPPOコーポレーション / 西松グループ / 西松建設株式会社 / 西松建設グループ / 西松建設工業 / 西松建設プロジェクト,3,建設・資材,(西松建設 OR 西松 OR NIPPO OR NIPPOコーポレーション OR 西松グループ OR 西松建設株式会社 OR 西松建設グループ OR 西松建設工業 OR 西松建設プロジェクト)
18210,１８２１０,三井住友建設,三井住友建設 / 三住建 / SMCC / Mitsui Sumitomo Construction / 三井住友 / 住友建設 / 三住 / Mitsui Construction / Sumitomo Construction,3,建設・資材,(三井住友建設 OR 三住建 OR SMCC OR Mitsui OR Sumitomo OR Construction OR 三井住友 OR 住友建設 OR 三住)
18220,１８２２０,大豊建設,大豊建設 / 大豊 / 大豊建 / 大豊建設株式会社 / DAIHO CORPORATION / DAIHO建設 / 大豊ブランド / 大豊プロジェクト,3,建設・資材,(大豊建設 OR 大豊 OR 大豊建 OR 大豊建設株式会社 OR DAIHO OR CORPORATION OR DAIHO建設 OR 大豊ブランド OR 大豊プロジェクト)
18330,１８３３０,奥村組,奥村組 / 1833 / 奥村 / OKUMURA / オクムラ / 奥村建設 / 奥村グループ / 奥村土木 / 奥村技術 / 奥村プロジェクト,3,建設・資材,(奥村組 OR 奥村 OR OKUMURA OR オクムラ OR 奥村建設 OR 奥村グループ OR 奥村土木 OR 奥村技術 OR 奥村プロジェクト)
18350,１８３５０,東鉄工業,東鉄工業 / TTK / 東鉄工 / 東鉄工業株式会社 / 東鉄グループ / 東鉄製品 / 東鉄ブランド / 東鉄工業製品 / 東鉄,3,建設・資材,(東鉄工業 OR TTK OR 東鉄工 OR 東鉄工業株式会社 OR 東鉄グループ OR 東鉄製品 OR 東鉄ブランド OR 東鉄工業製品 OR 東鉄)
18520,１８５２０,淺沼組,淺沼組 / 淺沼 / Asanuma / 淺沼建設 / 淺沼工務店 / 淺沼グループ / 淺沼プロジェクト / 淺沼デザイン / 淺沼技術,3,建設・資材,(淺沼組 OR 淺沼 OR Asanuma OR 淺沼建設 OR 淺沼工務店 OR 淺沼グループ OR 淺沼プロジェクト OR 淺沼デザイン OR 淺沼技術)
18600,１８６００,戸田建設,戸田建設 / 戸田 / TODA / 戸田建 / 戸田グループ / TODA Corporation / 戸田建設株式会社 / TODA建設 / TODAグループ,3,建設・資材,(戸田建設 OR 戸田 OR TODA OR 戸田建 OR 戸田グループ OR Corporation OR 戸田建設株式会社 OR TODA建設 OR TODAグループ)
18610,１８６１０,熊谷組,熊谷組 / 熊谷 / KUMAGAI / 熊谷建設 / 熊谷グループ / KUMAGAI GUMI / 熊谷組株式会社 / 熊谷組建設 / KUMAGAI CONSTRUCTION,3,建設・資材,(熊谷組 OR 熊谷 OR KUMAGAI OR 熊谷建設 OR 熊谷グループ OR GUMI OR 熊谷組株式会社 OR 熊谷組建設 OR CONSTRUCTION)
18700,１８７００,矢作建設工業,矢作建設工業 / 矢作 / 矢作建設 / YKK / 矢作工業 / 矢作ブランド / 矢作製品 / 矢作プロジェクト / 矢作グループ,3,建設・資材,(矢作建設工業 OR 矢作 OR 矢作建設 OR YKK OR 矢作工業 OR 矢作ブランド OR 矢作製品 OR 矢作プロジェクト OR 矢作グループ)
18710,１８７１０,ピーエス・コンストラクション,,3,建設・資材,
18730,１８７３０,日本ハウスホールディングス,日本ハウスホールディングス / 日本ハウス / 日本ハウスHD / JHHD / 日本ハウスグループ / 日本ハウスホールディングス株式会社 / 日本ハウスブランド / 日本ハウスの家 / 日本ハウスの住宅,3,建設・資材,(日本ハウスホールディングス OR 日本ハウス OR 日本ハウスHD OR JHHD OR 日本ハウスグループ OR 日本ハウスホールディングス株式会社 OR 日本ハウスブランド OR 日本ハウスの家 OR 日本ハウスの住宅)
18780,１８７８０,大東建託,大東建託 / DK SELECT / いい部屋ネット / 大東 / Daito / Daito Trust / Daito Kentaku / いい部屋 / DKマンション,17,不動産,(大東建託 OR DK OR SELECT OR いい部屋ネット OR 大東 OR Daito OR Trust OR Kentaku OR いい部屋 OR DKマンション)
18790,１８７９０,新日本建設,新日本,3,建設・資材,(新日本)
18820,１８８２０,東亜道路工業,東亜道路工業 / 東亜道路 / TOA / TOA ROAD / トアロード / トア / トア工業 / トア道路 / トアブランド,3,建設・資材,(東亜道路工業 OR 東亜道路 OR TOA OR ROAD OR トアロード OR トア OR トア工業 OR トア道路 OR トアブランド)
18840,１８８４０,日本道路,,3,建設・資材,
18850,１８８５０,東亜建設工業,東亜建設工業 / 東亜建設 / 東亜コンストラクション / 東亜建 / 東亜工業 / 東亜建設工業株式会社 / 東亜建設工,3,建設・資材,(東亜建設工業 OR 東亜建設 OR 東亜コンストラクション OR 東亜建 OR 東亜工業 OR 東亜建設工業株式会社 OR 東亜建設工)
18870,１８８７０,日本国土開発,日本国土開発 / 日国 / 日本国土 / 国土開発 / JDC / ジャパンデベロップメント / 国土 / 日本国土開発株式会社,3,建設・資材,(日本国土開発 OR 日国 OR 日本国土 OR 国土開発 OR JDC OR ジャパンデベロップメント OR 国土 OR 日本国土開発株式会社)
18880,１８８８０,若築建設,若築,3,建設・資材,(若築)
18900,１８９００,東洋建設,東洋建設 / TOYO / 東洋コンストラクション / TOYO Construction / 東洋建 / 東洋建設株式会社 / 東洋建設グループ / 東洋,3,建設・資材,(東洋建設 OR TOYO OR 東洋コンストラクション OR Construction OR 東洋建 OR 東洋建設株式会社 OR 東洋建設グループ OR 東洋)
18930,１８９３０,五洋建設,五洋建設 / 五洋 / Penta-Ocean / 五洋コンストラクション / 五洋建 / POC / 五洋マリン / 五洋技術 / 五洋プロジェクト,3,建設・資材,(五洋建設 OR 五洋 OR Penta-Ocean OR 五洋コンストラクション OR 五洋建 OR POC OR 五洋マリン OR 五洋技術 OR 五洋プロジェクト)
18980,１８９８０,世紀東急工業,"世紀東急 / 東急工業 / STK / 世紀 / 工業 / 世紀東急建設 / 東急建設

具体的な製品名やブランド名については、企業の公式",3,建設・資材,(世紀東急 OR 東急工業 OR STK OR 世紀 OR 世紀東急建設 OR 東急建設 OR 具体的な製品名やブランド名については OR 企業の公式)
18990,１８９９０,福田組,,3,建設・資材,
19110,１９１１０,住友林業,住友林業 / 住林 / Sumirin / フォレストワン / フォレストメゾン / フォレストガーデン / フォレストヒルズ / フォレストヴィラ / フォレストウッド,3,建設・資材,(住友林業 OR 住林 OR Sumirin OR フォレストワン OR フォレストメゾン OR フォレストガーデン OR フォレストヒルズ OR フォレストヴィラ OR フォレストウッド)
19250,１９２５０,大和ハウス工業,大和ハウス工業 / 大和ハウス / ダイワハウス / DAIWA HOUSE / Dハウス / DAIWA LIVING / D's SMART / xevo,3,建設・資材,(大和ハウス工業 OR 大和ハウス OR ダイワハウス OR DAIWA OR HOUSE OR Dハウス OR LIVING OR D's OR SMART OR xevo)
19260,１９２６０,ライト工業,ライト工業 / LITE / ライトグループ / ライトテクノロジー / ライトソリューション / ライトエンジニアリング / ライトコンストラクション / ライトインフラ / ライト,3,建設・資材,(ライト工業 OR LITE OR ライトグループ OR ライトテクノロジー OR ライトソリューション OR ライトエンジニアリング OR ライトコンストラクション OR ライトインフラ OR ライト)
19280,１９２８０,積水ハウス,積水ハウス / セキスイハウス / シャーメゾン / グリーンファースト / ビエナ / セキスイツーユーホーム / セキスイイズム / セキスイシャーメゾン,3,建設・資材,(積水ハウス OR セキスイハウス OR シャーメゾン OR グリーンファースト OR ビエナ OR セキスイツーユーホーム OR セキスイイズム OR セキスイシャーメゾン)
19290,１９２９０,日特建設,日特建設 / 日特 / NITTOC / NITTOC建設 / 日特工法 / NITTOCブランド / 日特ソリューション / 日特技術 / 日特プロジェクト,3,建設・資材,(日特建設 OR 日特 OR NITTOC OR NITTOC建設 OR 日特工法 OR NITTOCブランド OR 日特ソリューション OR 日特技術 OR 日特プロジェクト)
19300,１９３００,北陸電気工事,北陸電気工事 / 北電工 / HEC / 北陸電工 / Hokudenko / 北陸電気 / 北陸電工事 / 北陸電気工事株式会社 / 北陸電気工事(株),3,建設・資材,(北陸電気工事 OR 北電工 OR HEC OR 北陸電工 OR Hokudenko OR 北陸電気 OR 北陸電工事 OR 北陸電気工事株式会社 OR 北陸電気工事(株))
19340,１９３４０,ユアテック,ユアテック / ユアテック株式会社 / YURATEC / ユアテックグループ / ユアテック電設 / ユアテックエンジニアリング / ユアテックソリューション / ユアテックサービス / ユアテックプロジェクト,3,建設・資材,(ユアテック OR ユアテック株式会社 OR YURATEC OR ユアテックグループ OR ユアテック電設 OR ユアテックエンジニアリング OR ユアテックソリューション OR ユアテックサービス OR ユアテックプロジェクト)
19380,１９３８０,日本リーテック,,3,建設・資材,
19390,１９３９０,四電工,四電工 / 四国電力工事 / 四国電工 / 四国電力工事株式会社 / 四国電工株式会社 / 四電工グループ / 四電工ネットワーク / 四電工サービス,3,建設・資材,(四電工 OR 四国電力工事 OR 四国電工 OR 四国電力工事株式会社 OR 四国電工株式会社 OR 四電工グループ OR 四電工ネットワーク OR 四電工サービス)
19410,１９４１０,中電工,中電工 / 中電工グループ / 中電工ネットワーク / 中電工サービス / 中電工エンジニアリング / 中電工ソリューション / 中電工プロジェクト,3,建設・資材,(中電工 OR 中電工グループ OR 中電工ネットワーク OR 中電工サービス OR 中電工エンジニアリング OR 中電工ソリューション OR 中電工プロジェクト)
19420,１９４２０,関電工,関電工 / KANDENKO / 関電工株式会社 / KANDENKO Co. / Ltd. / 電気工事 / 通信工事 / 空調設備 / 照明設備,3,建設・資材,(関電工 OR KANDENKO OR 関電工株式会社 OR Co. OR Ltd. OR 電気工事 OR 通信工事 OR 空調設備 OR 照明設備)
19440,１９４４０,きんでん,きんでん / Kinden / KND / Kinden Corporation / 近電 / 近畿電気工事 / Kinden Group / Kinden Electric / Kinden Holdings,3,建設・資材,(きんでん OR Kinden OR KND OR Corporation OR 近電 OR 近畿電気工事 OR Group OR Electric OR Holdings)
19450,１９４５０,東京エネシス,,3,建設・資材,
19460,１９４６０,トーエネック,トーエネック / TOENEC / トーエネック株式会社 / トーエネックグループ / トーエネック電設 / トーエネックエンジニアリング / トーエネックソリューション / トーエネックサービス / トーエネックプロジェクト,3,建設・資材,(トーエネック OR TOENEC OR トーエネック株式会社 OR トーエネックグループ OR トーエネック電設 OR トーエネックエンジニアリング OR トーエネックソリューション OR トーエネックサービス OR トーエネックプロジェクト)
19490,１９４９０,住友電設,住友電設 / 住電設 / Sumitomo Densetsu / 住友電工 / Sumiden / 住友電設株式会社,3,建設・資材,(住友電設 OR 住電設 OR Sumitomo OR Densetsu OR 住友電工 OR Sumiden OR 住友電設株式会社)
19500,１９５００,日本電設工業,日本電設工業 / 日電工 / 日本電設 / 電設工 / 日本電設工業株式会社 / 日電設 / 日本電設工業株,3,建設・資材,(日本電設工業 OR 日電工 OR 日本電設 OR 電設工 OR 日本電設工業株式会社 OR 日電設 OR 日本電設工業株)
19510,１９５１０,エクシオグループ,エクシオ / エクシオG,3,建設・資材,(エクシオ OR エクシオG)
19520,１９５２０,新日本空調,新日本空調 / 新日空 / SNA / エアテック / クリーンエアシステム / 空調ソリューション / HVACソリューション / 環境技術 / 空調設備,3,建設・資材,(新日本空調 OR 新日空 OR SNA OR エアテック OR クリーンエアシステム OR 空調ソリューション OR HVACソリューション OR 環境技術 OR 空調設備)
19590,１９５９０,九電工,九電工 / 九電工グループ / 九電工エンジニアリング / 九電工サービス / 九電工ソリューション / 九電工テクノロジー / 九電工プロジェクト,3,建設・資材,(九電工 OR 九電工グループ OR 九電工エンジニアリング OR 九電工サービス OR 九電工ソリューション OR 九電工テクノロジー OR 九電工プロジェクト)
19610,１９６１０,三機工業,三機工業 / 三機 / Sanki / 三機空調 / 三機設備 / 三機エンジニアリング / 三機システム / 三機テクノロジー / 三機ソリューション,3,建設・資材,(三機工業 OR 三機 OR Sanki OR 三機空調 OR 三機設備 OR 三機エンジニアリング OR 三機システム OR 三機テクノロジー OR 三機ソリューション)
19630,１９６３０,日揮ホールディングス,日揮ホールディングス / 日揮 / JGC / JGCホールディングス / JGCグループ / 日揮グループ / 日揮エンジニアリング / JGCエンジニアリング / 日揮プロジェクト / 日揮HD,3,建設・資材,(日揮ホールディングス OR 日揮 OR JGC OR JGCホールディングス OR JGCグループ OR 日揮グループ OR 日揮エンジニアリング OR JGCエンジニアリング OR 日揮プロジェクト OR 日揮HD)
19640,１９６４０,中外炉工業,中外炉工業 / 中外炉 / チュウガイロ / 中外炉エンジニアリング / 中外炉技術 / 中外炉製品 / 中外炉ブランド / 中外炉ソリューション / 中外炉サービス,3,建設・資材,(中外炉工業 OR 中外炉 OR チュウガイロ OR 中外炉エンジニアリング OR 中外炉技術 OR 中外炉製品 OR 中外炉ブランド OR 中外炉ソリューション OR 中外炉サービス)
19680,１９６８０,太平電業,,3,建設・資材,
19690,１９６９０,高砂熱学工業,高砂熱学工業 / 高砂熱学 / TAKASAGO / 高砂エンジニアリング / 高砂技術 / 高砂製品 / 高砂ブランド / 高砂システム,3,建設・資材,(高砂熱学工業 OR 高砂熱学 OR TAKASAGO OR 高砂エンジニアリング OR 高砂技術 OR 高砂製品 OR 高砂ブランド OR 高砂システム)
19730,１９７３０,ＮＥＣネッツエスアイ,ＮＥＣネッツエスアイ / ネッツエスアイ / NEC Nets SI / NECネッツ / ネッツSI / NEC NSI / NECネットワーク / ネットワークソリューション / NECコミュニケーション,,,(ＮＥＣネッツエスアイ OR ネッツエスアイ OR NEC OR Nets OR SI OR NECネッツ OR ネッツSI OR NSI OR NECネットワーク OR ネットワークソリューション OR NECコミュニケーション)
19750,１９７５０,朝日工業社,,3,建設・資材,
19760,１９７６０,明星工業,明星,3,建設・資材,(明星)
19790,１９７９０,大氣社,大氣社 / ダイキ / 空調設備 / クリーンルーム / HVAC / エアコン / 産業設備,3,建設・資材,(大氣社 OR ダイキ OR 空調設備 OR クリーンルーム OR HVAC OR エアコン OR 産業設備)
19800,１９８００,ダイダン,ダイダン / ダイダン株式会社 / Daidan / ダイダン工業 / ダイダン設備 / ダイダンテクノロジー / ダイダンエンジニアリング / ダイダンソリューション / ダイダンプロジェクト,3,建設・資材,(ダイダン OR ダイダン株式会社 OR Daidan OR ダイダン工業 OR ダイダン設備 OR ダイダンテクノロジー OR ダイダンエンジニアリング OR ダイダンソリューション OR ダイダンプロジェクト)
19820,１９８２０,日比谷総合設備,日比谷総合設備 / 日比谷設備 / Hibiya Engineering / Hibiya / Hibiya SE / 日比谷 / Hibiya総合 / Hibiya設備 / Hibiyaエンジニアリング,3,建設・資材,(日比谷総合設備 OR 日比谷設備 OR Hibiya OR Engineering OR SE OR 日比谷 OR Hibiya総合 OR Hibiya設備 OR Hibiyaエンジニアリング)
20010,２００１０,ニップン,ニップン / 日本製粉 / オーマイ / REGALO / アマニ / ニップンアマニ / ニップンウェルナ / ニップンフーズ / ニップンプレミアム,1,食品,(ニップン OR 日本製粉 OR オーマイ OR REGALO OR アマニ OR ニップンアマニ OR ニップンウェルナ OR ニップンフーズ OR ニップンプレミアム)
20020,２００２０,日清製粉グループ本社,日清製粉グループ本社 / 日清製粉 / 日清フーズ / マ・マー / オーマイ / 日清ファルマ / 日清製粉ウェルナ / 日清ペットフード / 日清製粉プレミックス,1,食品,(日清製粉グループ本社 OR 日清製粉 OR 日清フーズ OR マー OR オーマイ OR 日清ファルマ OR 日清製粉ウェルナ OR 日清ペットフード OR 日清製粉プレミックス)
20030,２００３０,日東富士製粉,日東富士製粉 / 日東富士 / ニットーフーズ / ニットーミックス / ニットー / 富士製粉 / ニットー製粉 / 日東製粉 / ニットー富士,1,食品,(日東富士製粉 OR 日東富士 OR ニットーフーズ OR ニットーミックス OR ニットー OR 富士製粉 OR ニットー製粉 OR 日東製粉 OR ニットー富士)
20040,２００４０,昭和産業,昭和産業 / SHOWA / 昭和天ぷら粉 / 昭和の小麦粉 / 昭和の油 / 昭和のパスタ / 昭和のパン粉 / 昭和のホットケーキミックス / 昭和の調味料 / 昭和,1,食品,(昭和産業 OR SHOWA OR 昭和天ぷら粉 OR 昭和の小麦粉 OR 昭和の油 OR 昭和のパスタ OR 昭和のパン粉 OR 昭和のホットケーキミックス OR 昭和の調味料 OR 昭和)
20530,２０５３０,中部飼料,中部飼料 / 中飼 / フィードワングループ / フィードワンホールディングス / フィードワンペット / フィードワンアクア / フィードワンバイオ,1,食品,(中部飼料 OR 中飼 OR フィードワングループ OR フィードワンホールディングス OR フィードワンペット OR フィードワンアクア OR フィードワンバイオ)
20600,２０６００,フィード・ワン,フィード・ワン / フィード・ワンホールディングス / アニマルフィード / アクアフィード / ペットフード / 飼料 / フィードワンフーズ,1,食品,(フィード OR ワン OR ワンホールディングス OR アニマルフィード OR アクアフィード OR ペットフード OR 飼料 OR フィードワンフーズ)
21080,２１０８０,日本甜菜製糖,日本甜菜製糖 / ビート糖 / スズラン印 / 北海道ビート / てんさい糖 / スズランブランド / ビートシュガー / 甜菜糖 / 北海道産糖,1,食品,(日本甜菜製糖 OR ビート糖 OR スズラン印 OR 北海道ビート OR てんさい糖 OR スズランブランド OR ビートシュガー OR 甜菜糖 OR 北海道産糖)
21090,２１０９０,ＤＭ三井製糖ホールディングス,ＤＭ三井製糖ホールディングス / 三井製糖 / スプーン印 / パールエース / 角砂糖 / グラニュー糖 / 三井糖 / 三井砂糖 / みついさとう / ＤＭ三井製糖 / ＤＭ三井製糖HD,1,食品,(ＤＭ三井製糖ホールディングス OR 三井製糖 OR スプーン印 OR パールエース OR 角砂糖 OR グラニュー糖 OR 三井糖 OR 三井砂糖 OR みついさとう OR ＤＭ三井製糖 OR ＤＭ三井製糖HD)
21170,２１１７０,ウェルネオシュガー,ウェルネオシュガー / ウェルシュガー / ネオシュガー / ウェルネオ / ウェルシュ / ネオシュ / ウェルネ / ウェル / ネオ,1,食品,(ウェルネオシュガー OR ウェルシュガー OR ネオシュガー OR ウェルネオ OR ウェルシュ OR ネオシュ OR ウェルネ OR ウェル OR ネオ)
21200,２１２００,ＬＩＦＵＬＬ,LIFULL / ライフル / HOME'S / LIFULL介護 / LIFULL引越し / LIFULL不動産 / LIFULL住まい / LIFULLインテリア,10,情報通信・サービスその他,(LIFULL OR ライフル OR HOME'S OR LIFULL介護 OR LIFULL引越し OR LIFULL不動産 OR LIFULL住まい OR LIFULLインテリア)
21210,２１２１０,ＭＩＸＩ,ミクシィ / mixi / モンスト / モンスターストライク / XFLAG / FamilyAlbum / モンパス / モンストスタジアム / モンストグランプリ,10,情報通信・サービスその他,(ミクシィ OR mixi OR モンスト OR モンスターストライク OR XFLAG OR FamilyAlbum OR モンパス OR モンストスタジアム OR モンストグランプリ)
21240,２１２４０,ジェイエイシーリクルートメント,ジェイエイシーリクルートメント / JACリクルートメント / JAC / JAC Recruitment / ジェイエイシー / JACジャパン / JACグループ / ジェイエイシー・ジャパン / JAC International,10,情報通信・サービスその他,(ジェイエイシーリクルートメント OR JACリクルートメント OR JAC OR Recruitment OR ジェイエイシー OR JACジャパン OR JACグループ OR ジャパン OR International)
21270,２１２７０,日本Ｍ＆Ａセンターホールディングス,日本M&Aセンターホールディングス / M&Aセンター / 日本M&A / JMAC / M&Aホールディングス / 日本M&Aセンターホールディングス株式会社 / M&Aセンターホールディングス / 日本M&Aセンター / M&AセンターHD / 日本Ｍ＆Ａセンター / 日本Ｍ＆ＡセンターHD,10,情報通信・サービスその他,(日本M&Aセンターホールディングス OR M&Aセンター OR 日本M&A OR JMAC OR M&Aホールディングス OR 日本M&Aセンターホールディングス株式会社 OR M&Aセンターホールディングス OR 日本M&Aセンター OR M&AセンターHD OR 日本Ｍ＆Ａセンター OR 日本Ｍ＆ＡセンターHD)
21300,２１３００,メンバーズ,,10,情報通信・サービスその他,
21460,２１４６０,ＵＴグループ,UTグループ / UTホールディングス / UTエンジニアリング / UTテクノロジー / UTコンストラクション / UTファクトリー / UTパートナーズ / UTキャリア / 証券コード21460 / ＵＴ / ＵＴG,10,情報通信・サービスその他,(UTグループ OR UTホールディングス OR UTエンジニアリング OR UTテクノロジー OR UTコンストラクション OR UTファクトリー OR UTパートナーズ OR UTキャリア OR ＵＴG) | (証券コード21460 OR ＵＴ)
21480,２１４８０,アイティメディア,アイティメディア / ITmedia / アイティメディア株式会社 / ITmedia News / ITmedia Mobile / ITmedia ビジネスオンライン / ITmedia エンタープライズ / ITmedia マーケティング / ねとらぼ,10,情報通信・サービスその他,(アイティメディア OR ITmedia OR アイティメディア株式会社 OR News OR Mobile OR ビジネスオンライン OR エンタープライズ OR マーケティング OR ねとらぼ)
21500,２１５００,ケアネット,ケアネット / ケアネット株式会社 / CareNet / CareNet.com / ケアネットニュース / ケアネットマガジン / ケアネットTV / ケアネットセミナー / ケアネットアカデミー,10,情報通信・サービスその他,(ケアネット OR ケアネット株式会社 OR CareNet OR CareNet.com OR ケアネットニュース OR ケアネットマガジン OR ケアネットTV OR ケアネットセミナー OR ケアネットアカデミー)
21530,２１５３０,Ｅ・Ｊホールディングス,Ｅ・Ｊ / Ｅ・ＪHD,10,情報通信・サービスその他,(ＪHD)
21540,２１５４０,オープンアップグループ,オープンアップ / オープンアップG,10,情報通信・サービスその他,(オープンアップ OR オープンアップG)
21570,２１５７０,コシダカホールディングス,コシダカホールディングス / カラオケまねきねこ / まねきねこ / ひとりカラオケ専門店ワンカラ / ワンカラ / コシダカ / コシダカHD / コシダカグループ / まねきねこアプリ,10,情報通信・サービスその他,(コシダカホールディングス OR カラオケまねきねこ OR まねきねこ OR ひとりカラオケ専門店ワンカラ OR ワンカラ OR コシダカ OR コシダカHD OR コシダカグループ OR まねきねこアプリ)
21680,２１６８０,パソナグループ,パソナ / パソナグループ / Pasona / Pasona Group / パソナキャリア / パソナテック / パソナフォーチュン / パソナHRソリューション / パソナアーバンファーム / パソナG,10,情報通信・サービスその他,(パソナ OR パソナグループ OR Pasona OR Group OR パソナキャリア OR パソナテック OR パソナフォーチュン OR パソナHRソリューション OR パソナアーバンファーム OR パソナG)
21700,２１７００,リンクアンドモチベーション,リンクアンドモチベーション / LMI / Link and Motivation / モチベーションクラウド / エンゲージメントサーベイ / モチベーションカンパニー / リンクアンドカンパニー / モチベーションアカデミー / リンクアンドリーダーシップ,10,情報通信・サービスその他,(リンクアンドモチベーション OR LMI OR Link OR and OR Motivation OR モチベーションクラウド OR エンゲージメントサーベイ OR モチベーションカンパニー OR リンクアンドカンパニー OR モチベーションアカデミー OR リンクアンドリーダーシップ)
21750,２１７５０,エス・エム・エス,エス・エム・エス / SMS / カイポケ / 介護のほんね / 看護のお仕事 / ナース専科 / イーキャリアFA / 介護求人ナビ / 介護ワーカー,10,情報通信・サービスその他,(エス OR エム OR SMS OR カイポケ OR 介護のほんね OR 看護のお仕事 OR ナース専科 OR イーキャリアFA OR 介護求人ナビ OR 介護ワーカー)
21810,２１８１０,パーソルホールディングス,パーソル / PERSOL / パーソルHD / パーソルホールディングス / テンプスタッフ / doda / ミイダス / パーソルキャリア / パーソルプロセス&テクノロジー,10,情報通信・サービスその他,(パーソル OR PERSOL OR パーソルHD OR パーソルホールディングス OR テンプスタッフ OR doda OR ミイダス OR パーソルキャリア OR パーソルプロセス&テクノロジー)
21930,２１９３０,クックパッド,クックパッド / クック / クックパッド株式会社 / Cookpad / クックパッドレシピ / クックパッドアプリ / クックパッドマート / クックパッドストア / クックパッドダイエット,10,情報通信・サービスその他,(クックパッド OR クック OR クックパッド株式会社 OR Cookpad OR クックパッドレシピ OR クックパッドアプリ OR クックパッドマート OR クックパッドストア OR クックパッドダイエット)
22010,２２０１０,森永製菓,森永製菓 / チョコボール / ミルクキャラメル / ハイチュウ / ダース / 森永ビスケット / 森永ホットケーキミックス,1,食品,(森永製菓 OR チョコボール OR ミルクキャラメル OR ハイチュウ OR ダース OR 森永ビスケット OR 森永ホットケーキミックス)
22040,２２０４０,中村屋,中村屋 / 中村屋カレー / 月餅 / あんまん / 肉まん / 中村屋レトルト / 中村屋スパイス / 中村屋パン / 中村屋スイーツ,1,食品,(中村屋 OR 中村屋カレー OR 月餅 OR あんまん OR 肉まん OR 中村屋レトルト OR 中村屋スパイス OR 中村屋パン OR 中村屋スイーツ)
22060,２２０６０,江崎グリコ,江崎グリコ / グリコ / ポッキー / プリッツ / アーモンドチョコレート / カプリコ / ビスコ / パピコ / ジャイアントコーン,1,食品,(江崎グリコ OR グリコ OR ポッキー OR プリッツ OR アーモンドチョコレート OR カプリコ OR ビスコ OR パピコ OR ジャイアントコーン)
22070,２２０７０,名糖産業,名糖産業 / 名糖 / メイトー / スティックカフェオレ / スティックコーヒー / 名糖プリン / 名糖チョコレート / 名糖ミルク / 名糖アイスクリーム,1,食品,(名糖産業 OR 名糖 OR メイトー OR スティックカフェオレ OR スティックコーヒー OR 名糖プリン OR 名糖チョコレート OR 名糖ミルク OR 名糖アイスクリーム)
22090,２２０９０,井村屋グループ,井村屋グループ / 井村屋 / あずきバー / やわもちアイス / クリームチーズデザート / 井村屋の肉まん / 井村屋のあんまん / 井村屋の中華まん / 井村屋のたい焼き / 井村屋G,1,食品,(井村屋グループ OR 井村屋 OR あずきバー OR やわもちアイス OR クリームチーズデザート OR 井村屋の肉まん OR 井村屋のあんまん OR 井村屋の中華まん OR 井村屋のたい焼き OR 井村屋G)
22110,２２１１０,不二家,不二家 / ペコちゃん / ミルキー / カントリーマアム / ルックチョコレート / ホームパイ / ポップキャンディ / ネクター / 不二家レストラン,1,食品,(不二家 OR ペコちゃん OR ミルキー OR カントリーマアム OR ルックチョコレート OR ホームパイ OR ポップキャンディ OR ネクター OR 不二家レストラン)
22120,２２１２０,山崎製パン,山崎製パン / ヤマザキ / 山パン / ランチパック / ダブルソフト / ロイヤルブレッド / 超芳醇 / ゴールドシリーズ / まるごとソーセージ,1,食品,(山崎製パン OR ヤマザキ OR 山パン OR ランチパック OR ダブルソフト OR ロイヤルブレッド OR 超芳醇 OR ゴールドシリーズ OR まるごとソーセージ)
22170,２２１７０,モロゾフ,モロゾフ / モロゾフチョコレート / モロゾフプリン / モロゾフケーキ / モロゾフスイーツ / モロゾフギフト / モロゾフデザート / モロゾフカフェ / モロゾフブランド,1,食品,(モロゾフ OR モロゾフチョコレート OR モロゾフプリン OR モロゾフケーキ OR モロゾフスイーツ OR モロゾフギフト OR モロゾフデザート OR モロゾフカフェ OR モロゾフブランド)
22200,２２２００,亀田製菓,亀田製菓 / 亀田 / 亀田の柿の種 / ハッピーターン / ぽたぽた焼 / 亀田のあられ / サラダホープ / 亀田のまがりせんべい / 亀田の海苔ピーパック,1,食品,(亀田製菓 OR 亀田 OR 亀田の柿の種 OR ハッピーターン OR ぽたぽた焼 OR 亀田のあられ OR サラダホープ OR 亀田のまがりせんべい OR 亀田の海苔ピーパック)
22220,２２２２０,寿スピリッツ,寿スピリッツ / 寿製菓 / 砂糖の国のケーキ屋さん / 夢菓房たから / 風雅堂 / 寿庵 / 夢菓房寿 / 夢菓房 / 寿製菓のどら焼き,1,食品,(寿スピリッツ OR 寿製菓 OR 砂糖の国のケーキ屋さん OR 夢菓房たから OR 風雅堂 OR 寿庵 OR 夢菓房寿 OR 夢菓房 OR 寿製菓のどら焼き)
22290,２２２９０,カルビー,カルビー / ポテトチップス / じゃがりこ / かっぱえびせん / サッポロポテト / フルグラ / Jagabee / ピザポテト / じゃがビー,1,食品,(カルビー OR ポテトチップス OR じゃがりこ OR かっぱえびせん OR サッポロポテト OR フルグラ OR Jagabee OR ピザポテト OR じゃがビー)
22640,２２６４０,森永乳業,森永乳業 / MOW / ピノ / 森永ビヒダスヨーグルト / 森永アロエヨーグルト / 森永牛乳 / 森永乳業株式会社,1,食品,(森永乳業 OR MOW OR ピノ OR 森永ビヒダスヨーグルト OR 森永アロエヨーグルト OR 森永牛乳 OR 森永乳業株式会社)
22660,２２６６０,六甲バター,六甲バター / Q・B・B / チーズデザート / ベビーチーズ / チーズフォンデュ / スライスチーズ / ナチュラルチーズ / プロセスチーズ / チーズキューブ,1,食品,(六甲バター OR チーズデザート OR ベビーチーズ OR チーズフォンデュ OR スライスチーズ OR ナチュラルチーズ OR プロセスチーズ OR チーズキューブ)
22670,２２６７０,ヤクルト本社,ヤクルト / ヤクルト本社 / Yakult / ヤクルトレディ / ヤクルト400 / ヤクルト1000 / ミルミル / ソフール / ビフィーネ,1,食品,(ヤクルト OR ヤクルト本社 OR Yakult OR ヤクルトレディ OR ミルミル OR ソフール OR ビフィーネ) | (ヤクルト400 OR ヤクルト1000)
22690,２２６９０,明治ホールディングス,明治ホールディングス / 2269 / 明治 / Meiji / 明治乳業 / 明治製菓 / 明治ザバス / 明治ブルガリアヨーグルト / 明治ミルクチョコレート / 明治アーモンドチョコレート / 明治HD,1,食品,(明治ホールディングス OR 明治 OR Meiji OR 明治乳業 OR 明治製菓 OR 明治ザバス OR 明治ブルガリアヨーグルト OR 明治ミルクチョコレート OR 明治アーモンドチョコレート OR 明治HD)
22700,２２７００,雪印メグミルク,雪印メグミルク / 雪印 / メグミルク / 雪印バター / 雪印コーヒー / 雪印チーズ / 雪印ヨーグルト / 雪印スキムミルク / 雪印北海道バター,1,食品,(雪印メグミルク OR 雪印 OR メグミルク OR 雪印バター OR 雪印コーヒー OR 雪印チーズ OR 雪印ヨーグルト OR 雪印スキムミルク OR 雪印北海道バター)
22810,２２８１０,プリマハム,プリマハム / プリマ / プリマハムグループ / 香薫 / 匠の膳 / 直火焼 / 旨包 / こだわりの味 / プリマヘルシー,1,食品,(プリマハム OR プリマ OR プリマハムグループ OR 香薫 OR 匠の膳 OR 直火焼 OR 旨包 OR こだわりの味 OR プリマヘルシー)
22820,２２８２０,日本ハム,日本ハム / 日ハム / シャウエッセン / 森の薫り / 彩りキッチン / 美ノ国 / アンティエ / 石窯工房 / チキチキボーン,1,食品,(日本ハム OR 日ハム OR シャウエッセン OR 森の薫り OR 彩りキッチン OR 美ノ国 OR アンティエ OR 石窯工房 OR チキチキボーン)
22880,２２８８０,丸大食品,丸大食品 / 丸大ハム / 燻製屋 / 煌彩 / うす塩仕立て / 旨味工房 / 丸大フーズ / 丸大 / 丸大食品グループ,1,食品,(丸大食品 OR 丸大ハム OR 燻製屋 OR 煌彩 OR うす塩仕立て OR 旨味工房 OR 丸大フーズ OR 丸大 OR 丸大食品グループ)
22920,２２９２０,Ｓ　Ｆｏｏｄｓ,Ｓ　Ｆｏｏｄｓ / エスフーズ / こてっちゃん / 牛匠 / ふらんす亭 / 焼肉一番 / こてっちゃん鍋 / こてっちゃん焼肉 / こてっちゃんホルモン,1,食品,(エスフーズ OR こてっちゃん OR 牛匠 OR ふらんす亭 OR 焼肉一番 OR こてっちゃん鍋 OR こてっちゃん焼肉 OR こてっちゃんホルモン) | (Ｆｏｏｄｓ)
22940,２２９４０,柿安本店,柿安本店 / 柿安 / 柿安ダイニング / 柿安精肉店 / 柿安料亭 / 柿安グルメフーズ / 柿安しぐれ煮 / 柿安牛めし / 柿安デリカ,1,食品,(柿安本店 OR 柿安 OR 柿安ダイニング OR 柿安精肉店 OR 柿安料亭 OR 柿安グルメフーズ OR 柿安しぐれ煮 OR 柿安牛めし OR 柿安デリカ)
22960,２２９６０,伊藤ハム米久ホールディングス,伊藤ハム米久ホールディングス / 伊藤ハム / 米久 / アルトバイエルン / グランドアルトバイエルン / 朝のフレッシュ / ラ・ピッツァ / 美味安心 / 旨包ボリュームリッチ / 伊藤ハム米久 / 伊藤ハム米久HD,1,食品,(伊藤ハム米久ホールディングス OR 伊藤ハム OR 米久 OR アルトバイエルン OR グランドアルトバイエルン OR 朝のフレッシュ OR ピッツァ OR 美味安心 OR 旨包ボリュームリッチ OR 伊藤ハム米久 OR 伊藤ハム米久HD)
23010,２３０１０,学情,学情 / あさがくナビ / Re就活 / あさがくチャレンジ / あさがくインターンシップ / あさがく就職エージェント / あさがく転職エージェント / あさがくキャリア / あさがく就活イベント,10,情報通信・サービスその他,(学情 OR あさがくナビ OR Re就活 OR あさがくチャレンジ OR あさがくインターンシップ OR あさがく就職エージェント OR あさがく転職エージェント OR あさがくキャリア OR あさがく就活イベント)
23050,２３０５０,スタジオアリス,スタジオアリス / スタアリ / アリス / スタジオアリス七五三 / スタジオアリスベビー / スタジオアリスフォト / アリスの写真館 / スタジオアリス成人式 / スタジオアリスフォトブック,10,情報通信・サービスその他,(スタジオアリス OR スタアリ OR アリス OR スタジオアリス七五三 OR スタジオアリスベビー OR スタジオアリスフォト OR アリスの写真館 OR スタジオアリス成人式 OR スタジオアリスフォトブック)
23070,２３０７０,クロスキャット,クロスキャット / クロス / クロキャ / CrossCat / CC / クロスキャット株式会社 / クロスキャット証券 / クロスキャット株 / クロスキャット製品,10,情報通信・サービスその他,(クロスキャット OR クロス OR クロキャ OR CrossCat OR CC OR クロスキャット株式会社 OR クロスキャット証券 OR クロスキャット株 OR クロスキャット製品)
23170,２３１７０,システナ,システナ / Systena / Systena Corporation / Systenaグループ / Systena製品 / Systenaサービス / Systenaソリューション / Systenaブランド / Systenaテクノロジー,10,情報通信・サービスその他,(システナ OR Systena OR Corporation OR Systenaグループ OR Systena製品 OR Systenaサービス OR Systenaソリューション OR Systenaブランド OR Systenaテクノロジー)
23250,２３２５０,ＮＪＳ,,10,情報通信・サービスその他,
23260,２３２６０,デジタルアーツ,デジタルアーツ / i-FILTER / m-FILTER / FinalCode / ARS / D-SPA / DigitalArts@Cloud / i-フィルター / m-フィルター,10,情報通信・サービスその他,(デジタルアーツ OR i-FILTER OR m-FILTER OR FinalCode OR ARS OR D-SPA OR DigitalArts@Cloud OR i-フィルター OR m-フィルター)
23270,２３２７０,日鉄ソリューションズ,NTTソリューションズ / NS Solutions / NSSOL / NSソリューションズ / 日鉄ソリューションズ株式会社 / NSフィールド / NSクラウド / NSセキュリティ,10,情報通信・サービスその他,(NTTソリューションズ OR NS OR Solutions OR NSSOL OR NSソリューションズ OR 日鉄ソリューションズ株式会社 OR NSフィールド OR NSクラウド OR NSセキュリティ)
23310,２３３１０,綜合警備保障,ALSOK / 綜合警備保障 / ALSOKガードマン / ALSOKホームセキュリティ / ALSOKマン / ALSOKシステム / ALSOKセキュリティ / ALSOKサービス,10,情報通信・サービスその他,(ALSOK OR 綜合警備保障 OR ALSOKガードマン OR ALSOKホームセキュリティ OR ALSOKマン OR ALSOKシステム OR ALSOKセキュリティ OR ALSOKサービス)
23350,２３３５０,キューブシステム,キューブシステム / CUBE SYSTEM / キューブ / Cube / Cube System / キューブシステム株式会社 / Cubeシステム / Cubeシステム株式会社 / CUBE SYSTEM INC.,10,情報通信・サービスその他,(キューブシステム OR CUBE OR SYSTEM OR キューブ OR Cube OR System OR キューブシステム株式会社 OR Cubeシステム OR Cubeシステム株式会社 OR INC.)
23370,２３３７０,いちご,いちご / いちごグループ / Ichigo / いちごオフィス / いちごホテル / いちごリート / いちごエナジー / いちご不動産 / いちごアセット,17,不動産,(いちご OR いちごグループ OR Ichigo OR いちごオフィス OR いちごホテル OR いちごリート OR いちごエナジー OR いちご不動産 OR いちごアセット)
23530,２３５３０,日本駐車場開発,日本駐車場開発 / NPD / 日本駐車場 / 駐車場開発 / パーク24 / 駐車場ビジネス / 駐車場ソリューション / 日本パーキング / NPDグループ,17,不動産,(日本駐車場開発 OR NPD OR 日本駐車場 OR 駐車場開発 OR 駐車場ビジネス OR 駐車場ソリューション OR 日本パーキング OR NPDグループ) | (パーク24)
23590,２３５９０,コア,,10,情報通信・サービスその他,
23710,２３７１０,カカクコム,カカクコム / 価格.com / 食べログ / 価格ナビ / 価格比較 / カカク / kakaku.com / Tabelog / 価格情報,10,情報通信・サービスその他,(カカクコム OR 価格.com OR 食べログ OR 価格ナビ OR 価格比較 OR カカク OR kakaku.com OR Tabelog OR 価格情報)
23720,２３７２０,アイロムグループ,アイロムグループ / アイロム / IROM / IROMグループ / アイロムHD / アイロムホールディングス / アイロムバイオサイエンス / セルシード / アイロムCRO / アイロムG,,,(アイロムグループ OR アイロム OR IROM OR IROMグループ OR アイロムHD OR アイロムホールディングス OR アイロムバイオサイエンス OR セルシード OR アイロムCRO OR アイロムG)
23740,２３７４０,セントケア・ホールディング,セントケア・ホールディング / セントケア / セントケアグループ / セントケアサービス / セントケアホーム / セントケア訪問介護 / セントケアデイサービス / セントケア福祉用具 / セントケアリハビリテーション,10,情報通信・サービスその他,(セントケア OR ホールディング OR セントケアグループ OR セントケアサービス OR セントケアホーム OR セントケア訪問介護 OR セントケアデイサービス OR セントケア福祉用具 OR セントケアリハビリテーション)
23780,２３７８０,ルネサンス,ルネサンス / ルネ / Renaissance / ルネサンススポーツクラブ / ルネサンスジム / ルネサンスフィットネス / ルネサンスプール / ルネサンススタジオ / ルネサンスウェルネス,10,情報通信・サービスその他,(ルネサンス OR ルネ OR Renaissance OR ルネサンススポーツクラブ OR ルネサンスジム OR ルネサンスフィットネス OR ルネサンスプール OR ルネサンススタジオ OR ルネサンスウェルネス)
23790,２３７９０,ディップ,ディップ / バイトル / はたらこねっと / バイトルPRO / ディップAI / ディップソリューション / ディップキャリア / ディップリサーチ,10,情報通信・サービスその他,(ディップ OR バイトル OR はたらこねっと OR バイトルPRO OR ディップAI OR ディップソリューション OR ディップキャリア OR ディップリサーチ)
23840,２３８４０,ＳＢＳホールディングス,ＳＢＳホールディングス / ＳＢＳグループ / ＳＢＳロジコム / ＳＢＳトランスポート / ＳＢＳフレイトサービス / ＳＢＳゼンツウ / ＳＢＳリコーロジスティクス / ＳＢＳサポートログ / ＳＢＳスタッフ / ＳＢＳ / ＳＢＳHD,12,運輸・物流,(ＳＢＳホールディングス OR ＳＢＳグループ OR ＳＢＳロジコム OR ＳＢＳトランスポート OR ＳＢＳフレイトサービス OR ＳＢＳゼンツウ OR ＳＢＳリコーロジスティクス OR ＳＢＳサポートログ OR ＳＢＳスタッフ OR ＳＢＳHD) | (ＳＢＳ)
23890,２３８９０,デジタルホールディングス,デジタル / デジタルHD,10,情報通信・サービスその他,(デジタル OR デジタルHD)
23950,２３９５０,新日本科学,新日本科学 / 新日科 / SNBL / サイエンス / CROサービス / トキシコロジー / バイオアナリシス / 医薬品開発 / 動物実験,10,情報通信・サービスその他,(新日本科学 OR 新日科 OR SNBL OR サイエンス OR CROサービス OR トキシコロジー OR バイオアナリシス OR 医薬品開発 OR 動物実験)
24130,２４１３０,エムスリー,エムスリー / m3 / 2413 / M3 CARE NETWORK / QOLサーベイ / M3 Career / AskDoctors / M3.com / MR君 / 医療従事者向け情報サービス,10,情報通信・サービスその他,(エムスリー OR CARE OR NETWORK OR QOLサーベイ OR Career OR AskDoctors OR MR君 OR 医療従事者向け情報サービス) | (m3 OR M3 OR M3.com)
24290,２４２９０,ワールドホールディングス,ワールドホールディングス / ワールドHD / ワールド / WORLD / WHD / ワールドホールディングスグループ / ワールドホールディングス株式会社 / ワールドホールディングス株,10,情報通信・サービスその他,(ワールドホールディングス OR ワールドHD OR ワールド OR WORLD OR WHD OR ワールドホールディングスグループ OR ワールドホールディングス株式会社 OR ワールドホールディングス株)
24320,２４３２０,ディー・エヌ・エー,ディー・エヌ・エー / DeNA / Mobage / モバゲー / 横浜DeNAベイスターズ / ベイスターズ / DeNAトラベル / Anyca / MyCODE,10,情報通信・サービスその他,(ディー OR エヌ OR エー OR DeNA OR Mobage OR モバゲー OR 横浜DeNAベイスターズ OR ベイスターズ OR DeNAトラベル OR Anyca OR MyCODE)
24330,２４３３０,博報堂ＤＹホールディングス,博報堂ＤＹホールディングス / 博報堂 / 博報堂DY / 博報堂DYHD / HAKUHODO / HAKUHODO DY / HAKUHODO DY HOLDINGS / 博報堂DYグループ / 博報堂ブランド / 博報堂ＤＹ / 博報堂ＤＹHD,10,情報通信・サービスその他,(博報堂ＤＹホールディングス OR 博報堂 OR 博報堂DY OR 博報堂DYHD OR HAKUHODO OR DY OR HOLDINGS OR 博報堂DYグループ OR 博報堂ブランド OR 博報堂ＤＹ OR 博報堂ＤＹHD)
24400,２４４００,ぐるなび,ぐるなび / ぐるなびレストラン / GURUNAVI / ぐるなびデリバリー / ぐるなびウエディング / ぐるなび海外 / ぐるなびギフトカード / ぐるなびプレミアム / ぐるなび会員サービス,10,情報通信・サービスその他,(ぐるなび OR ぐるなびレストラン OR GURUNAVI OR ぐるなびデリバリー OR ぐるなびウエディング OR ぐるなび海外 OR ぐるなびギフトカード OR ぐるなびプレミアム OR ぐるなび会員サービス)
24450,２４４５０,タカミヤ,,10,情報通信・サービスその他,
24610,２４６１０,ファンコミュニケーションズ,ファンコミュニケーションズ / A8.net / nend / adcrops / nex8 / A8フェスティバル / A8キャンパス / A8セルフバック,10,情報通信・サービスその他,(ファンコミュニケーションズ OR nend OR adcrops) | (A8.net OR nex8 OR A8フェスティバル OR A8キャンパス OR A8セルフバック)
24620,２４６２０,ライク,ライク / LIKE / ライクキッズ / ライクスタッフィング / ライクキャリア / ライクIT / ライクアカデミー / ライクライフ / ライクメディカル,10,情報通信・サービスその他,(ライク OR LIKE OR ライクキッズ OR ライクスタッフィング OR ライクキャリア OR ライクIT OR ライクアカデミー OR ライクライフ OR ライクメディカル)
24710,２４７１０,エスプール,,10,情報通信・サービスその他,
24750,２４７５０,ＷＤＢホールディングス,ＷＤＢ / ＷＤＢHD,10,情報通信・サービスその他,(ＷＤＢHD) | (ＷＤＢ)
24770,２４７７０,手間いらず,手間いらず / TEMA / 手間いらず.NET / 手間いらず.com / 手間いらずPro / 手間いらずBiz / 手間いらずLite / 手間いらずクラウド / 手間いらず予約システム,10,情報通信・サービスその他,(手間いらず OR TEMA OR 手間いらず.NET OR 手間いらず.com OR 手間いらずPro OR 手間いらずBiz OR 手間いらずLite OR 手間いらずクラウド OR 手間いらず予約システム)
24890,２４８９０,アドウェイズ,アドウェイズ / ADWAYS / アドウェイズ株式会社 / ADWAYS INC. / PartyTrack / AppDriver / Smart-C / AppBroadCast / JANet,10,情報通信・サービスその他,(アドウェイズ OR ADWAYS OR アドウェイズ株式会社 OR INC. OR PartyTrack OR AppDriver OR Smart-C OR AppBroadCast OR JANet)
24910,２４９１０,バリューコマース,バリューコマース / VC / バリュコマ / バリュコ / バリュー / バリュ / バリューコマース株式会社 / バリューコマースアフィリエイト / バリューコマースマーケティング,10,情報通信・サービスその他,(バリューコマース OR VC OR バリュコマ OR バリュコ OR バリュー OR バリュ OR バリューコマース株式会社 OR バリューコマースアフィリエイト OR バリューコマースマーケティング)
24920,２４９２０,インフォマート,,10,情報通信・サービスその他,
25010,２５０１０,サッポロホールディングス,サッポロホールディングス / サッポロビール / 黒ラベル / ヱビス / サッポロラガー / サッポロクラシック / サッポロプレミアム / ポッカサッポロ / サッポロライオン / サッポロ / サッポロHD,1,食品,(サッポロホールディングス OR サッポロビール OR 黒ラベル OR ヱビス OR サッポロラガー OR サッポロクラシック OR サッポロプレミアム OR ポッカサッポロ OR サッポロライオン OR サッポロ OR サッポロHD)
25020,２５０２０,アサヒグループホールディングス,アサヒビール / アサヒ飲料 / スーパードライ / クリアアサヒ / ウィルキンソン / カルピス / 三ツ矢サイダー / アサヒグループホールディングス / アサヒグループ / アサヒグループHD,1,食品,(アサヒビール OR アサヒ飲料 OR スーパードライ OR クリアアサヒ OR ウィルキンソン OR カルピス OR 三ツ矢サイダー OR アサヒグループホールディングス OR アサヒグループ OR アサヒグループHD)
25030,２５０３０,キリンホールディングス,キリンホールディングス / キリンビール / 一番搾り / キリンラガー / キリンレモン / 麒麟 / キリン氷結 / キリンファイア / キリン午後の紅茶 / キリン / キリンHD,1,食品,(キリンホールディングス OR キリンビール OR 一番搾り OR キリンラガー OR キリンレモン OR 麒麟 OR キリン氷結 OR キリンファイア OR キリン午後の紅茶 OR キリン OR キリンHD)
250A0,２５０A０,シマダヤ,シマダヤ食品 / シマダヤラーメン / シマダヤうどん / シマダヤそば / シマダヤ冷凍食品 / シマダヤ,1,食品,(シマダヤ食品 OR シマダヤラーメン OR シマダヤうどん OR シマダヤそば OR シマダヤ冷凍食品 OR シマダヤ)
25310,２５３１０,宝ホールディングス,宝ホールディングス / 宝酒造 / タカラ / 焼酎ハイボール / タカラ缶チューハイ / タカラ焼酎 / タカラレジェンド / タカラバンブー / 宝 / 宝HD,1,食品,(宝ホールディングス OR 宝酒造 OR タカラ OR 焼酎ハイボール OR タカラ缶チューハイ OR タカラ焼酎 OR タカラレジェンド OR タカラバンブー OR 宝HD)
25330,２５３３０,オエノンホールディングス,オエノンホールディングス / 福徳長酒類 / 大関 / 白鶴 / 菊正宗 / 月桂冠 / 黄桜 / 日本盛 / オエノン / オエノンHD,1,食品,(オエノンホールディングス OR 福徳長酒類 OR 大関 OR 白鶴 OR 菊正宗 OR 月桂冠 OR 黄桜 OR 日本盛 OR オエノン OR オエノンHD)
25400,２５４００,養命酒製造,養命酒製造 / 養命酒 / 養命酒製造株式会社 / Yomeishu / 薬用養命酒 / 養命酒製造（株） / 養命酒製造株式会社（25400） / 養命酒製造（証券コード: 25400） / 養命酒製造（株）（25400）,1,食品,(養命酒製造 OR 養命酒 OR 養命酒製造株式会社 OR Yomeishu OR 薬用養命酒 OR 養命酒製造（株） OR 養命酒製造（証券コード:) | (養命酒製造株式会社（25400） OR 25400） OR 養命酒製造（株）（25400）)
256A0,２５６A０,飛島ホールディングス,飛島 / 飛島HD,3,建設・資材,(飛島 OR 飛島HD)
25790,２５７９０,コカ・コーラ　ボトラーズジャパンホールディングス,コカ・コーラ ボトラーズジャパンホールディングス / コカ・コーラ / ジョージア / 綾鷹 / い・ろ・は・す / ファンタ / アクエリアス / スプライト / ミニッツメイド / コカ・コーラ　ボトラーズジャパン / コカ・コーラ　ボトラーズジャパンHD,1,食品,(コカ OR コーラ OR ボトラーズジャパンホールディングス OR ジョージア OR 綾鷹 OR ファンタ OR アクエリアス OR スプライト OR ミニッツメイド OR ボトラーズジャパン OR ボトラーズジャパンHD)
25850,２５８５０,ライフドリンク　カンパニー,ライフドリンク カンパニー / ライフドリンク / LDC / ライフウォーター / ドリンクカンパニー / LDCウォーター / ライフドリンク製品 / ライフドリンクブランド,1,食品,(ライフドリンク OR LDC OR ライフウォーター OR ドリンクカンパニー OR LDCウォーター OR ライフドリンク製品 OR ライフドリンクブランド)
25870,２５８７０,サントリー食品インターナショナル,サントリー食品インターナショナル / サントリー / BOSS / 伊右衛門 / サントリー天然水 / C.C.レモン / ペプシ / オランジーナ / リプトン,1,食品,(サントリー食品インターナショナル OR サントリー OR BOSS OR 伊右衛門 OR サントリー天然水 OR C.C.レモン OR ペプシ OR オランジーナ OR リプトン)
25900,２５９００,ダイドーグループホールディングス,ダイドー / ダイドードリンコ / DyDo / ダイドーブレンド / ミスティオ / ダイドーグループ / ダイドーコーヒー / ダイドー自販機 / ダイドーグループHD,1,食品,(ダイドー OR ダイドードリンコ OR DyDo OR ダイドーブレンド OR ミスティオ OR ダイドーグループ OR ダイドーコーヒー OR ダイドー自販機 OR ダイドーグループHD)
25930,２５９３０,伊藤園,伊藤園 / お〜いお茶 / 健康ミネラルむぎ茶 / TULLY'S COFFEE / TEAS' TEA / Relaxジャスミンティー / ビタミン野菜 / 充実野菜 / 毎日1杯の青汁,1,食品,(伊藤園 OR お〜いお茶 OR 健康ミネラルむぎ茶 OR TULLY'S OR COFFEE OR TEAS' OR TEA OR Relaxジャスミンティー OR ビタミン野菜 OR 充実野菜) | (毎日1杯の青汁)
25940,２５９４０,キーコーヒー,キーコーヒー / KEY COFFEE / ドリップオン / スペシャルブレンド / トアルコ トラジャ / グランドテイスト / カフェオレベース / インスタントコーヒー / コーヒーバッグ,1,食品,(キーコーヒー OR KEY OR COFFEE OR ドリップオン OR スペシャルブレンド OR トアルコ OR トラジャ OR グランドテイスト OR カフェオレベース OR インスタントコーヒー OR コーヒーバッグ)
26020,２６０２０,日清オイリオグループ,日清オイリオグループ / 日清オイリオ / ボスコ / ヘルシーリセッタ / 日清キャノーラ油 / 日清サラダ油 / 日清オリーブオイル / 日清べに花油 / 日清マヨドレ / 日清オイリオG,1,食品,(日清オイリオグループ OR 日清オイリオ OR ボスコ OR ヘルシーリセッタ OR 日清キャノーラ油 OR 日清サラダ油 OR 日清オリーブオイル OR 日清べに花油 OR 日清マヨドレ OR 日清オイリオG)
26070,２６０７０,不二製油グループ本社,不二製油グループ本社 / 不二製油 / FUJI OIL / フジオイルグループ / フジオイルホールディングス / フジオイルブランド / ソヤファーム / リッチェル,1,食品,(不二製油グループ本社 OR 不二製油 OR FUJI OR OIL OR フジオイルグループ OR フジオイルホールディングス OR フジオイルブランド OR ソヤファーム OR リッチェル)
26130,２６１３０,Ｊ−オイルミルズ,Ｊ−オイルミルズ / AJINOMOTO OIL MILLS / J-オイル / J-オイルミルズ / AJINOMOTO OIL / かどや製油 / かどや / J-オイル製品,1,食品,(Ｊ−オイルミルズ OR AJINOMOTO OR OIL OR MILLS OR J-オイル OR J-オイルミルズ OR かどや製油 OR かどや OR J-オイル製品)
262A0,２６２A０,インターメスティック,,14,小売,
26590,２６５９０,サンエー,サンエー / サンエースーパー / サンエーマート / サンエー食品館 / サンエーショッピングタウン / サンエー衣料館 / サンエードラッグ / サンエー電器 / サンエーギフトカード,14,小売,(サンエー OR サンエースーパー OR サンエーマート OR サンエー食品館 OR サンエーショッピングタウン OR サンエー衣料館 OR サンエードラッグ OR サンエー電器 OR サンエーギフトカード)
26640,２６６４０,カワチ薬品,カワチ薬品 / カワチ / Kawachi / Kawachi Pharmacy / カワチドラッグ / カワチ薬局 / カワチグループ / カワチポイントカード / カワチオンラインショップ,14,小売,(カワチ薬品 OR カワチ OR Kawachi OR Pharmacy OR カワチドラッグ OR カワチ薬局 OR カワチグループ OR カワチポイントカード OR カワチオンラインショップ)
26700,２６７００,エービーシー・マート,エービーシー・マート / ABCマート / ABC MART / ホーキンス / バンズ / ノースフェイス / ニューバランス / アディダス,14,小売,(エービーシー OR マート OR ABCマート OR ABC OR MART OR ホーキンス OR バンズ OR ノースフェイス OR ニューバランス OR アディダス)
26740,２６７４０,ハードオフコーポレーション,ハードオフコーポレーション / リカーオフ / ホビーオフ / ハードオフネットモール,14,小売,(ハードオフコーポレーション OR リカーオフ OR ホビーオフ OR ハードオフネットモール)
26760,２６７６０,高千穂交易,,13,商社・卸売,
26780,２６７８０,アスクル,アスクル / ASKUL / LOHACO / アスクルカタログ / アスクルダイレクト / アスクルオンラインショップ / アスクルサービス / アスクルオフィス用品 / アスクル配送,14,小売,(アスクル OR ASKUL OR LOHACO OR アスクルカタログ OR アスクルダイレクト OR アスクルオンラインショップ OR アスクルサービス OR アスクルオフィス用品 OR アスクル配送)
26810,２６８１０,ゲオホールディングス,ゲオ / ゲオホールディングス / GEOモバイル / GEOショップ / GEOレンタル / GEOオンライン / GEOセール / GEOマーケット / ゲオHD,14,小売,(ゲオ OR ゲオホールディングス OR GEOモバイル OR GEOショップ OR GEOレンタル OR GEOオンライン OR GEOセール OR GEOマーケット OR ゲオHD)
26850,２６８５０,アダストリア,アダストリア / グローバルワーク / ニコアンド / ローリーズファーム / スタディオクリップ / ジーナシス / レプシィム / バビロン / アパートバイローリーズ / ヘザー,14,小売,(アダストリア OR グローバルワーク OR ニコアンド OR ローリーズファーム OR スタディオクリップ OR ジーナシス OR レプシィム OR バビロン OR アパートバイローリーズ OR ヘザー)
268A0,２６８A０,リガク・ホールディングス,リガク・ / リガク・HD,9,電機・精密,(リガク OR HD)
26920,２６９２０,伊藤忠食品,伊藤忠食品 / 伊藤忠フーズ / ITOCHU Foods / CF / 伊藤忠グループ / 伊藤忠食品株式会社 / 伊藤忠食品ブランド,13,商社・卸売,(伊藤忠食品 OR 伊藤忠フーズ OR ITOCHU OR Foods OR CF OR 伊藤忠グループ OR 伊藤忠食品株式会社 OR 伊藤忠食品ブランド)
26950,２６９５０,くら寿司,くら寿司 / くら / Kura Sushi / 無添くら寿司 / くらランチ / くらポン / くら寿司アプリ / くら寿司モバイルオーダー / くら寿司デリバリー,14,小売,(くら寿司 OR くら OR Kura OR Sushi OR 無添くら寿司 OR くらランチ OR くらポン OR くら寿司アプリ OR くら寿司モバイルオーダー OR くら寿司デリバリー)
26980,２６９８０,キャンドゥ,キャンドゥ / Can★Do / キャンドゥ100円ショップ / キャンドゥストア / キャンドゥプラス / CanDo / キャンドゥオンラインショップ / キャンドゥセレクト / キャンドゥコスメ,14,小売,(キャンドゥ OR Can★Do OR キャンドゥストア OR キャンドゥプラス OR CanDo OR キャンドゥオンラインショップ OR キャンドゥセレクト OR キャンドゥコスメ) | (キャンドゥ100円ショップ)
27260,２７２６０,パルグループホールディングス,パルグループホールディングス / PAL GROUP / 3COINS / CIAOPANIC / mysty woman / KASTANE / WHO'S WHO gallery / PAL CLOSET / GALLARDAGALANTE / パルグループ / パルグループHD,14,小売,(パルグループホールディングス OR PAL OR GROUP OR CIAOPANIC OR mysty OR woman OR KASTANE OR WHO'S OR WHO OR gallery OR CLOSET OR GALLARDAGALANTE OR パルグループ OR パルグループHD) | (3COINS)
27300,２７３００,エディオン,エディオン / エディオンネットショップ / エディオンカード / エディオンポイント / エディオンアプリ / エディオンモバイル / エディオン電気 / エディオンウォーター / エディオンリフォーム,14,小売,(エディオン OR エディオンネットショップ OR エディオンカード OR エディオンポイント OR エディオンアプリ OR エディオンモバイル OR エディオン電気 OR エディオンウォーター OR エディオンリフォーム)
27330,２７３３０,あらた,,13,商社・卸売,
27340,２７３４０,サーラコーポレーション,,14,小売,
27370,２７３７０,トーメンデバイス,,13,商社・卸売,
27420,２７４２０,ハローズ,,14,小売,
27490,２７４９０,ＪＰホールディングス,ＪＰ / ＪＰHD,10,情報通信・サービスその他,(ＪＰHD) | (ＪＰ)
27520,２７５２０,フジオフードグループ本社,フジオフードグループ本社 / フジオフード / まいどおおきに食堂 / 串家物語 / かっぽうぎ / つるまる / えびのや / さち福や / まいどおおきに,14,小売,(フジオフードグループ本社 OR フジオフード OR まいどおおきに食堂 OR 串家物語 OR かっぽうぎ OR つるまる OR えびのや OR さち福や OR まいどおおきに)
27530,２７５３０,あみやき亭,あみやき亭 / あみやき / 焼肉亭 / あみやきグループ / あみやきチェーン / あみやき亭ホールディングス / あみやき亭レストラン / あみやき亭メニュー / あみやき亭ランチ,14,小売,(あみやき亭 OR あみやき OR 焼肉亭 OR あみやきグループ OR あみやきチェーン OR あみやき亭ホールディングス OR あみやき亭レストラン OR あみやき亭メニュー OR あみやき亭ランチ)
27600,２７６００,東京エレクトロン　デバイス,東京エレクトロン デバイス / TED / 東京エレデバ / TEDネットワーク / TEDソリューション / TEDサポート / TEDプロダクト / TEDサービス / TEDテクノロジー,13,商社・卸売,(東京エレクトロン OR デバイス OR TED OR 東京エレデバ OR TEDネットワーク OR TEDソリューション OR TEDサポート OR TEDプロダクト OR TEDサービス OR TEDテクノロジー)
27670,２７６７０,円谷フィールズホールディングス,円谷フィールズホールディングス / 円谷プロ / ウルトラマン / フィールズ / 円谷 / 円谷プロダクション / ウルトラシリーズ / 円谷HD / 円谷ホールディングス / 円谷フィールズ / 円谷フィールズHD,13,商社・卸売,(円谷フィールズホールディングス OR 円谷プロ OR ウルトラマン OR フィールズ OR 円谷 OR 円谷プロダクション OR ウルトラシリーズ OR 円谷HD OR 円谷ホールディングス OR 円谷フィールズ OR 円谷フィールズHD)
27680,２７６８０,双日,双日 / 2768 / 双日株式会社 / Sojitz / Sojitz Pla-Net / Sojitz Machinery / Sojitz Logistics / Sojitz Aerospace / Sojitz Foods / Sojitz Infinity,13,商社・卸売,(双日 OR 双日株式会社 OR Sojitz OR Pla-Net OR Machinery OR Logistics OR Aerospace OR Foods OR Infinity)
27840,２７８４０,アルフレッサ　ホールディングス,アルフレッサHD / アルフレッサホールディングス / アルフレッサグループ / アルフレッサファーマ / アルフレッサメディカルサービス / アルフレッサヘルスケア / アルフレッサ物流 / アルフレッサファーマシー / アルフレッサ　 / アルフレッサ　HD,13,商社・卸売,(アルフレッサHD OR アルフレッサホールディングス OR アルフレッサグループ OR アルフレッサファーマ OR アルフレッサメディカルサービス OR アルフレッサヘルスケア OR アルフレッサ物流 OR アルフレッサファーマシー OR アルフレッサ OR HD)
27910,２７９１０,大黒天物産,,14,小売,
27920,２７９２０,ハニーズホールディングス,ハニーズホールディングス / ハニーズ / HONEYS / GLACIER / CINEMA CLUB / COLZA / VIE RICHE / C･O･L･Z･A / ハニーズクラブカード / ハニーズHD,14,小売,(ハニーズホールディングス OR ハニーズ OR HONEYS OR GLACIER OR CINEMA OR CLUB OR COLZA OR VIE OR RICHE OR C･O･L･Z･A OR ハニーズクラブカード OR ハニーズHD)
28010,２８０１０,キッコーマン,キッコーマン / キッコーマンしょうゆ / デルモンテ / 万上 / マンズワイン / いつでも新鮮 / うちのごはん / しぼりたて生しょうゆ / だしわりぽん酢,1,食品,(キッコーマン OR キッコーマンしょうゆ OR デルモンテ OR 万上 OR マンズワイン OR いつでも新鮮 OR うちのごはん OR しぼりたて生しょうゆ OR だしわりぽん酢)
28020,２８０２０,味の素,味の素 / アミノバイタル / クノール / Cook Do / パルスイート / HON-DASHI / JINO / Glyna,1,食品,(味の素 OR アミノバイタル OR クノール OR Cook OR Do OR パルスイート OR HON-DASHI OR JINO OR Glyna)
28040,２８０４０,ブルドックソース,ブルドックソース / ブルドック / ブルドックソース株式会社 / 中濃ソース / ウスターソース / とんかつソース / お好みソース / たこ焼きソース / ブルドックブランド,1,食品,(ブルドックソース OR ブルドック OR ブルドックソース株式会社 OR 中濃ソース OR ウスターソース OR とんかつソース OR お好みソース OR たこ焼きソース OR ブルドックブランド)
28090,２８０９０,キユーピー,キユーピー / アヲハタ / ディフェ / キユーピー3分クッキング / キユーピーコーワ / キユーピーハーフ / キユーピードレッシング,1,食品,(キユーピー OR アヲハタ OR ディフェ OR キユーピーコーワ OR キユーピーハーフ OR キユーピードレッシング) | (キユーピー3分クッキング)
28100,２８１００,ハウス食品グループ本社,ハウス食品グループ本社 / ハウス食品 / バーモントカレー / こくまろカレー / フルーチェ / ウコンの力 / うまかっちゃん / カレーマルシェ / プライムバーモント,1,食品,(ハウス食品グループ本社 OR ハウス食品 OR バーモントカレー OR こくまろカレー OR フルーチェ OR ウコンの力 OR うまかっちゃん OR カレーマルシェ OR プライムバーモント)
28110,２８１１０,カゴメ,カゴメ / トマトジュース / 野菜生活 / ケチャップ / 野菜一日これ一本 / トマトケチャップ / 野菜ジュース / カゴメトマト / カゴメソース,1,食品,(カゴメ OR トマトジュース OR 野菜生活 OR ケチャップ OR 野菜一日これ一本 OR トマトケチャップ OR 野菜ジュース OR カゴメトマト OR カゴメソース)
28150,２８１５０,アリアケジャパン,アリアケジャパン / アリアケ / アリアケスープ / アリアケだし / アリアケ調味料 / アリアケ食品 / アリアケブランド / アリアケ製品 / アリアケフード,1,食品,(アリアケジャパン OR アリアケ OR アリアケスープ OR アリアケだし OR アリアケ調味料 OR アリアケ食品 OR アリアケブランド OR アリアケ製品 OR アリアケフード)
28190,２８１９０,エバラ食品工業,エバラ食品工業 / エバラ / 黄金の味 / 焼肉のたれ / すき焼のたれ / しゃぶしゃぶごまだれ / 浅漬けの素 / キムチ鍋の素 / プチッと鍋 / エバラ食品,1,食品,(エバラ食品工業 OR エバラ OR 黄金の味 OR 焼肉のたれ OR すき焼のたれ OR しゃぶしゃぶごまだれ OR 浅漬けの素 OR キムチ鍋の素 OR プチッと鍋 OR エバラ食品)
285A0,２８５A０,キオクシアホールディングス,キオクシアホールディングス / キオクシア / Kioxia / BiCS FLASH / XGシリーズ / BGシリーズ / EXCERIA / UFS / SSD / キオクシアHD,9,電機・精密,(キオクシアホールディングス OR キオクシア OR Kioxia OR BiCS OR FLASH OR XGシリーズ OR BGシリーズ OR EXCERIA OR UFS OR SSD OR キオクシアHD)
28710,２８７１０,ニチレイ,ニチレイ / ニチレイフーズ / アセロラドリンク / 本格炒め炒飯 / 氷温熟成 / レディミール / ニチレイロジグループ / ニチレイアグリ / ニチレイバイオサイエンス,1,食品,(ニチレイ OR ニチレイフーズ OR アセロラドリンク OR 本格炒め炒飯 OR 氷温熟成 OR レディミール OR ニチレイロジグループ OR ニチレイアグリ OR ニチレイバイオサイエンス)
28740,２８７４０,横浜冷凍,横浜冷凍 / 2874 / ヨコレイ / YRF / 横冷 / 横浜冷凍株式会社 / 横浜冷凍グループ / 横浜冷凍物流 / 横浜冷凍食品 / 横浜冷凍ストレージ,13,商社・卸売,(横浜冷凍 OR ヨコレイ OR YRF OR 横冷 OR 横浜冷凍株式会社 OR 横浜冷凍グループ OR 横浜冷凍物流 OR 横浜冷凍食品 OR 横浜冷凍ストレージ)
28750,２８７５０,東洋水産,東洋水産 / マルちゃん / 赤いきつね / 緑のたぬき / ごつ盛り / 麺づくり / 昔ながらの中華そば / でかまる / ホットヌードル,1,食品,(東洋水産 OR マルちゃん OR 赤いきつね OR 緑のたぬき OR ごつ盛り OR 麺づくり OR 昔ながらの中華そば OR でかまる OR ホットヌードル)
28820,２８８２０,イートアンドホールディングス,イートアンドホールディングス / 大阪王将 / 羽根つき餃子 / ぷるもち水餃子 / 大阪王将羽根つき餃子 / 大阪王将ぷるもち水餃子 / 大阪王将冷凍食品 / 大阪王将ラーメン / 大阪王将炒飯 / イートアンド / イートアンドHD,1,食品,(イートアンドホールディングス OR 大阪王将 OR 羽根つき餃子 OR ぷるもち水餃子 OR 大阪王将羽根つき餃子 OR 大阪王将ぷるもち水餃子 OR 大阪王将冷凍食品 OR 大阪王将ラーメン OR 大阪王将炒飯 OR イートアンド OR イートアンドHD)
28840,２８８４０,ヨシムラ・フード・ホールディングス,ヨシムラ・フード・ホールディングス / ヨシムラフード / YFH / 吉村フード / 吉村HD / 吉村ホールディングス / 吉村食品 / 吉村グループ / 吉村ブランド / ヨシムラ・フード・ / ヨシムラ・フード・HD,1,食品,(ヨシムラ OR フード OR ヨシムラフード OR YFH OR 吉村フード OR 吉村HD OR 吉村ホールディングス OR 吉村食品 OR 吉村グループ OR 吉村ブランド OR HD)
28970,２８９７０,日清食品ホールディングス,日清食品ホールディングス / 日清 / カップヌードル / チキンラーメン / 出前一丁 / ラ王 / 日清焼そばU.F.O. / どん兵衛 / 麺職人 / 日清食品 / 日清食品HD,1,食品,(日清食品ホールディングス OR 日清 OR カップヌードル OR チキンラーメン OR 出前一丁 OR ラ王 OR 日清焼そばU.F.O. OR どん兵衛 OR 麺職人 OR 日清食品 OR 日清食品HD)
29080,２９０８０,フジッコ,フジッコ / おまめさん / フジッコワカメ / カスピ海ヨーグルト / フジッコ煮豆 / フジッコ昆布 / フジッコ佃煮 / フジッコおかず / フジッコデザート,1,食品,(フジッコ OR おまめさん OR フジッコワカメ OR カスピ海ヨーグルト OR フジッコ煮豆 OR フジッコ昆布 OR フジッコ佃煮 OR フジッコおかず OR フジッコデザート)
29100,２９１００,ロック・フィールド,ロック・フィールド / RF1 / 神戸コロッケ / サラダデリ / グリーンサラダ / デリカテッセン / お惣菜 / フレッシュデリ / デリカフーズ,1,食品,(ロック OR フィールド OR 神戸コロッケ OR サラダデリ OR グリーンサラダ OR デリカテッセン OR お惣菜 OR フレッシュデリ OR デリカフーズ) | (RF1)
29140,２９１４０,日本たばこ産業,JT / 日本たばこ / 日本たばこ産業 / メビウス / セブンスター / ピアニッシモ / キャメル / ウィンストン / プルームテック,1,食品,(JT OR 日本たばこ OR 日本たばこ産業 OR メビウス OR セブンスター OR ピアニッシモ OR キャメル OR ウィンストン OR プルームテック)
29150,２９１５０,ケンコーマヨネーズ,ケンコーマヨネーズ / ケンコー / ケンコーマヨ / デリシャス / サラダマヨ / ケンコーサラダ / ケンコーデリカ,1,食品,(ケンコーマヨネーズ OR ケンコー OR ケンコーマヨ OR デリシャス OR サラダマヨ OR ケンコーサラダ OR ケンコーデリカ)
29180,２９１８０,わらべや日洋ホールディングス,わらべや日洋ホールディングス / わらべや / 日洋 / わらべや日洋 / わらべや弁当 / 日洋食品 / わらべやデリカ / わらべやフーズ / わらべやブランド / わらべや日洋HD,1,食品,(わらべや日洋ホールディングス OR わらべや OR 日洋 OR わらべや日洋 OR わらべや弁当 OR 日洋食品 OR わらべやデリカ OR わらべやフーズ OR わらべやブランド OR わらべや日洋HD)
29220,２９２２０,なとり,なとり / おつまみ / チーズ鱈 / ジャッキーカルパス / いか天 / ほたて貝柱 / さきいか / ピリ辛さきいか / つまみ種,1,食品,(なとり OR おつまみ OR チーズ鱈 OR ジャッキーカルパス OR いか天 OR ほたて貝柱 OR さきいか OR ピリ辛さきいか OR つまみ種)
29290,２９２９０,ファーマフーズ,ファーマフーズ / ニューモ / 卵殻膜 / GABA / サプリメント / 健康食品 / 育毛剤 / 美容サプリ / 機能性食品,1,食品,(ファーマフーズ OR ニューモ OR 卵殻膜 OR GABA OR サプリメント OR 健康食品 OR 育毛剤 OR 美容サプリ OR 機能性食品)
29300,２９３００,北の達人コーポレーション,北の達人コーポレーション / 北の達人 / カイテキオリゴ / ミネルヴァ / ザ・プラセンタ / アイキララ / ヒアロディープパッチ / クリアネオ / メイクル,4,素材・化学,(北の達人コーポレーション OR 北の達人 OR カイテキオリゴ OR ミネルヴァ OR プラセンタ OR アイキララ OR ヒアロディープパッチ OR クリアネオ OR メイクル)
29310,２９３１０,ユーグレナ,ユーグレナ / ミドリムシ / euglena / グリーンオイル / バイオジェット燃料 / ユーグレナ・ファーム / one / サステオ / リバイブエナジー,1,食品,(ユーグレナ OR ミドリムシ OR euglena OR グリーンオイル OR バイオジェット燃料 OR ファーム OR one OR サステオ OR リバイブエナジー)
29330,２９３３０,紀文食品,紀文食品 / 紀文 / 紀文の豆乳 / 紀文のはんぺん / 紀文のちくわ / 紀文のかまぼこ / 紀文のこんにゃく / 紀文のつみれ / 紀文のごま豆腐,1,食品,(紀文食品 OR 紀文 OR 紀文の豆乳 OR 紀文のはんぺん OR 紀文のちくわ OR 紀文のかまぼこ OR 紀文のこんにゃく OR 紀文のつみれ OR 紀文のごま豆腐)
29350,２９３５０,ピックルスホールディングス,ピックルスホールディングス / ご飯がススム / キムチの素 / ピックルス / きゅうりのキューちゃん / こくうま / ピリ辛キムチ / 旨辛白菜 / ピックルスコーポレーション / ピックルスHD,1,食品,(ピックルスホールディングス OR ご飯がススム OR キムチの素 OR ピックルス OR きゅうりのキューちゃん OR こくうま OR ピリ辛キムチ OR 旨辛白菜 OR ピックルスコーポレーション OR ピックルスHD)
29750,２９７５０,スター・マイカ・ホールディングス,スター・マイカ・ホールディングス / スターマイカ / スターマイカHD / スターマイカホールディングス / スターマイカグループ / スターマイカリート / スターマイカ不動産 / スターマイカ投資 / スターマイカアセット / スター・マイカ・ / スター・マイカ・HD,17,不動産,(スター OR マイカ OR スターマイカ OR スターマイカHD OR スターマイカホールディングス OR スターマイカグループ OR スターマイカリート OR スターマイカ不動産 OR スターマイカ投資 OR スターマイカアセット OR HD)
29800,２９８００,ＳＲＥホールディングス,ＳＲＥ / ＳＲＥHD,17,不動産,(ＳＲＥHD) | (ＳＲＥ)
30010,３００１０,片倉工業,片倉工業 / カタクラ / Katakura / シルク / Katakura Silk / 片倉シルク / Katakura Industries / 片倉インダストリーズ / Katakura Brand / 片倉,4,素材・化学,(片倉工業 OR カタクラ OR Katakura OR シルク OR Silk OR 片倉シルク OR Industries OR 片倉インダストリーズ OR Brand OR 片倉)
30020,３００２０,グンゼ,グンゼ / GUNZE / BODY WILD / Tuche / SABRINA / YG / KIREILABO / COOLMAGIC / HOTMAGIC,4,素材・化学,(グンゼ OR GUNZE OR BODY OR WILD OR Tuche OR SABRINA OR YG OR KIREILABO OR COOLMAGIC OR HOTMAGIC)
30030,３００３０,ヒューリック,ヒューリック / Hulic / ヒューリックタワー / ヒューリックレジデンス / ヒューリックホテル / ヒューリック不動産 / ヒューリックオフィス / ヒューリックプライム / ヒューリックリート,17,不動産,(ヒューリック OR Hulic OR ヒューリックタワー OR ヒューリックレジデンス OR ヒューリックホテル OR ヒューリック不動産 OR ヒューリックオフィス OR ヒューリックプライム OR ヒューリックリート)
30230,３０２３０,ラサ商事,ラサ,13,商社・卸売,(ラサ)
30280,３０２８０,アルペン,アルペン / Alpen / スポーツデポ / ゴルフ5 / アルペンアウトドアーズ / アルペンマウンテンズ / アルペンプロジェクト / アルペンシューズ / アルペンバイク,14,小売,(アルペン OR Alpen OR スポーツデポ OR アルペンアウトドアーズ OR アルペンマウンテンズ OR アルペンプロジェクト OR アルペンシューズ OR アルペンバイク) | (ゴルフ5)
30310,３０３１０,ラクーンホールディングス,ラクーンホールディングス / スーパーデリバリー / コレカ / SD export / Paid / トラスト / SD factory / SD connect / SD import / ラクーン / ラクーンHD,10,情報通信・サービスその他,(ラクーンホールディングス OR スーパーデリバリー OR コレカ OR SD OR export OR Paid OR トラスト OR factory OR connect OR import OR ラクーン OR ラクーンHD)
30340,３０３４０,クオールホールディングス,クオールホールディングス / クオール / クオール薬局 / QOL / クオールグループ / クオールファーマシー / クオールメディカル / クオールヘルスケア / クオールサービス / クオールHD,14,小売,(クオールホールディングス OR クオール OR クオール薬局 OR QOL OR クオールグループ OR クオールファーマシー OR クオールメディカル OR クオールヘルスケア OR クオールサービス OR クオールHD)
30360,３０３６０,アルコニックス,アルコニックス / ALCONIX / アルコニックス株式会社 / ALCONIXグループ / アルミ製品 / 金属加工 / 資源リサイクル / 電子材料 / 化学品,13,商社・卸売,(アルコニックス OR ALCONIX OR アルコニックス株式会社 OR ALCONIXグループ OR アルミ製品 OR 金属加工 OR 資源リサイクル OR 電子材料 OR 化学品)
30380,３０３８０,神戸物産,神戸物産 / 3038 / 業務スーパー / 業スー / 業務用食品 / 神戸クック / 神戸クック・ワールドビュッフェ / 業務スーパー・プロ / 業務スーパー・エコ / 業務スーパー・プレミアム,13,商社・卸売,(神戸物産 OR 業務スーパー OR 業スー OR 業務用食品 OR 神戸クック OR ワールドビュッフェ OR プロ OR エコ OR プレミアム)
30400,３０４００,ソリトンシステムズ,ソリトンシステムズ / Soliton / Soliton Systems / InfoTrace / NetAttest / Smart-telecaster / FileZen / SecureDesktop / CloudDisk,10,情報通信・サービスその他,(ソリトンシステムズ OR Soliton OR Systems OR InfoTrace OR NetAttest OR Smart-telecaster OR FileZen OR SecureDesktop OR CloudDisk)
30460,３０４６０,ジンズホールディングス,ジンズ / JINS / ジンズホールディングス / JINS MEME / JINS SCREEN / JINS PAINT / JINS SWITCH / JINS BRAIN / JINS VIOLET+ / ジンズHD,14,小売,(ジンズ OR JINS OR ジンズホールディングス OR MEME OR SCREEN OR PAINT OR SWITCH OR BRAIN OR VIOLET+ OR ジンズHD)
30480,３０４８０,ビックカメラ,ビックカメラ / ビック / ビックポイント / ビックカメラ.com / ビックアウトレット / ビックトイズ / ビック酒販 / ビックドラッグ / ビックパソコン館,14,小売,(ビックカメラ OR ビック OR ビックポイント OR ビックカメラ.com OR ビックアウトレット OR ビックトイズ OR ビック酒販 OR ビックドラッグ OR ビックパソコン館)
30500,３０５００,ＤＣＭホールディングス,DCM / DCMホールディングス / DCMカーマ / DCMダイキ / DCMホーマック / ケーヨーデイツー / ホームセンターDCM / DCMブランド / DCMオンラインショップ / ＤＣＭ / ＤＣＭHD,14,小売,(DCM OR DCMホールディングス OR DCMカーマ OR DCMダイキ OR DCMホーマック OR ケーヨーデイツー OR ホームセンターDCM OR DCMブランド OR DCMオンラインショップ OR ＤＣＭHD) | (ＤＣＭ)
30530,３０５３０,ペッパーフードサービス,ペッパーフードサービス / いきなりステーキ / ペッパーランチ / ペッパーランチダイナー / ワイルドステーキ / ステーキくに / ペッパーキング / ペッパーフード / ペッパーランチエクスプレス,14,小売,(ペッパーフードサービス OR いきなりステーキ OR ペッパーランチ OR ペッパーランチダイナー OR ワイルドステーキ OR ステーキくに OR ペッパーキング OR ペッパーフード OR ペッパーランチエクスプレス)
30640,３０６４０,ＭｏｎｏｔａＲＯ,MonotaRO / モノタロウストア / MonotaRO Pro / モノタロウプラス / MonotaRO Select / モノタロウダイレクト / MonotaRO Tools / モノタロウエクスプレス,14,小売,(MonotaRO OR モノタロウストア OR Pro OR モノタロウプラス OR Select OR モノタロウダイレクト OR Tools OR モノタロウエクスプレス)
30760,３０７６０,あい　ホールディングス,あいホールディングス / AI Holdings / アイホールディングス / AIH / アイエイチ / アイ・ホールディングス / あいHD / AI Holdings Group / アイホールディングス株式会社 / あい　 / あい　HD,13,商社・卸売,(あいホールディングス OR AI OR Holdings OR アイホールディングス OR AIH OR アイエイチ OR アイ OR あいHD OR Group OR アイホールディングス株式会社 OR あい OR HD)
30860,３０８６０,Ｊ．フロント　リテイリング,Ｊ．フロント　リテイリング / 大丸 / 松坂屋 / 大丸松坂屋百貨店 / パルコ / GINZA SIX / JFR / 大丸心斎橋店 / 松坂屋名古屋店,14,小売,(Ｊ．フロント OR リテイリング OR 大丸 OR 松坂屋 OR 大丸松坂屋百貨店 OR パルコ OR GINZA OR SIX OR JFR OR 大丸心斎橋店 OR 松坂屋名古屋店)
30870,３０８７０,ドトール・日レスホールディングス,ドトール / 日レス / ドトール・日レスホールディングス / ドトールコーヒー / エクセルシオールカフェ / カフェ・ラ・ミル / ドトール珈琲農園 / ドトールバリューカード / ドトールコーヒーショップ / ドトール・日レス / ドトール・日レスHD,14,小売,(ドトール OR 日レス OR 日レスホールディングス OR ドトールコーヒー OR エクセルシオールカフェ OR カフェ OR ミル OR ドトール珈琲農園 OR ドトールバリューカード OR ドトールコーヒーショップ OR 日レスHD)
30880,３０８８０,マツキヨココカラ＆カンパニー,マツキヨココカラ＆カンパニー / マツキヨ / ココカラファイン / Matsukiyo / MatsukiyoLAB / ココカラ / MatsukiyoC / マツキヨPB / ココカラPB,14,小売,(マツキヨココカラ＆カンパニー OR マツキヨ OR ココカラファイン OR Matsukiyo OR MatsukiyoLAB OR ココカラ OR MatsukiyoC OR マツキヨPB OR ココカラPB)
30910,３０９１０,ブロンコビリー,ブロンコビリー / ブロンコ / ビリー / ステーキハウス / 炭焼きステーキ / ハンバーグ / サラダバー / ファミリーレストラン / グリルメニュー,14,小売,(ブロンコビリー OR ブロンコ OR ビリー OR ステーキハウス OR 炭焼きステーキ OR ハンバーグ OR サラダバー OR ファミリーレストラン OR グリルメニュー)
30920,３０９２０,ＺＯＺＯ,ZOZO / ZOZOTOWN / ZOZOスーツ / ZOZOマット / ZOZOGLASS / スタートトゥデイ / WEAR / ZOZOテクノロジーズ / ZOZOBASE,14,小売,(ZOZO OR ZOZOTOWN OR ZOZOスーツ OR ZOZOマット OR ZOZOGLASS OR スタートトゥデイ OR WEAR OR ZOZOテクノロジーズ OR ZOZOBASE)
30930,３０９３０,トレジャー・ファクトリー,トレジャー・ファクトリー / トレファク / トレファクスタイル / トレファクスポーツ / トレファクマーケット / トレファクアウトドア / トレファクプラス / トレファクオンライン / トレファクリユース,14,小売,(トレジャー OR ファクトリー OR トレファク OR トレファクスタイル OR トレファクスポーツ OR トレファクマーケット OR トレファクアウトドア OR トレファクプラス OR トレファクオンライン OR トレファクリユース)
30970,３０９７０,物語コーポレーション,物語コーポレーション / 焼肉きんぐ / 丸源ラーメン / 寿司・しゃぶしゃぶ ゆず庵 / 焼肉一番かるび / 焼肉一番カルビ / 焼肉一番カルビホルモン / 焼肉一番カルビ本舗 / 焼肉一番カルビ家,14,小売,(物語コーポレーション OR 焼肉きんぐ OR 丸源ラーメン OR 寿司 OR しゃぶしゃぶ OR ゆず庵 OR 焼肉一番かるび OR 焼肉一番カルビ OR 焼肉一番カルビホルモン OR 焼肉一番カルビ本舗 OR 焼肉一番カルビ家)
30990,３０９９０,三越伊勢丹ホールディングス,三越伊勢丹 / 三越 / 伊勢丹 / 三越伊勢丹HD / MIカード / 三越伊勢丹オンラインストア / エムアイカード / 三越伊勢丹グループ / ISETAN,14,小売,(三越伊勢丹 OR 三越 OR 伊勢丹 OR 三越伊勢丹HD OR MIカード OR 三越伊勢丹オンラインストア OR エムアイカード OR 三越伊勢丹グループ OR ISETAN)
31010,３１０１０,東洋紡,東洋紡 / 東紡 / テイボー / ボーイング / エアロカバー / セルバックス / アクアリフト / トレシー / エスモンド,4,素材・化学,(東洋紡 OR 東紡 OR テイボー OR ボーイング OR エアロカバー OR セルバックス OR アクアリフト OR トレシー OR エスモンド)
31030,３１０３０,ユニチカ,ユニチカ / UNITIKA / テトロン / エコロン / バイオミメティクス / ナイロン / ポリエステル / セルロースナノファイバー / スパンドール,4,素材・化学,(ユニチカ OR UNITIKA OR テトロン OR エコロン OR バイオミメティクス OR ナイロン OR ポリエステル OR セルロースナノファイバー OR スパンドール)
31040,３１０４０,富士紡ホールディングス,富士紡ホールディングス / フジボウ / FUJIBO / フジボウテキスタイル / フジボウケミカル / フジボウフィルター / フジボウメディカル / フジボウエレクトロニクス / フジボウライフサイエンス / 富士紡 / 富士紡HD,4,素材・化学,(富士紡ホールディングス OR フジボウ OR FUJIBO OR フジボウテキスタイル OR フジボウケミカル OR フジボウフィルター OR フジボウメディカル OR フジボウエレクトロニクス OR フジボウライフサイエンス OR 富士紡 OR 富士紡HD)
31050,３１０５０,日清紡ホールディングス,日清紡ホールディングス / 日清紡 / Nisshinbo / エコテクノ / ブレーキ / プレシジョン / テキスタイル / マイクロデバイス / 日清紡HD,9,電機・精密,(日清紡ホールディングス OR 日清紡 OR Nisshinbo OR エコテクノ OR ブレーキ OR プレシジョン OR テキスタイル OR マイクロデバイス OR 日清紡HD)
31060,３１０６０,倉敷紡績,倉敷紡績 / クラボウ / Kurabo / Kurabo Industries / クラボウテキスタイル / クラボウバイオ / クラボウマテリアル / クラボウケミカル / クラボウエンジニアリング,4,素材・化学,(倉敷紡績 OR クラボウ OR Kurabo OR Industries OR クラボウテキスタイル OR クラボウバイオ OR クラボウマテリアル OR クラボウケミカル OR クラボウエンジニアリング)
31070,３１０７０,ダイワボウホールディングス,ダイワボウホールディングス / ダイワボウ / 大和紡 / 大和紡ホールディングス / ダイワボウ情報システム / ダイワボウノイ / ダイワボウエンジニアリング / ダイワボウポリテック / ダイワボウプログレス / ダイワボウHD,13,商社・卸売,(ダイワボウホールディングス OR ダイワボウ OR 大和紡 OR 大和紡ホールディングス OR ダイワボウ情報システム OR ダイワボウノイ OR ダイワボウエンジニアリング OR ダイワボウポリテック OR ダイワボウプログレス OR ダイワボウHD)
31090,３１０９０,シキボウ,シキボウ / シキボウ株式会社 / Shikibo / アルファゲル / エアロシルバー / エアロフレッシュ / シキボウマスク / シキボウフィルター,4,素材・化学,(シキボウ OR シキボウ株式会社 OR Shikibo OR アルファゲル OR エアロシルバー OR エアロフレッシュ OR シキボウマスク OR シキボウフィルター)
31100,３１１００,日東紡績,日東紡績 / 日東紡 / ニットーボー / NITTOBO / セロファン / ニットーボーファイバー / ニットーボーテキスタイル / ニットーボーケミカル,3,建設・資材,(日東紡績 OR 日東紡 OR ニットーボー OR NITTOBO OR セロファン OR ニットーボーファイバー OR ニットーボーテキスタイル OR ニットーボーケミカル)
31160,３１１６０,トヨタ紡織,トヨタ紡織 / TB / TOYOTA BOSHOKU / レクサスシート / カローラシート / 自動車内装 / シートクッション / インテリアコンポーネント,6,自動車・輸送機,(トヨタ紡織 OR TB OR TOYOTA OR BOSHOKU OR レクサスシート OR カローラシート OR 自動車内装 OR シートクッション OR インテリアコンポーネント)
31320,３１３２０,マクニカホールディングス,マクニカ / マクニカHD,13,商社・卸売,(マクニカ OR マクニカHD)
31340,３１３４０,Ｈａｍｅｅ,Hamee / iFace / Hameeストア / ネクストエンジン / Hameeコマース / Hameeスマホアクセサリー / Hameeデザイン / Hameeオンラインショップ / Hameeモバイル,14,小売,(Hamee OR iFace OR Hameeストア OR ネクストエンジン OR Hameeコマース OR Hameeスマホアクセサリー OR Hameeデザイン OR Hameeオンラインショップ OR Hameeモバイル)
31390,３１３９０,ラクト・ジャパン,,13,商社・卸売,
31410,３１４１０,ウエルシアホールディングス,ウエルシアホールディングス / ウエルシア / ウエルシア薬局 / ウエルシアグループ / ウエルシアHD / 3141 / ハピコム / ウエルシアダイレクト / ウエルシアポイント / ウエルシアアプリ,14,小売,(ウエルシアホールディングス OR ウエルシア OR ウエルシア薬局 OR ウエルシアグループ OR ウエルシアHD OR ハピコム OR ウエルシアダイレクト OR ウエルシアポイント OR ウエルシアアプリ)
31480,３１４８０,クリエイトＳＤホールディングス,クリエイトＳＤホールディングス / クリエイトSD / クリエイト / SDホールディングス / クリエイト薬局 / クリエイトストア / クリエイトドラッグ / クリエイトショップ / クリエイトファーマシー / クリエイトＳＤ / クリエイトＳＤHD,14,小売,(クリエイトＳＤホールディングス OR クリエイトSD OR クリエイト OR SDホールディングス OR クリエイト薬局 OR クリエイトストア OR クリエイトドラッグ OR クリエイトショップ OR クリエイトファーマシー OR クリエイトＳＤ OR クリエイトＳＤHD)
31500,３１５００,グリムス,グリムス / グリムス株式会社 / 蓄電池 / スマートハウス / エネルギーマネジメント / 再生可能エネルギー,11,電気・ガス,(グリムス OR グリムス株式会社 OR 蓄電池 OR スマートハウス OR エネルギーマネジメント OR 再生可能エネルギー)
31510,３１５１０,バイタルケーエスケー・ホールディングス,バイタルケーエスケー・ホールディングス / バイタルネット / ケーエスケー / VITAL / VITAL KSK / バイタル / バイタルネット株式会社 / ケーエスケー株式会社 / バイタルケーエスケー・ / バイタルケーエスケー・HD,13,商社・卸売,(バイタルケーエスケー OR バイタルネット OR ケーエスケー OR VITAL OR KSK OR バイタル OR バイタルネット株式会社 OR ケーエスケー株式会社 OR HD)
31530,３１５３０,八洲電機,八洲,13,商社・卸売,(八洲)
31540,３１５４０,メディアスホールディングス,メディアス / メディアスHD,13,商社・卸売,(メディアス OR メディアスHD)
31560,３１５６０,レスター,,13,商社・卸売,
31670,３１６７０,ＴＯＫＡＩホールディングス,TOKAIホールディングス / TOKAI / トーカイ / TOKAIグループ / おいしい水の宅配便 / ピュアウォーター / TOKAIでんき / TOKAIガス / TOKAIケーブルネットワーク / ＴＯＫＡＩ / ＴＯＫＡＩHD,13,商社・卸売,(TOKAIホールディングス OR TOKAI OR トーカイ OR TOKAIグループ OR おいしい水の宅配便 OR ピュアウォーター OR TOKAIでんき OR TOKAIガス OR TOKAIケーブルネットワーク OR ＴＯＫＡＩHD) | (ＴＯＫＡＩ)
31760,３１７６０,三洋貿易,三洋貿易 / 三洋 / Sanyo Trading / 三洋トレーディング / Sanyo Boueki / Sanyo Boeki / 三洋貿易株式会社 / Sanyo Trading Co. / Ltd.,13,商社・卸売,(三洋貿易 OR 三洋 OR Sanyo OR Trading OR 三洋トレーディング OR Boueki OR Boeki OR 三洋貿易株式会社 OR Co. OR Ltd.)
31790,３１７９０,シュッピン,シュッピン / MAP CAMERA / KASYAPA / GMT / KINGDOM NOTE / STAY246 / CROWN GEAR / シュッピン株式会社 / 出品,14,小売,(シュッピン OR MAP OR CAMERA OR KASYAPA OR GMT OR KINGDOM OR NOTE OR CROWN OR GEAR OR シュッピン株式会社 OR 出品) | (STAY246)
31800,３１８００,ビューティガレージ,ビューティガレージ / BG / ビューティガレージ株式会社 / BGショップ / BGプロ / BGスタジオ / ビューティガレージオンライン / BGマーケット / BGサロン,13,商社・卸売,(ビューティガレージ OR BG OR ビューティガレージ株式会社 OR BGショップ OR BGプロ OR BGスタジオ OR ビューティガレージオンライン OR BGマーケット OR BGサロン)
31820,３１８２０,オイシックス・ラ・大地,オイシックス / ラ・大地 / Oisix / 大地を守る会 / らでぃっしゅぼーや / Oisix ra daichi / オイシックス・ラ・大地 / Kit Oisix / Vegeel,14,小売,(オイシックス OR 大地 OR Oisix OR 大地を守る会 OR らでぃっしゅぼーや OR ra OR daichi OR Kit OR Vegeel)
31830,３１８３０,ウイン・パートナーズ,,13,商社・卸売,
31860,３１８６０,ネクステージ,ネクステージ / ネクステ / NEXTAGE / カーバンク / カーチョイス / ネクステージオート / ネクステージプラス / ネクステージセレクト / ネクステージプレミアム,14,小売,(ネクステージ OR ネクステ OR NEXTAGE OR カーバンク OR カーチョイス OR ネクステージオート OR ネクステージプラス OR ネクステージセレクト OR ネクステージプレミアム)
31910,３１９１０,ジョイフル本田,ジョイ本 / Joyful Honda / ジョイフル / JH / ジョイフルホンダ / Joyful / ジョイ,14,小売,(ジョイ本 OR Joyful OR Honda OR ジョイフル OR JH OR ジョイフルホンダ OR ジョイ)
31930,３１９３０,エターナルホスピタリティグループ,エターナルホスピタリティ / エターナルホスピタリティG,14,小売,(エターナルホスピタリティ OR エターナルホスピタリティG)
31960,３１９６０,ホットランド,ホットランド / 銀だこ / 築地銀だこ / 銀のあん / コールドストーン / コールド・ストーン・クリーマリー / 銀のあんクロワッサンたい焼 / 銀だこハイボール酒場 / 銀だこキッチン,14,小売,(ホットランド OR 銀だこ OR 築地銀だこ OR 銀のあん OR コールドストーン OR コールド OR ストーン OR クリーマリー OR 銀のあんクロワッサンたい焼 OR 銀だこハイボール酒場 OR 銀だこキッチン)
31970,３１９７０,すかいらーくホールディングス,すかいらーくホールディングス / ガスト / バーミヤン / しゃぶ葉 / ジョナサン / 夢庵 / グラッチェガーデンズ / 藍屋 / とんから亭 / すかいらーく / すかいらーくHD,14,小売,(すかいらーくホールディングス OR ガスト OR バーミヤン OR しゃぶ葉 OR ジョナサン OR 夢庵 OR グラッチェガーデンズ OR 藍屋 OR とんから亭 OR すかいらーく OR すかいらーくHD)
31980,３１９８０,ＳＦＰホールディングス,ＳＦＰ / ＳＦＰHD,14,小売,(ＳＦＰHD) | (ＳＦＰ)
31990,３１９９０,綿半ホールディングス,綿半HD / 綿半ホールディングス / 綿半,14,小売,(綿半HD OR 綿半ホールディングス OR 綿半)
32010,３２０１０,日本毛織,日本毛織 / ニッケ / NIKKE / ニッケグループ / ニッケテキスタイル / ニッケホームプロダクツ / ニッケライフ / ニッケファブリック / ニッケアパレル,4,素材・化学,(日本毛織 OR ニッケ OR NIKKE OR ニッケグループ OR ニッケテキスタイル OR ニッケホームプロダクツ OR ニッケライフ OR ニッケファブリック OR ニッケアパレル)
32210,３２２１０,ヨシックスホールディングス,ヨシックスホールディングス / や台ずし / や台や / ニパチ / これや / や台半兵ヱ / これやこの / や台ずし本舗 / ヨシックス / ヨシックスHD,14,小売,(ヨシックスホールディングス OR や台ずし OR や台や OR ニパチ OR これや OR や台半兵ヱ OR これやこの OR や台ずし本舗 OR ヨシックス OR ヨシックスHD)
32220,３２２２０,ユナイテッド・スーパーマーケット・ホールディングス,ユナイテッド・スーパーマーケット・ホールディングス / USMH / マルエツ / カスミ / マックスバリュ関東 / ユナイテッド / スーパーマーケット / Uスーパーマーケット / ユナイテッド・スーパーマーケット・ / ユナイテッド・スーパーマーケット・HD,14,小売,(ユナイテッド OR スーパーマーケット OR USMH OR マルエツ OR カスミ OR マックスバリュ関東 OR Uスーパーマーケット OR HD)
32310,３２３１０,野村不動産ホールディングス,野村不動産ホールディングス / プラウド / オフィスビル / GEMS / PMO / PROUD FLAT / PROUD CITY / PROUD TOWER / 野村不動産 / 野村不動産HD,17,不動産,(野村不動産ホールディングス OR プラウド OR オフィスビル OR GEMS OR PMO OR PROUD OR FLAT OR CITY OR TOWER OR 野村不動産 OR 野村不動産HD)
32320,３２３２０,三重交通グループホールディングス,三重交通グループ / 三重交通グループHD,17,不動産,(三重交通グループ OR 三重交通グループHD)
32450,３２４５０,ディア・ライフ,ディア・ライフ / ディア / DL / Dear Life / ディアライフ / D-Life / ディア・プロジェクト / ディア・レジデンス / ディア・オフィス,17,不動産,(ディア OR ライフ OR DL OR Dear OR Life OR ディアライフ OR D-Life OR プロジェクト OR レジデンス OR オフィス)
32520,３２５２０,地主,,17,不動産,
32540,３２５４０,プレサンスコーポレーション,プレサンス / プレサンスコーポレーション / プレサンスマンション / プレサンスシリーズ / プレサンスロジスティクス / プレサンスレジデンス / プレサンスオフィス / プレサンスホテル / プレサンスリゾート,,,(プレサンス OR プレサンスコーポレーション OR プレサンスマンション OR プレサンスシリーズ OR プレサンスロジスティクス OR プレサンスレジデンス OR プレサンスオフィス OR プレサンスホテル OR プレサンスリゾート)
32670,３２６７０,フィル・カンパニー,フィル・カンパニー / フィル / フィルパーキング / フィル・パーク / フィル・スタイル / フィル・デザイン / フィル・プロジェクト / フィル・ビル / フィル・スペース,3,建設・資材,(フィル OR フィルパーキング OR パーク OR スタイル OR デザイン OR プロジェクト OR ビル OR スペース)
32760,３２７６０,ＪＰＭＣ,,17,不動産,
32840,３２８４０,フージャースホールディングス,フージャースホールディングス / フージャース / フージャースHD / フージャースグループ / フージャース不動産 / フージャースマンション / フージャース住宅 / フージャース開発 / フージャースプロジェクト,17,不動産,(フージャースホールディングス OR フージャース OR フージャースHD OR フージャースグループ OR フージャース不動産 OR フージャースマンション OR フージャース住宅 OR フージャース開発 OR フージャースプロジェクト)
32880,３２８８０,オープンハウスグループ,オープンハウス / オープンハウスグループ / OHG / 証券コード: 32880 / オープンレジデンシア / オープンハウスデベロップメント / オープンハウスアーキテクト / オープンハウス不動産 / オープンハウスプロパティ / オープンハウスリート / オープンハウスG,17,不動産,(オープンハウス OR オープンハウスグループ OR OHG OR 証券コード: OR オープンレジデンシア OR オープンハウスデベロップメント OR オープンハウスアーキテクト OR オープンハウス不動産 OR オープンハウスプロパティ OR オープンハウスリート OR オープンハウスG)
32890,３２８９０,東急不動産ホールディングス,東急不動産ホールディングス / 東急不 / Tokyu Fudosan Holdings / Tokyu Land Corporation / 東急コミュニティー / 東急リバブル / 東急ステイ / 東急不動産 / 東急不動産HD,17,不動産,(東急不動産ホールディングス OR 東急不 OR Tokyu OR Fudosan OR Holdings OR Land OR Corporation OR 東急コミュニティー OR 東急リバブル OR 東急ステイ OR 東急不動産 OR 東急不動産HD)
32910,３２９１０,飯田グループホールディングス,飯田グループホールディングス / 飯田GHD / 飯田グループ / IIDA / IIDAグループ / 飯田ホールディングス / 飯田HD / 飯田 / IIDA HD / 飯田グループHD,17,不動産,(飯田グループホールディングス OR 飯田GHD OR 飯田グループ OR IIDA OR IIDAグループ OR 飯田ホールディングス OR 飯田HD OR 飯田 OR HD OR 飯田グループHD)
33020,３３０２０,帝国繊維,帝国繊維 / 帝繊 / 帝国繊維株式会社 / 帝国 / 帝国繊維(株) / 帝国繊維グループ / 帝国繊維製品 / 帝国繊維ブランド / 帝国繊維の防災用品 / 証券コード: 33020,4,素材・化学,(帝国繊維 OR 帝繊 OR 帝国繊維株式会社 OR 帝国 OR 帝国繊維(株) OR 帝国繊維グループ OR 帝国繊維製品 OR 帝国繊維ブランド OR 帝国繊維の防災用品 OR 証券コード:)
33150,３３１５０,日本コークス工業,日本コークス工業 / 日コークス / JFEコークス / コークス / 日本コークス / コークス工業 / 日コ / コークス製品,2,エネルギー資源,(日本コークス工業 OR 日コークス OR JFEコークス OR コークス OR 日本コークス OR コークス工業 OR 日コ OR コークス製品)
33190,３３１９０,ゴルフダイジェスト・オンライン,GDO / ゴルフダイジェスト・オンライン / ゴルフダイジェスト / GDOショップ / GDOゴルフ場予約 / GDOスコア管理 / GDOゴルフレッスン / GDOゴルフニュース / GDOポイント,14,小売,(GDO OR ゴルフダイジェスト OR オンライン OR GDOショップ OR GDOゴルフ場予約 OR GDOスコア管理 OR GDOゴルフレッスン OR GDOゴルフニュース OR GDOポイント)
33280,３３２８０,ＢＥＥＮＯＳ,ＢＥＥＮＯＳ / テンポス / ショッピン / セカイモン / フリル / ビーノス,14,小売,(テンポス OR ショッピン OR セカイモン OR フリル OR ビーノス) | (ＢＥＥＮＯＳ)
33330,３３３３０,あさひ,,14,小売,
33410,３３４１０,日本調剤,日本調剤 / Nihon Chouzai / 調剤薬局 / おくすり手帳Link / 調剤薬局事業 / 医薬品製造事業 / 医療モール事業 / ヘルスケア事業 / 日本調剤ファーマシー,14,小売,(日本調剤 OR Nihon OR Chouzai OR 調剤薬局 OR おくすり手帳Link OR 調剤薬局事業 OR 医薬品製造事業 OR 医療モール事業 OR ヘルスケア事業 OR 日本調剤ファーマシー)
33490,３３４９０,コスモス薬品,コスモス薬品 / 3349 / コスモス / COSMOS / コスモスドラッグ / コスモス薬局 / コスモスグループ / コスモスストア / コスモスチェーン / コスモスファーマシー,14,小売,(コスモス薬品 OR コスモス OR COSMOS OR コスモスドラッグ OR コスモス薬局 OR コスモスグループ OR コスモスストア OR コスモスチェーン OR コスモスファーマシー)
33600,３３６００,シップヘルスケアホールディングス,シップヘルスケアホールディングス / SHIP / シップ / シップヘルスケア / SHIP Healthcare / メディカルサプライ / メディカルロジスティクス / メディカルエンジニアリング / メディカルサービス / シップヘルスケアHD,13,商社・卸売,(シップヘルスケアホールディングス OR SHIP OR シップ OR シップヘルスケア OR Healthcare OR メディカルサプライ OR メディカルロジスティクス OR メディカルエンジニアリング OR メディカルサービス OR シップヘルスケアHD)
33710,３３７１０,ソフトクリエイトホールディングス,ソフトクリエイトホールディングス / ソフトクリエイト / SCHD / ソフクリ / EC-CUBE / e-Store / CROSS MALL / CROSS POINT / CROSS STAFF / ソフトクリエイトHD,10,情報通信・サービスその他,(ソフトクリエイトホールディングス OR ソフトクリエイト OR SCHD OR ソフクリ OR EC-CUBE OR e-Store OR CROSS OR MALL OR POINT OR STAFF OR ソフトクリエイトHD)
33820,３３８２０,セブン＆アイ・ホールディングス,セブン＆アイ / セブンイレブン / イトーヨーカドー / そごう / 西武 / デニーズ / ロフト / アリオ / セブンプレミアム / セブン＆アイ・ / セブン＆アイ・HD,14,小売,(セブン＆アイ OR セブンイレブン OR イトーヨーカドー OR そごう OR 西武 OR デニーズ OR ロフト OR アリオ OR セブンプレミアム OR HD)
33870,３３８７０,クリエイト・レストランツ・ホールディングス,クリエイト・レストランツ・ホールディングス / クリレス / クリエイトレストランツ / しゃぶ菜 / 磯丸水産 / かごの屋 / デザート王国 / クリエイト・レストランツ・ / クリエイト・レストランツ・HD,14,小売,(クリエイト OR レストランツ OR クリレス OR クリエイトレストランツ OR しゃぶ菜 OR 磯丸水産 OR かごの屋 OR デザート王国 OR HD)
33880,３３８８０,明治電機工業,明治電機,13,商社・卸売,(明治電機)
33910,３３９１０,ツルハホールディングス,ツルハホールディングス / ツルハ / ツルハドラッグ / くすりのツルハ / ツルハグループ / くすりの福太郎 / ドラッグストア / ツルハポイント / ツルハカード / ツルハHD,14,小売,(ツルハホールディングス OR ツルハ OR ツルハドラッグ OR くすりのツルハ OR ツルハグループ OR くすりの福太郎 OR ドラッグストア OR ツルハポイント OR ツルハカード OR ツルハHD)
33950,３３９５０,サンマルクホールディングス,サンマルクホールディングス / サンマルクカフェ / チョコクロ / サンマルク / バイキングレストラン / サンマルクグループ / サンマルクレストラン / サンマルクベーカリー / サンマルクカフェカード / サンマルクHD,14,小売,(サンマルクホールディングス OR サンマルクカフェ OR チョコクロ OR サンマルク OR バイキングレストラン OR サンマルクグループ OR サンマルクレストラン OR サンマルクベーカリー OR サンマルクカフェカード OR サンマルクHD)
33970,３３９７０,トリドールホールディングス,トリドールホールディングス / 丸亀製麺 / トリドール / TORIDOLL / 讃岐うどん / まるがめ / まるがめ製麺 / トリドールHD / トリドールグループ,14,小売,(トリドールホールディングス OR 丸亀製麺 OR トリドール OR TORIDOLL OR 讃岐うどん OR まるがめ OR まるがめ製麺 OR トリドールHD OR トリドールグループ)
34010,３４０１０,帝人,帝人 / Teijin / テイジン / ナノフロント / ソロテックス / ベルオアシス / レクシーファ / エコサークル / テイジンフロンティア,4,素材・化学,(帝人 OR Teijin OR テイジン OR ナノフロント OR ソロテックス OR ベルオアシス OR レクシーファ OR エコサークル OR テイジンフロンティア)
34020,３４０２０,東レ,東レ / トレリナ / セオα / ルミラー / トレカ / トレヨン / トレフィル / トレシー,4,素材・化学,(東レ OR トレリナ OR セオα OR ルミラー OR トレカ OR トレヨン OR トレフィル OR トレシー)
34050,３４０５０,クラレ,クラレ / クラレグループ / クラレファイバー / クラレプラスチックス / クラレケミカル / セプトン / エバール,4,素材・化学,(クラレ OR クラレグループ OR クラレファイバー OR クラレプラスチックス OR クラレケミカル OR セプトン OR エバール)
34070,３４０７０,旭化成,旭化成 / 旭化成ホームズ / ヘーベルハウス / サランラップ / セルガイア / リフォームヘーベル / ジュノ / フォルティス,4,素材・化学,(旭化成 OR 旭化成ホームズ OR ヘーベルハウス OR サランラップ OR セルガイア OR リフォームヘーベル OR ジュノ OR フォルティス)
34150,３４１５０,ＴＯＫＹＯ　ＢＡＳＥ,TOKYO BASE / トウキョウベース / TOKYO BASE CO. / LTD. / STUDIOUS / UNITED TOKYO / PUBLIC TOKYO / CITYSHOP / THE RERACS,14,小売,(TOKYO OR BASE OR トウキョウベース OR CO. OR LTD. OR STUDIOUS OR UNITED OR PUBLIC OR CITYSHOP OR THE OR RERACS)
34210,３４２１０,稲葉製作所,稲葉,3,建設・資材,(稲葉)
34310,３４３１０,宮地エンジニアリンググループ,宮地エンジニアリンググループ / 宮地エンジ / MEG / 宮地エンジニアリング / 宮地グループ / 宮地 / MEGグループ / 宮地製品 / 宮地ブランド / 宮地エンジニアリングG,3,建設・資材,(宮地エンジニアリンググループ OR 宮地エンジ OR MEG OR 宮地エンジニアリング OR 宮地グループ OR 宮地 OR MEGグループ OR 宮地製品 OR 宮地ブランド OR 宮地エンジニアリングG)
34330,３４３３０,トーカロ,トーカロ / TOCALO / トーカロ株式会社 / トーカロコーティング / プラズマコーティング / サーマルスプレー / トーカロ技術 / トーカロ製品 / トーカロブランド,3,建設・資材,(トーカロ OR TOCALO OR トーカロ株式会社 OR トーカロコーティング OR プラズマコーティング OR サーマルスプレー OR トーカロ技術 OR トーカロ製品 OR トーカロブランド)
34360,３４３６０,ＳＵＭＣＯ,SUMCO / サムコ / ウェーハ / シリコンウェーハ / SUMCO TECHXIV / SUMCO Phoenix Corporation / SUMCO USA Corporation / SUMCO Europe Sales,3,建設・資材,(SUMCO OR サムコ OR ウェーハ OR シリコンウェーハ OR TECHXIV OR Phoenix OR Corporation OR USA OR Europe OR Sales)
34430,３４４３０,川田テクノロジーズ,,3,建設・資材,
34450,３４４５０,ＲＳ　Ｔｅｃｈｎｏｌｏｇｉｅｓ,,3,建設・資材,
34570,３４５７０,Ａｎｄ　Ｄｏホールディングス,Ａｎｄ　Ｄｏ / Ａｎｄ　ＤｏHD,17,不動産,(ＤｏHD) | (Ａｎｄ OR Ｄｏ)
34580,３４５８０,シーアールイー,シーアールイー / CRE / CREロジスティクス / CRE倉庫 / CRE不動産 / CRE物流 / CRE開発 / CRE投資 / CREグループ,,,(シーアールイー OR CRE OR CREロジスティクス OR CRE倉庫 OR CRE不動産 OR CRE物流 OR CRE開発 OR CRE投資 OR CREグループ)
34650,３４６５０,ケイアイスター不動産,ケイアイスター不動産 / ケイアイ / KIスター / ケイアイスター / KI / ケイアイホーム / ケイアイハウス / ケイアイ不動産 / KI不動産,17,不動産,(ケイアイスター不動産 OR ケイアイ OR KIスター OR ケイアイスター OR KI OR ケイアイホーム OR ケイアイハウス OR ケイアイ不動産 OR KI不動産)
34750,３４７５０,グッドコムアセット,,17,不動産,
34800,３４８００,ジェイ・エス・ビー,,17,不動産,
34820,３４８２０,ロードスターキャピタル,ロードスターキャピタル / RSC / ロードスター不動産 / キャピタル / ロードスター投資 / ロードスターアセット / ロードスターグループ / ロードスターサービス,17,不動産,(ロードスターキャピタル OR RSC OR ロードスター不動産 OR キャピタル OR ロードスター投資 OR ロードスターアセット OR ロードスターグループ OR ロードスターサービス)
34980,３４９８０,霞ヶ関キャピタル,霞ヶ関キャピタル / K-Cap / 霞キャピ / K-Capital / 霞ヶ関 / 霞キャ / KGC / 霞ヶ関不動産 / K-Cap不動産,17,不動産,(霞ヶ関キャピタル OR K-Cap OR 霞キャピ OR K-Capital OR 霞ヶ関 OR 霞キャ OR KGC OR 霞ヶ関不動産 OR K-Cap不動産)
35390,３５３９０,ＪＭホールディングス,ＪＭ / ＪＭHD,14,小売,(ＪＭHD) | (ＪＭ)
35430,３５４３０,コメダホールディングス,コメダホールディングス / コメダ珈琲店 / シロノワール / コメダ / コメダHD / コメダコーヒー / コメダブレンド / コメダのモーニング / コメダのサンドイッチ,13,商社・卸売,(コメダホールディングス OR コメダ珈琲店 OR シロノワール OR コメダ OR コメダHD OR コメダコーヒー OR コメダブレンド OR コメダのモーニング OR コメダのサンドイッチ)
35460,３５４６０,アレンザホールディングス,アレンザホールディングス / アレンザ / ALENZA / アレンザグループ / アレンザHD / アレンザホールディングス株式会社 / ALENZA Holdings / アレンザブランド,14,小売,(アレンザホールディングス OR アレンザ OR ALENZA OR アレンザグループ OR アレンザHD OR アレンザホールディングス株式会社 OR Holdings OR アレンザブランド)
35470,３５４７０,串カツ田中ホールディングス,串カツ田中 / 串カツ田中HD / 串カツ / 田中 / 串カツ田中ホールディングス / 串カツ田中グループ / 串カツ田中株式会社 / 串カツ田中チェーン / 串カツ田中ブランド,14,小売,(串カツ田中 OR 串カツ田中HD OR 串カツ OR 田中 OR 串カツ田中ホールディングス OR 串カツ田中グループ OR 串カツ田中株式会社 OR 串カツ田中チェーン OR 串カツ田中ブランド)
35480,３５４８０,バロックジャパンリミテッド,バロックジャパンリミテッド / MOUSSY / SLY / RODEO CROWNS / AZUL BY MOUSSY / BLACK BY MOUSSY / SHEL'TTER / STACCATO,14,小売,(バロックジャパンリミテッド OR MOUSSY OR SLY OR RODEO OR CROWNS OR AZUL OR BY OR BLACK OR SHEL'TTER OR STACCATO)
35490,３５４９０,クスリのアオキホールディングス,クスリのアオキ / アオキHD / アオキホールディングス / AOKI / アオキ / クスリのアオキホールディングス / ドラッグアオキ / アオキ薬局 / AOKIグループ / クスリのアオキHD,14,小売,(クスリのアオキ OR アオキHD OR アオキホールディングス OR AOKI OR アオキ OR クスリのアオキホールディングス OR ドラッグアオキ OR アオキ薬局 OR AOKIグループ OR クスリのアオキHD)
35610,３５６１０,力の源ホールディングス,力の源ホールディングス / 一風堂 / Ippudo / 力の源 / Chikara no Moto / 博多一風堂 / Hakata Ippudo / からか麺 / Karaka-men / 白丸元味 / Shiromaru Motoaji / 力の源HD,14,小売,(力の源ホールディングス OR 一風堂 OR Ippudo OR 力の源 OR Chikara OR no OR Moto OR 博多一風堂 OR Hakata OR からか麺 OR Karaka-men OR 白丸元味 OR Shiromaru OR Motoaji OR 力の源HD)
35630,３５６３０,ＦＯＯＤ　＆　ＬＩＦＥ　ＣＯＭＰＡＮＩＥＳ,ＦＯＯＤ ＆ ＬＩＦＥ ＣＯＭＰＡＮＩＥＳ / スシロー / あきんどスシロー / 京樽 / 海鮮三崎港 / スシロー To Go / スシローコノミ / スシローキッチン / スシローアプリ,14,小売,(スシロー OR あきんどスシロー OR 京樽 OR 海鮮三崎港 OR To OR Go OR スシローコノミ OR スシローキッチン OR スシローアプリ) | (ＦＯＯＤ OR ＬＩＦＥ OR ＣＯＭＰＡＮＩＥＳ)
35650,３５６５０,アセンテック,,13,商社・卸売,
35690,３５６９０,セーレン,セーレン / VONOS / エステル / セーレンフィルム / セーレンテック / セーレンファブリック / セーレンプロテクション / セーレンインターナショナル,4,素材・化学,(セーレン OR VONOS OR エステル OR セーレンフィルム OR セーレンテック OR セーレンファブリック OR セーレンプロテクション OR セーレンインターナショナル)
35800,３５８００,小松マテーレ,小松マテーレ / KOMATSU MATERE / マテーレ / クレハロン / セリオ / テクノファイン / エコテックス / スパイバー,4,素材・化学,(小松マテーレ OR KOMATSU OR MATERE OR マテーレ OR クレハロン OR セリオ OR テクノファイン OR エコテックス OR スパイバー)
35910,３５９１０,ワコールホールディングス,ワコール / ワコールホールディングス / Wacoal / スタディオファイブ / サルート / ウイング / アンフィ / パルファージュ / ラゼ / ワコールHD,4,素材・化学,(ワコール OR ワコールホールディングス OR Wacoal OR スタディオファイブ OR サルート OR ウイング OR アンフィ OR パルファージュ OR ラゼ OR ワコールHD)
35930,３５９３０,ホギメディカル,ホギメディカル / ホギ / HOGY / ホギメディ / メディカル / ホギ製品 / ホギブランド / ホギの医療用品 / ホギのディスポーザブル製品,4,素材・化学,(ホギメディカル OR ホギ OR HOGY OR ホギメディ OR メディカル OR ホギ製品 OR ホギブランド OR ホギの医療用品 OR ホギのディスポーザブル製品)
36080,３６０８０,ＴＳＩホールディングス,ＴＳＩホールディングス / ナノ・ユニバース / ジャーナルスタンダード / ナチュラルビューティーベーシック / ロペ / フレディ＆グロスター / アーバンリサーチ / エディフィス / ＴＳＩ / ＴＳＩHD,4,素材・化学,(ＴＳＩホールディングス OR ナノ OR ユニバース OR ジャーナルスタンダード OR ナチュラルビューティーベーシック OR ロペ OR フレディ＆グロスター OR アーバンリサーチ OR エディフィス OR ＴＳＩHD) | (ＴＳＩ)
36120,３６１２０,ワールド,ワールド / ワールドコーポレーション / ワールドファッション / ワールドオンライン / ワールドストア / ワールドブランド / ワールドリテール / ワールドプロダクツ,4,素材・化学,(ワールド OR ワールドコーポレーション OR ワールドファッション OR ワールドオンライン OR ワールドストア OR ワールドブランド OR ワールドリテール OR ワールドプロダクツ)
36260,３６２６０,ＴＩＳ,,10,情報通信・サービスその他,
36320,３６３２０,グリーホールディングス,グリー / グリーホールディングス / GREE / GREEプラットフォーム / GREEゲーム / GREEマーケット / GREE広告 / GREEメディア / GREEエンターテインメント / グリーHD,10,情報通信・サービスその他,(グリー OR グリーホールディングス OR GREE OR GREEプラットフォーム OR GREEゲーム OR GREEマーケット OR GREE広告 OR GREEメディア OR GREEエンターテインメント OR グリーHD)
36330,３６３３０,ＧＭＯペパボ,ＧＭＯペパボ / カラーミーショップ / ロリポップ / ヘテムル / minne / JUGEM / ムームードメイン / SUZURI / ペパボクラウド,10,情報通信・サービスその他,(ＧＭＯペパボ OR カラーミーショップ OR ロリポップ OR ヘテムル OR minne OR JUGEM OR ムームードメイン OR SUZURI OR ペパボクラウド)
36350,３６３５０,コーエーテクモホールディングス,コーエーテクモホールディングス / コーエー / テクモ / KOEI / TECMO / 信長の野望 / 三國志 / デッド オア アライブ / 仁王 / コーエーテクモ / コーエーテクモHD,10,情報通信・サービスその他,(コーエーテクモホールディングス OR コーエー OR テクモ OR KOEI OR TECMO OR 信長の野望 OR 三國志 OR デッド OR オア OR アライブ OR 仁王 OR コーエーテクモ OR コーエーテクモHD)
36360,３６３６０,三菱総合研究所,,10,情報通信・サービスその他,
36490,３６４９０,ファインデックス,,10,情報通信・サービスその他,
36550,３６５５０,ブレインパッド,ブレインパッド / BrainPad / データサイエンス / アナリティクス / データ活用 / AIソリューション / データマイニング / ビッグデータ / データ分析,10,情報通信・サービスその他,(ブレインパッド OR BrainPad OR データサイエンス OR アナリティクス OR データ活用 OR AIソリューション OR データマイニング OR ビッグデータ OR データ分析)
36560,３６５６０,ＫＬａｂ,KLab / ラブライブ！スクールアイドルフェスティバル / ブレイブソード×ブレイズソウル / キャプテン翼 ～たたかえドリームチーム～ / BLEACH Brave Souls / うたの☆プリンスさまっ♪ Shining Live / Lapis Re:LiGHTs / 魔法使いと黒猫のウィズ / KLabGames,10,情報通信・サービスその他,(KLab OR ラブライブ！スクールアイドルフェスティバル OR ブレイブソード×ブレイズソウル OR キャプテン翼 OR ～たたかえドリームチーム～ OR BLEACH OR Brave OR Souls OR うたの☆プリンスさまっ♪ OR Shining OR Live OR Lapis OR Re:LiGHTs OR 魔法使いと黒猫のウィズ OR KLabGames)
36570,３６５７０,ポールトゥウィンホールディングス,ポールトゥウィンホールディングス / ポールトゥウィン / PIT / PITホールディングス / ポールトゥウィン・ピットクルーホールディングス / ポールトゥウィン・ピットクルー / PITCREW / ポールトゥウィンHD,10,情報通信・サービスその他,(ポールトゥウィンホールディングス OR ポールトゥウィン OR PIT OR PITホールディングス OR ピットクルーホールディングス OR ピットクルー OR PITCREW OR ポールトゥウィンHD)
36590,３６５９０,ネクソン,ネクソン / メイプルストーリー / アラド戦記 / マビノギ / カートライダー / サドンアタック / FIFAオンライン / V4 / ブルーアーカイブ / アクション対魔忍,10,情報通信・サービスその他,(ネクソン OR メイプルストーリー OR アラド戦記 OR マビノギ OR カートライダー OR サドンアタック OR FIFAオンライン OR ブルーアーカイブ OR アクション対魔忍) | (V4)
36600,３６６００,アイスタイル,アイスタイル / @cosme / アットコスメ / istyle / istyle株式会社 / @cosme SHOPPING / @cosme STORE / @cosme BEAUTY DAY / @cosme TOKYO,10,情報通信・サービスその他,(アイスタイル OR @cosme OR アットコスメ OR istyle OR istyle株式会社 OR SHOPPING OR STORE OR BEAUTY OR DAY OR TOKYO)
36610,３６６１０,エムアップホールディングス,エムアップ / エムアップHD,10,情報通信・サービスその他,(エムアップ OR エムアップHD)
36620,３６６２０,エイチーム,エイチーム / Ateam / ヴァルキリーコネクト / 少女☆歌劇 レヴュースタァライト -Re LIVE- / 三国大戦スマッシュ！ / ユニゾンリーグ / ラルーン / ナビクル / 引越し侍 / スマートフォンゲーム,10,情報通信・サービスその他,(エイチーム OR Ateam OR ヴァルキリーコネクト OR 少女☆歌劇 OR レヴュースタァライト OR -Re OR LIVE- OR 三国大戦スマッシュ！ OR ユニゾンリーグ OR ラルーン OR ナビクル OR 引越し侍 OR スマートフォンゲーム)
36630,３６６３０,セルシス,セルシス / CLIP STUDIO PAINT / CLIP STUDIO / クリスタ / CLIP STUDIO ASSETS / CLIP STUDIO TABMATE / CLIP STUDIO MODELER / CLIP STUDIO COORDINATE / CLIP STUDIO PAINT EX,10,情報通信・サービスその他,(セルシス OR CLIP OR STUDIO OR PAINT OR クリスタ OR ASSETS OR TABMATE OR MODELER OR COORDINATE OR EX)
36650,３６６５０,エニグモ,エニグモ / BUYMA / エニグモ株式会社 / ENIGMO / バイマプラットフォーム / BUYMA公式 / バイママーケット / BUYMAアプリ,10,情報通信・サービスその他,(エニグモ OR BUYMA OR エニグモ株式会社 OR ENIGMO OR バイマプラットフォーム OR BUYMA公式 OR バイママーケット OR BUYMAアプリ)
36680,３６６８０,コロプラ,コロプラ / 白猫プロジェクト / 黒猫のウィズ / クイズRPG 魔法使いと黒猫のウィズ / 白猫テニス / ドラゴンプロジェクト / アリス・ギア・アイギス / DQウォーク / バトルガール ハイスクール,10,情報通信・サービスその他,(コロプラ OR 白猫プロジェクト OR 黒猫のウィズ OR クイズRPG OR 魔法使いと黒猫のウィズ OR 白猫テニス OR ドラゴンプロジェクト OR アリス OR ギア OR アイギス OR DQウォーク OR バトルガール OR ハイスクール)
36730,３６７３０,ブロードリーフ,ブロードリーフ / Broadleaf / BL / Carpod / メカニックサポート / Parts Station / Repair Shop System / BL Cloud / BL Parts Order System,10,情報通信・サービスその他,(ブロードリーフ OR Broadleaf OR BL OR Carpod OR メカニックサポート OR Parts OR Station OR Repair OR Shop OR System OR Cloud OR Order)
36760,３６７６０,デジタルハーツホールディングス,DIGITAL HEARTS / DIGITAL HEARTS HOLDINGS / デジハ / デジハHD / デジタルハーツHD / デジタルハーツホールディングス株式会社 / DIGITAL HEARTS Co. / Ltd. / デジタルハーツ,10,情報通信・サービスその他,(DIGITAL OR HEARTS OR HOLDINGS OR デジハ OR デジハHD OR デジタルハーツHD OR デジタルハーツホールディングス株式会社 OR Co. OR Ltd. OR デジタルハーツ)
36780,３６７８０,メディアドゥ,メディアドゥ / Media Do / MD / Media Do Holdings / MyAnimeList / Flier / Pubridge / Media Do Tech Tokushima / Media Do International,10,情報通信・サービスその他,(メディアドゥ OR Media OR Do OR MD OR Holdings OR MyAnimeList OR Flier OR Pubridge OR Tech OR Tokushima OR International)
36790,３６７９０,じげん,じげん / 株式会社じげん / 転職EX / 転職ナビ / 転職会議 / 住まいEX / 自動車EX,10,情報通信・サービスその他,(じげん OR 株式会社じげん OR 転職EX OR 転職ナビ OR 転職会議 OR 住まいEX OR 自動車EX)
36810,３６８１０,ブイキューブ,,10,情報通信・サービスその他,
36870,３６８７０,フィックスターズ,フィックスターズ / Fixstars / Accel / F3 / FDX / FFS / フィックスターズ・テクノロジーズ / フィックスターズ・ソリューション / フィックスターズ・プロダクツ,10,情報通信・サービスその他,(フィックスターズ OR Fixstars OR Accel OR FDX OR FFS OR テクノロジーズ OR ソリューション OR プロダクツ) | (F3)
36880,３６８８０,ＣＡＲＴＡ　ＨＯＬＤＩＮＧＳ,"ＣＡＲＴＡ　ＨＯＬＤＩＮＧＳ / カルタHD / VOYAGE GROUP / Zucks / Fluct / ECナビ / AdStir / Hike

これらは、ＣＡＲＴＡ　ＨＯＬＤＩＮＧＳに関連する可能性のある略称やブランド名です。",10,情報通信・サービスその他,(カルタHD OR VOYAGE OR GROUP OR Zucks OR Fluct OR ECナビ OR AdStir OR Hike OR これらは OR ＨＯＬＤＩＮＧＳに関連する可能性のある略称やブランド名です。) | (ＣＡＲＴＡ OR ＨＯＬＤＩＮＧＳ)
36940,３６９４０,オプティム,オプティム / Optimal Biz / Optimal Remote / Optimal Second Sight / Optimal Vision / Optimal IoT / Optimal AI Camera / Optimal Smart Agriculture / Optimal Smart Construction,10,情報通信・サービスその他,(オプティム OR Optimal OR Biz OR Remote OR Second OR Sight OR Vision OR IoT OR AI OR Camera OR Smart OR Agriculture OR Construction)
36960,３６９６０,セレス,セレス / Moppy（モッピー） / ポイントサイト / ポイント交換 / 仮想通貨 / 暗号資産 / 投資情報 / FinTech / デジタルマーケティング,10,情報通信・サービスその他,(セレス OR Moppy（モッピー） OR ポイントサイト OR ポイント交換 OR 仮想通貨 OR 暗号資産 OR 投資情報 OR FinTech OR デジタルマーケティング)
36970,３６９７０,ＳＨＩＦＴ,SHIFT / シフト / SHIFT社 / SHIFT株式会社 / ソフトウェアテスト / テスト自動化 / ソフトウェア品質保証 / SHIFTグループ / SHIFTテクノロジー,10,情報通信・サービスその他,(SHIFT OR シフト OR SHIFT社 OR SHIFT株式会社 OR ソフトウェアテスト OR テスト自動化 OR ソフトウェア品質保証 OR SHIFTグループ OR SHIFTテクノロジー)
37080,３７０８０,特種東海製紙,,4,素材・化学,
37410,３７４１０,セック,,10,情報通信・サービスその他,
37620,３７６２０,テクマトリックス,テクマトリックス / TechMatrix / ProTech / FastHelp / FastAnswer / FastSeries / WebSAM / TechMatrix Cloud / TechMatrix Security,10,情報通信・サービスその他,(テクマトリックス OR TechMatrix OR ProTech OR FastHelp OR FastAnswer OR FastSeries OR WebSAM OR Cloud OR Security)
37630,３７６３０,プロシップ,プロシップ / ProPlus / ProPlus Cloud / ProPlus ERP / ProPlus BI / ProPlus HR / ProPlus CRM / ProPlus SCM / ProPlus Financials,10,情報通信・サービスその他,(プロシップ OR ProPlus OR Cloud OR ERP OR BI OR HR OR CRM OR SCM OR Financials)
37650,３７６５０,ガンホー・オンライン・エンターテイメント,ガンホー / ガンホー・オンライン・エンターテイメント / パズドラ / ラグナロクオンライン / TEPPEN / サモンズボード / ケリ姫スイーツ / パズドラバトル / ガンホーゲームズ,10,情報通信・サービスその他,(ガンホー OR オンライン OR エンターテイメント OR パズドラ OR ラグナロクオンライン OR TEPPEN OR サモンズボード OR ケリ姫スイーツ OR パズドラバトル OR ガンホーゲームズ)
37690,３７６９０,ＧＭＯペイメントゲートウェイ,GMO-PG / PGマルチペイメントサービス / PGマルチペイメント / GMO-PG決済 / PG決済 / GMOペイメント / GMO決済 / GMOペイメントゲートウェイ株式会社,10,情報通信・サービスその他,(GMO-PG OR PGマルチペイメントサービス OR PGマルチペイメント OR GMO-PG決済 OR PG決済 OR GMOペイメント OR GMO決済 OR GMOペイメントゲートウェイ株式会社)
37710,３７７１０,システムリサーチ,,10,情報通信・サービスその他,
37740,３７７４０,インターネットイニシアティブ,インターネットイニシアティブ / IIJ / IIJmio / IIJ GIO / IIJセキュアMXサービス / IIJクラウド / IIJモバイル / IIJファイアウォール / IIJ VPN,10,情報通信・サービスその他,(インターネットイニシアティブ OR IIJ OR IIJmio OR GIO OR IIJセキュアMXサービス OR IIJクラウド OR IIJモバイル OR IIJファイアウォール OR VPN)
37780,３７７８０,さくらインターネット,さくらインターネット / さくらのクラウド / さくらのVPS / さくらのレンタルサーバ / さくらのメールボックス / さくらのSSL / さくらのドメイン / さくらの専用サーバ / さくらのIoT,10,情報通信・サービスその他,(さくらインターネット OR さくらのクラウド OR さくらのVPS OR さくらのレンタルサーバ OR さくらのメールボックス OR さくらのSSL OR さくらのドメイン OR さくらの専用サーバ OR さくらのIoT)
37880,３７８８０,ＧＭＯグローバルサイン・ホールディングス,GMOグローバルサイン / グローバルサイン / GlobalSign / GMOサイン / GMOトラストログイン / GMOデジタル証明書 / ＧＭＯグローバルサイン・ / ＧＭＯグローバルサイン・HD,10,情報通信・サービスその他,(GMOグローバルサイン OR グローバルサイン OR GlobalSign OR GMOサイン OR GMOトラストログイン OR GMOデジタル証明書 OR ＧＭＯグローバルサイン OR HD)
38170,３８１７０,ＳＲＡホールディングス,ＳＲＡ / ＳＲＡHD,10,情報通信・サービスその他,(ＳＲＡHD) | (ＳＲＡ)
38340,３８３４０,朝日ネット,朝日ネット / ASAHIネット / ASAHIネット光 / ASAHIモバイル / ASAHIネットLTE / ASAHIネットWiMAX / ASAHIネットIPv6 / ASAHIネット固定IP / ASAHIネットメール,10,情報通信・サービスその他,(朝日ネット OR ASAHIネット OR ASAHIネット光 OR ASAHIモバイル OR ASAHIネットLTE OR ASAHIネットWiMAX OR ASAHIネット固定IP OR ASAHIネットメール) | (ASAHIネットIPv6)
38350,３８３５０,ｅＢＡＳＥ,ｅＢＡＳＥ / eBASE / イーベース / eBASEプロ / eBASEプラットフォーム / eBASEソリューション / eBASE製品管理 / eBASEデータ管理 / eBASEクラウド,10,情報通信・サービスその他,(eBASE OR イーベース OR eBASEプロ OR eBASEプラットフォーム OR eBASEソリューション OR eBASE製品管理 OR eBASEデータ管理 OR eBASEクラウド) | (ｅＢＡＳＥ)
38360,３８３６０,アバントグループ,アバント / アバントG,10,情報通信・サービスその他,(アバント OR アバントG)
38370,３８３７０,アドソル日進,アドソル日進 / AD-SOL / AD-SOL NISSIN / アドソル / NISSIN / アドソル日進株式会社 / AD-SOL Innovation / AD-SOL IoT / AD-SOL Security,10,情報通信・サービスその他,(アドソル日進 OR AD-SOL OR NISSIN OR アドソル OR アドソル日進株式会社 OR Innovation OR IoT OR Security)
38430,３８４３０,フリービット,,10,情報通信・サービスその他,
38440,３８４４０,コムチュア,,10,情報通信・サービスその他,
38530,３８５３０,アステリア,アステリア / Gravio / Platio / Warp / ASTERIA Warp / ASTERIA Warp Core / ASTERIA Warp Enterprise / ASTERIA Warp Cloud / ASTERIA Warp DataSpider,10,情報通信・サービスその他,(アステリア OR Gravio OR Platio OR Warp OR ASTERIA OR Core OR Enterprise OR Cloud OR DataSpider)
38540,３８５４０,アイル,,10,情報通信・サービスその他,
38610,３８６１０,王子ホールディングス,王子ホールディングス / 王子製紙 / 王子 / Oji Holdings / Oji Paper / 王子ネピア / Oji Group / 王子HD,4,素材・化学,(王子ホールディングス OR 王子製紙 OR 王子 OR Oji OR Holdings OR Paper OR 王子ネピア OR Group OR 王子HD)
38630,３８６３０,日本製紙,日本製紙 / 日本製紙クレシア / クリネックス / スコッティ / プレミアムソフト / エコロジーパルプ / パルプモールド / パルプライナー,4,素材・化学,(日本製紙 OR 日本製紙クレシア OR クリネックス OR スコッティ OR プレミアムソフト OR エコロジーパルプ OR パルプモールド OR パルプライナー)
38650,３８６５０,北越コーポレーション,北越コーポレーション / 北越パルプ / 北越製紙 / Hokuetsu / Hokuetsu Paper / Hokuetsu Corporation / Hokuetsu Kishu Paper / 北越紀州製紙,4,素材・化学,(北越コーポレーション OR 北越パルプ OR 北越製紙 OR Hokuetsu OR Paper OR Corporation OR Kishu OR 北越紀州製紙)
38800,３８８００,大王製紙,大王製紙 / アテント / エルモア / グーン / エリエールプラスウォーター / エリエール贅沢保湿 / エリエールトイレットティシュー / エリエールキッチンタオル,4,素材・化学,(大王製紙 OR アテント OR エルモア OR グーン OR エリエールプラスウォーター OR エリエール贅沢保湿 OR エリエールトイレットティシュー OR エリエールキッチンタオル)
39010,３９０１０,マークラインズ,ML / マーク / マーライン / マークラインズ株式会社 / マークラインズジャ,10,情報通信・サービスその他,(ML OR マーク OR マーライン OR マークラインズ株式会社 OR マークラインズジャ)
39020,３９０２０,メディカル・データ・ビジョン,メディカル・データ・ビジョン / MDV / Medical Data Vision / MDVプラットフォーム / EVE / MDVコンパス / MDVアナリティクス / MDVデータベース / MDVレポート,10,情報通信・サービスその他,(メディカル OR データ OR ビジョン OR MDV OR Medical OR Data OR Vision OR MDVプラットフォーム OR EVE OR MDVコンパス OR MDVアナリティクス OR MDVデータベース OR MDVレポート)
39030,３９０３０,ｇｕｍｉ,gumi / gumi Inc. / ブレイブフロンティア / ファントム オブ キル / 誰ガ為のアルケミスト / クリスタル オブ リユニオン / ブレイドエクスロード / アイドルファンタジー / ラストイデア,10,情報通信・サービスその他,(gumi OR Inc. OR ブレイブフロンティア OR ファントム OR オブ OR キル OR 誰ガ為のアルケミスト OR クリスタル OR リユニオン OR ブレイドエクスロード OR アイドルファンタジー OR ラストイデア)
39150,３９１５０,テラスカイ,テラスカイ / SkyOnDemand / SkyEditor / SkyAuto / SkyVisual / SkySync / SkyGateway / SkyAI,10,情報通信・サービスその他,(テラスカイ OR SkyOnDemand OR SkyEditor OR SkyAuto OR SkyVisual OR SkySync OR SkyGateway OR SkyAI)
39160,３９１６０,デジタル・インフォメーション・テクノロジー,,10,情報通信・サービスその他,
39210,３９２１０,ネオジャパン,,10,情報通信・サービスその他,
39220,３９２２０,ＰＲ　ＴＩＭＥＳ,ＰＲ　ＴＩＭＥＳ / プレスリリース / PRタイムズ / PRニュース / プレス配信 / ニュースリリース / 広報支援 / PRプラットフォーム,10,情報通信・サービスその他,(プレスリリース OR PRタイムズ OR PRニュース OR プレス配信 OR ニュースリリース OR 広報支援 OR PRプラットフォーム) | (ＰＲ OR ＴＩＭＥＳ)
39230,３９２３０,ラクス,ラクス / 楽楽精算 / 楽楽明細 / 楽楽販売 / 楽楽勤怠 / 楽楽労務 / 楽楽経費 / 楽楽給与 / 楽楽人事,10,情報通信・サービスその他,(ラクス OR 楽楽精算 OR 楽楽明細 OR 楽楽販売 OR 楽楽勤怠 OR 楽楽労務 OR 楽楽経費 OR 楽楽給与 OR 楽楽人事)
39250,３９２５０,ダブルスタンダード,,10,情報通信・サービスその他,
39260,３９２６０,オープンドア,オープンドア / Travelko / オープンドア株式会社 / オープンドア株 / オープンドア証券 / オープンドア銘柄 / オープンドア株式 / オープンドア株価,10,情報通信・サービスその他,(オープンドア OR Travelko OR オープンドア株式会社 OR オープンドア株 OR オープンドア証券 OR オープンドア銘柄 OR オープンドア株式 OR オープンドア株価)
39320,３９３２０,アカツキ,アカツキ / Akatsuki / アカツキゲームス / 八月のシンデレラナイン / ドラゴンボールZ ドッカンバトル / サウザンドメモリーズ / ロマンシング サガ リ・ユニバース / アカツキライブエンターテインメント / アカツキファンド,10,情報通信・サービスその他,(アカツキ OR Akatsuki OR アカツキゲームス OR 八月のシンデレラナイン OR ドラゴンボールZ OR ドッカンバトル OR サウザンドメモリーズ OR ロマンシング OR サガ OR ユニバース OR アカツキライブエンターテインメント OR アカツキファンド)
39370,３９３７０,Ｕｂｉｃｏｍホールディングス,Ｕｂｉｃｏｍ / ＵｂｉｃｏｍHD,10,情報通信・サービスその他,(ＵｂｉｃｏｍHD) | (Ｕｂｉｃｏｍ)
39390,３９３９０,カナミックネットワーク,カナミックネットワーク / カナミック / Kanamic / Kanamic Cloud / Kanamic Healthcare / カナミッククラウド / カナミックヘルスケア / Kanamic Network / カナミックネットワーク株式会社,10,情報通信・サービスその他,(カナミックネットワーク OR カナミック OR Kanamic OR Cloud OR Healthcare OR カナミッククラウド OR カナミックヘルスケア OR Network OR カナミックネットワーク株式会社)
39410,３９４１０,レンゴー,レンゴー / Rengo / トライウォール / ハートボックス / スマートパック / レンゴーパック / レンゴー物流 / レンゴーリサイクル / レンゴーエコシステム,4,素材・化学,(レンゴー OR Rengo OR トライウォール OR ハートボックス OR スマートパック OR レンゴーパック OR レンゴー物流 OR レンゴーリサイクル OR レンゴーエコシステム)
39460,３９４６０,トーモク,トーモク / トーモク株式会社 / TOMOKU / トーモクパック / トーモクボックス / トーモクダンボール / トーモクパッケージ / トーモク物流 / トーモクエコ,4,素材・化学,(トーモク OR トーモク株式会社 OR TOMOKU OR トーモクパック OR トーモクボックス OR トーモクダンボール OR トーモクパッケージ OR トーモク物流 OR トーモクエコ)
39500,３９５００,ザ・パック,ザ・パック / THE PACK / パックボックス / パックペーパー / パックフィルム / パックラップ / パックテープ / パックバッグ,4,素材・化学,(パック OR THE OR PACK OR パックボックス OR パックペーパー OR パックフィルム OR パックラップ OR パックテープ OR パックバッグ)
39620,３９６２０,チェンジホールディングス,チェンジ / チェンジHD,10,情報通信・サービスその他,(チェンジ OR チェンジHD)
39640,３９６４０,オークネット,オークネット / オークネットオークション / オークネットモータース / オークネットマーケットプレイス / オークネットグローバル / オークネットメディア / オークネットソリューション / オークネットリサーチ / オークネットサポート,10,情報通信・サービスその他,(オークネット OR オークネットオークション OR オークネットモータース OR オークネットマーケットプレイス OR オークネットグローバル OR オークネットメディア OR オークネットソリューション OR オークネットリサーチ OR オークネットサポート)
39780,３９７８０,マクロミル,マクロミル / Macromill / HUT / BrandDataBank / AIRsMEMBERS / D-Profile / SurveyMonkey / M-Cube,10,情報通信・サービスその他,(マクロミル OR Macromill OR HUT OR BrandDataBank OR AIRsMEMBERS OR D-Profile OR SurveyMonkey OR M-Cube)
39830,３９８３０,オロ,オロ / ZAC / ZAC Enterprise / ZAC Enterprise Cloud / ZAC Enterprise on AWS / ZAC Enterprise on Azure / ZAC Enterprise on GCP / ZAC ERP / ZAC Cloud,10,情報通信・サービスその他,(オロ OR ZAC OR Enterprise OR Cloud OR on OR AWS OR Azure OR GCP OR ERP)
39840,３９８４０,ユーザーローカル,ユーザーローカル / User Local / ユーザーローカルAI / Social Insight / User Insight / AIアナリスト / ユーザーローカルチャットボット / ユーザーローカルレポート / ユーザーローカルダッシュボード,10,情報通信・サービスその他,(ユーザーローカル OR User OR Local OR ユーザーローカルAI OR Social OR Insight OR AIアナリスト OR ユーザーローカルチャットボット OR ユーザーローカルレポート OR ユーザーローカルダッシュボード)
39930,３９９３０,ＰＫＳＨＡ　Ｔｅｃｈｎｏｌｏｇｙ,PKSHA / PKSHA Technology / PKSHA Tech / PKSHA AI / PKSHA Security / PKSHA Mobility / PKSHA Finance / PKSHA Insight / PKSHA Robotics,10,情報通信・サービスその他,(PKSHA OR Technology OR Tech OR AI OR Security OR Mobility OR Finance OR Insight OR Robotics)
39940,３９９４０,マネーフォワード,マネーフォワード / 3994 / マネフォ / Money Forward / MFクラウド / マネーフォワードME / MF家計簿 / マネーフォワードクラウド / MF経費 / マネーフォワード確定申告,10,情報通信・サービスその他,(マネーフォワード OR マネフォ OR Money OR Forward OR MFクラウド OR マネーフォワードME OR MF家計簿 OR マネーフォワードクラウド OR MF経費 OR マネーフォワード確定申告)
40040,４００４０,レゾナック・ホールディングス,レゾナック / レゾナックHD / レゾナックホールディングス / レゾナックグループ / レゾナック化学 / レゾナックテクノロジー / レゾナックマテリアル / レゾナックエレクトロニクス / レゾナックインダストリー / レゾナック・ / レゾナック・HD,4,素材・化学,(レゾナック OR レゾナックHD OR レゾナックホールディングス OR レゾナックグループ OR レゾナック化学 OR レゾナックテクノロジー OR レゾナックマテリアル OR レゾナックエレクトロニクス OR レゾナックインダストリー OR HD)
40050,４００５０,住友化学,住友化学 / 4005 / スミカ / SUMIKA / OLYSET / MEGURI / SUMIFLON / SUMIKASUPER / SUMIPEX,4,素材・化学,(住友化学 OR スミカ OR SUMIKA OR OLYSET OR MEGURI OR SUMIFLON OR SUMIKASUPER OR SUMIPEX)
40080,４００８０,住友精化,住友精化 / Sumitomo Seika / SEIKA / AQUA KEEP / AQUA CARRIER / SUMIKAGEL / SUMIFILM / SUMIFLO,4,素材・化学,(住友精化 OR Sumitomo OR Seika OR SEIKA OR AQUA OR KEEP OR CARRIER OR SUMIKAGEL OR SUMIFILM OR SUMIFLO)
40210,４０２１０,日産化学,日産化学 / 日産化 / ニッサンケミカル / サンケミ / トリフミン / ラウンドアップ / ペンタキュア / アグリノーム / サンフード,4,素材・化学,(日産化学 OR 日産化 OR ニッサンケミカル OR サンケミ OR トリフミン OR ラウンドアップ OR ペンタキュア OR アグリノーム OR サンフード)
40220,４０２２０,ラサ工業,ラサ工業 / ラサ / RASA / ラサケミカル / ラサセラミックス / ラサファインケミカル / ラサマテリアル / ラサテクノロジー / ラサプロダクツ,4,素材・化学,(ラサ工業 OR ラサ OR RASA OR ラサケミカル OR ラサセラミックス OR ラサファインケミカル OR ラサマテリアル OR ラサテクノロジー OR ラサプロダクツ)
40230,４０２３０,クレハ,クレハ / Kureha / クレラップ / NEWクレラップ / クレハシート / クレハエコ / クレハフィルム / クレハケミカル / クレハプラスチック,4,素材・化学,(クレハ OR Kureha OR クレラップ OR NEWクレラップ OR クレハシート OR クレハエコ OR クレハフィルム OR クレハケミカル OR クレハプラスチック)
40250,４０２５０,多木化学,多木化学 / 多木 / TAKI / TAKICHEM / タキケミカル / タキ肥料 / タキの肥料 / タキの化学製品 / タキの農業資材,4,素材・化学,(多木化学 OR 多木 OR TAKI OR TAKICHEM OR タキケミカル OR タキ肥料 OR タキの肥料 OR タキの化学製品 OR タキの農業資材)
40270,４０２７０,テイカ,,4,素材・化学,
40280,４０２８０,石原産業,石原産業 / ISK / いしはら / チタン酸バリウム / ルチル / クリスタル / クリスタルチタン / クリスタルパール / クリスタルホワイト / 石原,4,素材・化学,(石原産業 OR ISK OR いしはら OR チタン酸バリウム OR ルチル OR クリスタル OR クリスタルチタン OR クリスタルパール OR クリスタルホワイト OR 石原)
40410,４０４１０,日本曹達,日本曹達 / 日曹 / Nisso / ソーダ / ソーダ工業 / ニッソー / ニッソーケミカル / NISSO BASACOTE / NISSO HI-CHLON / NISSO PESTICIDE,4,素材・化学,(日本曹達 OR 日曹 OR Nisso OR ソーダ OR ソーダ工業 OR ニッソー OR ニッソーケミカル OR NISSO OR BASACOTE OR HI-CHLON OR PESTICIDE)
40420,４０４２０,東ソー,Tosoh / バイオサイエンス / ゼオライト / クロルアルカリ / ポリウレタン / エチレンアミン / エチレンジアミン / ポバール,4,素材・化学,(Tosoh OR バイオサイエンス OR ゼオライト OR クロルアルカリ OR ポリウレタン OR エチレンアミン OR エチレンジアミン OR ポバール)
40430,４０４３０,トクヤマ,トクヤマ / セメント / シリカ / ポバール / トクヤマデンタル / トクヤマシリコーン / トクヤマセラミックス / トクヤマケミカル,4,素材・化学,(トクヤマ OR セメント OR シリカ OR ポバール OR トクヤマデンタル OR トクヤマシリコーン OR トクヤマセラミックス OR トクヤマケミカル)
40440,４０４４０,セントラル硝子,セントラル硝子 / 中央硝子 / セントラルガラス / Central Glass / セントラル化学 / セントラルエレクトロニクス / セントラルケミカル / セントラルマテリアルズ,4,素材・化学,(セントラル硝子 OR 中央硝子 OR セントラルガラス OR Central OR Glass OR セントラル化学 OR セントラルエレクトロニクス OR セントラルケミカル OR セントラルマテリアルズ)
40450,４０４５０,東亞合成,東亞合成 / アロンアルフア / アロンタイト / アロンテープ / アロンフィックス / アロンメルト / アロンボンド / アロンセラミック / アロンコート,4,素材・化学,(東亞合成 OR アロンアルフア OR アロンタイト OR アロンテープ OR アロンフィックス OR アロンメルト OR アロンボンド OR アロンセラミック OR アロンコート)
40460,４０４６０,大阪ソーダ,大阪ソーダ / OSKソーダ / ダイセルグループ / アクリル酸エステル / メタクリル酸エステル / ソーダ灰 / 硫酸ソーダ / 塩化ビニル樹脂,4,素材・化学,(大阪ソーダ OR OSKソーダ OR ダイセルグループ OR アクリル酸エステル OR メタクリル酸エステル OR ソーダ灰 OR 硫酸ソーダ OR 塩化ビニル樹脂)
40470,４０４７０,関東電化工業,関東電化工業 / 関電化 / フッ素化学製品 / 電解製品 / フッ化水素 / 化学品メーカー / 電子材料 / 関東電化,4,素材・化学,(関東電化工業 OR 関電化 OR フッ素化学製品 OR 電解製品 OR フッ化水素 OR 化学品メーカー OR 電子材料 OR 関東電化)
40530,４０５３０,Ｓｕｎ　Ａｓｔｅｒｉｓｋ,サンアスタリスク / Sun* / Sun Asterisk / サンアス / 4053 / Sun* Inc. / Sun* Startups / Sun* Ventures / Sun* Academy / Sun* Lab,10,情報通信・サービスその他,(サンアスタリスク OR Sun* OR Sun OR Asterisk OR サンアス OR Inc. OR Startups OR Ventures OR Academy OR Lab)
40610,４０６１０,デンカ,デンカ / 4061 / デンカ株式会社 / デンカセラミックス / デンカポリマー / デンカエラストマー / デンカプレミアム / デンカアドバンス / デンカケミカル / デンカバイオテクノロジー,4,素材・化学,(デンカ OR デンカ株式会社 OR デンカセラミックス OR デンカポリマー OR デンカエラストマー OR デンカプレミアム OR デンカアドバンス OR デンカケミカル OR デンカバイオテクノロジー)
40620,４０６２０,イビデン,イビデン / IBIDEN / イビデン株式会社 / イビデンセラミックス / イビデンエレクトロニクス / イビデンフィルター / イビデンパッケージング / イビデンエンジニアリング / イビデンマテリアルズ,9,電機・精密,(イビデン OR IBIDEN OR イビデン株式会社 OR イビデンセラミックス OR イビデンエレクトロニクス OR イビデンフィルター OR イビデンパッケージング OR イビデンエンジニアリング OR イビデンマテリアルズ)
40630,４０６３０,信越化学工業,信越化学工業 / 信越化学 / シンエツ / シリコーン / ポリ塩化ビニル / シリコーンオイル / シリコーンゴム / シリコーン樹脂,4,素材・化学,(信越化学工業 OR 信越化学 OR シンエツ OR シリコーン OR ポリ塩化ビニル OR シリコーンオイル OR シリコーンゴム OR シリコーン樹脂)
40640,４０６４０,日本カーバイド工業,日本カーバイド工業 / カーバイド / カーバイド工業 / 日本カーバイド / カーバイド製品 / カーバイドブランド / カーバイド化学 / カーバイドテクノロジー / カーバイドソリューション,4,素材・化学,(日本カーバイド工業 OR カーバイド OR カーバイド工業 OR 日本カーバイド OR カーバイド製品 OR カーバイドブランド OR カーバイド化学 OR カーバイドテクノロジー OR カーバイドソリューション)
40710,４０７１０,プラスアルファ・コンサルティング,プラスアルファ・コンサルティング / Talent Palette / Customer Ring / POSITIVE / Visual Mining Studio / HRモンスター / アルファ / PAC / プラスアルファ,10,情報通信・サービスその他,(プラスアルファ OR コンサルティング OR Talent OR Palette OR Customer OR Ring OR POSITIVE OR Visual OR Mining OR Studio OR HRモンスター OR アルファ OR PAC)
40720,４０７２０,電算システムホールディングス,電算システムホールディングス / 電算システム / DSH / Densan System / DSHD / Densan / 電算 / Densan System Holdings / 電算システムHD,10,情報通信・サービスその他,(電算システムホールディングス OR 電算システム OR DSH OR Densan OR System OR DSHD OR 電算 OR Holdings OR 電算システムHD)
40780,４０７８０,堺化学工業,堺化学工業 / 堺化学 / Sakai Chemical / サカイケミカル / Sakai / サカイ化学 / サカイ工業 / Sakai Kogyo,4,素材・化学,(堺化学工業 OR 堺化学 OR Sakai OR Chemical OR サカイケミカル OR サカイ化学 OR サカイ工業 OR Kogyo)
40820,４０８２０,第一稀元素化学工業,第一稀元素化学工業 / DKK / 第一稀元素 / 稀元素化学 / DKKブランド / ジルコニウム化合物 / セラミックス材料 / 触媒製品 / 電池材料 / 第一稀元素化学,4,素材・化学,(第一稀元素化学工業 OR DKK OR 第一稀元素 OR 稀元素化学 OR DKKブランド OR ジルコニウム化合物 OR セラミックス材料 OR 触媒製品 OR 電池材料 OR 第一稀元素化学)
40880,４０８８０,エア・ウォーター,エア・ウォーター / エアウォーター / AWI / エアウォーターグループ / エアウォーター・エナジー / エアウォーター・アグリ＆フード / エアウォーター・メディカル / エアウォーター・マテリアル / エアウォーター・ロジスティクス,4,素材・化学,(エア OR ウォーター OR エアウォーター OR AWI OR エアウォーターグループ OR エナジー OR アグリ＆フード OR メディカル OR マテリアル OR ロジスティクス)
40910,４０９１０,日本酸素ホールディングス,日本酸素ホールディングス / 日本酸素 / NSHD / 日酸 / NIPPON SANSO / MATHESON / Thermos（サーモス） / VSU（バーチャル・シンガル・ユニット） / ECOCYL（エコシル） / 日本酸素HD,4,素材・化学,(日本酸素ホールディングス OR 日本酸素 OR NSHD OR 日酸 OR NIPPON OR SANSO OR MATHESON OR Thermos（サーモス） OR VSU（バーチャル OR シンガル OR ユニット） OR ECOCYL（エコシル） OR 日本酸素HD)
40920,４０９２０,日本化学工業,日本化学,4,素材・化学,(日本化学)
40950,４０９５０,日本パーカライジング,日本パーカライジング / パーカ / パーカライジング / パーカテクノロジー / パーカプロセス / パーカコート / パーカフィニッシュ / パーカシール / パーカガード,4,素材・化学,(日本パーカライジング OR パーカ OR パーカライジング OR パーカテクノロジー OR パーカプロセス OR パーカコート OR パーカフィニッシュ OR パーカシール OR パーカガード)
40970,４０９７０,高圧ガス工業,高圧ガス工業 / 高圧ガス / KOG / KOGAS / アルゴン / 酸素 / 窒素 / 液化ガス / 工業ガス,4,素材・化学,(高圧ガス工業 OR 高圧ガス OR KOG OR KOGAS OR アルゴン OR 酸素 OR 窒素 OR 液化ガス OR 工業ガス)
40990,４０９９０,四国化成ホールディングス,四国化成 / 四国化成ホールディングス / シコク / シコク化成 / アルファルト / パレットクリート / エコクリーン / セラミックコート / ガーデンエクステリア / 四国化成HD,4,素材・化学,(四国化成 OR 四国化成ホールディングス OR シコク OR シコク化成 OR アルファルト OR パレットクリート OR エコクリーン OR セラミックコート OR ガーデンエクステリア OR 四国化成HD)
41000,４１０００,戸田工業,戸田,4,素材・化学,(戸田)
41090,４１０９０,ステラ　ケミファ,ステラ ケミファ / ステラ / ケミファ / ステラケミファ / ステラケミカル / ステラ化学 / Stella Chemifa / Stella / Chemifa,4,素材・化学,(ステラ OR ケミファ OR ステラケミファ OR ステラケミカル OR ステラ化学 OR Stella OR Chemifa)
41120,４１１２０,保土谷化学工業,保土谷化学工業 / 保土谷 / Hodogaya / タフラム / タフガード / タフブレンド / タフコート / タフライト / タフシール / 保土谷化学,4,素材・化学,(保土谷化学工業 OR 保土谷 OR Hodogaya OR タフラム OR タフガード OR タフブレンド OR タフコート OR タフライト OR タフシール OR 保土谷化学)
41140,４１１４０,日本触媒,日本触媒 / Nippon Shokubai / アクリル酸 / エタノールアミン / イオノマー / アクリルポリマー / スーパー吸収性ポリマー (SAP) / カタリスト / アクリル樹脂,4,素材・化学,(日本触媒 OR Nippon OR Shokubai OR アクリル酸 OR エタノールアミン OR イオノマー OR アクリルポリマー OR スーパー吸収性ポリマー OR (SAP) OR カタリスト OR アクリル樹脂)
41160,４１１６０,大日精化工業,大日精化工業 / 大日精 / サンフラワー / サンカラー / サンコート / サンペイント / サンプリント / サンフィルム / 大日精化,4,素材・化学,(大日精化工業 OR 大日精 OR サンフラワー OR サンカラー OR サンコート OR サンペイント OR サンプリント OR サンフィルム OR 大日精化)
41180,４１１８０,カネカ,カネカ / カネカグループ / カネカケミカル / カネカバイオテクノロジー / カネカソーラー / カネカフード / カネカヘルスケア / カネカエコソリューション / カネカエレクトロニクス,4,素材・化学,(カネカ OR カネカグループ OR カネカケミカル OR カネカバイオテクノロジー OR カネカソーラー OR カネカフード OR カネカヘルスケア OR カネカエコソリューション OR カネカエレクトロニクス)
41510,４１５１０,協和キリン,協和キリン / キリンファーマ / ノーベルファーマ / ポテリジオ / クレナフィン / アコアラン / ニュープロパッチ / アムジェンコラボ / キリン製薬,5,医薬品,(協和キリン OR キリンファーマ OR ノーベルファーマ OR ポテリジオ OR クレナフィン OR アコアラン OR ニュープロパッチ OR アムジェンコラボ OR キリン製薬)
41800,４１８００,Ａｐｐｉｅｒ　Ｇｒｏｕｐ,Ａｐｐｉｅｒ　Ｇｒｏｕｐ / Appier / AiDeal / CrossX / AIXON / Appier AI / Appierプラットフォーム / Appierソリューション / Appierテクノロジー,10,情報通信・サービスその他,(Appier OR AiDeal OR CrossX OR AIXON OR AI OR Appierプラットフォーム OR Appierソリューション OR Appierテクノロジー) | (Ａｐｐｉｅｒ OR Ｇｒｏｕｐ)
41820,４１８２０,三菱瓦斯化学,三菱瓦斯化学 / 4182 / MGC / 三菱ガス / ノバペックス / イノベーションパーク / ルミフィルム / セルブレン / アピコート / ペルメック,4,素材・化学,(三菱瓦斯化学 OR MGC OR 三菱ガス OR ノバペックス OR イノベーションパーク OR ルミフィルム OR セルブレン OR アピコート OR ペルメック)
41830,４１８３０,三井化学,三井化学 / 4183 / Mitsui Chemicals / ミツイケミカル / Tafmer / Milastomer / Admer / Lucant / Apel / Stabio,4,素材・化学,(三井化学 OR Mitsui OR Chemicals OR ミツイケミカル OR Tafmer OR Milastomer OR Admer OR Lucant OR Apel OR Stabio)
41860,４１８６０,東京応化工業,東京応化工業 / TOK / 東応 / TOS / フォトレジスト / TARC / ARC / プラズマエッチング / CMPスラリー / 東京応化,4,素材・化学,(東京応化工業 OR TOK OR 東応 OR TOS OR フォトレジスト OR TARC OR ARC OR プラズマエッチング OR CMPスラリー OR 東京応化)
41870,４１８７０,大阪有機化学工業,大阪有機化学工業 / 大阪有機 / OYC / オーガニックケミカル / 有機化学 / OYCインク / オーガニックインク / 大阪有機インク / 有機化学工業 / 大阪有機化学,4,素材・化学,(大阪有機化学工業 OR 大阪有機 OR OYC OR オーガニックケミカル OR 有機化学 OR OYCインク OR オーガニックインク OR 大阪有機インク OR 有機化学工業 OR 大阪有機化学)
41880,４１８８０,三菱ケミカルグループ,三菱ケミカルグループ / MCC / ダイアペット / ルミフィル / ケミカルシート / アクアリカ / レイテックス / フォルティモ / シアノン / 三菱ケミカル / 三菱ケミカルG,4,素材・化学,(三菱ケミカルグループ OR MCC OR ダイアペット OR ルミフィル OR ケミカルシート OR アクアリカ OR レイテックス OR フォルティモ OR シアノン OR 三菱ケミカル OR 三菱ケミカルG)
41890,４１８９０,ＫＨネオケム,ＫＨネオケム / ネオケム / KHNC / ネオケム製品 / KH化学 / KHネオケム製品 / ネオケムブランド / KHブランド / ネオケム化学,4,素材・化学,(ＫＨネオケム OR ネオケム OR KHNC OR ネオケム製品 OR KH化学 OR KHネオケム製品 OR ネオケムブランド OR KHブランド OR ネオケム化学)
41940,４１９４０,ビジョナル,ビジョナル / VISIONAL / Vorkers / キャリコネ / HRMOS / AMBI / サンカク / ICHIGO,10,情報通信・サービスその他,(ビジョナル OR VISIONAL OR Vorkers OR キャリコネ OR HRMOS OR AMBI OR サンカク OR ICHIGO)
42020,４２０２０,ダイセル,ダイセル / トウロン / ダイフレックス / ダイパック / ダイアミロン / ダイエン / ダイセルエボニック / ダイセルポリマー,4,素材・化学,(ダイセル OR トウロン OR ダイフレックス OR ダイパック OR ダイアミロン OR ダイエン OR ダイセルエボニック OR ダイセルポリマー)
42030,４２０３０,住友ベークライト,住友ベークライト / Sumitomo Bakelite / ベークライト / SBH / ベーク / ベークライト樹脂 / スミベ / SUMIBE / ベークライト製品,4,素材・化学,(住友ベークライト OR Sumitomo OR Bakelite OR ベークライト OR SBH OR ベーク OR ベークライト樹脂 OR スミベ OR SUMIBE OR ベークライト製品)
42040,４２０４０,積水化学工業,積水化学工業 / 積水 / セキスイ / セキスイハイム / セキスイメディカル / セキスイインダストリー / セキスイエコ / セキスイプラスチック / 積水化学,4,素材・化学,(積水化学工業 OR 積水 OR セキスイ OR セキスイハイム OR セキスイメディカル OR セキスイインダストリー OR セキスイエコ OR セキスイプラスチック OR 積水化学)
42050,４２０５０,日本ゼオン,日本ゼオン / ゼオン / ZEONEX / ZEONOR / ZEOCOAT / ZEOSIL / ZEOFORM / ZEOFLARE / ZEOSOFT,4,素材・化学,(日本ゼオン OR ゼオン OR ZEONEX OR ZEONOR OR ZEOCOAT OR ZEOSIL OR ZEOFORM OR ZEOFLARE OR ZEOSOFT)
42060,４２０６０,アイカ工業,アイカ工業 / アイカ / アイカボンド / セラール / アイカメラミン / アイカポリエステル / アイカラミネート / アイカフローリング / アイカコーティング,4,素材・化学,(アイカ工業 OR アイカ OR アイカボンド OR セラール OR アイカメラミン OR アイカポリエステル OR アイカラミネート OR アイカフローリング OR アイカコーティング)
42080,４２０８０,ＵＢＥ,UBE / 宇部興産 / 宇部 / 宇部マテリアルズ / 宇部ケミカル / 宇部セメント / 宇部プラスチック / 宇部建材 / 宇部エンジニアリング,4,素材・化学,(UBE OR 宇部興産 OR 宇部 OR 宇部マテリアルズ OR 宇部ケミカル OR 宇部セメント OR 宇部プラスチック OR 宇部建材 OR 宇部エンジニアリング)
42120,４２１２０,積水樹脂,積水樹脂 / セキスイ / セキスイ樹脂 / SEKISUI / スマートメッシュ / エスロン / エスロンパイプ / エスロンテープ / エスロンフィルム,4,素材・化学,(積水樹脂 OR セキスイ OR セキスイ樹脂 OR SEKISUI OR スマートメッシュ OR エスロン OR エスロンパイプ OR エスロンテープ OR エスロンフィルム)
42160,４２１６０,旭有機材,旭有機材 / 旭有機材工業 / Asahi Organic Materials / アサヒユウキザイ / AOC / ユウキザイ / Asahi Kasei,4,素材・化学,(旭有機材 OR 旭有機材工業 OR Asahi OR Organic OR Materials OR アサヒユウキザイ OR AOC OR ユウキザイ OR Kasei)
42180,４２１８０,ニチバン,ニチバン / セロテープ / バトルウィン / ケアリーヴ / ロイヒ / テープのニチバン / ナイスタック / マイタック / メディカルテープ,4,素材・化学,(ニチバン OR セロテープ OR バトルウィン OR ケアリーヴ OR ロイヒ OR テープのニチバン OR ナイスタック OR マイタック OR メディカルテープ)
42200,４２２００,リケンテクノス,リケンテクノス / RIKEN / RIKEN TECHNOS / リケンフィルム / リケンシート / リケンパイプ / リケンコンパウンド / リケンマテリアル,4,素材・化学,(リケンテクノス OR RIKEN OR TECHNOS OR リケンフィルム OR リケンシート OR リケンパイプ OR リケンコンパウンド OR リケンマテリアル)
42210,４２２１０,大倉工業,大倉工業 / オークラ / OKURA / オークラプラスチック / オークラフィルム / オークラシート / オークラテック / オークラパネル / オークラエコ / 大倉,4,素材・化学,(大倉工業 OR オークラ OR OKURA OR オークラプラスチック OR オークラフィルム OR オークラシート OR オークラテック OR オークラパネル OR オークラエコ OR 大倉)
42280,４２２８０,積水化成品工業,積水化成品工業 / セキスイケミカル / セキスイフォーム / ピオセラン / セキスイエアロセル / セキスイエコロン / セキスイパッケージ / セキスイフォームライト / セキスイプロテクター / 積水化成品,4,素材・化学,(積水化成品工業 OR セキスイケミカル OR セキスイフォーム OR ピオセラン OR セキスイエアロセル OR セキスイエコロン OR セキスイパッケージ OR セキスイフォームライト OR セキスイプロテクター OR 積水化成品)
42290,４２２９０,群栄化学工業,群栄化学工業 / 群栄化学 / 群栄 / GSI Creos / Creos / グンエイ / グンエイケミカル / グンエイ化学 / 群栄ブランド,4,素材・化学,(群栄化学工業 OR 群栄化学 OR 群栄 OR GSI OR Creos OR グンエイ OR グンエイケミカル OR グンエイ化学 OR 群栄ブランド)
42460,４２４６０,ダイキョーニシカワ,ダイキョーニシカワ / ダイキョー / ニシカワ / DAIKYO / NISHIKAWA / DK / DAIKYO NISHIKAWA / ダイキョーニシカワ株式会社 / DAIKYO NISHIKAWA CORPORATION,4,素材・化学,(ダイキョーニシカワ OR ダイキョー OR ニシカワ OR DAIKYO OR NISHIKAWA OR DK OR ダイキョーニシカワ株式会社 OR CORPORATION)
42490,４２４９０,森六ホールディングス,森六 / 森六HD,4,素材・化学,(森六 OR 森六HD)
42510,４２５１０,恵和,,4,素材・化学,
42720,４２７２０,日本化薬,日本化薬 / ニチカ / ニチカ薬品 / パルナック / ニチカプラス / ニチカジェル / ニチカクリーム / ニチカテープ / ニチカスプレー,4,素材・化学,(日本化薬 OR ニチカ OR ニチカ薬品 OR パルナック OR ニチカプラス OR ニチカジェル OR ニチカクリーム OR ニチカテープ OR ニチカスプレー)
42750,４２７５０,カーリット,,4,素材・化学,
42860,４２８６０,ＣＬホールディングス,ＣＬ / ＣＬHD,10,情報通信・サービスその他,(ＣＬHD) | (ＣＬ)
42900,４２９００,プレステージ・インターナショナル,プレステージ・インターナショナル / プレイン / プレインサポート / プレインアシスト / プレインサービス / プレインケア / プレインプロテクト / プレインソリューション / プレインネットワーク,10,情報通信・サービスその他,(プレステージ OR インターナショナル OR プレイン OR プレインサポート OR プレインアシスト OR プレインサービス OR プレインケア OR プレインプロテクト OR プレインソリューション OR プレインネットワーク)
42980,４２９８０,プロトコーポレーション,プロトコーポレーション / Goo-net / グーネット / グーバイク / GooBike / グーピット / GooPit / グーオク / GooAuction,10,情報通信・サービスその他,(プロトコーポレーション OR Goo-net OR グーネット OR グーバイク OR GooBike OR グーピット OR GooPit OR グーオク OR GooAuction)
42990,４２９９０,ハイマックス,,10,情報通信・サービスその他,
43010,４３０１０,アミューズ,アミューズ / AMUSE / アミュ / アミューズエンタテインメント / アミューズミュージック / アミューズモデル / アミューズアーティスト / アミューズプロダクション,10,情報通信・サービスその他,(アミューズ OR AMUSE OR アミュ OR アミューズエンタテインメント OR アミューズミュージック OR アミューズモデル OR アミューズアーティスト OR アミューズプロダクション)
43070,４３０７０,野村総合研究所,NRI / 野村総研 / Nomura Research Institute / NRIセキュア / NRIデジタル / NRIプロセスイノベーション / NRIシステムテクノ / NRIネットコム,10,情報通信・サービスその他,(NRI OR 野村総研 OR Nomura OR Research OR Institute OR NRIセキュア OR NRIデジタル OR NRIプロセスイノベーション OR NRIシステムテクノ OR NRIネットコム)
43100,４３１００,ドリームインキュベータ,ドリームインキュベータ / DI / ドリーム / インキュベータ / Dream Incubator / DI社 / Dream Incubator Inc. / DIグループ / ドリームインキュベータ株式会社,10,情報通信・サービスその他,(ドリームインキュベータ OR DI OR ドリーム OR インキュベータ OR Dream OR Incubator OR DI社 OR Inc. OR DIグループ OR ドリームインキュベータ株式会社)
43180,４３１８０,クイック,クイック / QUICK / QUICK情報 / QUICK端末 / QUICKニュース / QUICKリサーチ / QUICKデータ / QUICKマーケット / QUICKファイナンス,10,情報通信・サービスその他,(クイック OR QUICK OR QUICK情報 OR QUICK端末 OR QUICKニュース OR QUICKリサーチ OR QUICKデータ OR QUICKマーケット OR QUICKファイナンス)
43230,４３２３０,日本システム技術,日本システム技術 / JAST / ALADIN / BankNeo / BankNeo-FX / BankNeo-Plus / BankNeo-Global / BankNeo-Cloud / BankNeo-API,10,情報通信・サービスその他,(日本システム技術 OR JAST OR ALADIN OR BankNeo OR BankNeo-FX OR BankNeo-Plus OR BankNeo-Global OR BankNeo-Cloud OR BankNeo-API)
43240,４３２４０,電通グループ,電通 / 電通グループ / Dentsu / Dentsu Group / Dentsu Japan Network / Dentsu Inc. / Dentsu Aegis Network / Dentsu Digital / Dentsu Creative / 電通G,10,情報通信・サービスその他,(電通 OR 電通グループ OR Dentsu OR Group OR Japan OR Network OR Inc. OR Aegis OR Digital OR Creative OR 電通G)
43260,４３２６０,インテージホールディングス,インテージホールディングス / インテージ / インテージリサーチ / インテージヘルスケア / インテージコンサルティング / i-SSP / SRI+ / インテージネットワーク / インテージHD,10,情報通信・サービスその他,(インテージホールディングス OR インテージ OR インテージリサーチ OR インテージヘルスケア OR インテージコンサルティング OR i-SSP OR SRI+ OR インテージネットワーク OR インテージHD)
43310,４３３１０,テイクアンドギヴ・ニーズ,テイクアンドギヴ・ニーズ / T&G / T&Gニーズ / T&Gウェディング / ゲストハウスウェディング / T&Gプロデュース / T&Gリゾート / T&Gプランニング,10,情報通信・サービスその他,(テイクアンドギヴ OR ニーズ OR T&G OR T&Gニーズ OR T&Gウェディング OR ゲストハウスウェディング OR T&Gプロデュース OR T&Gリゾート OR T&Gプランニング)
43330,４３３３０,東邦システムサイエンス,,10,情報通信・サービスその他,
43370,４３３７０,ぴあ,ぴあ / チケットぴあ / PIA / ぴあステーション / ぴあスポット / ぴあリザーブ / ぴあプレミアム / ぴあアリーナMM / ぴあフェス,10,情報通信・サービスその他,(ぴあ OR チケットぴあ OR PIA OR ぴあステーション OR ぴあスポット OR ぴあリザーブ OR ぴあプレミアム OR ぴあアリーナMM OR ぴあフェス)
43430,４３４３０,イオンファンタジー,イオンファンタジー / モーリーファンタジー / PALO / イオンキッズーナ / イオンファンタジーランド / イオンファンタジーアドベンチャー / イオンファンタジーキッズ / イオンファンタジーゲーム / イオンファンタジーパーク,10,情報通信・サービスその他,(イオンファンタジー OR モーリーファンタジー OR PALO OR イオンキッズーナ OR イオンファンタジーランド OR イオンファンタジーアドベンチャー OR イオンファンタジーキッズ OR イオンファンタジーゲーム OR イオンファンタジーパーク)
43440,４３４４０,ソースネクスト,ソースネクスト / POCKETALK / 筆王 / 筆まめ / ZEROウイルスセキュリティ / 超字幕 / B's Recorder / いきなりPDF / 特打,10,情報通信・サービスその他,(ソースネクスト OR POCKETALK OR 筆王 OR 筆まめ OR ZEROウイルスセキュリティ OR 超字幕 OR B's OR Recorder OR いきなりPDF OR 特打)
43450,４３４５０,シーティーエス,,10,情報通信・サービスその他,
43500,４３５００,メディカルシステムネットワーク,メディカルシステムネットワーク / メディネット / MSNW / メディカルネット / メディカルシステム / メディカルシステムネット / メディカルシステムネットワークホールディングス / メディカルシステムネットワークグループ / メディカルシステムネットワーク株式会社,14,小売,(メディカルシステムネットワーク OR メディネット OR MSNW OR メディカルネット OR メディカルシステム OR メディカルシステムネット OR メディカルシステムネットワークホールディングス OR メディカルシステムネットワークグループ OR メディカルシステムネットワーク株式会社)
43620,４３６２０,日本精化,日本精化 / ニッセイカ / セイカ / ケミカル / パフューム / 化粧品原料 / 工業薬品,4,素材・化学,(日本精化 OR ニッセイカ OR セイカ OR ケミカル OR パフューム OR 化粧品原料 OR 工業薬品)
43680,４３６８０,扶桑化学工業,扶桑化学工業 / 扶桑化学 / Fuso Chemical / フソウケミカル / フソウ / フソーカガク / フソーケミカル / フソーカガクコウギョウ,4,素材・化学,(扶桑化学工業 OR 扶桑化学 OR Fuso OR Chemical OR フソウケミカル OR フソウ OR フソーカガク OR フソーケミカル OR フソーカガクコウギョウ)
43690,４３６９０,トリケミカル研究所,トリケミカル研究所 / トリケミ / トリケム / Tri-Chemical / トリケミカル / トリケ / トリケミカルラボ / Tri-Chem,4,素材・化学,(トリケミカル研究所 OR トリケミ OR トリケム OR Tri-Chemical OR トリケミカル OR トリケ OR トリケミカルラボ OR Tri-Chem)
43730,４３７３０,シンプレクス・ホールディングス,シンプレクス・ / シンプレクス・HD,10,情報通信・サービスその他,(シンプレクス OR HD)
43820,４３８２０,ＨＥＲＯＺ,HEROZ / HEROZ AI / 将棋ウォーズ / ポケウォーカー / HEROZ Kishin / HEROZ Analytics / HEROZ Cloud / HEROZ Insight / HEROZ Chess,10,情報通信・サービスその他,(HEROZ OR AI OR 将棋ウォーズ OR ポケウォーカー OR Kishin OR Analytics OR Cloud OR Insight OR Chess)
43840,４３８４０,ラクスル,ラクスル / 4384 / Raksul / ノバセル / ジャストプリント / ハコベル / ラクスルプリント / ラクスル広告 / ラクスル物流 / ラクスルマーケティング,10,情報通信・サービスその他,(ラクスル OR Raksul OR ノバセル OR ジャストプリント OR ハコベル OR ラクスルプリント OR ラクスル広告 OR ラクスル物流 OR ラクスルマーケティング)
43850,４３８５０,メルカリ,メルカリ / メルペイ / メルカリショップス / メルカリチャンネル / メルカリ便 / メルカリNOW / メルカリステーション / メルカリメゾンズ / メルカリUS,10,情報通信・サービスその他,(メルカリ OR メルペイ OR メルカリショップス OR メルカリチャンネル OR メルカリ便 OR メルカリNOW OR メルカリステーション OR メルカリメゾンズ OR メルカリUS)
43900,４３９００,アイ・ピー・エス,,10,情報通信・サービスその他,
43960,４３９６０,システムサポートホールディングス,システムサポート / システムサポートHD,10,情報通信・サービスその他,(システムサポート OR システムサポートHD)
44010,４４０１０,ＡＤＥＫＡ,ＡＤＥＫＡ / アデカ / ADEKAクリーンエイド / ADEKAノンフロント / ADEKAクリーンエイドECO / ADEKAクリーンエイドEX / ADEKAクリーンエイドS / ADEKAクリーンエイドF / ADEKAクリーンエイドG,4,素材・化学,(アデカ OR ADEKAクリーンエイド OR ADEKAノンフロント OR ADEKAクリーンエイドECO OR ADEKAクリーンエイドEX OR ADEKAクリーンエイドS OR ADEKAクリーンエイドF OR ADEKAクリーンエイドG) | (ＡＤＥＫＡ)
44030,４４０３０,日油,日油 / NOF / ニチユオイル / ニチユケミカル / ニチユバイオ / ニチユフード / ニチユコスメ / ニチユマテリアル,4,素材・化学,(日油 OR NOF OR ニチユオイル OR ニチユケミカル OR ニチユバイオ OR ニチユフード OR ニチユコスメ OR ニチユマテリアル)
44100,４４１００,ハリマ化成グループ,ハリマ化成グループ / ハリマ / ハリマ化成 / ハリマグループ / ハリマケミカル / ロジン / ターペンタイン / ピッチ / ハリマエステル / ハリマ化成G,4,素材・化学,(ハリマ化成グループ OR ハリマ OR ハリマ化成 OR ハリマグループ OR ハリマケミカル OR ロジン OR ターペンタイン OR ピッチ OR ハリマエステル OR ハリマ化成G)
44200,４４２００,イーソル,,10,情報通信・サービスその他,
44320,４４３２０,ウイングアーク１ｓｔ,ウイングアーク１ｓｔ / MotionBoard / Dr.Sum / SVF / WingArc / ウイングアーク / モーションボード / ドクターサム / エスブイエフ,10,情報通信・サービスその他,(MotionBoard OR Dr.Sum OR SVF OR WingArc OR ウイングアーク OR モーションボード OR ドクターサム OR エスブイエフ) | (ウイングアーク１ｓｔ)
44330,４４３３０,ヒト・コミュニケーションズ・ホールディングス,ヒト・コミュニケーションズ・ / ヒト・コミュニケーションズ・HD,10,情報通信・サービスその他,(ヒト OR コミュニケーションズ OR HD)
44340,４４３４０,サーバーワークス,サーバーワークス / サバワ / サーバーワークス株式会社 / Cloud Automator / AWS導入支援 / クラウドインテグレーション / サーバーワークスのクラウドサービス / サーバーワークスのAWSソリューション / サーバーワークスのクラウド管理サービス,10,情報通信・サービスその他,(サーバーワークス OR サバワ OR サーバーワークス株式会社 OR Cloud OR Automator OR AWS導入支援 OR クラウドインテグレーション OR サーバーワークスのクラウドサービス OR サーバーワークスのAWSソリューション OR サーバーワークスのクラウド管理サービス)
44430,４４４３０,Ｓａｎｓａｎ,Sansan / 名刺管理 / Eight / Sansan名刺 / Sansanアプリ / Sansanソリューション / Sansanクラウド / Sansanプラットフォーム / Sansanサービス,10,情報通信・サービスその他,(Sansan OR 名刺管理 OR Eight OR Sansan名刺 OR Sansanアプリ OR Sansanソリューション OR Sansanクラウド OR Sansanプラットフォーム OR Sansanサービス)
44490,４４４９０,ギフティ,ギフティ / giftee / eギフト / eGift / ギフティプレモ / giftee for Business / ギフティギフト / ギフティカード / ギフティモール / ギフティポイント,10,情報通信・サービスその他,(ギフティ OR giftee OR eギフト OR eGift OR ギフティプレモ OR for OR Business OR ギフティギフト OR ギフティカード OR ギフティモール OR ギフティポイント)
44520,４４５２０,花王,花王 / 4452 / ビオレ / メリーズ / アタック / キュレル / ソフィーナ / ロリエ / エッセンシャル / ニベア,4,素材・化学,(花王 OR ビオレ OR メリーズ OR アタック OR キュレル OR ソフィーナ OR ロリエ OR エッセンシャル OR ニベア)
44610,４４６１０,第一工業製薬,第一工業製薬 / ダイコー / DKS / アクアフェアリー / アクアフェアリーリチウム / エコノール / エコノールシリーズ / アクアフェアリー燃料電池 / ダイコーケミカルズ / 第一工業,4,素材・化学,(第一工業製薬 OR ダイコー OR DKS OR アクアフェアリー OR アクアフェアリーリチウム OR エコノール OR エコノールシリーズ OR アクアフェアリー燃料電池 OR ダイコーケミカルズ OR 第一工業)
44620,４４６２０,石原ケミカル,石原ケミカル / ISHIHARA / イシハラケミカル / 石ケミ / IC / イシハラ / 石原 / ケミカル / ISHIHARA CHEMICAL,4,素材・化学,(石原ケミカル OR ISHIHARA OR イシハラケミカル OR 石ケミ OR IC OR イシハラ OR 石原 OR ケミカル OR CHEMICAL)
44710,４４７１０,三洋化成工業,三洋化成,4,素材・化学,(三洋化成)
44800,４４８００,メドレー,"MEDLEY / CLINICS / JobMedley / MEDLEY HR / MEDLEY AI / MEDLEY CARE / MEDLEY HEALTH / MEDLEY TECH

これらは一般的な",10,情報通信・サービスその他,(MEDLEY OR CLINICS OR JobMedley OR HR OR AI OR CARE OR HEALTH OR TECH OR これらは一般的な)
44810,４４８１０,ベース,,10,情報通信・サービスその他,
44830,４４８３０,ＪＭＤＣ,ＪＭＤＣ / JMDC / JMDC株式会社 / 医療ビッグデータ / JMDCデータ / JMDCアナリティクス / JMDCヘルスケア / JMDCクラウド / JMDCソリューション,10,情報通信・サービスその他,(JMDC OR JMDC株式会社 OR 医療ビッグデータ OR JMDCデータ OR JMDCアナリティクス OR JMDCヘルスケア OR JMDCクラウド OR JMDCソリューション) | (ＪＭＤＣ)
45020,４５０２０,武田薬品工業,武田薬品工業 / 4502 / タケダ / エンタイビオ / ニンラーロ / アルニラム / アドセトリス / デクスリンサス / アジルバ / エンブレル / 武田薬品,5,医薬品,(武田薬品工業 OR タケダ OR エンタイビオ OR ニンラーロ OR アルニラム OR アドセトリス OR デクスリンサス OR アジルバ OR エンブレル OR 武田薬品)
45030,４５０３０,アステラス製薬,アステラス製薬 / XTANDI / Prograf / Vesicare / Mycamine / Evrenzo / XOSPATA / Betanis / Suglat / アステラス,5,医薬品,(アステラス製薬 OR XTANDI OR Prograf OR Vesicare OR Mycamine OR Evrenzo OR XOSPATA OR Betanis OR Suglat OR アステラス)
45060,４５０６０,住友ファーマ,住友ファーマ / 住友製薬 / Sumitomo Pharma / ラツーダ / ラツーダ錠 / メマリー / メマリー錠 / アプティオ / トルバプタン,5,医薬品,(住友ファーマ OR 住友製薬 OR Sumitomo OR Pharma OR ラツーダ OR ラツーダ錠 OR メマリー OR メマリー錠 OR アプティオ OR トルバプタン)
45070,４５０７０,塩野義製薬,塩野義製薬 / シオノギ / イナビル / ゾフルーザ / ピーエムエス / アクトス / ロナセン / フルナーゼ / 塩野義,5,医薬品,(塩野義製薬 OR シオノギ OR イナビル OR ゾフルーザ OR ピーエムエス OR アクトス OR ロナセン OR フルナーゼ OR 塩野義)
45160,４５１６０,日本新薬,日本新薬 / ニッシン / ニッシンファーマ / トランサミン / リンデロン / アルピニー / エスタック / ナシビン / ニトロール,5,医薬品,(日本新薬 OR ニッシン OR ニッシンファーマ OR トランサミン OR リンデロン OR アルピニー OR エスタック OR ナシビン OR ニトロール)
45190,４５１９０,中外製薬,中外製薬 / アクテムラ / ヘムライブラ / ガザイバ / ロゼウム / アバスチン / テセントリク / エディロール / 中外,5,医薬品,(中外製薬 OR アクテムラ OR ヘムライブラ OR ガザイバ OR ロゼウム OR アバスチン OR テセントリク OR エディロール OR 中外)
45210,４５２１０,科研製薬,科研製薬 / ケミファ / ケミファ製薬 / ケミファグループ / ケミファ製品 / ケミファブランド / ケミファ薬品 / ケミファ医薬 / ケミファテクノロジー / 科研,5,医薬品,(科研製薬 OR ケミファ OR ケミファ製薬 OR ケミファグループ OR ケミファ製品 OR ケミファブランド OR ケミファ薬品 OR ケミファ医薬 OR ケミファテクノロジー OR 科研)
45230,４５２３０,エーザイ,エーザイ / アリセプト / ルネスタ / ハラヴェン / メチコバール / パリエット / デニスマブ / レンビマ / ベレンゾン,5,医薬品,(エーザイ OR アリセプト OR ルネスタ OR ハラヴェン OR メチコバール OR パリエット OR デニスマブ OR レンビマ OR ベレンゾン)
45260,４５２６０,理研ビタミン,理研ビタミン / リケンのノンオイル / わかめスープ / リケンのふえるわかめちゃん / ドレッシング / リケンのわかめラーメン / リケンの素材力 / リケンのスープ,1,食品,(理研ビタミン OR リケンのノンオイル OR わかめスープ OR リケンのふえるわかめちゃん OR ドレッシング OR リケンのわかめラーメン OR リケンの素材力 OR リケンのスープ)
45270,４５２７０,ロート製薬,ロート製薬 / メンソレータム / 肌ラボ / オバジ / デ・オウ / ロートCキューブ / ロートジー / ロートリセ / エピステーム / ロート,5,医薬品,(ロート製薬 OR メンソレータム OR 肌ラボ OR オバジ OR オウ OR ロートCキューブ OR ロートジー OR ロートリセ OR エピステーム OR ロート)
45280,４５２８０,小野薬品工業,小野薬品工業 / オプジーボ / オノアクト / オノン / フィコンパ / エベレンゾ / グラセプター / オノファゴ / オノプロクト / 小野薬品,5,医薬品,(小野薬品工業 OR オプジーボ OR オノアクト OR オノン OR フィコンパ OR エベレンゾ OR グラセプター OR オノファゴ OR オノプロクト OR 小野薬品)
45300,４５３００,久光製薬,久光製薬 / サロンパス / フェイタス / アレグラFX / ラブ / エアサロンパス / モーラス / ナボリン / パップ / 久光,5,医薬品,(久光製薬 OR サロンパス OR フェイタス OR アレグラFX OR ラブ OR エアサロンパス OR モーラス OR ナボリン OR パップ OR 久光)
45340,４５３４０,持田製薬,持田製薬 / 持田 / モチダ / フレディ / フレディCC / アトラント / アトラントクリーム / フレディメディカル / フレディスキンケア,5,医薬品,(持田製薬 OR 持田 OR モチダ OR フレディ OR フレディCC OR アトラント OR アトラントクリーム OR フレディメディカル OR フレディスキンケア)
45360,４５３６０,参天製薬,参天製薬 / サンテ / サンテFX / サンテドウ / サンテ40 / サンテPC / サンテメディカル / サンテピュア / サンテアルフレッシュ / 参天,5,医薬品,(参天製薬 OR サンテ OR サンテFX OR サンテドウ OR サンテPC OR サンテメディカル OR サンテピュア OR サンテアルフレッシュ OR 参天) | (サンテ40)
45380,４５３８０,扶桑薬品工業,扶桑薬品工業 / 扶桑薬品 / Fuso Pharmaceutical / アクアセル / アクアセルAG / アクアセルフォーム / アクアセルフォームAG / アクアセルフォームAG+,5,医薬品,(扶桑薬品工業 OR 扶桑薬品 OR Fuso OR Pharmaceutical OR アクアセル OR アクアセルAG OR アクアセルフォーム OR アクアセルフォームAG OR アクアセルフォームAG+)
45400,４５４００,ツムラ,ツムラ / ツムラ漢方 / バスクリン / ツムラのくすり / ツムラ製薬 / 漢方薬 / ツムラの漢方 / ツムラの健康食品 / ツムラの入浴剤,5,医薬品,(ツムラ OR ツムラ漢方 OR バスクリン OR ツムラのくすり OR ツムラ製薬 OR 漢方薬 OR ツムラの漢方 OR ツムラの健康食品 OR ツムラの入浴剤)
45430,４５４３０,テルモ,テルモ / TERUMO / カテーテル / シリンジ / 血糖測定器 / デジタル体温計 / セーフティーニードル / ハートシート / オキシフロー,9,電機・精密,(テルモ OR TERUMO OR カテーテル OR シリンジ OR 血糖測定器 OR デジタル体温計 OR セーフティーニードル OR ハートシート OR オキシフロー)
45440,４５４４０,Ｈ．Ｕ．グループホールディングス,Ｈ．Ｕ．グループホールディングス / H.U.グループ / エイチ・ユー・グループ / 富士レビオ / SRL / 株式会社エスアールエル / 株式会社富士レビオ / プレシジョン・システム・サイエンス / PSS / Ｈ．Ｕ．グループ / Ｈ．Ｕ．グループHD,10,情報通信・サービスその他,(Ｈ．Ｕ．グループホールディングス OR H.U.グループ OR エイチ OR ユー OR 富士レビオ OR SRL OR 株式会社エスアールエル OR 株式会社富士レビオ OR プレシジョン OR サイエンス OR PSS OR Ｈ．Ｕ．グループ OR Ｈ．Ｕ．グループHD)
45470,４５４７０,キッセイ薬品工業,キッセイ薬品工業 / キッセイ / Kissei / グルファスト / ピオグリタゾン / アクトス / エビリファイ / アジルバ / キッセイ薬品,5,医薬品,(キッセイ薬品工業 OR キッセイ OR Kissei OR グルファスト OR ピオグリタゾン OR アクトス OR エビリファイ OR アジルバ OR キッセイ薬品)
45480,４５４８０,生化学工業,生化学工業 / バイオケミカル / ヒアルロン酸 / アルツ / アルツディスポ / ジュリア / バイオロン / ヒアレイン / バイオシン / 生化学,5,医薬品,(生化学工業 OR バイオケミカル OR ヒアルロン酸 OR アルツ OR アルツディスポ OR ジュリア OR バイオロン OR ヒアレイン OR バイオシン OR 生化学)
45490,４５４９０,栄研化学,栄研化学 / 栄研 / Eiken / Eiken Chemical / ラピッドテスト / フェカルカルプロテクチン / プロカルシトニン / イムノクロマト法 / 微生物検査,5,医薬品,(栄研化学 OR 栄研 OR Eiken OR Chemical OR ラピッドテスト OR フェカルカルプロテクチン OR プロカルシトニン OR イムノクロマト法 OR 微生物検査)
45510,４５５１０,鳥居薬品,鳥居薬品 / トリヤク / トリヤク製薬 / トリヤクファーマ / トリヤクヘルス / トリヤクメディカル / トリヤク製品 / トリヤクブランド / トリヤク薬品,5,医薬品,(鳥居薬品 OR トリヤク OR トリヤク製薬 OR トリヤクファーマ OR トリヤクヘルス OR トリヤクメディカル OR トリヤク製品 OR トリヤクブランド OR トリヤク薬品)
45520,４５５２０,ＪＣＲファーマ,JCRファーマ / JCR / テムセル / グロウジェクト / メルクロン / アイソレックス / エリスロポエチン / アルプロスタジル / エポエチンアルファ,5,医薬品,(JCRファーマ OR JCR OR テムセル OR グロウジェクト OR メルクロン OR アイソレックス OR エリスロポエチン OR アルプロスタジル OR エポエチンアルファ)
45530,４５５３０,東和薬品,,5,医薬品,
45540,４５５４０,富士製薬工業,富士製薬工業 / 富士製薬 / 富士薬 / フジセイ / フジ製薬 / フジ薬 / フジメディカル / フジファーマ / フジヘルスケア,5,医薬品,(富士製薬工業 OR 富士製薬 OR 富士薬 OR フジセイ OR フジ製薬 OR フジ薬 OR フジメディカル OR フジファーマ OR フジヘルスケア)
45590,４５５９０,ゼリア新薬工業,ゼリア新薬工業 / ヘパリーゼ / コンドロイチン / アロパノール / プレフェミン / アサコール / プロマック / ゼリア / 新薬 / ゼリア新薬,5,医薬品,(ゼリア新薬工業 OR ヘパリーゼ OR コンドロイチン OR アロパノール OR プレフェミン OR アサコール OR プロマック OR ゼリア OR 新薬 OR ゼリア新薬)
45650,４５６５０,ネクセラファーマ,,5,医薬品,
45680,４５６８０,第一三共,第一三共 / 4568 / DAIICHI SANKYO / オルメテック / ネキシウム / ラニナミビル / エフィエント / モルヌピラビル / ルラシドン,5,医薬品,(第一三共 OR DAIICHI OR SANKYO OR オルメテック OR ネキシウム OR ラニナミビル OR エフィエント OR モルヌピラビル OR ルラシドン)
45690,４５６９０,杏林製薬,杏林製薬 / キョーリン / キョーリン製薬 / MUCODYNE（ムコダイン） / CLARITH（クラリス） / KYORIN / キョーリン製薬ホールディングス / キョーリン製薬工業 / キョーリン製薬グループ / 杏林,5,医薬品,(杏林製薬 OR キョーリン OR キョーリン製薬 OR MUCODYNE（ムコダイン） OR CLARITH（クラリス） OR KYORIN OR キョーリン製薬ホールディングス OR キョーリン製薬工業 OR キョーリン製薬グループ OR 杏林)
45740,４５７４０,大幸薬品,大幸薬品 / 正露丸 / セイロガン / クレベリン / クレベ＆アンド / パブロン / セイロガン糖衣A / セイロガン糖衣 / セイロガン細粒,5,医薬品,(大幸薬品 OR 正露丸 OR セイロガン OR クレベリン OR クレベ＆アンド OR パブロン OR セイロガン糖衣A OR セイロガン糖衣 OR セイロガン細粒)
45770,４５７７０,ダイト,,5,医薬品,
45780,４５７８０,大塚ホールディングス,大塚ホールディングス / 大塚製薬 / ポカリスエット / オロナミンC / カロリーメイト / SOYJOY / ボンカレー / ネイチャーメイド / クリスタルガイザー / 大塚 / 大塚HD,5,医薬品,(大塚ホールディングス OR 大塚製薬 OR ポカリスエット OR オロナミンC OR カロリーメイト OR SOYJOY OR ボンカレー OR ネイチャーメイド OR クリスタルガイザー OR 大塚 OR 大塚HD)
45870,４５８７０,ペプチドリーム,ペプチドリーム / ペプチド / PD / ペプドリ / PDR / ペプチドリーム株式会社 / PeptiDream / ペプチスター / ペプチバリュー,5,医薬品,(ペプチドリーム OR ペプチド OR PD OR ペプドリ OR PDR OR ペプチドリーム株式会社 OR PeptiDream OR ペプチスター OR ペプチバリュー)
46110,４６１１０,大日本塗料,,4,素材・化学,
46120,４６１２０,日本ペイントホールディングス,日本ペイントホールディングス / 日本ペイント / ニッペ / NIPPON PAINT / NIPPE / パーフェクトトップ / ファインウレタン / ハイポン / 日本ペイントHD,4,素材・化学,(日本ペイントホールディングス OR 日本ペイント OR ニッペ OR NIPPON OR PAINT OR NIPPE OR パーフェクトトップ OR ファインウレタン OR ハイポン OR 日本ペイントHD)
46130,４６１３０,関西ペイント,関西ペイント / カンペ / アクア / レビオス / アレス / パワーシリコン / セラMフッ素 / アクアシリコン,4,素材・化学,(関西ペイント OR カンペ OR アクア OR レビオス OR アレス OR パワーシリコン OR セラMフッ素 OR アクアシリコン)
46170,４６１７０,中国塗料,中国塗料 / チュウツ / チュウゴクトリョウ / チュウトリ / チュウト / チュウゴクペイント / チュウペ / チュウゴク塗料 / チュウゴクブランド,4,素材・化学,(中国塗料 OR チュウツ OR チュウゴクトリョウ OR チュウトリ OR チュウト OR チュウゴクペイント OR チュウペ OR チュウゴク塗料 OR チュウゴクブランド)
46200,４６２００,藤倉化成,藤倉化成 / フジクラ / フジクラケミカル / フジクラグループ / フジクラコーティング / フジクラペイント,4,素材・化学,(藤倉化成 OR フジクラ OR フジクラケミカル OR フジクラグループ OR フジクラコーティング OR フジクラペイント)
46260,４６２６０,太陽ホールディングス,太陽ホールディングス / 太陽インク / 太陽 / 太陽HD / 太陽ホールディングス株式会社 / 太陽インキ / 太陽グループ / 太陽インクス / 太陽化学,4,素材・化学,(太陽ホールディングス OR 太陽インク OR 太陽 OR 太陽HD OR 太陽ホールディングス株式会社 OR 太陽インキ OR 太陽グループ OR 太陽インクス OR 太陽化学)
46310,４６３１０,ＤＩＣ,大日本インキ化学工業 / DIC株式会社 / DICグループ / DICカラー / DICインク / DIC樹脂 / DICフィルム / DICコーティング / DICピグメント,4,素材・化学,(大日本インキ化学工業 OR DIC株式会社 OR DICグループ OR DICカラー OR DICインク OR DIC樹脂 OR DICフィルム OR DICコーティング OR DICピグメント)
46330,４６３３０,サカタインクス,サカタインクス / INX / サカタインク / サカタインクス株式会社 / サカタインクスグループ / サカタインクス製品 / サカタインクスブランド / サカタインクスインク,4,素材・化学,(サカタインクス OR INX OR サカタインク OR サカタインクス株式会社 OR サカタインクスグループ OR サカタインクス製品 OR サカタインクスブランド OR サカタインクスインク)
46340,４６３４０,ａｒｔｉｅｎｃｅ,,4,素材・化学,
46410,４６４１０,アルプス技研,アルプス技研 / アルプス / ALPS / 技研 / Alps Giken / Alps技研 / Alps Engineering / AGK / アルプスエンジニアリング,10,情報通信・サービスその他,(アルプス技研 OR アルプス OR ALPS OR 技研 OR Alps OR Giken OR Alps技研 OR Engineering OR AGK OR アルプスエンジニアリング)
46510,４６５１０,サニックス,サニックス / SANIX / 太陽光発電システム / リサイクル事業 / エネルギーサービス / 環境保全,10,情報通信・サービスその他,(サニックス OR SANIX OR 太陽光発電システム OR リサイクル事業 OR エネルギーサービス OR 環境保全)
46580,４６５８０,日本空調サービス,日本空調サービス / 日空 / 日本空調 / 空調サービス / NKSサービス / 日本空調システム / 空調メンテナンス / 日空サービス,10,情報通信・サービスその他,(日本空調サービス OR 日空 OR 日本空調 OR 空調サービス OR NKSサービス OR 日本空調システム OR 空調メンテナンス OR 日空サービス)
46610,４６６１０,オリエンタルランド,オリエンタルランド / OLC / 東京ディズニーランド / 東京ディズニーシー / ディズニーリゾート / TDR / ディズニーホテル / イクスピアリ / 舞浜アンフィシアター,10,情報通信・サービスその他,(オリエンタルランド OR OLC OR 東京ディズニーランド OR 東京ディズニーシー OR ディズニーリゾート OR TDR OR ディズニーホテル OR イクスピアリ OR 舞浜アンフィシアター)
46620,４６６２０,フォーカスシステムズ,フォーカスシステムズ / フォーカス / フォーカスシス / FCS / フォーカスシステムズ株式会社 / フォーカスシステムズ株 / フォーカスシステムズグループ / フォーカスシステムズ製品 / フォーカスブランド,10,情報通信・サービスその他,(フォーカスシステムズ OR フォーカス OR フォーカスシス OR FCS OR フォーカスシステムズ株式会社 OR フォーカスシステムズ株 OR フォーカスシステムズグループ OR フォーカスシステムズ製品 OR フォーカスブランド)
46650,４６６５０,ダスキン,ダスキン / ミスタードーナツ / ミスド / ダスキンメリーメイド / ダスキンレントオール / ダスキンヘルスレント / ダスキンユニフォームサービス / ダスキンライフケア / ダスキンケアサービス,10,情報通信・サービスその他,(ダスキン OR ミスタードーナツ OR ミスド OR ダスキンメリーメイド OR ダスキンレントオール OR ダスキンヘルスレント OR ダスキンユニフォームサービス OR ダスキンライフケア OR ダスキンケアサービス)
46660,４６６６０,パーク２４,パーク２４ / タイムズ / タイムズカー / タイムズパーキング / タイムズクラブ / タイムズカープラス / タイムズレンタカー / タイムズカーシェア / タイムズビジネスサービス,17,不動産,(タイムズ OR タイムズカー OR タイムズパーキング OR タイムズクラブ OR タイムズカープラス OR タイムズレンタカー OR タイムズカーシェア OR タイムズビジネスサービス) | (パーク２４)
46680,４６６８０,明光ネットワークジャパン,明光ネットワークジャパン / 明光義塾 / 明光 / Meiko / Meiko Gijuku / 明光ネット / 明光ネットワーク / 明光ネットジャパン / 明光塾,10,情報通信・サービスその他,(明光ネットワークジャパン OR 明光義塾 OR 明光 OR Meiko OR Gijuku OR 明光ネット OR 明光ネットワーク OR 明光ネットジャパン OR 明光塾)
46710,４６７１０,ファルコホールディングス,ファルコ / ファルコHD,10,情報通信・サービスその他,(ファルコ OR ファルコHD)
46740,４６７４０,クレスコ,クレスコ / CRESCO / クレスコ株式会社 / Cresco / Cresco Tech / Cresco Solutions / Cresco IT / Cresco Services / Cresco Innovations,10,情報通信・サービスその他,(クレスコ OR CRESCO OR クレスコ株式会社 OR Cresco OR Tech OR Solutions OR IT OR Services OR Innovations)
46760,４６７６０,フジ・メディア・ホールディングス,フジ・メディア・ホールディングス / フジテレビ / FNN / FNS / フジサンケイグループ / フジHD / フジメディア / フジネットワーク / フジ・メディア・ / フジ・メディア・HD,10,情報通信・サービスその他,(フジ OR メディア OR フジテレビ OR FNN OR FNS OR フジサンケイグループ OR フジHD OR フジメディア OR フジネットワーク OR HD)
46800,４６８００,ラウンドワン,ラウンドワン / ラウワン / ROUND1 / スポッチャ / ボウリング / カラオケ / ゲームセンター / ビリヤード,10,情報通信・サービスその他,(ラウンドワン OR ラウワン OR スポッチャ OR ボウリング OR カラオケ OR ゲームセンター OR ビリヤード) | (ROUND1)
46810,４６８１０,リゾートトラスト,リゾートトラスト / 4681 / エクシブ / サンメンバーズ / ベイコート倶楽部 / トラスティ / ホテルトラスティ / ホテルラフォーレ / ラグーナベイコート倶楽部 / セントレアホテル,10,情報通信・サービスその他,(リゾートトラスト OR エクシブ OR サンメンバーズ OR ベイコート倶楽部 OR トラスティ OR ホテルトラスティ OR ホテルラフォーレ OR ラグーナベイコート倶楽部 OR セントレアホテル)
46840,４６８４０,オービック,オービック / OBIC7 / OBIC / OBIC Business Consultant / OBIC7 Enterprise / OBIC7 HR / OBIC7 Accounting / OBIC7 Sales / OBIC7 Manufacturing,10,情報通信・サービスその他,(オービック OR OBIC OR Business OR Consultant OR Enterprise OR HR OR Accounting OR Sales OR Manufacturing) | (OBIC7)
46860,４６８６０,ジャストシステム,ジャストシステム / 一太郎 / ATOK / ジャストホーム / ジャストスマイル / 花子 / JUST Office / JUST PDF / ジャストジャンプ,10,情報通信・サービスその他,(ジャストシステム OR 一太郎 OR ATOK OR ジャストホーム OR ジャストスマイル OR 花子 OR JUST OR Office OR PDF OR ジャストジャンプ)
46870,４６８７０,ＴＤＣソフト,,10,情報通信・サービスその他,
46890,４６８９０,ＬＩＮＥヤフー,LINEヤフー / ZHD / LINE / ヤフー / LINE証券 / LINE Pay / Zフィナンシャル,10,情報通信・サービスその他,(LINEヤフー OR ZHD OR LINE OR ヤフー OR LINE証券 OR Pay OR Zフィナンシャル)
46940,４６９４０,ビー・エム・エル,,10,情報通信・サービスその他,
47040,４７０４０,トレンドマイクロ,トレンドマイクロ / ウイルスバスター / Trend Micro / ウイルスバスタークラウド / Deep Security / Apex One / OfficeScan / InterScan / Smart Protection Network,10,情報通信・サービスその他,(トレンドマイクロ OR ウイルスバスター OR Trend OR Micro OR ウイルスバスタークラウド OR Deep OR Security OR Apex OR One OR OfficeScan OR InterScan OR Smart OR Protection OR Network)
47090,４７０９０,ＩＤホールディングス,ＩＤ / ＩＤHD,10,情報通信・サービスその他,(ＩＤHD) | (ＩＤ)
47140,４７１４０,リソー教育,リソー教育 / TOMEIKAI / Shingakai / Meimonkai / TOMEI / TOMAS / TOMAS Gym / TOMAS English / TOMAS Science,10,情報通信・サービスその他,(リソー教育 OR TOMEIKAI OR Shingakai OR Meimonkai OR TOMEI OR TOMAS OR Gym OR English OR Science)
47160,４７１６０,日本オラクル,日本オラクル / Oracle Cloud / Oracle Database / Oracle ERP / Oracle Fusion / Oracle NetSuite / Oracle Java / Oracle Analytics / Oracle Autonomous Database,10,情報通信・サービスその他,(日本オラクル OR Oracle OR Cloud OR Database OR ERP OR Fusion OR NetSuite OR Java OR Analytics OR Autonomous)
47180,４７１８０,早稲田アカデミー,,10,情報通信・サービスその他,
47190,４７１９０,アルファシステムズ,アルファシステムズ / アルファ / Alpha Systems / ALPHA / アルファシステムズ株式会社 / Alpha / ALPHA SYSTEMS / アルファソフト / アルファテクノロジー,10,情報通信・サービスその他,(アルファシステムズ OR アルファ OR Alpha OR Systems OR ALPHA OR アルファシステムズ株式会社 OR SYSTEMS OR アルファソフト OR アルファテクノロジー)
47220,４７２２０,フューチャー,フューチャー / FUTURE / フューチャーアーキテクト / FA / Future Architect / フューチャー株式会社 / フューチャーグループ / フューチャーソリューション / フューチャーイノベーション,10,情報通信・サービスその他,(フューチャー OR FUTURE OR フューチャーアーキテクト OR FA OR Future OR Architect OR フューチャー株式会社 OR フューチャーグループ OR フューチャーソリューション OR フューチャーイノベーション)
47250,４７２５０,ＣＡＣ　Ｈｏｌｄｉｎｇｓ,ＣＡＣ / ＣＡＣホールディングス / ＣＡＣグループ / CAC Holdings / CAC HD / CAC株式会社 / CAC製品 / CACサービス / CACブランド,10,情報通信・サービスその他,(ＣＡＣホールディングス OR ＣＡＣグループ OR CAC OR Holdings OR HD OR CAC株式会社 OR CAC製品 OR CACサービス OR CACブランド) | (ＣＡＣ)
47320,４７３２０,ユー・エス・エス,ユー・エス・エス / USS / USSオークション / USSネットワーク / USSグループ / USS中古車オークション / USSジャパン / USSサービス / USSプラットフォーム,10,情報通信・サービスその他,(ユー OR エス OR USS OR USSオークション OR USSネットワーク OR USSグループ OR USS中古車オークション OR USSジャパン OR USSサービス OR USSプラットフォーム)
47330,４７３３０,オービックビジネスコンサルタント,オービックビジネスコンサルタント / OBC / 勘定奉行 / 給与奉行 / 商奉行 / 奉行シリーズ / OBC奉行 / 奉行V / 奉行クラウド,10,情報通信・サービスその他,(オービックビジネスコンサルタント OR OBC OR 勘定奉行 OR 給与奉行 OR 商奉行 OR 奉行シリーズ OR OBC奉行 OR 奉行V OR 奉行クラウド)
47430,４７４３０,アイティフォー,,10,情報通信・サービスその他,
47450,４７４５０,東京個別指導学院,東京個別指導学院 / 東京個別 / 個別指導 / TKG / ベネッセグループ / 個別指導学院 / 東京個別学院 / 個別指導塾 / 個別指導スクール,10,情報通信・サービスその他,(東京個別指導学院 OR 東京個別 OR 個別指導 OR TKG OR ベネッセグループ OR 個別指導学院 OR 東京個別学院 OR 個別指導塾 OR 個別指導スクール)
47460,４７４６０,東計電算,,10,情報通信・サービスその他,
47510,４７５１０,サイバーエージェント,サイバーエージェント / 4751 / AbemaTV / Ameba / Amebaブログ / WINTICKET / AbemaNews / Abemaビデオ / Abemaラジオ / Abemaプレミアム,10,情報通信・サービスその他,(サイバーエージェント OR AbemaTV OR Ameba OR Amebaブログ OR WINTICKET OR AbemaNews OR Abemaビデオ OR Abemaラジオ OR Abemaプレミアム)
47550,４７５５０,楽天グループ,楽天 / 楽天市場 / 楽天銀行 / 楽天証券 / 楽天モバイル / 楽天トラベル / 楽天G,10,情報通信・サービスその他,(楽天 OR 楽天市場 OR 楽天銀行 OR 楽天証券 OR 楽天モバイル OR 楽天トラベル OR 楽天G)
47630,４７６３０,クリーク・アンド・リバー社,クリーク・アンド・リバー社 / C&R社 / クリーク社 / CREEK / C&R / C&R Creative / C&R Solutions / C&R Media / C&R Entertainment,10,情報通信・サービスその他,(クリーク OR アンド OR リバー社 OR C&R社 OR クリーク社 OR CREEK OR C&R OR Creative OR Solutions OR Media OR Entertainment)
47650,４７６５０,ＳＢＩグローバルアセットマネジメント,SBIアセット / グローバルアセット / SBI資産管理 / SBI投資 / グローバル,10,情報通信・サービスその他,(SBIアセット OR グローバルアセット OR SBI資産管理 OR SBI投資 OR グローバル)
47670,４７６７０,テー・オー・ダブリュー,テー・オー・ダブリュー / TOW / テーオーダブリュー / TOW株式会社 / TOW Co. / Ltd. / TOWグループ / TOWイベント / TOWプロジェクト / TOWマーケティング,10,情報通信・サービスその他,(テー OR オー OR ダブリュー OR TOW OR テーオーダブリュー OR TOW株式会社 OR Co. OR Ltd. OR TOWグループ OR TOWイベント OR TOWプロジェクト OR TOWマーケティング)
47680,４７６８０,大塚商会,大塚商会 / たのめーる / SMILE / AlphaOffice / ActiBook / eValue NS / CACHATTO / TOSMART / TACTICIAN,10,情報通信・サービスその他,(大塚商会 OR たのめーる OR SMILE OR AlphaOffice OR ActiBook OR eValue OR NS OR CACHATTO OR TOSMART OR TACTICIAN)
47760,４７７６０,サイボウズ,サイボウズ / kintone / Garoon / サイボウズ Office / Cybozu Live / サイボウズデイズ / Cybozu KUN / サイボウズスタートアップ / Cybozu.com,10,情報通信・サービスその他,(サイボウズ OR kintone OR Garoon OR Office OR Cybozu OR Live OR サイボウズデイズ OR KUN OR サイボウズスタートアップ OR Cybozu.com)
47920,４７９２０,山田コンサルティンググループ,山田コンサルティング / 山田コンサルティングG,10,情報通信・サービスその他,(山田コンサルティング OR 山田コンサルティングG)
48010,４８０１０,セントラルスポーツ,セントラルスポーツ / セントラルフィットネス / セントラルウェルネス / セントラルキッズ / セントラルスイミング / セントラルジム / セントラルヨガ / セントラルダンス,10,情報通信・サービスその他,(セントラルスポーツ OR セントラルフィットネス OR セントラルウェルネス OR セントラルキッズ OR セントラルスイミング OR セントラルジム OR セントラルヨガ OR セントラルダンス)
48090,４８０９０,パラカ,,17,不動産,
48120,４８１２０,電通総研,,10,情報通信・サービスその他,
48130,４８１３０,ＡＣＣＥＳＳ,ACCESS / アクセス / NetFront / NetFront Browser / NetFront Agent / NetFront FlexUI / NetFront Living Connect / ACCESS Twine / PUBLUS,10,情報通信・サービスその他,(ACCESS OR アクセス OR NetFront OR Browser OR Agent OR FlexUI OR Living OR Connect OR Twine OR PUBLUS)
48190,４８１９０,デジタルガレージ,デジタルガレージ / DG / デジガレ / DG Lab / Kaizen Platform / Open Network Lab / DG Ventures / DGフィナンシャルテクノロジー / DGコミュニケーションズ,10,情報通信・サービスその他,(デジタルガレージ OR DG OR デジガレ OR Lab OR Kaizen OR Platform OR Open OR Network OR Ventures OR DGフィナンシャルテクノロジー OR DGコミュニケーションズ)
48200,４８２００,イーエムシステムズ,,10,情報通信・サービスその他,
48250,４８２５０,ウェザーニューズ,ウェザーニューズ / WNI / ウェザーニュース / ウェザーニュースタッチ / SOLiVE24 / ウェザーニュースLiVE / ウェザーニュースアプリ / ウェザーニュースキャスター / ウェザーニュースチャンネル,10,情報通信・サービスその他,(ウェザーニューズ OR WNI OR ウェザーニュース OR ウェザーニュースタッチ OR ウェザーニュースLiVE OR ウェザーニュースアプリ OR ウェザーニュースキャスター OR ウェザーニュースチャンネル) | (SOLiVE24)
48260,４８２６０,ＣＩＪ,,10,情報通信・サービスその他,
48280,４８２８０,ビジネスエンジニアリング,,10,情報通信・サービスその他,
48390,４８３９０,ＷＯＷＯＷ,WOWOW / WOW / ワウワウ / 4839 / WOWOWオンデマンド / WOWOWプライム / WOWOWライブ / WOWOWシネマ / WOWOWメンバーズオンデマンド / WOWOWステージ,10,情報通信・サービスその他,(WOWOW OR WOW OR ワウワウ OR WOWOWオンデマンド OR WOWOWプライム OR WOWOWライブ OR WOWOWシネマ OR WOWOWメンバーズオンデマンド OR WOWOWステージ)
48450,４８４５０,スカラ,,10,情報通信・サービスその他,
48480,４８４８０,フルキャストホールディングス,フルキャストホールディングス / フルキャスト / FCホールディングス / フルキャストグループ / フルキャストHD / フルキャストサービス / フルキャストジョブ / フルキャストワーク,10,情報通信・サービスその他,(フルキャストホールディングス OR フルキャスト OR FCホールディングス OR フルキャストグループ OR フルキャストHD OR フルキャストサービス OR フルキャストジョブ OR フルキャストワーク)
48490,４８４９０,エン・ジャパン,エン・ジャパン / エン転職 / AMBI / エン派遣 / エンエージェント / エンカレッジ / エンジニアHub / エン転職ウーマン,10,情報通信・サービスその他,(エン OR ジャパン OR エン転職 OR AMBI OR エン派遣 OR エンエージェント OR エンカレッジ OR エンジニアHub OR エン転職ウーマン)
48800,４８８００,セルソース,セルソース / セルソ / セルソース株式会社 / セルソースジャパン / セルソースバイオ / セルソースメディカル / セルソーステクノロジー / セルソースラボ / セルソースプロダクト,5,医薬品,(セルソース OR セルソ OR セルソース株式会社 OR セルソースジャパン OR セルソースバイオ OR セルソースメディカル OR セルソーステクノロジー OR セルソースラボ OR セルソースプロダクト)
48860,４８８６０,あすか製薬ホールディングス,あすか製薬 / あすか製薬HD,5,医薬品,(あすか製薬 OR あすか製薬HD)
48870,４８８７０,サワイグループホールディングス,サワイグループホールディングス / サワイ / Sawai / SAV / サワイ製薬 / SAVAY / SAVAYブランド / サワイジェネリック / サワイファーマ / サワイグループ / サワイグループHD,5,医薬品,(サワイグループホールディングス OR サワイ OR Sawai OR SAV OR サワイ製薬 OR SAVAY OR SAVAYブランド OR サワイジェネリック OR サワイファーマ OR サワイグループ OR サワイグループHD)
49010,４９０１０,富士フイルムホールディングス,富士フイルム / 富士フイルムホールディングス / FUJIFILM / アスタリフト / インスタントカメラ チェキ / Xシリーズ / フジノン / フジカラー / フジフィルム / 富士フイルムHD,4,素材・化学,(富士フイルム OR 富士フイルムホールディングス OR FUJIFILM OR アスタリフト OR インスタントカメラ OR チェキ OR Xシリーズ OR フジノン OR フジカラー OR フジフィルム OR 富士フイルムHD)
49020,４９０２０,コニカミノルタ,コニカミノルタ / コニカ / ミノルタ / bizhub / Accurio / Planetarium / SpectraMagic / AeroDR / MOBOTIX,9,電機・精密,(コニカミノルタ OR コニカ OR ミノルタ OR bizhub OR Accurio OR Planetarium OR SpectraMagic OR AeroDR OR MOBOTIX)
49110,４９１１０,資生堂,資生堂 / SHISEIDO / マキアージュ / エリクシール / アネッサ / クレ・ド・ポー ボーテ / ウィノア / dプログラム / ベネフィーク,4,素材・化学,(資生堂 OR SHISEIDO OR マキアージュ OR エリクシール OR アネッサ OR クレ OR ポー OR ボーテ OR ウィノア OR dプログラム OR ベネフィーク)
49120,４９１２０,ライオン,ライオン / クリニカ / システマ / チェックアップ / デントヘルス / Ban / ソフラン / キレイキレイ / トップ,4,素材・化学,(ライオン OR クリニカ OR システマ OR チェックアップ OR デントヘルス OR Ban OR ソフラン OR キレイキレイ OR トップ)
49140,４９１４０,高砂香料工業,高砂香料工業 / Takasago / タカサゴ / 高砂香料,4,素材・化学,(高砂香料工業 OR Takasago OR タカサゴ OR 高砂香料)
49170,４９１７０,マンダム,マンダム / ギャツビー / ルシード / バリアリペア / ビフェスタ / ピアー / ウーノ / セルフカット / マンダムコーポレーション,4,素材・化学,(マンダム OR ギャツビー OR ルシード OR バリアリペア OR ビフェスタ OR ピアー OR ウーノ OR セルフカット OR マンダムコーポレーション)
49190,４９１９０,ミルボン,ミルボン / MILBON / オルディーブ / プラーミア / ジェミールフラン / クロナ / ヴィラロドラ / エルジューダ / インフェノム,4,素材・化学,(ミルボン OR MILBON OR オルディーブ OR プラーミア OR ジェミールフラン OR クロナ OR ヴィラロドラ OR エルジューダ OR インフェノム)
49220,４９２２０,コーセー,コーセー / 雪肌精 / ジルスチュアート / コスメデコルテ / アディクション / ヴィセ / エスプリーク / ファシオ / プレディア,4,素材・化学,(コーセー OR 雪肌精 OR ジルスチュアート OR コスメデコルテ OR アディクション OR ヴィセ OR エスプリーク OR ファシオ OR プレディア)
49230,４９２３０,コタ,,4,素材・化学,
49270,４９２７０,ポーラ・オルビスホールディングス,ポーラ・オルビスホールディングス / ポーラ / オルビス / POLA / ORBIS / THREE / アペックス / ディセンシア / ジュリーク / ポーラ・オルビス / ポーラ・オルビスHD,4,素材・化学,(ポーラ OR オルビスホールディングス OR オルビス OR POLA OR ORBIS OR THREE OR アペックス OR ディセンシア OR ジュリーク OR オルビスHD)
49280,４９２８０,ノエビアホールディングス,ノエビア / ノエビアホールディングス / ノエビア化粧品 / サナ / ノエビアグループ / ノエビアスタジオ / ノエビアファーム / ノエビアメディカル / ノエビアリゾート / ノエビアHD,4,素材・化学,(ノエビア OR ノエビアホールディングス OR ノエビア化粧品 OR サナ OR ノエビアグループ OR ノエビアスタジオ OR ノエビアファーム OR ノエビアメディカル OR ノエビアリゾート OR ノエビアHD)
49310,４９３１０,新日本製薬,新日本製薬 / パーフェクトワン / パーフェクトワン薬用ホワイトニングジェル / パーフェクトワンクレンジングバーム / パーフェクトワンモイスチャージェル / パーフェクトワンリンクルストレッチジェル / パーフェクトワンCCクリーム / パーフェクトワン薬用リンクルストレッチジェル / パーフェクトワン薬用リンクルストレッチジェルEX / 新日本,4,素材・化学,(新日本製薬 OR パーフェクトワン OR パーフェクトワン薬用ホワイトニングジェル OR パーフェクトワンクレンジングバーム OR パーフェクトワンモイスチャージェル OR パーフェクトワンリンクルストレッチジェル OR パーフェクトワンCCクリーム OR パーフェクトワン薬用リンクルストレッチジェル OR パーフェクトワン薬用リンクルストレッチジェルEX OR 新日本)
49330,４９３３０,Ｉ−ｎｅ,Ｉ−ｎｅ / BOTANIST / SALONIA / SKINCARE LOUNGE BY BOTANIST / YOLU / LIPOWER / LUMIELINA / REFLE / HAIR RECIPE,4,素材・化学,(BOTANIST OR SALONIA OR SKINCARE OR LOUNGE OR BY OR YOLU OR LIPOWER OR LUMIELINA OR REFLE OR HAIR OR RECIPE) | (Ｉ−ｎｅ)
49360,４９３６０,アクシージア,アクシージア / AGtheory / Beauty Eyes / Venus Recipe / White Aminos / Enzyme Diet / AG Drink / AG Eyes / AG Drink EX,4,素材・化学,(アクシージア OR AGtheory OR Beauty OR Eyes OR Venus OR Recipe OR White OR Aminos OR Enzyme OR Diet OR AG OR Drink OR EX)
49510,４９５１０,エステー,エステー / 消臭力 / ムシューダ / ドライペット / 消臭センサー / かおりムシューダ / 脱臭炭 / 消臭プラグ / 消臭スプレー,4,素材・化学,(エステー OR 消臭力 OR ムシューダ OR ドライペット OR 消臭センサー OR かおりムシューダ OR 脱臭炭 OR 消臭プラグ OR 消臭スプレー)
49560,４９５６０,コニシ,ボンド / ボンド木工用 / ボンドG17,4,素材・化学,(ボンド OR ボンド木工用) | (ボンドG17)
49580,４９５８０,長谷川香料,長谷川香料 / 長谷川 / HASEGAWA / 香料メーカー,4,素材・化学,(長谷川香料 OR 長谷川 OR HASEGAWA OR 香料メーカー)
49670,４９６７０,小林製薬,小林製薬 / ブルーレット / サワデー / 熱さまシート / のどぬ〜る / アイスノン / トイレその後に / ケシミンクリーム / ナイシトール / 小林,4,素材・化学,(小林製薬 OR ブルーレット OR サワデー OR 熱さまシート OR のどぬ〜る OR アイスノン OR トイレその後に OR ケシミンクリーム OR ナイシトール OR 小林)
49680,４９６８０,荒川化学工業,荒川化学工業 / 荒川化学 / Arakawa Chemical / アラカワ / アラカワケミカル / アラカワ化学 / ピネックス / アラカワバイオ / アラカワポリマー,4,素材・化学,(荒川化学工業 OR 荒川化学 OR Arakawa OR Chemical OR アラカワ OR アラカワケミカル OR アラカワ化学 OR ピネックス OR アラカワバイオ OR アラカワポリマー)
49710,４９７１０,メック,メック / MEC / メック株式会社 / MEC Company Ltd. / BPS / V-Bond / MCF,4,素材・化学,(メック OR MEC OR メック株式会社 OR Company OR Ltd. OR BPS OR V-Bond OR MCF)
49730,４９７３０,日本高純度化学,,4,素材・化学,
49740,４９７４０,タカラバイオ,タカラバイオ / Takara / Takara Bio / Clontech / TaKaRa / TaKaRa Bio / PrimeSTAR / In-Fusion / SMARTer,4,素材・化学,(タカラバイオ OR Takara OR Bio OR Clontech OR TaKaRa OR PrimeSTAR OR In-Fusion OR SMARTer)
49750,４９７５０,ＪＣＵ,JCU / メッキ薬品 / 表面処理技術 / エレクトロニクス材料 / 環境対応型製品 / プリント基板用薬品 / 電子部品用薬品 / 工業用薬品 / 環境保護技術,4,素材・化学,(JCU OR メッキ薬品 OR 表面処理技術 OR エレクトロニクス材料 OR 環境対応型製品 OR プリント基板用薬品 OR 電子部品用薬品 OR 工業用薬品 OR 環境保護技術)
49790,４９７９０,ＯＡＴアグリオ,ＯＡＴアグリオ / オーエーティーアグリオ / OAT / アグリオ / OATアグリオ / OAT Agrio / アグリオ製品 / 植物保護剤,4,素材・化学,(ＯＡＴアグリオ OR オーエーティーアグリオ OR OAT OR アグリオ OR OATアグリオ OR Agrio OR アグリオ製品 OR 植物保護剤)
49800,４９８００,デクセリアルズ,デクセリアルズ / Dexerials / アニソル / アニソルフィルム / アニソルテープ / アニソルコート / アニソルシート / アニソルバリア / アニソルプロテクト,4,素材・化学,(デクセリアルズ OR Dexerials OR アニソル OR アニソルフィルム OR アニソルテープ OR アニソルコート OR アニソルシート OR アニソルバリア OR アニソルプロテクト)
49850,４９８５０,アース製薬,アース製薬 / アースジェット / バスロマン / モンダミン / サラテクト / アースノーマット / アースガーデン / アース虫よけネット / アースおすだけノーマット / アース,4,素材・化学,(アース製薬 OR アースジェット OR バスロマン OR モンダミン OR サラテクト OR アースノーマット OR アースガーデン OR アース虫よけネット OR アースおすだけノーマット OR アース)
49920,４９９２０,北興化学工業,北興化学工業 / 北興化 / HOKKO / ホッコー / アグリサイエンス / 殺虫剤 / 除草剤 / 北興化学,4,素材・化学,(北興化学工業 OR 北興化 OR HOKKO OR ホッコー OR アグリサイエンス OR 殺虫剤 OR 除草剤 OR 北興化学)
49940,４９９４０,大成ラミック,"TAISEI LAMICK / ラミック / パウチ / フィルム / 包装材 / ラミネート / 食品包装 / 液体包装

これらは一般的な用",4,素材・化学,(TAISEI OR LAMICK OR ラミック OR パウチ OR フィルム OR 包装材 OR ラミネート OR 食品包装 OR 液体包装 OR これらは一般的な用)
49960,４９９６０,クミアイ化学工業,クミアイ化学工業 / クミアイ / KUMIAI / KUMIAI CHEMICAL / アグリスター / アグリパートナー / アグリプロ / クミアイ化学,4,素材・化学,(クミアイ化学工業 OR クミアイ OR KUMIAI OR CHEMICAL OR アグリスター OR アグリパートナー OR アグリプロ OR クミアイ化学)
49970,４９９７０,日本農薬,日本農薬 / 日農 / ニチノー / ニチノーケミカル / ニチノーグリーン / ニチノーガード / ニチノープロテクト,4,素材・化学,(日本農薬 OR 日農 OR ニチノー OR ニチノーケミカル OR ニチノーグリーン OR ニチノーガード OR ニチノープロテクト)
50110,５０１１０,ニチレキグループ,ニチレキ / ニチレキG,2,エネルギー資源,(ニチレキ OR ニチレキG)
50130,５０１３０,ユシロ化学工業,ユシロ化学工業 / ユシロ / Yushiro / YK化学 / ユシロケミカル / Yushiro Chemical / ユシロオイル / Yushiro Oil / ユシロケミカルプロダクツ / ユシロ化学,2,エネルギー資源,(ユシロ化学工業 OR ユシロ OR Yushiro OR YK化学 OR ユシロケミカル OR Chemical OR ユシロオイル OR Oil OR ユシロケミカルプロダクツ OR ユシロ化学)
50170,５０１７０,富士石油,富士石油 / 富士石油株式会社 / フジセキ / フジペトロ / フジ石油 / フジ石油製品 / フジブランド / フジオイル製品,2,エネルギー資源,(富士石油 OR 富士石油株式会社 OR フジセキ OR フジペトロ OR フジ石油 OR フジ石油製品 OR フジブランド OR フジオイル製品)
50190,５０１９０,出光興産,出光興産 / 出光 / IDEMITSU / アポロステーション / ゼプロ / ダフニ / エコパワー / 出光カード / シェルティス,2,エネルギー資源,(出光興産 OR 出光 OR IDEMITSU OR アポロステーション OR ゼプロ OR ダフニ OR エコパワー OR 出光カード OR シェルティス)
50200,５０２００,ＥＮＥＯＳホールディングス,ＥＮＥＯＳ / ENEOS / ＥＮＥＯＳホールディングス / 5020 / ＪＸＴＧ / JXTG / エネオスカード / エッソ / モービル / ゼネラル / ＥＮＥＯＳHD,2,エネルギー資源,(ENEOS OR ＥＮＥＯＳホールディングス OR JXTG OR エネオスカード OR エッソ OR モービル OR ゼネラル OR ＥＮＥＯＳHD) | (ＥＮＥＯＳ OR ＪＸＴＧ)
50210,５０２１０,コスモエネルギーホールディングス,コスモエネルギーホールディングス / コスモ / コスモ石油 / コスモエネ / コスモエネルギー / コスモガソリン / コスモザカード / コスモアースコンシャスアクト / コスモスマートビークル / コスモエネルギーHD,2,エネルギー資源,(コスモエネルギーホールディングス OR コスモ OR コスモ石油 OR コスモエネ OR コスモエネルギー OR コスモガソリン OR コスモザカード OR コスモアースコンシャスアクト OR コスモスマートビークル OR コスモエネルギーHD)
50320,５０３２０,ＡＮＹＣＯＬＯＲ,ＡＮＹＣＯＬＯＲ / にじさんじ / NIJISANJI / ANYCOLOR Inc. / ANYCOLOR株式会社 / バーチャルライバー / VTuber / エニーカラー / ANYCOLOR,10,情報通信・サービスその他,(にじさんじ OR NIJISANJI OR ANYCOLOR OR Inc. OR ANYCOLOR株式会社 OR バーチャルライバー OR VTuber OR エニーカラー) | (ＡＮＹＣＯＬＯＲ)
50740,５０７４０,テスホールディングス,テス / テスHD,3,建設・資材,(テス OR テスHD)
50760,５０７６０,インフロニア・ホールディングス,インフロニア・ / インフロニア・HD,3,建設・資材,(インフロニア OR HD)
51010,５１０１０,横浜ゴム,横浜ゴム / YOKOHAMA / ヨコハマタイヤ / ADVAN / GEOLANDAR / BluEarth / iceGUARD / PARADA / DNA S.drive,6,自動車・輸送機,(横浜ゴム OR YOKOHAMA OR ヨコハマタイヤ OR ADVAN OR GEOLANDAR OR BluEarth OR iceGUARD OR PARADA OR DNA OR S.drive)
51050,５１０５０,ＴＯＹＯ　ＴＩＲＥ,ＴＯＹＯ　ＴＩＲＥ / トーヨータイヤ / TOYO TIRES / PROXES / OPEN COUNTRY / NANOENERGY / TRANPATH / OBSERVE / DELVEX,6,自動車・輸送機,(トーヨータイヤ OR TOYO OR TIRES OR PROXES OR OPEN OR COUNTRY OR NANOENERGY OR TRANPATH OR OBSERVE OR DELVEX) | (ＴＯＹＯ OR ＴＩＲＥ)
51080,５１０８０,ブリヂストン,ブリヂストン / BS / ブリジストン / ブリヂ / ブリヂストンタイヤ / POTENZA（ポテンザ） / TURANZA（トランザ） / ALENZA（アレンザ） / ECOPIA（エコピア）,6,自動車・輸送機,(ブリヂストン OR BS OR ブリジストン OR ブリヂ OR ブリヂストンタイヤ OR POTENZA（ポテンザ） OR TURANZA（トランザ） OR ALENZA（アレンザ） OR ECOPIA（エコピア）)
51100,５１１００,住友ゴム工業,住友ゴム工業 / ダンロップ / ファルケン / エナセーブ / ル・マン / ビューロ / スタッドレスタイヤ / ゼクシオ / スリクソン / 住友ゴム,6,自動車・輸送機,(住友ゴム工業 OR ダンロップ OR ファルケン OR エナセーブ OR マン OR ビューロ OR スタッドレスタイヤ OR ゼクシオ OR スリクソン OR 住友ゴム)
51210,５１２１０,藤倉コンポジット,藤倉コンポジット / 藤倉 / フジクラ / フジコン / フジクラコンポジット,6,自動車・輸送機,(藤倉コンポジット OR 藤倉 OR フジクラ OR フジコン OR フジクラコンポジット)
51220,５１２２０,オカモト,オカモト / オカモトコンドーム / ゼロゼロスリー / ゼロワン / オカモトラテックス / オカモトゴム / オカモトプロダクツ / オカモト産業 / オカモトグループ,6,自動車・輸送機,(オカモト OR オカモトコンドーム OR ゼロゼロスリー OR ゼロワン OR オカモトラテックス OR オカモトゴム OR オカモトプロダクツ OR オカモト産業 OR オカモトグループ)
51420,５１４２０,アキレス,アキレスシューズ / アキレスソール / アキレスシート / アキレスボード / アキレスフォーム / アキレスプラスチック / アキ,4,素材・化学,(アキレスシューズ OR アキレスソール OR アキレスシート OR アキレスボード OR アキレスフォーム OR アキレスプラスチック OR アキ)
51850,５１８５０,フコク,フコクゴム / フコク株式会社 / フコクタイヤ / フコクラバー / フコク製品 / フコクブランド / フコ,6,自動車・輸送機,(フコクゴム OR フコク株式会社 OR フコクタイヤ OR フコクラバー OR フコク製品 OR フコクブランド OR フコ)
51860,５１８６０,ニッタ,,6,自動車・輸送機,
51910,５１９１０,住友理工,住友理工 / SRI / Sumitomo Riko / TRI / エスアールアイ / ダンパー / ホース / 防振ゴム,6,自動車・輸送機,(住友理工 OR SRI OR Sumitomo OR Riko OR TRI OR エスアールアイ OR ダンパー OR ホース OR 防振ゴム)
51920,５１９２０,三ツ星ベルト,,6,自動車・輸送機,
51950,５１９５０,バンドー化学,バンドー化学 / バンドー / BANDO / バンドーケミカル / バンドーテック / バンドーベルト / バンドープロダクツ / バンドーシール / バンドーエンジニアリング,6,自動車・輸送機,(バンドー化学 OR バンドー OR BANDO OR バンドーケミカル OR バンドーテック OR バンドーベルト OR バンドープロダクツ OR バンドーシール OR バンドーエンジニアリング)
52010,５２０１０,ＡＧＣ,ＡＧＣ / 旭硝子 / AGCグループ / AGCテクノグラス / AGCセラミックス / AGCエレクトロニクス / AGCケミカルズ / AGCガラス / AGCディスプレイ,3,建設・資材,(旭硝子 OR AGCグループ OR AGCテクノグラス OR AGCセラミックス OR AGCエレクトロニクス OR AGCケミカルズ OR AGCガラス OR AGCディスプレイ) | (ＡＧＣ)
52020,５２０２０,日本板硝子,日本板硝子 / NSG / 日本板硝子株式会社 / NSGグループ / Pilkington / スーパートップ / クリアフィット / クリアビュー / クリスタルビュー / ソーラーコントロール,3,建設・資材,(日本板硝子 OR NSG OR 日本板硝子株式会社 OR NSGグループ OR Pilkington OR スーパートップ OR クリアフィット OR クリアビュー OR クリスタルビュー OR ソーラーコントロール)
52080,５２０８０,有沢製作所,有沢,4,素材・化学,(有沢)
52140,５２１４０,日本電気硝子,日本電気硝子 / NEG / 日本電硝 / 電気硝子 / ネグ / EAGLE XG / EAGLE XG Slim / EAGLE XG Slim II / EAGLE XG Slim III,3,建設・資材,(日本電気硝子 OR NEG OR 日本電硝 OR 電気硝子 OR ネグ OR EAGLE OR XG OR Slim OR II OR III)
52180,５２１８０,オハラ,オハラ / OHARA / オハラガラス / アイサイト / アイサイトガラス / アイサイトレンズ / オハラレンズ / オハラ製品 / オハラブランド,3,建設・資材,(オハラ OR OHARA OR オハラガラス OR アイサイト OR アイサイトガラス OR アイサイトレンズ OR オハラレンズ OR オハラ製品 OR オハラブランド)
52320,５２３２０,住友大阪セメント,住友大阪セメント / 住セ / 大阪セメント / 住友セメント / スミトモセメント / スミセ / セメントくん / パワーセメント / スーパーセメント,3,建設・資材,(住友大阪セメント OR 住セ OR 大阪セメント OR 住友セメント OR スミトモセメント OR スミセ OR セメントくん OR パワーセメント OR スーパーセメント)
52330,５２３３０,太平洋セメント,太平洋セメント / 太セメ / PACIFIC / パシフィックセメント / 太平洋 / 太平洋ブランド / パシセメ / 太平洋ポルトランドセメント / 太平洋スラグセメント,3,建設・資材,(太平洋セメント OR 太セメ OR PACIFIC OR パシフィックセメント OR 太平洋 OR 太平洋ブランド OR パシセメ OR 太平洋ポルトランドセメント OR 太平洋スラグセメント)
52620,５２６２０,日本ヒューム,,3,建設・資材,
52690,５２６９０,日本コンクリート工業,日本コンクリート工業 / 5269 / JCI / プレキャストコンクリート / PCポール / 電柱 / コンクリート製品 / プレストレストコンクリート / PCa製品 / 日本コンクリート,3,建設・資材,(日本コンクリート工業 OR JCI OR プレキャストコンクリート OR PCポール OR 電柱 OR コンクリート製品 OR プレストレストコンクリート OR PCa製品 OR 日本コンクリート)
52730,５２７３０,三谷セキサン,,3,建設・資材,
52880,５２８８０,アジアパイルホールディングス,アジアパイルホールディングス / アジアパイル / APH / パイル / アジアパイルHD / アジアパイルホールディングス株式会社 / アジアパイルグループ / アジアパイル製品 / アジアパイルブランド,3,建設・資材,(アジアパイルホールディングス OR アジアパイル OR APH OR パイル OR アジアパイルHD OR アジアパイルホールディングス株式会社 OR アジアパイルグループ OR アジアパイル製品 OR アジアパイルブランド)
53010,５３０１０,東海カーボン,東海カーボン / トーカイ / TOKAI CARBON / カーボンブラック / カーボン製品 / カーボンブラシ / 黒鉛電極 / トーカイカーボン / 東海カーボン株式会社,3,建設・資材,(東海カーボン OR トーカイ OR TOKAI OR CARBON OR カーボンブラック OR カーボン製品 OR カーボンブラシ OR 黒鉛電極 OR トーカイカーボン OR 東海カーボン株式会社)
53020,５３０２０,日本カーボン,日カ / カーボン / Nippon Carbon / NC / グラファイト製品,3,建設・資材,(日カ OR カーボン OR Nippon OR Carbon OR NC OR グラファイト製品)
53100,５３１００,東洋炭素,,3,建設・資材,
53310,５３３１０,ノリタケ,ノリタケ / ノリタケカンパニーリミテド / Noritake / ノリタケ食器 / ノリタケボーンチャイナ / ノリタケカンパニー / ノリタケセラミックス / ノリタケテーブルウェア / ノリタケグラインディングホイール,3,建設・資材,(ノリタケ OR ノリタケカンパニーリミテド OR Noritake OR ノリタケ食器 OR ノリタケボーンチャイナ OR ノリタケカンパニー OR ノリタケセラミックス OR ノリタケテーブルウェア OR ノリタケグラインディングホイール)
53320,５３３２０,ＴＯＴＯ,TOTO / 東陶機器 / ウォシュレット / ネオレスト / GGシリーズ / シンラ / サザナ / ピュアレスト / ハイブリッドエコロジーシステム / セフィオンテクト,3,建設・資材,(TOTO OR 東陶機器 OR ウォシュレット OR ネオレスト OR GGシリーズ OR シンラ OR サザナ OR ピュアレスト OR ハイブリッドエコロジーシステム OR セフィオンテクト)
53330,５３３３０,日本碍子,日本碍子 / NGK Insulators / NAS電池 / NOxセンサー / DPF（ディーゼル微粒子フィルター） / HONEYCERAM / EnerCera,3,建設・資材,(日本碍子 OR NGK OR Insulators OR NAS電池 OR NOxセンサー OR DPF（ディーゼル微粒子フィルター） OR HONEYCERAM OR EnerCera)
53340,５３３４０,日本特殊陶業,日本特殊陶業 / NGKスパークプラグ / NTK / NTKテクニカルセラミックス / スパークプラグ / イリジウムIX / プレミアムRX / O2センサー,3,建設・資材,(日本特殊陶業 OR NGKスパークプラグ OR NTK OR NTKテクニカルセラミックス OR スパークプラグ OR イリジウムIX OR プレミアムRX) | (O2センサー)
53440,５３４４０,ＭＡＲＵＷＡ,,3,建設・資材,
53510,５３５１０,品川リフラクトリーズ,品川リフラクトリーズ / 品川耐火 / SHINAGAWA / REF / 品川 / シナガワ / 耐火物 / シナガワリフ / 品川製品,3,建設・資材,(品川リフラクトリーズ OR 品川耐火 OR SHINAGAWA OR REF OR 品川 OR シナガワ OR 耐火物 OR シナガワリフ OR 品川製品)
53520,５３５２０,黒崎播磨,黒崎播磨 / 黒崎 / 播磨 / KROSAKI / KROSAKI HARIMA / Krosaki Harima Corporation / スピネル / アルミナ / マグネシア,3,建設・資材,(黒崎播磨 OR 黒崎 OR 播磨 OR KROSAKI OR HARIMA OR Krosaki OR Harima OR Corporation OR スピネル OR アルミナ OR マグネシア)
53570,５３５７０,ヨータイ,,3,建設・資材,
53840,５３８４０,フジミインコーポレーテッド,,3,建設・資材,
53930,５３９３０,ニチアス,ニチアス / NICHIAS / パイプカバー / セラミックファイバー / フレキシブルダクト / 耐火材 / 断熱材 / ガスケット / シール材,3,建設・資材,(ニチアス OR NICHIAS OR パイプカバー OR セラミックファイバー OR フレキシブルダクト OR 耐火材 OR 断熱材 OR ガスケット OR シール材)
54010,５４０１０,日本製鉄,日本製鉄 / 日鉄 / NSSMC / 新日鉄住金 / 新日鉄 / 5401 / 日鉄ステンレス / 日鉄エンジニアリング,7,鉄鋼・非鉄,(日本製鉄 OR 日鉄 OR NSSMC OR 新日鉄住金 OR 新日鉄 OR 日鉄ステンレス OR 日鉄エンジニアリング)
54060,５４０６０,神戸製鋼所,神戸製鋼所 / 神鋼 / Kobelco / コベルコ / コベルコ建機 / コベルコ鋼管 / コベルコマテリアル / コベルコエコソリューション / コベルコパワー,7,鉄鋼・非鉄,(神戸製鋼所 OR 神鋼 OR Kobelco OR コベルコ OR コベルコ建機 OR コベルコ鋼管 OR コベルコマテリアル OR コベルコエコソリューション OR コベルコパワー)
54080,５４０８０,中山製鋼所,中山製鋼所 / 中山鋼 / ナカヤマ / 中山スチール / ナカヤマ製品 / 中山ブランド / 中山鋼材 / 中山製品,7,鉄鋼・非鉄,(中山製鋼所 OR 中山鋼 OR ナカヤマ OR 中山スチール OR ナカヤマ製品 OR 中山ブランド OR 中山鋼材 OR 中山製品)
54100,５４１００,合同製鐵,合同製鐵 / 5410 / 合鉄 / GODO / Godo Steel / 合同製鉄 / 合同 / Godo / 合同スチール / 合同鉄,7,鉄鋼・非鉄,(合同製鐵 OR 合鉄 OR GODO OR Godo OR Steel OR 合同製鉄 OR 合同 OR 合同スチール OR 合同鉄)
54110,５４１１０,ＪＦＥホールディングス,JFEホールディングス / JFEスチール / JFEエンジニアリング / JFE商事 / JFEスチール株式会社 / JFEエンジニアリング株式会社 / JFE商事株式会社 / JFEスチール製品 / ＪＦＥ / ＪＦＥHD,7,鉄鋼・非鉄,(JFEホールディングス OR JFEスチール OR JFEエンジニアリング OR JFE商事 OR JFEスチール株式会社 OR JFEエンジニアリング株式会社 OR JFE商事株式会社 OR JFEスチール製品 OR ＪＦＥHD) | (ＪＦＥ)
54230,５４２３０,東京製鐵,,7,鉄鋼・非鉄,
54400,５４４００,共英製鋼,共英製鋼 / 共英 / Kyoei Steel / KS / KSブランド / Kyoei / 鉄鋼製品 / Kyoei Steel Group,7,鉄鋼・非鉄,(共英製鋼 OR 共英 OR Kyoei OR Steel OR KS OR KSブランド OR 鉄鋼製品 OR Group)
54440,５４４４０,大和工業,大和工業 / Yamato Kogyo / ヤマト / 鉄鋼製品 / Yamato Steel / Yamato Brand / 大和,7,鉄鋼・非鉄,(大和工業 OR Yamato OR Kogyo OR ヤマト OR 鉄鋼製品 OR Steel OR Brand OR 大和)
54450,５４４５０,東京鐵鋼,,7,鉄鋼・非鉄,
54490,５４４９０,大阪製鐵,大阪製鐵 / 大阪鉄 / 大鉄 / OSAKA STEEL / 大阪製鉄 / 鉄鋼製品 / 鉄筋コンクリート用棒鋼,7,鉄鋼・非鉄,(大阪製鐵 OR 大阪鉄 OR 大鉄 OR OSAKA OR STEEL OR 大阪製鉄 OR 鉄鋼製品 OR 鉄筋コンクリート用棒鋼)
54510,５４５１０,淀川製鋼所,淀川製鋼所 / ヨドコウ / ヨド / Yodoko / YODO / ヨド物置 / ヨド倉庫 / ヨドガレージ / ヨドコウスチール,7,鉄鋼・非鉄,(淀川製鋼所 OR ヨドコウ OR ヨド OR Yodoko OR YODO OR ヨド物置 OR ヨド倉庫 OR ヨドガレージ OR ヨドコウスチール)
54610,５４６１０,中部鋼鈑,中部鋼鈑 / 中鋼 / Chubu Steel Plate / CSP / 鋼鈑 / 鋼板 / スチールプレート / 中部鋼,7,鉄鋼・非鉄,(中部鋼鈑 OR 中鋼 OR Chubu OR Steel OR Plate OR CSP OR 鋼鈑 OR 鋼板 OR スチールプレート OR 中部鋼)
54630,５４６３０,丸一鋼管,丸一鋼管 / 丸一 / マルイチ / MARUICHI / MARUICHI STEEL TUBE / マルイチパイプ / 丸一パイプ / MARUICHI PIPE / MARUICHI TUBE,7,鉄鋼・非鉄,(丸一鋼管 OR 丸一 OR マルイチ OR MARUICHI OR STEEL OR TUBE OR マルイチパイプ OR 丸一パイプ OR PIPE)
54640,５４６４０,モリ工業,モリ,7,鉄鋼・非鉄,(モリ)
54710,５４７１０,大同特殊鋼,大同特殊鋼 / 5471 / Daido Steel / DSR / DSRブランド / ダイドースチール / 大同鋼 / 大同特鋼 / Daido Special Steel,7,鉄鋼・非鉄,(大同特殊鋼 OR Daido OR Steel OR DSR OR DSRブランド OR ダイドースチール OR 大同鋼 OR 大同特鋼 OR Special)
54800,５４８００,日本冶金工業,日本冶金工業 / 日冶 / YAKIN / NAS 36 / NAS 64 / NAS 254 / NAS 354 / NAS 444 / 日本冶金,7,鉄鋼・非鉄,(日本冶金工業 OR 日冶 OR YAKIN OR NAS OR 日本冶金)
54810,５４８１０,山陽特殊製鋼,山陽特殊製鋼 / 山陽特鋼 / Sanyo Special Steel / サンヨー / 特鋼 / HYPER / Sanyo Steel / Sanyo Seiko,,,(山陽特殊製鋼 OR 山陽特鋼 OR Sanyo OR Special OR Steel OR サンヨー OR 特鋼 OR HYPER OR Seiko)
54820,５４８２０,愛知製鋼,愛知製鋼 / 愛鋼 / Aichi Steel / Aichi / Aichi Seiko / スチール / 磁石製品,7,鉄鋼・非鉄,(愛知製鋼 OR 愛鋼 OR Aichi OR Steel OR Seiko OR スチール OR 磁石製品)
55410,５５４１０,大平洋金属,大平洋金属 / 5541 / 太平洋金属 / PAMCO / パムコ / フェロニッケル / ニッケル製品 / 鉄鋼材料 / 鉱石事業 / 環境リサイクル,7,鉄鋼・非鉄,(大平洋金属 OR 太平洋金属 OR PAMCO OR パムコ OR フェロニッケル OR ニッケル製品 OR 鉄鋼材料 OR 鉱石事業 OR 環境リサイクル)
55630,５５６３０,新日本電工,,7,鉄鋼・非鉄,
56020,５６０２０,栗本鐵工所,栗本鐵工所 / 栗本 / クレモナ / クレモナロープ / クレモナホース / KURIMOTO / Kurimoto Iron Works / Kurimoto Group / Kurimoto Brand,7,鉄鋼・非鉄,(栗本鐵工所 OR 栗本 OR クレモナ OR クレモナロープ OR クレモナホース OR KURIMOTO OR Kurimoto OR Iron OR Works OR Group OR Brand)
56310,５６３１０,日本製鋼所,日本製鋼所 / JSW / 日鋼 / 日本製鋼 / 日製鋼 / 日本製鋼所M&E / Hitz / 日鋼プラント / 日鋼機械,8,機械,(日本製鋼所 OR JSW OR 日鋼 OR 日本製鋼 OR 日製鋼 OR 日本製鋼所M&E OR Hitz OR 日鋼プラント OR 日鋼機械)
56320,５６３２０,三菱製鋼,三菱製鋼 / 三菱スチール / MKK / ミツビシスチール / ミツビシ製鋼 / スチールプロダクツ / スプリング製品 / 特殊鋼,7,鉄鋼・非鉄,(三菱製鋼 OR 三菱スチール OR MKK OR ミツビシスチール OR ミツビシ製鋼 OR スチールプロダクツ OR スプリング製品 OR 特殊鋼)
56590,５６５９０,日本精線,日本精線 / NAS線 / NASストランド / NASワイヤ / NASケーブル / NASフィラメント / NASチューブ,7,鉄鋼・非鉄,(日本精線 OR NAS線 OR NASストランド OR NASワイヤ OR NASケーブル OR NASフィラメント OR NASチューブ)
56980,５６９８０,エンビプロ・ホールディングス,エンビプロ・ / エンビプロ・HD,7,鉄鋼・非鉄,(エンビプロ OR HD)
57020,５７０２０,大紀アルミニウム工業所,,7,鉄鋼・非鉄,
57030,５７０３０,日本軽金属ホールディングス,日本軽金属ホールディングス / 日軽金 / NLM / 日軽 / 日本軽金属 / Nikkei Metal / Nikkei Aluminium / Nikkei Panel System / Nikkei MC Aluminium / 日本軽金属HD,7,鉄鋼・非鉄,(日本軽金属ホールディングス OR 日軽金 OR NLM OR 日軽 OR 日本軽金属 OR Nikkei OR Metal OR Aluminium OR Panel OR System OR MC OR 日本軽金属HD)
57060,５７０６０,三井金属鉱業,三井金属鉱業 / 三井金属 / Mitsui Kinzoku / MKC / パウダーテック / ケミカルズ / メタルズ / アドバンストマテリアルズ / エンジニアリング,7,鉄鋼・非鉄,(三井金属鉱業 OR 三井金属 OR Mitsui OR Kinzoku OR MKC OR パウダーテック OR ケミカルズ OR メタルズ OR アドバンストマテリアルズ OR エンジニアリング)
57070,５７０７０,東邦亜鉛,東邦亜鉛 / TOHO ZINC / ジンク / 亜鉛 / TOHO / 東邦亜鉛株式会社 / 東邦亜鉛グループ,7,鉄鋼・非鉄,(東邦亜鉛 OR TOHO OR ZINC OR ジンク OR 亜鉛 OR 東邦亜鉛株式会社 OR 東邦亜鉛グループ)
57110,５７１１０,三菱マテリアル,三菱マテリアル / MMC / 三菱マテ / ダイヤメタル / ネオジム磁石 / アルミ缶 / セメント / マテリアル / 三菱マテリアルグループ,7,鉄鋼・非鉄,(三菱マテリアル OR MMC OR 三菱マテ OR ダイヤメタル OR ネオジム磁石 OR アルミ缶 OR セメント OR マテリアル OR 三菱マテリアルグループ)
57130,５７１３０,住友金属鉱山,住友金属鉱山 / 住友鉱 / SMM / 5713 / SUMITOMO METAL MINING / ニッケル / パワー半導体材料,7,鉄鋼・非鉄,(住友金属鉱山 OR 住友鉱 OR SMM OR SUMITOMO OR METAL OR MINING OR ニッケル OR パワー半導体材料)
57140,５７１４０,ＤＯＷＡホールディングス,ＤＯＷＡホールディングス / ＤＯＷＡ / DOWAエコシステム / DOWAメタル / DOWAハイテック / DOWAエレクトロニクス / DOWAサーモテック / DOWAメタルテック / DOWA環境ソリューション / ＤＯＷＡHD,7,鉄鋼・非鉄,(ＤＯＷＡホールディングス OR DOWAエコシステム OR DOWAメタル OR DOWAハイテック OR DOWAエレクトロニクス OR DOWAサーモテック OR DOWAメタルテック OR DOWA環境ソリューション OR ＤＯＷＡHD) | (ＤＯＷＡ)
57150,５７１５０,古河機械金属,古河機械金属 / 古河機金 / 古河鉱業 / フルカワ / フルカワマシナリー / フルカワメタル / フルカワグループ / フルカワブランド,7,鉄鋼・非鉄,(古河機械金属 OR 古河機金 OR 古河鉱業 OR フルカワ OR フルカワマシナリー OR フルカワメタル OR フルカワグループ OR フルカワブランド)
57260,５７２６０,大阪チタニウムテクノロジーズ,大阪チタニウムテクノロジーズ / 大チタ / OT / 高純度チタン / チタン合金 / チタン素材,7,鉄鋼・非鉄,(大阪チタニウムテクノロジーズ OR 大チタ OR OT OR 高純度チタン OR チタン合金 OR チタン素材)
57270,５７２７０,東邦チタニウム,東邦チタニウム / 東チタ / TOHO / Tohotitanium / チタンインゴット / TTP,7,鉄鋼・非鉄,(東邦チタニウム OR 東チタ OR TOHO OR Tohotitanium OR チタンインゴット OR TTP)
57410,５７４１０,ＵＡＣＪ,ＵＡＣＪ / アルミニウム / アルミ板 / アルミ箔 / アルミ押出製品 / UACJグループ / UACJ製品 / UACJブランド / UACJホールディングス,7,鉄鋼・非鉄,(アルミニウム OR アルミ板 OR アルミ箔 OR アルミ押出製品 OR UACJグループ OR UACJ製品 OR UACJブランド OR UACJホールディングス) | (ＵＡＣＪ)
57570,５７５７０,ＣＫサンエツ,,7,鉄鋼・非鉄,
58010,５８０１０,古河電気工業,古河電工 / 古河電気工業 / FEC / FITEL / ケーブル / 古河電気,7,鉄鋼・非鉄,(古河電工 OR 古河電気工業 OR FEC OR FITEL OR ケーブル OR 古河電気)
58020,５８０２０,住友電気工業,住友電工 / スミトモ / オプティカルファイバー / エレクトロニクスワイヤー / 自動車用ワイヤーハーネス / 住友電気,7,鉄鋼・非鉄,(住友電工 OR スミトモ OR オプティカルファイバー OR エレクトロニクスワイヤー OR 自動車用ワイヤーハーネス OR 住友電気)
58030,５８０３０,フジクラ,フジクラ / FJK / フジクラケーブル / フジクラ光ファイバー / フジクラ電線 / フジクラコネクタ / フジクラエレクトロニクス / フジクラネットワーク,7,鉄鋼・非鉄,(フジクラ OR FJK OR フジクラケーブル OR フジクラ光ファイバー OR フジクラ電線 OR フジクラコネクタ OR フジクラエレクトロニクス OR フジクラネットワーク)
58050,５８０５０,ＳＷＣＣ,SWCC / 昭和電線ホールディングス / SWCC昭和電線 / SWCCグループ / SWCCケーブル / SWCCエナジー / SWCCシステム / SWCCテクノロジー / SWCC製品 / SWCCブランド,7,鉄鋼・非鉄,(SWCC OR 昭和電線ホールディングス OR SWCC昭和電線 OR SWCCグループ OR SWCCケーブル OR SWCCエナジー OR SWCCシステム OR SWCCテクノロジー OR SWCC製品 OR SWCCブランド)
58210,５８２１０,平河ヒューテック,平河ヒューテック / 平河 / ヒューテック / HIRAKAWA / HIRAKAWA HUTECH / 光ファイバーケーブル / 通信ケーブル / ケーブルソリューション,7,鉄鋼・非鉄,(平河ヒューテック OR 平河 OR ヒューテック OR HIRAKAWA OR HUTECH OR 光ファイバーケーブル OR 通信ケーブル OR ケーブルソリューション)
58300,５８３００,いよぎんホールディングス,いよぎん / いよぎんHD,15,銀行,(いよぎん OR いよぎんHD)
58310,５８３１０,しずおかフィナンシャルグループ,しずおかフィナンシャル / しずおかフィナンシャルG,15,銀行,(しずおかフィナンシャル OR しずおかフィナンシャルG)
58320,５８３２０,ちゅうぎんフィナンシャルグループ,ちゅうぎんフィナンシャル / ちゅうぎんフィナンシャルG,15,銀行,(ちゅうぎんフィナンシャル OR ちゅうぎんフィナンシャルG)
58380,５８３８０,楽天銀行,楽天銀行 / 楽天バンク / 楽天ウォレット / 楽天ペイ / 楽天市場 / 楽天証券 / 楽天,15,銀行,(楽天銀行 OR 楽天バンク OR 楽天ウォレット OR 楽天ペイ OR 楽天市場 OR 楽天証券 OR 楽天)
58440,５８４４０,京都フィナンシャルグループ,京都フィナンシャル / 京都フィナンシャルG,15,銀行,(京都フィナンシャル OR 京都フィナンシャルG)
58510,５８５１０,リョービ,リョービ / RYOBI / リョービグループ / リョービ電動工具 / リョービ建機 / リョービ精密 / リョービ鋳造 / リョービ印刷機 / リョービ製品,7,鉄鋼・非鉄,(リョービ OR RYOBI OR リョービグループ OR リョービ電動工具 OR リョービ建機 OR リョービ精密 OR リョービ鋳造 OR リョービ印刷機 OR リョービ製品)
58570,５８５７０,ＡＲＥホールディングス,ＡＲＥ / ＡＲＥHD,7,鉄鋼・非鉄,(ＡＲＥHD) | (ＡＲＥ)
59010,５９０１０,東洋製罐グループホールディングス,東洋製罐グループホールディングス / 東洋製罐 / TOYO SEIKAN / TSKG / ボトル缶 / スチール缶 / アルミ缶 / キャップ / PETボトル / 東洋製罐グループ / 東洋製罐グループHD,3,建設・資材,(東洋製罐グループホールディングス OR 東洋製罐 OR TOYO OR SEIKAN OR TSKG OR ボトル缶 OR スチール缶 OR アルミ缶 OR キャップ OR PETボトル OR 東洋製罐グループ OR 東洋製罐グループHD)
59020,５９０２０,ホッカンホールディングス,ホッカンホールディングス / 北海製罐 / HOKKAN / ホッカン / ホッカンHD / 北海 / 北海ホールディングス / ホッカンパッケージ / ホッカンボトリング,3,建設・資材,(ホッカンホールディングス OR 北海製罐 OR HOKKAN OR ホッカン OR ホッカンHD OR 北海 OR 北海ホールディングス OR ホッカンパッケージ OR ホッカンボトリング)
59090,５９０９０,コロナ,,3,建設・資材,
59110,５９１１０,横河ブリッジホールディングス,横河ブリッジ / 横河ブリッジHD,3,建設・資材,(横河ブリッジ OR 横河ブリッジHD)
59290,５９２９０,三和ホールディングス,三和 / 三和HD,3,建設・資材,(三和 OR 三和HD)
59300,５９３００,文化シヤッター,文化シヤッター / 文化シャッター / BUNKA / シャッター / 文化シヤ / 文化 / BUNKA SHUTTER / 文化シヤッター工業 / 文化シャッター工業,3,建設・資材,(文化シヤッター OR 文化シャッター OR BUNKA OR シャッター OR 文化シヤ OR 文化 OR SHUTTER OR 文化シヤッター工業 OR 文化シャッター工業)
59320,５９３２０,三協立山,三協立山 / 三協アルミ / タテヤマアドバンス / 三協 / 立山 / 三協立山アルミ / 三協アルミニウム / 三協サッシ / タテヤマ,3,建設・資材,(三協立山 OR 三協アルミ OR タテヤマアドバンス OR 三協 OR 立山 OR 三協立山アルミ OR 三協アルミニウム OR 三協サッシ OR タテヤマ)
59330,５９３３０,アルインコ,アルインコ / ALINCO / アルミはしご / フィットネス機器 / DIY用品 / 建設機材 / トランシーバー / ホームエクササイズ / アルミ足場,3,建設・資材,(アルインコ OR ALINCO OR アルミはしご OR フィットネス機器 OR DIY用品 OR 建設機材 OR トランシーバー OR ホームエクササイズ OR アルミ足場)
59380,５９３８０,ＬＩＸＩＬ,LIXIL / リクシル / INAX / トステム / 新日軽 / サンウエーブ / TOEX / GROHE / American Standard / DXV,3,建設・資材,(LIXIL OR リクシル OR INAX OR トステム OR 新日軽 OR サンウエーブ OR TOEX OR GROHE OR American OR Standard OR DXV)
59430,５９４３０,ノーリツ,ノーリツ / NORITZ / ユパティオ / システムバス / ユニットバス / 温水暖房システム,3,建設・資材,(ノーリツ OR NORITZ OR ユパティオ OR システムバス OR ユニットバス OR 温水暖房システム)
59460,５９４６０,長府製作所,長府製作所 / 長府 / CHOFU / ボイラー / 給湯器 / ヒートポンプ / ふろ給湯器,3,建設・資材,(長府製作所 OR 長府 OR CHOFU OR ボイラー OR 給湯器 OR ヒートポンプ OR ふろ給湯器)
59470,５９４７０,リンナイ,リンナイ / Rinnai / デリシア / グリル / マイクロバブルバスユニット / ユッコ,3,建設・資材,(リンナイ OR Rinnai OR デリシア OR グリル OR マイクロバブルバスユニット OR ユッコ)
59490,５９４９０,ユニプレス,ユニプレス / UNIPRES / プレス部品 / 車体部品 / シャーシ部品 / サスペンション部品 / ボディ部品 / 金型製品,6,自動車・輸送機,(ユニプレス OR UNIPRES OR プレス部品 OR 車体部品 OR シャーシ部品 OR サスペンション部品 OR ボディ部品 OR 金型製品)
59570,５９５７０,日東精工,日東精工 / NITTO SEIKO / NITTOSEIKO / NITTO SEIKO CO. / LTD. / NITTO FASTENERS / NITTO TOOLS / NITTO SYSTEMS / NITTO AUTOMATION,3,建設・資材,(日東精工 OR NITTO OR SEIKO OR NITTOSEIKO OR CO. OR LTD. OR FASTENERS OR TOOLS OR SYSTEMS OR AUTOMATION)
59590,５９５９０,岡部,,3,建設・資材,
59700,５９７００,ジーテクト,ジーテクト / G-TEKT / Gテクト / Gテク / G-TKT / Gテクノロジー / G-TEC / G-TECH / Gテック,3,建設・資材,(ジーテクト OR G-TEKT OR Gテクト OR Gテク OR G-TKT OR Gテクノロジー OR G-TEC OR G-TECH OR Gテック)
59750,５９７５０,東プレ,東プレ / TOPRE / トープレ / 東プレキーボード / REALFORCE / 東プレエアコンプレッサー / 東プレプレス機 / 東プレ自動車部品 / 東プレ冷凍機,3,建設・資材,(東プレ OR TOPRE OR トープレ OR 東プレキーボード OR REALFORCE OR 東プレエアコンプレッサー OR 東プレプレス機 OR 東プレ自動車部品 OR 東プレ冷凍機)
59760,５９７６０,高周波熱錬,高周波熱錬 / 高周波 / HIGHTEMP / HIGHTEMP工業 / 高周波工業 / HIGHTEMP製品 / 高周波製品 / 熱錬技術 / 高周波ブランド,3,建設・資材,(高周波熱錬 OR 高周波 OR HIGHTEMP OR HIGHTEMP工業 OR 高周波工業 OR HIGHTEMP製品 OR 高周波製品 OR 熱錬技術 OR 高周波ブランド)
59810,５９８１０,東京製綱,東京製綱 / 東綱 / TOKYO ROPE / トーアロープ / トーアワイヤ / トーアケーブル / トーアネット / トーアスチール / トーアファイバー,3,建設・資材,(東京製綱 OR 東綱 OR TOKYO OR ROPE OR トーアロープ OR トーアワイヤ OR トーアケーブル OR トーアネット OR トーアスチール OR トーアファイバー)
59850,５９８５０,サンコール,,3,建設・資材,
59880,５９８８０,パイオラックス,パイオラックス / PIOLAX / パイオ / ピオラックス / エンジニアリングプラスチック / 精密部品,3,建設・資材,(パイオラックス OR PIOLAX OR パイオ OR ピオラックス OR エンジニアリングプラスチック OR 精密部品)
59890,５９８９０,エイチワン,エイチワン / H-ONE / H1 / H-One / エイチワン株式会社 / H-ONE Corporation / H-ONEブランド / H-ONE製品 / H-ONEテクノロジー,3,建設・資材,(エイチワン OR H-ONE OR H-One OR エイチワン株式会社 OR Corporation OR H-ONEブランド OR H-ONE製品 OR H-ONEテクノロジー) | (H1)
59910,５９９１０,日本発條,日本発條 / 日発 / ニッパツ / NHK SPRING / 精密部品 / ばね,3,建設・資材,(日本発條 OR 日発 OR ニッパツ OR NHK OR SPRING OR 精密部品 OR ばね)
59920,５９９２０,中央発條,中央発條 / CHKK / 中央ばね / CHUOH SPRING / バネ / 精密部品,3,建設・資材,(中央発條 OR CHKK OR 中央ばね OR CHUOH OR SPRING OR バネ OR 精密部品)
60050,６００５０,三浦工業,三浦,8,機械,(三浦)
60130,６０１３０,タクマ,,8,機械,
60280,６０２８０,テクノプロ・ホールディングス,テクノプロ・ホールディングス / テクノプロ / テクノプログループ / TechnoPro / テクノプロエンジニアリング / テクノプロIT / テクノプロR&D / TechnoPro Construction / TechnoPro Design / テクノプロ・ / テクノプロ・HD,10,情報通信・サービスその他,(テクノプロ OR テクノプログループ OR TechnoPro OR テクノプロエンジニアリング OR テクノプロIT OR テクノプロR&D OR Construction OR Design OR HD)
60350,６０３５０,アイ・アールジャパンホールディングス,アイ・アールジャパン / IRジャパン / IRJ / アイアール / 6035 / アイ・アールジャパンHD / IRJHD / アイ・アール / IRホールディングス / IRジャパンホールディングス,10,情報通信・サービスその他,(アイ OR アールジャパン OR IRジャパン OR IRJ OR アイアール OR アールジャパンHD OR IRJHD OR アール OR IRホールディングス OR IRジャパンホールディングス)
60360,６０３６０,ＫｅｅＰｅｒ技研,ＫｅｅＰｅｒ技研 / キーパー / キーパーコーティング / ダイヤモンドキーパー / クリスタルキーパー / ピュアキーパー / Wダイヤモンドキーパー / EXキーパー / キーパープロショップ,10,情報通信・サービスその他,(ＫｅｅＰｅｒ技研 OR キーパー OR キーパーコーティング OR ダイヤモンドキーパー OR クリスタルキーパー OR ピュアキーパー OR Wダイヤモンドキーパー OR EXキーパー OR キーパープロショップ)
60470,６０４７０,Ｇｕｎｏｓｙ,グノシー / Gunosy / Gunosyニュース / グノシーアプリ / グノシーQ / グノシー広告 / Gunosy Ads / グノシーマーケット / Gunosyマーケティング,10,情報通信・サービスその他,(グノシー OR Gunosy OR Gunosyニュース OR グノシーアプリ OR グノシーQ OR グノシー広告 OR Ads OR グノシーマーケット OR Gunosyマーケティング)
60500,６０５００,イー・ガーディアン,イー・ガーディアン / E-Guardian / EG / イーガ / イーガーディアン株式会社 / ソーシャルガーディアン / サイバーガーディアン / セキュリティガーディアン / モニタリングガーディアン,10,情報通信・サービスその他,(イー OR ガーディアン OR E-Guardian OR EG OR イーガ OR イーガーディアン株式会社 OR ソーシャルガーディアン OR サイバーガーディアン OR セキュリティガーディアン OR モニタリングガーディアン)
60550,６０５５０,ジャパンマテリアル,ジャパンマテリアル / JM / ジャパンマテ / Jマテ / JMテクノロジー / JMソリューション / JMプロダクツ / JMサービス / JMインダストリー,10,情報通信・サービスその他,(ジャパンマテリアル OR JM OR ジャパンマテ OR Jマテ OR JMテクノロジー OR JMソリューション OR JMプロダクツ OR JMサービス OR JMインダストリー)
60580,６０５８０,ベクトル,ベクトル / アドベンチャー / ストラテジックPR / ベクトルスタジオ / ベクトルデザイン / ベクトルデジタル / ベクトルエージェンシー / ベクトルコミュニケーションズ,10,情報通信・サービスその他,(ベクトル OR アドベンチャー OR ストラテジックPR OR ベクトルスタジオ OR ベクトルデザイン OR ベクトルデジタル OR ベクトルエージェンシー OR ベクトルコミュニケーションズ)
60620,６０６２０,チャーム・ケア・コーポレーション,チャーム / チャームケア / チャームケアコーポレーション,10,情報通信・サービスその他,(チャーム OR チャームケア OR チャームケアコーポレーション)
60700,６０７００,キャリアリンク,キャリアリンク / CL / キャリリンク / キャリアリンク株式会社 / キャリアリンクグループ / キャリアリンクサービス / キャリアリンクソリューション / キャリアリンクプロジェクト / キャリアリンクネットワーク,10,情報通信・サービスその他,(キャリアリンク OR CL OR キャリリンク OR キャリアリンク株式会社 OR キャリアリンクグループ OR キャリアリンクサービス OR キャリアリンクソリューション OR キャリアリンクプロジェクト OR キャリアリンクネットワーク)
60710,６０７１０,ＩＢＪ,IBJ / アイビー / アイビーエス / IBJメンバーズ / IBJ婚活 / IBJパーティー / IBJ証券コード60710 / IBJ結婚相談所 / IBJウェディング / IBJネット婚活,10,情報通信・サービスその他,(IBJ OR アイビー OR アイビーエス OR IBJメンバーズ OR IBJ婚活 OR IBJパーティー OR IBJ結婚相談所 OR IBJウェディング OR IBJネット婚活) | (IBJ証券コード60710)
60730,６０７３０,アサンテ,,10,情報通信・サービスその他,
60780,６０７８０,バリューＨＲ,バリューHR / バリューカフェテリア / バリュー健康保険組合 / バリューEAP / バリューウェルネス / バリュークラウド / バリューHRポータル / バリューサポート / バリューHRカード,10,情報通信・サービスその他,(バリューHR OR バリューカフェテリア OR バリュー健康保険組合 OR バリューEAP OR バリューウェルネス OR バリュークラウド OR バリューHRポータル OR バリューサポート OR バリューHRカード)
60800,６０８００,Ｍ＆Ａキャピタルパートナーズ,M&Aキャピタル / M&Aキャピタルパートナーズ / 6080 / M&A CP / M&A Capital Partners / エムアンドエーキャピタル / M&A / M&Aパートナーズ / M&Aキャピ / M&AキャピタルP,10,情報通信・サービスその他,(M&Aキャピタル OR M&Aキャピタルパートナーズ OR M&A OR CP OR Capital OR Partners OR エムアンドエーキャピタル OR M&Aパートナーズ OR M&Aキャピ OR M&AキャピタルP)
60820,６０８２０,ライドオンエクスプレスホールディングス,ライドオンエクスプレスホールディングス / 証券コード: 6082 / 銀のさら / 釜寅 / ファインダイン / 宅配寿司 / 宅配釜飯 / デリバリー / 持ち帰り寿司 / ライドオン / RIDE ON EXPRESS / ライドオンエクスプレス / ライドオンエクスプレスHD,10,情報通信・サービスその他,(ライドオンエクスプレスホールディングス OR 証券コード: OR 銀のさら OR 釜寅 OR ファインダイン OR 宅配寿司 OR 宅配釜飯 OR デリバリー OR 持ち帰り寿司 OR ライドオン OR RIDE OR ON OR EXPRESS OR ライドオンエクスプレス OR ライドオンエクスプレスHD)
60880,６０８８０,シグマクシス・ホールディングス,シグマクシス・ / シグマクシス・HD,10,情報通信・サービスその他,(シグマクシス OR HD)
60890,６０８９０,ウィルグループ,ウィルグループ / WILL GROUP / ウィル / WILL / ウィルグループ株式会社 / WILL GROUP Inc. / WILLグループ / ウィルグループHD / ウィルホールディングス / ウィルG,10,情報通信・サービスその他,(ウィルグループ OR WILL OR GROUP OR ウィル OR ウィルグループ株式会社 OR Inc. OR WILLグループ OR ウィルグループHD OR ウィルホールディングス OR ウィルG)
60950,６０９５０,メドピア,メドピア / MedPeer / メドピ / メドピアグループ / MedPeer Lab / MedPeer Career / MedPeer Partners / MedPeer Academy / MedPeer Community,10,情報通信・サービスその他,(メドピア OR MedPeer OR メドピ OR メドピアグループ OR Lab OR Career OR Partners OR Academy OR Community)
60980,６０９８０,リクルートホールディングス,リクルート / リクルートホールディングス / リクナビ / ホットペッパー / ゼクシィ / スーモ / タウンワーク / indeed / リクルートエージェント / リクルートHD,10,情報通信・サービスその他,(リクルート OR リクルートホールディングス OR リクナビ OR ホットペッパー OR ゼクシィ OR スーモ OR タウンワーク OR indeed OR リクルートエージェント OR リクルートHD)
60990,６０９９０,エラン,,10,情報通信・サービスその他,
61010,６１０１０,ツガミ,ツガミ / TSUGAMI / プレシジョンマシン / CNC旋盤 / 自動旋盤 / 精密加工機械 / ターニングセンター / マシニングセンター,8,機械,(ツガミ OR TSUGAMI OR プレシジョンマシン OR CNC旋盤 OR 自動旋盤 OR 精密加工機械 OR ターニングセンター OR マシニングセンター)
61030,６１０３０,オークマ,オークマ / Okuma / オークママシン / GENOS / MBシリーズ / MUシリーズ / MULTUS / LBシリーズ / VTMシリーズ,8,機械,(オークマ OR Okuma OR オークママシン OR GENOS OR MBシリーズ OR MUシリーズ OR MULTUS OR LBシリーズ OR VTMシリーズ)
61040,６１０４０,芝浦機械,芝浦機械 / TOSHIBA MACHINE / TMロボット / EC-SXシリーズ / ISシリーズ / THLシリーズ / THシリーズ,8,機械,(芝浦機械 OR TOSHIBA OR MACHINE OR TMロボット OR EC-SXシリーズ OR ISシリーズ OR THLシリーズ OR THシリーズ)
61130,６１１３０,アマダ,アマダ / アマダホールディングス / AMADA / アマダマシンツール / アマダプレスシステム / アマダミヤチ / アマダエンジニアリング / アマダオートメーション / アマダソフトウェア,8,機械,(アマダ OR アマダホールディングス OR AMADA OR アマダマシンツール OR アマダプレスシステム OR アマダミヤチ OR アマダエンジニアリング OR アマダオートメーション OR アマダソフトウェア)
61180,６１１８０,アイダエンジニアリング,アイダエンジニアリング / 6118 / アイダ / AIDA / AIDAプレス / アイダプレス / サーボプレス / プレス機械 / フォーミングシステム / 金型技術,8,機械,(アイダエンジニアリング OR アイダ OR AIDA OR AIDAプレス OR アイダプレス OR サーボプレス OR プレス機械 OR フォーミングシステム OR 金型技術)
61340,６１３４０,ＦＵＪＩ,,8,機械,
61350,６１３５０,牧野フライス製作所,牧野フライス製作所 / マキノ / Makino / aシリーズ / EDAFシリーズ / EDGEシリーズ / Fシリーズ / 牧野フライス,8,機械,(牧野フライス製作所 OR マキノ OR Makino OR aシリーズ OR EDAFシリーズ OR EDGEシリーズ OR Fシリーズ OR 牧野フライス)
61360,６１３６０,オーエスジー,オーエスジー / OSG / タップ / ドリル / エンドミル / スレッドミル / 超硬工具 / 切削工具 / 精密工具,8,機械,(オーエスジー OR OSG OR タップ OR ドリル OR エンドミル OR スレッドミル OR 超硬工具 OR 切削工具 OR 精密工具)
61400,６１４００,旭ダイヤモンド工業,旭ダイヤモンド工業 / 旭ダイヤ / ADK / ダイヤモンドツール / 研磨工具 / 旭ダイヤモンド / ダイヤモンドブレード / 旭ダイヤモンド工業株式会社 / ダイヤモンドホイール,8,機械,(旭ダイヤモンド工業 OR 旭ダイヤ OR ADK OR ダイヤモンドツール OR 研磨工具 OR 旭ダイヤモンド OR ダイヤモンドブレード OR 旭ダイヤモンド工業株式会社 OR ダイヤモンドホイール)
61410,６１４１０,ＤＭＧ森精機,ＤＭＧ森精機 / DMG / 森精機 / DMG MORI / CELOS / LASERTEC / NHXシリーズ / NLXシリーズ / DMUシリーズ,8,機械,(ＤＭＧ森精機 OR DMG OR 森精機 OR MORI OR CELOS OR LASERTEC OR NHXシリーズ OR NLXシリーズ OR DMUシリーズ)
61430,６１４３０,ソディック,ソディック / Sodick / ソディック製品 / ソディックマシン / ソディック放電加工機 / ソディック射出成形機 / ソディックワイヤーカット / ソディック3Dプリンター / ソディックCNC,8,機械,(ソディック OR Sodick OR ソディック製品 OR ソディックマシン OR ソディック放電加工機 OR ソディック射出成形機 OR ソディックワイヤーカット OR ソディックCNC) | (ソディック3Dプリンター)
61460,６１４６０,ディスコ,ディスコ / DISCO / ダイサー / グラインダー / 精密加工装置 / ウェハプロセッサ,8,機械,(ディスコ OR DISCO OR ダイサー OR グラインダー OR 精密加工装置 OR ウェハプロセッサ)
61510,６１５１０,日東工器,日東工器 / 日東 / クイックカプラ / ジェットタッカ / パワープレス / マイクロバブルジェネレータ / エアツール,8,機械,(日東工器 OR 日東 OR クイックカプラ OR ジェットタッカ OR パワープレス OR マイクロバブルジェネレータ OR エアツール)
61570,６１５７０,日進工具,日進工具 / NS TOOL / NSエンドミル / NSアルファ / NSメガ / NSハイスピード / NSマイクロ / NSカッター / NSドリル,8,機械,(日進工具 OR NS OR TOOL OR NSエンドミル OR NSアルファ OR NSメガ OR NSハイスピード OR NSマイクロ OR NSカッター OR NSドリル)
61670,６１６７０,冨士ダイス,冨士ダイス / 富士ダイス / FUJIDICE / ダイス / 超硬工具 / ワイヤーダイス / ダイヤモンド工具 / 超硬合金製品 / 精密工具,8,機械,(冨士ダイス OR 富士ダイス OR FUJIDICE OR ダイス OR 超硬工具 OR ワイヤーダイス OR ダイヤモンド工具 OR 超硬合金製品 OR 精密工具)
61780,６１７８０,日本郵政,日本郵政 / JP / 郵便局 / ゆうパック / 郵政グループ / 郵便事業 / 日本郵政グループ,10,情報通信・サービスその他,(日本郵政 OR JP OR 郵便局 OR ゆうパック OR 郵政グループ OR 郵便事業 OR 日本郵政グループ)
61830,６１８３０,ベルシステム２４ホールディングス,ベルシステム２４ホールディングス / ベルシステム24 / ベル24 / ベルシス / ベルHD / 6183 / BELL24 / BELL SYSTEM24 / BELL24HD / BELL SYSTEM24HD / ベルシステム２４ / ベルシステム２４HD,10,情報通信・サービスその他,(ベルシス OR ベルHD OR BELL) | (ベルシステム２４ホールディングス OR ベルシステム24 OR ベル24 OR BELL24 OR SYSTEM24 OR BELL24HD OR SYSTEM24HD OR ベルシステム２４ OR ベルシステム２４HD)
61840,６１８４０,鎌倉新書,鎌倉新書 / 鎌倉 / Kamakura Shinsho / 終活ねっと / お坊さん便 / いい葬儀 / いい仏壇 / いいお墓 / シニアライフサポート,10,情報通信・サービスその他,(鎌倉新書 OR 鎌倉 OR Kamakura OR Shinsho OR 終活ねっと OR お坊さん便 OR いい葬儀 OR いい仏壇 OR いいお墓 OR シニアライフサポート)
61910,６１９１０,エアトリ,エアトリ / エアトリ旅行 / エアトリホテル / エアトリツアー / エアトリ航空券 / エアトリレンタカー / エアトリバケーション / エアトリポイント / エアトリクーポン,10,情報通信・サービスその他,(エアトリ OR エアトリ旅行 OR エアトリホテル OR エアトリツアー OR エアトリ航空券 OR エアトリレンタカー OR エアトリバケーション OR エアトリポイント OR エアトリクーポン)
61940,６１９４０,アトラエ,アトラエ / Green / wevox / yenta / TalentBase / Atrae / アトラエ株式会社 / アトラエ証券,10,情報通信・サービスその他,(アトラエ OR Green OR wevox OR yenta OR TalentBase OR Atrae OR アトラエ株式会社 OR アトラエ証券)
61960,６１９６０,ストライク,,10,情報通信・サービスその他,
61970,６１９７０,ソラスト,ソラスト / ソラストケア / ソラストメディカル / ソラストアカデミー / ソラスト訪問介護 / ソラストデイサービス / ソラスト保育 / ソラスト介護 / ソラスト医療事務,10,情報通信・サービスその他,(ソラスト OR ソラストケア OR ソラストメディカル OR ソラストアカデミー OR ソラスト訪問介護 OR ソラストデイサービス OR ソラスト保育 OR ソラスト介護 OR ソラスト医療事務)
61990,６１９９０,セラク,セラク / Seraku / 農業IoT / グリーンIT / i-Reporter / CareQube / SmartBee / Cloudia / Field Service Management,10,情報通信・サービスその他,(セラク OR Seraku OR 農業IoT OR グリーンIT OR i-Reporter OR CareQube OR SmartBee OR Cloudia OR Field OR Service OR Management)
62000,６２０００,インソース,,10,情報通信・サービスその他,
62010,６２０１０,豊田自動織機,豊田自動織機 / トヨタ自動織機 / TOYOTA INDUSTRIES / フォークリフト / 繊維機械 / エアコン / 物流機器 / 環境機器,6,自動車・輸送機,(豊田自動織機 OR トヨタ自動織機 OR TOYOTA OR INDUSTRIES OR フォークリフト OR 繊維機械 OR エアコン OR 物流機器 OR 環境機器)
62090,６２０９０,リケンＮＰＲ,,8,機械,
62220,６２２２０,島精機製作所,島精機製作所 / 島精機 / SHIMA SEIKI / WHOLEGARMENT / SDS-ONE APEX / MACH2XS / SWGシリーズ / SIPシリーズ / P-CAM,8,機械,(島精機製作所 OR 島精機 OR SHIMA OR SEIKI OR WHOLEGARMENT OR SDS-ONE OR APEX OR SWGシリーズ OR SIPシリーズ OR P-CAM) | (MACH2XS)
62350,６２３５０,オプトラン,オプトラン / OPTORUN / オプトコート / オプトフィルム / オプトシステム / オプトプロセス / オプトテクノロジー / オプトマシン / オプトデバイス,8,機械,(オプトラン OR OPTORUN OR オプトコート OR オプトフィルム OR オプトシステム OR オプトプロセス OR オプトテクノロジー OR オプトマシン OR オプトデバイス)
62370,６２３７０,イワキ,,8,機械,
62380,６２３８０,フリュー,フリュー / プリクラ / ガールズトレンド研究所 / フリューゲーム / フリューエンターテインメント / フリューアミューズメント / フリューグッズ / フリューアプリ / フリューキャラクター,8,機械,(フリュー OR プリクラ OR ガールズトレンド研究所 OR フリューゲーム OR フリューエンターテインメント OR フリューアミューズメント OR フリューグッズ OR フリューアプリ OR フリューキャラクター)
62400,６２４００,ヤマシンフィルタ,ヤマシンフィルタ / ヤマシン / YAMASHIN / ヤマシンフィルター / ヤマシンフィルターマスク / ナノフィルター / ナノフィルターマスク / ヤマシンナノフィルター / ヤマシンナノフィルターマスク,8,機械,(ヤマシンフィルタ OR ヤマシン OR YAMASHIN OR ヤマシンフィルター OR ヤマシンフィルターマスク OR ナノフィルター OR ナノフィルターマスク OR ヤマシンナノフィルター OR ヤマシンナノフィルターマスク)
62470,６２４７０,日阪製作所,日阪製作所 / HISAKA / HISAKAブランド / プレート式熱交換器 / HISAKA製品 / HISAKAテクノロジー / HISAKAソリューション / 日阪,8,機械,(日阪製作所 OR HISAKA OR HISAKAブランド OR プレート式熱交換器 OR HISAKA製品 OR HISAKAテクノロジー OR HISAKAソリューション OR 日阪)
62500,６２５００,やまびこ,,8,機械,
62540,６２５４０,野村マイクロ・サイエンス,野村マイクロ・サイエンス / NMS / ノムラマイクロ / マイクロサイエンス / AQUA / Pure Water,8,機械,(野村マイクロ OR サイエンス OR NMS OR ノムラマイクロ OR マイクロサイエンス OR AQUA OR Pure OR Water)
62580,６２５８０,平田機工,平田機工 / Hirata / 平田 / Hirata Robotics / Hirata Automation / 平田ロボティクス / 平田オートメーション / Hirata Group / Hirata Engineering,8,機械,(平田機工 OR Hirata OR 平田 OR Robotics OR Automation OR 平田ロボティクス OR 平田オートメーション OR Group OR Engineering)
62620,６２６２０,ＰＥＧＡＳＵＳ,,8,機械,
62640,６２６４０,マルマエ,,8,機械,
62660,６２６６０,タツモ,,8,機械,
62680,６２６８０,ナブテスコ,ナブテスコ / Nabtesco / RV減速機 / TS減速機 / GMシリーズ / NABCO / T-SMART / G7シリーズ / ナブコ,8,機械,(ナブテスコ OR Nabtesco OR RV減速機 OR TS減速機 OR GMシリーズ OR NABCO OR T-SMART OR ナブコ) | (G7シリーズ)
62690,６２６９０,三井海洋開発,三井海洋開発 / MODEC / FPSO / TLP / FSO / FLNG / MVシリーズ / 海洋プラント / 浮体式生産設備,8,機械,(三井海洋開発 OR MODEC OR FPSO OR TLP OR FSO OR FLNG OR MVシリーズ OR 海洋プラント OR 浮体式生産設備)
62720,６２７２０,レオン自動機,レオン自動機 / レオン / LEON / レオン自販機 / 自動販売機メーカー / レオン製品 / レオンブランド / レオン機械 / 自動機メーカー,8,機械,(レオン自動機 OR レオン OR LEON OR レオン自販機 OR 自動販売機メーカー OR レオン製品 OR レオンブランド OR レオン機械 OR 自動機メーカー)
62730,６２７３０,ＳＭＣ,SMC / エスエムシー / SMC株式会社 / エアシリンダー / 空気圧機器 / 空圧機器 / 流体制御機器,8,機械,(SMC OR エスエムシー OR SMC株式会社 OR エアシリンダー OR 空気圧機器 OR 空圧機器 OR 流体制御機器)
62770,６２７７０,ホソカワミクロン,ホソカワミクロン / ホソカワ / ミクロン / HOSOKAWA / Micron / ACM / Mikro / Nauta,8,機械,(ホソカワミクロン OR ホソカワ OR ミクロン OR HOSOKAWA OR Micron OR ACM OR Mikro OR Nauta)
62780,６２７８０,ユニオンツール,ユニオンツール / UNION / ユニオン / ユニオンツール株式会社 / UNION TOOL / ユニオンカッター / ユニオンドリル / ユニオンエンドミル,8,機械,(ユニオンツール OR UNION OR ユニオン OR ユニオンツール株式会社 OR TOOL OR ユニオンカッター OR ユニオンドリル OR ユニオンエンドミル)
62790,６２７９０,瑞光,,8,機械,
62820,６２８２０,オイレス工業,オイレス工業 / 6282 / OILES / オイレスベアリング / オイレスブッシュ / オイレススライド / オイレスダンパー / オイレスシール / オイレスガイド / オイレステクノロジー / オイレス,8,機械,(オイレス工業 OR OILES OR オイレスベアリング OR オイレスブッシュ OR オイレススライド OR オイレスダンパー OR オイレスシール OR オイレスガイド OR オイレステクノロジー OR オイレス)
62840,６２８４０,日精エー・エス・ビー機械,日精エー・エス・ビー機械 / ASB / 日精ASB / ASB機械 / ASBマシン / PETボトル成形機 / ブロー成形機 / ASBシリーズ,8,機械,(日精エー OR エス OR ビー機械 OR ASB OR 日精ASB OR ASB機械 OR ASBマシン OR PETボトル成形機 OR ブロー成形機 OR ASBシリーズ)
62870,６２８７０,サトーホールディングス,サトーホールディングス / SATO / CLNX / PW208 / TH2 / NXシリーズ / Argox / DataLase / SATOプリンター / サトー / サトーHD,8,機械,(サトーホールディングス OR SATO OR CLNX OR NXシリーズ OR Argox OR DataLase OR SATOプリンター OR サトー OR サトーHD) | (PW208 OR TH2)
62890,６２８９０,技研製作所,技研製作所 / GIKEN / サイレントパイラー / プレス工法 / GIKEN SEISAKUSHO / Silent Piler / G-Pile / Giken / Giken Silent Piler / 技研,8,機械,(技研製作所 OR GIKEN OR サイレントパイラー OR プレス工法 OR SEISAKUSHO OR Silent OR Piler OR G-Pile OR Giken OR 技研)
62910,６２９１０,日本エアーテック,,8,機械,
62930,６２９３０,日精樹脂工業,日精樹脂工業 / NISSEI PLASTIC / NEXシリーズ / FNXシリーズ / NEX-IV / NEX-Ⅲ / NEX-ⅢT / NEX-ⅢV / 日精樹脂,8,機械,(日精樹脂工業 OR NISSEI OR PLASTIC OR NEXシリーズ OR FNXシリーズ OR NEX-IV OR NEX-Ⅲ OR NEX-ⅢT OR NEX-ⅢV OR 日精樹脂)
62980,６２９８０,ワイエイシイホールディングス,ワイエイシイホールディングス / YAC / ワイエイシイ / YACホールディングス / YACグループ / ワイエイシイグループ / YACブランド / ワイエイシイ製品 / YAC製品 / ワイエイシイHD,8,機械,(ワイエイシイホールディングス OR YAC OR ワイエイシイ OR YACホールディングス OR YACグループ OR ワイエイシイグループ OR YACブランド OR ワイエイシイ製品 OR YAC製品 OR ワイエイシイHD)
63010,６３０１０,小松製作所,小松製作所 / コマツ / KOMATSU / 6301 / KOMTRAX / PC200 / DANTOTSU / WAシリーズ / HBシリーズ / iMC / 小松,8,機械,(小松製作所 OR コマツ OR KOMATSU OR KOMTRAX OR DANTOTSU OR WAシリーズ OR HBシリーズ OR iMC OR 小松) | (PC200)
63020,６３０２０,住友重機械工業,住友重機械工業 / 住重 / Sumitomo Heavy Industries / SHI / サムヒ / サムヘビー / サム重 / サム重工 / サム工 / 住友重機械,8,機械,(住友重機械工業 OR 住重 OR Sumitomo OR Heavy OR Industries OR SHI OR サムヒ OR サムヘビー OR サム重 OR サム重工 OR サム工 OR 住友重機械)
63050,６３０５０,日立建機,日立建機 / HITACHI / ZAXIS / EXシリーズ / ホイールローダー / リジッドダンプトラック,8,機械,(日立建機 OR HITACHI OR ZAXIS OR EXシリーズ OR ホイールローダー OR リジッドダンプトラック)
63060,６３０６０,日工,日工 / NIKKO / アスファルトプラント / コンクリートプラント / リサイクルプラント / 環境プラント / 日工マシナリー / 日工テクノロジー,8,機械,(日工 OR NIKKO OR アスファルトプラント OR コンクリートプラント OR リサイクルプラント OR 環境プラント OR 日工マシナリー OR 日工テクノロジー)
63090,６３０９０,巴工業,巴工業 / 巴フィルター / 巴ポンプ / 巴バルブ / 巴エンジニアリング / 巴化工 / 巴システム / 巴テクノロジー / 巴,8,機械,(巴工業 OR 巴フィルター OR 巴ポンプ OR 巴バルブ OR 巴エンジニアリング OR 巴化工 OR 巴システム OR 巴テクノロジー)
63100,６３１００,井関農機,井関農機 / ISEKI / イセキ / トラクタ / 農機具 / ブルーアース,8,機械,(井関農機 OR ISEKI OR イセキ OR トラクタ OR 農機具 OR ブルーアース)
63150,６３１５０,ＴＯＷＡ,ＴＯＷＡ / トーワ / TOWA / パッケージング装置 / 封止装置 / モールディング装置 / 精密機器メーカー,8,機械,(トーワ OR TOWA OR パッケージング装置 OR 封止装置 OR モールディング装置 OR 精密機器メーカー) | (ＴＯＷＡ)
63170,６３１７０,北川鉄工所,北川鉄工所 / KITAGAWA / 北川チャック / 北川バイス / 北川ロボット / 北川製品 / 北川ブランド / 北川機械 / 北川工具,8,機械,(北川鉄工所 OR KITAGAWA OR 北川チャック OR 北川バイス OR 北川ロボット OR 北川製品 OR 北川ブランド OR 北川機械 OR 北川工具)
63230,６３２３０,ローツェ,ローツェ / ローツェ株式会社 / ローツェグループ / ローツェ製品 / ローツェブランド / ローツェテクノロジー / ローツェシステム / ローツェソリューション / ローツェエンジニアリング,8,機械,(ローツェ OR ローツェ株式会社 OR ローツェグループ OR ローツェ製品 OR ローツェブランド OR ローツェテクノロジー OR ローツェシステム OR ローツェソリューション OR ローツェエンジニアリング)
63260,６３２６０,クボタ,クボタ / Kubota / トラクター / 水処理 / エンジン / 建設機械 / アグリソリューション,8,機械,(クボタ OR Kubota OR トラクター OR 水処理 OR エンジン OR 建設機械 OR アグリソリューション)
63280,６３２８０,荏原実業,荏原実業 / EBARA / 荏原ポンプ / 荏原空調 / 荏原環境 / 荏原製品 / 荏原ブランド / 荏原技術,8,機械,(荏原実業 OR EBARA OR 荏原ポンプ OR 荏原空調 OR 荏原環境 OR 荏原製品 OR 荏原ブランド OR 荏原技術)
63300,６３３００,東洋エンジニアリング,TOYO,3,建設・資材,(TOYO)
63310,６３３１０,三菱化工機,,8,機械,
63320,６３３２０,月島ホールディングス,月島 / 月島HD,8,機械,(月島 OR 月島HD)
63330,６３３３０,帝国電機製作所,帝国電機製作所 / 帝国電機 / テイコク / テイコクポンプ / テイコク製品 / テイコクブランド / テイコク技術 / テイコク品質 / テイコクイノベーション,8,機械,(帝国電機製作所 OR 帝国電機 OR テイコク OR テイコクポンプ OR テイコク製品 OR テイコクブランド OR テイコク技術 OR テイコク品質 OR テイコクイノベーション)
63390,６３３９０,新東工業,新東工業 / Sinto / 新東 / Sintoグループ / Sintoマシン / Sintoキャスト / Sintoエンジニアリング / Sintoテクノロジー / Sintoソリューション,8,機械,(新東工業 OR Sinto OR 新東 OR Sintoグループ OR Sintoマシン OR Sintoキャスト OR Sintoエンジニアリング OR Sintoテクノロジー OR Sintoソリューション)
63400,６３４００,澁谷工業,澁谷工業 / 澁谷 / Shibuya / 澁谷マシン / 澁谷ロボティクス / 澁谷エンジニアリング / 澁谷テクノロジー / 澁谷オートメーション / 澁谷パッケージング,8,機械,(澁谷工業 OR 澁谷 OR Shibuya OR 澁谷マシン OR 澁谷ロボティクス OR 澁谷エンジニアリング OR 澁谷テクノロジー OR 澁谷オートメーション OR 澁谷パッケージング)
63450,６３４５０,アイチ　コーポレーション,アイチコーポレーション / アイチ / AICHI / スカイマスター / 高所作業車 / 作業車 / バケット車 / AICHIブランド / アイチ製品,8,機械,(アイチコーポレーション OR アイチ OR AICHI OR スカイマスター OR 高所作業車 OR 作業車 OR バケット車 OR AICHIブランド OR アイチ製品)
63490,６３４９０,小森コーポレーション,小森コーポレーション / コモリ / KOMORI / Lithrone / Enthrone / Impremia / System G / System 38 / Lithrone GX,8,機械,(小森コーポレーション OR コモリ OR KOMORI OR Lithrone OR Enthrone OR Impremia OR System OR GX)
63510,６３５１０,鶴見製作所,鶴見,8,機械,(鶴見)
63580,６３５８０,酒井重工業,酒井重,8,機械,(酒井重)
63610,６３６１０,荏原製作所,荏原製作所 / Ebara / Ebara Pumps / Ebara Chillers / Ebara Compressors / Ebara Fans / Ebara Precision Machinery / Ebara Environmental Plant / 荏原,8,機械,(荏原製作所 OR Ebara OR Pumps OR Chillers OR Compressors OR Fans OR Precision OR Machinery OR Environmental OR Plant OR 荏原)
63630,６３６３０,酉島製作所,酉島製作所 / 酉島 / トリシマ / トリシマポンプ / トリシマ製品 / トリシマブランド / 酉島ポンプ / 酉島製品 / 酉島ブランド,8,機械,(酉島製作所 OR 酉島 OR トリシマ OR トリシマポンプ OR トリシマ製品 OR トリシマブランド OR 酉島ポンプ OR 酉島製品 OR 酉島ブランド)
63640,６３６４０,北越工業,北越工業 / AIRMAN / エアマン / 北越ブルー / 建機 / 北越工業株式会社 / 北越,8,機械,(北越工業 OR AIRMAN OR エアマン OR 北越ブルー OR 建機 OR 北越工業株式会社 OR 北越)
63670,６３６７０,ダイキン工業,ダイキン工業 / ダイキン / エアコン / うるさら / ストリーマ / フーハ / アルミック / デシカント,8,機械,(ダイキン工業 OR ダイキン OR エアコン OR うるさら OR ストリーマ OR フーハ OR アルミック OR デシカント)
63680,６３６８０,オルガノ,オルガノ / ORGANO / オルガノ株式会社 / 水処理装置 / 純水装置 / 水処理薬品 / 水質分析サービス,8,機械,(オルガノ OR ORGANO OR オルガノ株式会社 OR 水処理装置 OR 純水装置 OR 水処理薬品 OR 水質分析サービス)
63690,６３６９０,トーヨーカネツ,トーヨーカネツ / トーヨーカネツ工業 / Toyo Kanetsu / トーヨーカネツプラント / トーヨーカネツ物流 / トーヨーカネツエンジニアリング / トーヨーカネツタンク,8,機械,(トーヨーカネツ OR トーヨーカネツ工業 OR Toyo OR Kanetsu OR トーヨーカネツプラント OR トーヨーカネツ物流 OR トーヨーカネツエンジニアリング OR トーヨーカネツタンク)
63700,６３７００,栗田工業,栗田工業 / 栗田 / Kurita / クリーンウォーター / アクアシステム / 水処理ソリューション / Kurita Water Industries / KURITA / 水環境管理,8,機械,(栗田工業 OR 栗田 OR Kurita OR クリーンウォーター OR アクアシステム OR 水処理ソリューション OR Water OR Industries OR KURITA OR 水環境管理)
63710,６３７１０,椿本チエイン,椿本チエイン / TSUBAKI / 椿本 / チエイン / Tsubaki Chain / 椿本チェーン / Tsubaki Power Transmission / Tsubaki Conveyor / Tsubaki Automotive,8,機械,(椿本チエイン OR TSUBAKI OR 椿本 OR チエイン OR Tsubaki OR Chain OR 椿本チェーン OR Power OR Transmission OR Conveyor OR Automotive)
63760,６３７６０,日機装,日機装 / Nikkiso / メディカルポンプ / ダイアフラムポンプ / エアロスペース / 医療機器 / 精密機器 / ポンプソリューション,9,電機・精密,(日機装 OR Nikkiso OR メディカルポンプ OR ダイアフラムポンプ OR エアロスペース OR 医療機器 OR 精密機器 OR ポンプソリューション)
63780,６３７８０,木村化工機,木村化工機 / 木村 / キムラケミカル / 化工機 / KKK / Kimura Chemical / Kimura / 化工 / 木村機械,8,機械,(木村化工機 OR 木村 OR キムラケミカル OR 化工機 OR KKK OR Kimura OR Chemical OR 化工 OR 木村機械)
63790,６３７９０,レイズネクスト,,3,建設・資材,
63810,６３８１０,アネスト岩田,アネスト岩田 / ANEST IWATA / 岩田 / アネスト / スプレーガン / コーティング機器 / 塗装機器,8,機械,(アネスト岩田 OR ANEST OR IWATA OR 岩田 OR アネスト OR スプレーガン OR コーティング機器 OR 塗装機器)
63830,６３８３０,ダイフク,ダイフク / DAIFUKU / FA&DA / AS/RS / Cleanroom Automation / Conveyor Systems / Material Handling Systems / Automated Storage / Logistics Solutions,8,機械,(ダイフク OR DAIFUKU OR FA&DA OR AS OR RS OR Cleanroom OR Automation OR Conveyor OR Systems OR Material OR Handling OR Automated OR Storage OR Logistics OR Solutions)
63870,６３８７０,サムコ,,8,機械,
63950,６３９５０,タダノ,タダノ / クレーン / ラフテレーンクレーン / オールテレーンクレーン / トラッククレーン / グローブクレーン / デマグ / Tadano / Faun,8,機械,(タダノ OR クレーン OR ラフテレーンクレーン OR オールテレーンクレーン OR トラッククレーン OR グローブクレーン OR デマグ OR Tadano OR Faun)
64060,６４０６０,フジテック,フジテック / フジテックエレベーター / フジテックエスカレーター / FJTEC / フジテックグループ / フジテックホールディングス / フジテックリフト / フジテックサービス / フジテックインターナショナル,8,機械,(フジテック OR フジテックエレベーター OR フジテックエスカレーター OR FJTEC OR フジテックグループ OR フジテックホールディングス OR フジテックリフト OR フジテックサービス OR フジテックインターナショナル)
64070,６４０７０,ＣＫＤ,ＣＫＤ / CKD株式会社 / CKD / CKD機器 / CKD自動化機器 / CKDエンジニアリング / CKDバルブ / CKDシリンダー / CKDフィルタ / CKDコンポーネント,8,機械,(CKD株式会社 OR CKD OR CKD機器 OR CKD自動化機器 OR CKDエンジニアリング OR CKDバルブ OR CKDシリンダー OR CKDフィルタ OR CKDコンポーネント) | (ＣＫＤ)
64120,６４１２０,平和,PGM / アクアガーデン / ゴルフ場運営 / パチンコ / パチスロ / ゴルフ用品 / ゴルフレッスン,8,機械,(PGM OR アクアガーデン OR ゴルフ場運営 OR パチンコ OR パチスロ OR ゴルフ用品 OR ゴルフレッスン)
64130,６４１３０,理想科学工業,理想科学工業 / リソー / RISO / デュプロ / オルフィス / コムカラー / RISOGRAPH / EZシリーズ / 理想科学,8,機械,(理想科学工業 OR リソー OR RISO OR デュプロ OR オルフィス OR コムカラー OR RISOGRAPH OR EZシリーズ OR 理想科学)
64170,６４１７０,ＳＡＮＫＹＯ,ＳＡＮＫＹＯ / フィーバー / CRシリーズ / パチンコ / パチスロ / ジェイビー / ビスティ / フィーバー機 / デジパチ,8,機械,(フィーバー OR CRシリーズ OR パチンコ OR パチスロ OR ジェイビー OR ビスティ OR フィーバー機 OR デジパチ) | (ＳＡＮＫＹＯ)
64180,６４１８０,日本金銭機械,日本金銭機械 / JCM / 日本金銭 / JCMグループ / JCMホールディングス / JCMブランド / JCM製品 / JCMテクノロジー / JCMソリューションズ,8,機械,(日本金銭機械 OR JCM OR 日本金銭 OR JCMグループ OR JCMホールディングス OR JCMブランド OR JCM製品 OR JCMテクノロジー OR JCMソリューションズ)
64190,６４１９０,マースグループホールディングス,マースグループ / マースグループHD,8,機械,(マースグループ OR マースグループHD)
64200,６４２００,フクシマガリレイ,フクシマガリレイ / フクシマ / ガリレイ / 福島冷機 / フクシマ冷機 / フクシマガリレイ株式会社 / 福島ガリレイ / フクシマ冷蔵庫 / ガリレイ冷機,8,機械,(フクシマガリレイ OR フクシマ OR ガリレイ OR 福島冷機 OR フクシマ冷機 OR フクシマガリレイ株式会社 OR 福島ガリレイ OR フクシマ冷蔵庫 OR ガリレイ冷機)
64300,６４３００,ダイコク電機,ダイコク電機 / 大黒 / DK-SIS / VEGASIA / BiGMO PREMIUM / DK-EXCEL / DK-ALERT / DK-COUNT / DK-NEO / ダイコク,8,機械,(ダイコク電機 OR 大黒 OR DK-SIS OR VEGASIA OR BiGMO OR PREMIUM OR DK-EXCEL OR DK-ALERT OR DK-COUNT OR DK-NEO OR ダイコク)
64320,６４３２０,竹内製作所,竹内製作所 / TAKEUCHI / タケウチ / クローラーローダー / 建設機械 / コンパクトトラックローダー / TLシリーズ / TBシリーズ / 竹内,8,機械,(竹内製作所 OR TAKEUCHI OR タケウチ OR クローラーローダー OR 建設機械 OR コンパクトトラックローダー OR TLシリーズ OR TBシリーズ OR 竹内)
64360,６４３６０,アマノ,アマノ / タイムレコーダー / クリーンシステム / セキュリティゲート / AMANO / 時間管理システム / 駐車場管理システム / バイオメトリクス,8,機械,(アマノ OR タイムレコーダー OR クリーンシステム OR セキュリティゲート OR AMANO OR 時間管理システム OR 駐車場管理システム OR バイオメトリクス)
64400,６４４００,ＪＵＫＩ,ＪＵＫＩ / ジューキ / JUKIミシン / JUKI工業用ミシン / JUKI家庭用ミシン / JUKIソーイングマシン / JUKIオーバーロックミシン / JUKI刺繍機 / JUKI自動機械,8,機械,(ジューキ OR JUKIミシン OR JUKI工業用ミシン OR JUKI家庭用ミシン OR JUKIソーイングマシン OR JUKIオーバーロックミシン OR JUKI刺繍機 OR JUKI自動機械) | (ＪＵＫＩ)
64450,６４４５０,ジャノメ,ジャノメ / Janome / ジャノメミシン / Janome Sewing Machine / メモリークラフト / Memory Craft / センサークラフト / Sensor Craft / ホライゾン / Horizon,8,機械,(ジャノメ OR Janome OR ジャノメミシン OR Sewing OR Machine OR メモリークラフト OR Memory OR Craft OR センサークラフト OR Sensor OR ホライゾン OR Horizon)
64480,６４４８０,ブラザー工業,ブラザー工業 / ブラザー / Brother / P-touch / DCP / HL / ScanNCut / プリビオ,9,電機・精密,(ブラザー工業 OR ブラザー OR Brother OR P-touch OR DCP OR HL OR ScanNCut OR プリビオ)
64540,６４５４０,マックス,,8,機械,
64550,６４５５０,モリタホールディングス,モリタホールディングス / モリタ / モリタ消防 / モリタエコノス / モリタミュージアム / モリタテクノス / モリタスチール / モリタエンジニアリング / モリタリサーチ / モリタHD,6,自動車・輸送機,(モリタホールディングス OR モリタ OR モリタ消防 OR モリタエコノス OR モリタミュージアム OR モリタテクノス OR モリタスチール OR モリタエンジニアリング OR モリタリサーチ OR モリタHD)
64570,６４５７０,グローリー,グローリー / GLORY / グローリー株式会社 / G-BOS / GFS-2200 / RBG-300 / UW-Fシリーズ / CI-10 / Vertera,8,機械,(グローリー OR GLORY OR グローリー株式会社 OR G-BOS OR UW-Fシリーズ OR Vertera) | (GFS-2200 OR RBG-300 OR CI-10)
64580,６４５８０,新晃工業,新晃,8,機械,(新晃)
64590,６４５９０,大和冷機工業,大和冷機工業 / 大和冷機 / ダイワレイキ / DRK / クールキーパー / フリーザー / 冷凍ストッカー / 冷蔵ショーケース / 冷凍機,8,機械,(大和冷機工業 OR 大和冷機 OR ダイワレイキ OR DRK OR クールキーパー OR フリーザー OR 冷凍ストッカー OR 冷蔵ショーケース OR 冷凍機)
64600,６４６００,セガサミーホールディングス,セガサミーホールディングス / セガ / サミー / SEGA / Sammy / セガサミー / セガグループ / サミーグループ / セガゲームス / サミー遊技機 / セガサミーHD,8,機械,(セガサミーホールディングス OR セガ OR サミー OR SEGA OR Sammy OR セガサミー OR セガグループ OR サミーグループ OR セガゲームス OR サミー遊技機 OR セガサミーHD)
64630,６４６３０,ＴＰＲ,TPR / トピー工業 / トピーグループ / トピー製品 / トピーのホイール / トピーの鉄鋼 / トピーの自動車部品 / トピーの建設機械部品,8,機械,(TPR OR トピー工業 OR トピーグループ OR トピー製品 OR トピーのホイール OR トピーの鉄鋼 OR トピーの自動車部品 OR トピーの建設機械部品)
64640,６４６４０,ツバキ・ナカシマ,ツバキ・ナカシマ / Tsubaki Nakashima / ボールベアリング / 転がり軸受 / 精密部品 / 軸受 / 精密機器 / Tsubaki,8,機械,(ツバキ OR ナカシマ OR Tsubaki OR Nakashima OR ボールベアリング OR 転がり軸受 OR 精密部品 OR 軸受 OR 精密機器)
64650,６４６５０,ホシザキ,ホシザキ / ホシザキ電機 / ホシザキ製氷機 / ホシザキ冷蔵庫 / ホシザキ食洗機 / ホシザキ厨房機器 / HOSHIZAKI / ホシザキ製品 / ホシザキブランド,8,機械,(ホシザキ OR ホシザキ電機 OR ホシザキ製氷機 OR ホシザキ冷蔵庫 OR ホシザキ食洗機 OR ホシザキ厨房機器 OR HOSHIZAKI OR ホシザキ製品 OR ホシザキブランド)
64700,６４７００,大豊工業,大豊,8,機械,(大豊)
64710,６４７１０,日本精工,日本精工 / NSK / 6471 / 精工 / NSKベアリング / モーション&コントロール / 精工製品 / NSKリニア / 精工ブランド,8,機械,(日本精工 OR NSK OR 精工 OR NSKベアリング OR モーション&コントロール OR 精工製品 OR NSKリニア OR 精工ブランド)
64720,６４７２０,ＮＴＮ,ＮＴＮ / 6472 / ドライブシャフト / 精密機器 / 産業機械 / グリーンパワー / スマートモビリティ,8,機械,(ドライブシャフト OR 精密機器 OR 産業機械 OR グリーンパワー OR スマートモビリティ) | (ＮＴＮ)
64730,６４７３０,ジェイテクト,ジェイテクト / JTEKT / トヨタ工機 / KOYO / Koyoベアリング / TORSEN / DAIHATSU / JTEKTステアリングシステム / JTEKTマシンツール,8,機械,(ジェイテクト OR JTEKT OR トヨタ工機 OR KOYO OR Koyoベアリング OR TORSEN OR DAIHATSU OR JTEKTステアリングシステム OR JTEKTマシンツール)
64740,６４７４０,不二越,不二越 / NACHI / ナチ / ナチスチール / ナチベアリング / ナチロボット / ナチ工具 / ナチ油圧 / ナチマシン,8,機械,(不二越 OR NACHI OR ナチ OR ナチスチール OR ナチベアリング OR ナチロボット OR ナチ工具 OR ナチ油圧 OR ナチマシン)
64790,６４７９０,ミネベアミツミ,ミネベアミツミ / ミネベア / ミツミ / NMB / myonic / Paradox Engineering / NMB Minebea UK Ltd / NMB Technologies Corporation / MinebeaMitsumi Inc.,9,電機・精密,(ミネベアミツミ OR ミネベア OR ミツミ OR NMB OR myonic OR Paradox OR Engineering OR Minebea OR UK OR Ltd OR Technologies OR Corporation OR MinebeaMitsumi OR Inc.)
64800,６４８００,日本トムソン,,8,機械,
64810,６４８１０,ＴＨＫ,THK / 6481 / LMガイド / ボールねじ / アクチュエータ / クロスローラリング / リニアモーション / FA機器 / 精密機器,8,機械,(THK OR LMガイド OR ボールねじ OR アクチュエータ OR クロスローラリング OR リニアモーション OR FA機器 OR 精密機器)
64820,６４８２０,ユーシン精機,ユーシン精機 / ユーシン / Yushin / Yushin Precision Equipment / ハンドリングロボット / 取出ロボット / 自動化システム / Yushin Robotics / Yushin Automation,8,機械,(ユーシン精機 OR ユーシン OR Yushin OR Precision OR Equipment OR ハンドリングロボット OR 取出ロボット OR 自動化システム OR Robotics OR Automation)
64850,６４８５０,前澤給装工業,前澤給装,8,機械,(前澤給装)
64860,６４８６０,イーグル工業,イーグル工業 / EKK / Eagle Industry / メカニカルシール / 流体機器 / ポンプ / イーグル,8,機械,(イーグル工業 OR EKK OR Eagle OR Industry OR メカニカルシール OR 流体機器 OR ポンプ OR イーグル)
64900,６４９００,ＰＩＬＬＡＲ,,8,機械,
64980,６４９８０,キッツ,キッツ / KITZ / KITZバルブ / KITZグループ / KITZエンジニアリングサービス / KITZメタルワークス / KITZバタフライバルブ / KITZステンレスバルブ / KITZ青銅バルブ,8,機械,(キッツ OR KITZ OR KITZバルブ OR KITZグループ OR KITZエンジニアリングサービス OR KITZメタルワークス OR KITZバタフライバルブ OR KITZステンレスバルブ OR KITZ青銅バルブ)
65010,６５０１０,日立製作所,日立製作所 / Hitachi / Lumada / Vantara / HiRAC / Hitachi Astemo / Hitachi Rail / Hitachi Energy / 日立,9,電機・精密,(日立製作所 OR Hitachi OR Lumada OR Vantara OR HiRAC OR Astemo OR Rail OR Energy OR 日立)
65030,６５０３０,三菱電機,三菱電機 / MELCO / 霧ヶ峰 / DIATONE / REAL / VISEL / iNSTICK / Mr. Slim / 三菱,9,電機・精密,(三菱電機 OR MELCO OR 霧ヶ峰 OR DIATONE OR REAL OR VISEL OR iNSTICK OR Mr. OR Slim OR 三菱)
65040,６５０４０,富士電機,富士電機 / 富士電 / Fuji Electric / FDK / FRENIC / MICREX / FRENIC-VG / FRENIC-Ace / FRENIC-MEGA / 富士,9,電機・精密,(富士電機 OR 富士電 OR Fuji OR Electric OR FDK OR FRENIC OR MICREX OR FRENIC-VG OR FRENIC-Ace OR FRENIC-MEGA OR 富士)
65060,６５０６０,安川電機,安川電機 / YASKAWA / 安川 / サーボモータ / ロボット / モーションコントローラ / ドライブ,9,電機・精密,(安川電機 OR YASKAWA OR 安川 OR サーボモータ OR ロボット OR モーションコントローラ OR ドライブ)
65070,６５０７０,シンフォニアテクノロジー,シンフォニアテクノロジー / シンフォニア / SYMPHONY / 精密機器 / FAシステム,9,電機・精密,(シンフォニアテクノロジー OR シンフォニア OR SYMPHONY OR 精密機器 OR FAシステム)
65080,６５０８０,明電舎,明電舎 / 明電 / Meiden / Meiden Group / Meiden Motor / Meiden Drive / Meiden Transformer / Meiden Switchgear / Meiden System,9,電機・精密,(明電舎 OR 明電 OR Meiden OR Group OR Motor OR Drive OR Transformer OR Switchgear OR System)
65160,６５１６０,山洋電気,山洋電気 / サンヨー電機 / SANYO DENKI / SANUPS / SANMOTION / SANACE / COOLING SYSTEMS / POWER SYSTEMS / SERVO SYSTEMS,9,電機・精密,(山洋電気 OR サンヨー電機 OR SANYO OR DENKI OR SANUPS OR SANMOTION OR SANACE OR COOLING OR SYSTEMS OR POWER OR SERVO)
65170,６５１７０,デンヨー,デンヨー / デンヨー株式会社 / Denyo / 溶接機 / デンヨー発電機 / デンヨー溶接機 / デンヨーコンプレッサー,9,電機・精密,(デンヨー OR デンヨー株式会社 OR Denyo OR 溶接機 OR デンヨー発電機 OR デンヨー溶接機 OR デンヨーコンプレッサー)
65230,６５２３０,ＰＨＣホールディングス,ＰＨＣホールディングス / PHC / パナソニックヘルスケア / バイオメディカ / アークレイ / ドクターズトイ / インフルエンザ迅速診断キット / 血糖値測定器 / ＰＨＣ / ＰＨＣHD,9,電機・精密,(ＰＨＣホールディングス OR PHC OR パナソニックヘルスケア OR バイオメディカ OR アークレイ OR ドクターズトイ OR インフルエンザ迅速診断キット OR 血糖値測定器 OR ＰＨＣHD) | (ＰＨＣ)
65250,６５２５０,ＫＯＫＵＳＡＩ　ＥＬＥＣＴＲＩＣ,ＫＯＫＵＳＡＩ　ＥＬＥＣＴＲＩＣ / コクサイ / コクサイエレクトリック / KOKUSAI / KOKUSAI ELECTRIC / KOKUSAI ELECTRIC CORPORATION / KOKUSAI製品 / KOKUSAIブランド / KOKUSAIテクノロジー,9,電機・精密,(コクサイ OR コクサイエレクトリック OR KOKUSAI OR ELECTRIC OR CORPORATION OR KOKUSAI製品 OR KOKUSAIブランド OR KOKUSAIテクノロジー) | (ＫＯＫＵＳＡＩ OR ＥＬＥＣＴＲＩＣ)
65260,６５２６０,ソシオネクスト,ソシオネクスト / Socionext / ソシオ / SoC / SCX / SynQuacer / Milbeaut / SC2A11 / SC2000,9,電機・精密,(ソシオネクスト OR Socionext OR ソシオ OR SoC OR SCX OR SynQuacer OR Milbeaut) | (SC2A11 OR SC2000)
65320,６５３２０,ベイカレント,ベイカレント / 6532 / ベイカレ / BayCurrent / BayCurrent Consulting / BCC / ベイカレント・コンサルティング / ベイカ / BayC / BayC Consulting,10,情報通信・サービスその他,(ベイカレント OR ベイカレ OR BayCurrent OR Consulting OR BCC OR コンサルティング OR ベイカ OR BayC)
65330,６５３３０,Ｏｒｃｈｅｓｔｒａ　Ｈｏｌｄｉｎｇｓ,オーケストラHD / オーケストラホールディングス / Orchestra Holdings / OH / オーケストラ / Orchestra / オーケストラグループ / Orchestra Group / オーケストラブランド,10,情報通信・サービスその他,(オーケストラHD OR オーケストラホールディングス OR Orchestra OR Holdings OR OH OR オーケストラ OR オーケストラグループ OR Group OR オーケストラブランド)
65350,６５３５０,アイモバイル,アイモバイル / i-mobile / アイモバ / i-mobile Ad Network / i-mobile Affiliate / i-mobile for SP / i-mobile for PC / i-mobile Video Ads / i-mobile DSP,10,情報通信・サービスその他,(アイモバイル OR i-mobile OR アイモバ OR Ad OR Network OR Affiliate OR for OR SP OR PC OR Video OR Ads OR DSP)
65390,６５３９０,ＭＳ−Ｊａｐａｎ,ＭＳ−Ｊａｐａｎ / エムエスジャパン / MSJ / MS-Japan / 人材紹介 / 人材サービス / 転職支援 / キャリアサポート / 専門職紹介,10,情報通信・サービスその他,(エムエスジャパン OR MSJ OR MS-Japan OR 人材紹介 OR 人材サービス OR 転職支援 OR キャリアサポート OR 専門職紹介) | (ＭＳ−Ｊａｐａｎ)
65440,６５４４０,ジャパンエレベーターサービスホールディングス,ジャパンエレベーターサービスホールディングス / JES / ジャパンエレベーター / エレベーターサービス / JESホールディングス / ジャパンエレベーターサービス / ジャパンエレベーターホールディングス / エレベーターホールディングス / ジャパンエレベータサービス / ジャパンエレベーターサービスHD,10,情報通信・サービスその他,(ジャパンエレベーターサービスホールディングス OR JES OR ジャパンエレベーター OR エレベーターサービス OR JESホールディングス OR ジャパンエレベーターサービス OR ジャパンエレベーターホールディングス OR エレベーターホールディングス OR ジャパンエレベータサービス OR ジャパンエレベーターサービスHD)
65600,６５６００,エル・ティー・エス,,10,情報通信・サービスその他,
65640,６５６４０,ミダックホールディングス,ミダック / ミダックHD,10,情報通信・サービスその他,(ミダック OR ミダックHD)
65710,６５７１０,キュービーネットホールディングス,キュービーネットホールディングス / QBハウス / キュービーネット / QB / キュービー / QBカット / キュービーネットHD / キュービーネットホールディングス株式会社 / QBプレミアムカット,10,情報通信・サービスその他,(キュービーネットホールディングス OR QBハウス OR キュービーネット OR QB OR キュービー OR QBカット OR キュービーネットHD OR キュービーネットホールディングス株式会社 OR QBプレミアムカット)
65720,６５７２０,オープングループ,オープン / OG / オープンG / オープングループ製品 / オープングループサービス / オープングループブランド / オープングループSNS,10,情報通信・サービスその他,(オープン OR OG OR オープンG OR オープングループ製品 OR オープングループサービス OR オープングループブランド OR オープングループSNS)
65840,６５８４０,三櫻工業,三櫻工業 / 6584 / 三櫻 / サクラ / SAKURA / 三櫻ホース / 三櫻チューブ / 三櫻ラジエーター / 三櫻インダストリー / 三櫻エンジニアリング,6,自動車・輸送機,(三櫻工業 OR 三櫻 OR サクラ OR SAKURA OR 三櫻ホース OR 三櫻チューブ OR 三櫻ラジエーター OR 三櫻インダストリー OR 三櫻エンジニアリング)
65860,６５８６０,マキタ,マキタ / Makita / マキタ電動工具 / マキタバッテリー / マキタ掃除機 / マキタドリル / マキタチェーンソー / マキタインパクトドライバー / マキタ充電式工具,8,機械,(マキタ OR Makita OR マキタ電動工具 OR マキタバッテリー OR マキタ掃除機 OR マキタドリル OR マキタチェーンソー OR マキタインパクトドライバー OR マキタ充電式工具)
65880,６５８８０,東芝テック,東芝テック / TEC / REGIUS / e-STUDIO / B-FV4D / B-EX4T / B-EP4DL / SurePOS / ST-A10,9,電機・精密,(東芝テック OR TEC OR REGIUS OR e-STUDIO OR SurePOS) | (B-FV4D OR B-EX4T OR B-EP4DL OR ST-A10)
65900,６５９００,芝浦メカトロニクス,芝浦メカトロニクス / メカトロ / Shibaura Mechatronics / SMT / 芝浦メカ / Shibaura / 芝メカ,9,電機・精密,(芝浦メカトロニクス OR メカトロ OR Shibaura OR Mechatronics OR SMT OR 芝浦メカ OR 芝メカ)
65920,６５９２０,マブチモーター,マブチモーター / Mabuchi / マブチ / Mabuchi Motor / Mabuchiモーター / Mabuchi製品 / Mabuchiブランド / Mabuchi DCモーター / Mabuchi小型モーター,9,電機・精密,(マブチモーター OR Mabuchi OR マブチ OR Motor OR Mabuchiモーター OR Mabuchi製品 OR Mabuchiブランド OR DCモーター OR Mabuchi小型モーター)
65940,６５９４０,ニデック,ニデック / 日本電産 / 6594 / Nidec / Nidec Motor / Nidec Servo / Nidec Copal / Nidec Sankyo / Nidec Shimpo / Nidec Techno Motor,9,電機・精密,(ニデック OR 日本電産 OR Nidec OR Motor OR Servo OR Copal OR Sankyo OR Shimpo OR Techno)
66150,６６１５０,ユー・エム・シー・エレクトロニクス,ユー・エム・シー・エレクトロニクス / UMCエレクトロニクス / UMC / ユーエムシー / UMCグループ / UMC電子 / ユー・エム・シー製品 / UMCブランド / ユー・エム・シー技術,9,電機・精密,(ユー OR エム OR シー OR エレクトロニクス OR UMCエレクトロニクス OR UMC OR ユーエムシー OR UMCグループ OR UMC電子 OR シー製品 OR UMCブランド OR シー技術)
66160,６６１６０,トレックス・セミコンダクター,トレックス・セミコンダクター / Torex / セミコン / トレックスIC / パワーマネジメントIC / DC/DCコンバータ / LDOレギュレータ / MOSFET,9,電機・精密,(トレックス OR セミコンダクター OR Torex OR セミコン OR トレックスIC OR パワーマネジメントIC OR DC OR DCコンバータ OR LDOレギュレータ OR MOSFET)
66170,６６１７０,東光高岳,,9,電機・精密,
66190,６６１９０,ダブル・スコープ,ダブル・スコープ / W-SCOPE / ダブスコ / WSCOPE / ダブルス / W-SCOPE Korea / セパレーター / リチウムイオン電池用セパレーター,9,電機・精密,(ダブル OR スコープ OR W-SCOPE OR ダブスコ OR WSCOPE OR ダブルス OR Korea OR セパレーター OR リチウムイオン電池用セパレーター)
66200,６６２００,宮越ホールディングス,宮越 / 宮越HD,17,不動産,(宮越 OR 宮越HD)
66220,６６２２０,ダイヘン,ダイヘン / ダイヘン電機 / ダイヘンロボット / ダイヘン溶接機 / ダイヘントランス / ダイヘンパワーエレクトロニクス / ダイヘンインバータ / ダイヘンアーク溶接 / ダイヘン自動化システム,9,電機・精密,(ダイヘン OR ダイヘン電機 OR ダイヘンロボット OR ダイヘン溶接機 OR ダイヘントランス OR ダイヘンパワーエレクトロニクス OR ダイヘンインバータ OR ダイヘンアーク溶接 OR ダイヘン自動化システム)
66300,６６３００,ヤーマン,ヤーマン / YA-MAN / メディリフト / RFボーテ / フォトプラス / キャビスパ / トルネードEMSリフト / スカルプドライヤー / 美顔器,9,電機・精密,(ヤーマン OR YA-MAN OR メディリフト OR RFボーテ OR フォトプラス OR キャビスパ OR トルネードEMSリフト OR スカルプドライヤー OR 美顔器)
66320,６６３２０,ＪＶＣケンウッド,JVCケンウッド / JVC / ケンウッド / Victor / ビクター / KENWOOD / JVCKENWOOD / エブリオ / ウッドコーン,9,電機・精密,(JVCケンウッド OR JVC OR ケンウッド OR Victor OR ビクター OR KENWOOD OR JVCKENWOOD OR エブリオ OR ウッドコーン)
66380,６６３８０,ミマキエンジニアリング,ミマキエンジニアリング / ミマキ / Mimaki / JVシリーズ / CJVシリーズ / UJFシリーズ / TSシリーズ / TXシリーズ / UCJVシリーズ,9,電機・精密,(ミマキエンジニアリング OR ミマキ OR Mimaki OR JVシリーズ OR CJVシリーズ OR UJFシリーズ OR TSシリーズ OR TXシリーズ OR UCJVシリーズ)
66440,６６４４０,大崎電気工業,大崎電気工業 / 大崎電気 / OEC / OSAKI / スマートメーター / エナジーメーター / オサキメーター / オサキ電気 / OSAKI ELECTRIC,9,電機・精密,(大崎電気工業 OR 大崎電気 OR OEC OR OSAKI OR スマートメーター OR エナジーメーター OR オサキメーター OR オサキ電気 OR ELECTRIC)
66450,６６４５０,オムロン,オムロン / OMRON / オムロンヘルスケア / オムロンソーシアルソリューションズ / オムロンオートモーティブエレクトロニクス / HEMシリーズ / カルディオ / i-CUBE / ココロエンジン,9,電機・精密,(オムロン OR OMRON OR オムロンヘルスケア OR オムロンソーシアルソリューションズ OR オムロンオートモーティブエレクトロニクス OR HEMシリーズ OR カルディオ OR i-CUBE OR ココロエンジン)
66510,６６５１０,日東工業,日東工業 / NITTO KOGYO / NK / キュービクル / 配電盤 / 盤用機器 / キャビネット / 制御盤 / 日東,9,電機・精密,(日東工業 OR NITTO OR KOGYO OR NK OR キュービクル OR 配電盤 OR 盤用機器 OR キャビネット OR 制御盤 OR 日東)
66520,６６５２０,ＩＤＥＣ,,9,電機・精密,
66740,６６７４０,ジーエス・ユアサ　コーポレーション,ジーエス・ユアサ / GSユアサ / GS YUASA / ジーエス・ユアサ コーポレーション / ユアサバッテリー / エコアール / ECO.R / PRODA / ENELOOP,9,電機・精密,(ジーエス OR ユアサ OR GSユアサ OR GS OR YUASA OR ユアサバッテリー OR エコアール OR ECO.R OR PRODA OR ENELOOP)
66760,６６７６０,メルコホールディングス,メルコ / メルコHD,9,電機・精密,(メルコ OR メルコHD)
66780,６６７８０,テクノメディカ,テクノメディカ / テクノ / メディカ / テクノメディカ株式会社 / 自動分析装置 / 血液検査機器 / テクノメディカ製品 / テクノメディカブランド,9,電機・精密,(テクノメディカ OR テクノ OR メディカ OR テクノメディカ株式会社 OR 自動分析装置 OR 血液検査機器 OR テクノメディカ製品 OR テクノメディカブランド)
66990,６６９９０,ダイヤモンドエレクトリックホールディングス,ダイヤモンドエレクトリックホールディングス / ダイヤモンド電機 / DEH / ダイヤモンドエレクトリック / ダイエレ / Diamond Electric / Diamond Electric Holdings / ダイヤモンド / ダイヤモンドエレクトリック製品 / ダイヤモンドエレクトリックHD,9,電機・精密,(ダイヤモンドエレクトリックホールディングス OR ダイヤモンド電機 OR DEH OR ダイヤモンドエレクトリック OR ダイエレ OR Diamond OR Electric OR Holdings OR ダイヤモンド OR ダイヤモンドエレクトリック製品 OR ダイヤモンドエレクトリックHD)
67010,６７０１０,日本電気,NEC / 日本電気 / バリュースター / ラヴィ / VersaPro / Mate / Aterm / Express5800 / iPASOLINK,9,電機・精密,(NEC OR 日本電気 OR バリュースター OR ラヴィ OR VersaPro OR Mate OR Aterm OR iPASOLINK) | (Express5800)
67020,６７０２０,富士通,富士通 / FMV / ScanSnap / Lifebook / ESPRIMO / PRIMERGY / SPARC / Arrows,9,電機・精密,(富士通 OR FMV OR ScanSnap OR Lifebook OR ESPRIMO OR PRIMERGY OR SPARC OR Arrows)
67030,６７０３０,沖電気工業,沖電気工業 / OKI / OKIデータ / OKIプリンター / OKIネットワーク / OKIセミコンダクター / OKI通信システム / OKIエレクトロニクス / OKIソリューション / 沖電気,9,電機・精密,(沖電気工業 OR OKI OR OKIデータ OR OKIプリンター OR OKIネットワーク OR OKIセミコンダクター OR OKI通信システム OR OKIエレクトロニクス OR OKIソリューション OR 沖電気)
67060,６７０６０,電気興業,,9,電機・精密,
67070,６７０７０,サンケン電気,サンケン電気 / サンケン / Sanken / SK / サンケンパワー / サンケンテクノロジー / サンケンインバーター / サンケンコンバーター / サンケンLED,9,電機・精密,(サンケン電気 OR サンケン OR Sanken OR SK OR サンケンパワー OR サンケンテクノロジー OR サンケンインバーター OR サンケンコンバーター OR サンケンLED)
67180,６７１８０,アイホン,アイホン / アイホン株式会社 / AIPHONE / アイホンインターホン / アイホンドアホン / アイホンセキュリティ / アイホンシステム / アイホンコミュニケーション / アイホン製品,9,電機・精密,(アイホン OR アイホン株式会社 OR AIPHONE OR アイホンインターホン OR アイホンドアホン OR アイホンセキュリティ OR アイホンシステム OR アイホンコミュニケーション OR アイホン製品)
67230,６７２３０,ルネサスエレクトロニクス,ルネサスエレクトロニクス / ルネサス / Renesas / RXシリーズ / RAシリーズ / RL78シリーズ / RZシリーズ / Synergyプラットフォーム / Renesas Synergy,9,電機・精密,(ルネサスエレクトロニクス OR ルネサス OR Renesas OR RXシリーズ OR RAシリーズ OR RZシリーズ OR Synergyプラットフォーム OR Synergy) | (RL78シリーズ)
67240,６７２４０,セイコーエプソン,セイコーエプソン / エプソン / EPSON / カラリオ / オフィリオ / スマートキャンバス / プリンタ / プロジェクター / スキャナー,9,電機・精密,(セイコーエプソン OR エプソン OR EPSON OR カラリオ OR オフィリオ OR スマートキャンバス OR プリンタ OR プロジェクター OR スキャナー)
67270,６７２７０,ワコム,ワコム / Wacom / Intuos / Cintiq / Bamboo / One by Wacom / Wacom MobileStudio Pro / Wacom Pro Pen / Wacom Inkspace,9,電機・精密,(ワコム OR Wacom OR Intuos OR Cintiq OR Bamboo OR One OR by OR MobileStudio OR Pro OR Pen OR Inkspace)
67280,６７２８０,アルバック,アルバック / ULVAC / 真空技術 / 表面分析装置 / 薄膜製造装置 / スパッタリング装置 / コーティング装置,9,電機・精密,(アルバック OR ULVAC OR 真空技術 OR 表面分析装置 OR 薄膜製造装置 OR スパッタリング装置 OR コーティング装置)
67300,６７３００,アクセル,アクセル / AXELL / アクセル株式会社 / AXIP / AX-Motion / AX-Drive / AX-Graphics / AX-Engine / AX-Compute,9,電機・精密,(アクセル OR AXELL OR アクセル株式会社 OR AXIP OR AX-Motion OR AX-Drive OR AX-Graphics OR AX-Engine OR AX-Compute)
67370,６７３７０,ＥＩＺＯ,EIZO / エイゾー / FlexScan / ColorEdge / FORIS / RadiForce / DuraVision / CuratOR / Raptor,9,電機・精密,(EIZO OR エイゾー OR FlexScan OR ColorEdge OR FORIS OR RadiForce OR DuraVision OR CuratOR OR Raptor)
67400,６７４００,ジャパンディスプレイ,ジャパンディスプレイ / JDI / WhiteMagic / FULL ACTIVE / Pixel Eyes / LTPS / IPS-NEO / Rælclear / Xbright,9,電機・精密,(ジャパンディスプレイ OR JDI OR WhiteMagic OR FULL OR ACTIVE OR Pixel OR Eyes OR LTPS OR IPS-NEO OR Rælclear OR Xbright)
67410,６７４１０,日本信号,日本信号 / 6741 / JNS / 信号機 / 鉄道システム / 自動改札機 / 駐車場システム / セキュリティシステム / 信号制御装置 / 交通管理システム,9,電機・精密,(日本信号 OR JNS OR 信号機 OR 鉄道システム OR 自動改札機 OR 駐車場システム OR セキュリティシステム OR 信号制御装置 OR 交通管理システム)
67420,６７４２０,京三製作所,京三製作所 / 京三 / 京三トランスミッション / 京三信号機 / 京三電機 / 京三システム / 京三エンジニアリング / 京三テクノロジー,9,電機・精密,(京三製作所 OR 京三 OR 京三トランスミッション OR 京三信号機 OR 京三電機 OR 京三システム OR 京三エンジニアリング OR 京三テクノロジー)
67440,６７４４０,能美防災,能美防災 / NOMURA FIRE / NOMURA FIRE PROTECTION / NOMURA SYSTEM / NOMURA SAFETY / NOMURA TECHNOLOGY / NOMURA SOLUTIONS / NOMURA PRODUCTS,9,電機・精密,(能美防災 OR NOMURA OR FIRE OR PROTECTION OR SYSTEM OR SAFETY OR TECHNOLOGY OR SOLUTIONS OR PRODUCTS)
67450,６７４５０,ホーチキ,ホーチキ / HOC / 自動火災報知設備 / 火災報知器 / 防災システム / 火災警報器 / 消防設備 / 防災機器 / 火災探知機,9,電機・精密,(ホーチキ OR HOC OR 自動火災報知設備 OR 火災報知器 OR 防災システム OR 火災警報器 OR 消防設備 OR 防災機器 OR 火災探知機)
67500,６７５００,エレコム,エレコム / ELECOM / エレコムダイレクトショップ / ELECOM Wi-Fi / エレコムモバイルバッテリー / エレコムマウス / エレコムキーボード / エレコムイヤホン / エレコムルーター,9,電機・精密,(エレコム OR ELECOM OR エレコムダイレクトショップ OR Wi-Fi OR エレコムモバイルバッテリー OR エレコムマウス OR エレコムキーボード OR エレコムイヤホン OR エレコムルーター)
67520,６７５２０,パナソニック　ホールディングス,パナソニック / Panasonic / パナソニックホールディングス / ナショナル / VIERA / LUMIX / Let's note / eneloop / Gopan / パナソニック　 / パナソニック　HD,9,電機・精密,(パナソニック OR Panasonic OR パナソニックホールディングス OR ナショナル OR VIERA OR LUMIX OR Let's OR note OR eneloop OR Gopan OR HD)
67530,６７５３０,シャープ,シャープ / AQUOS / RoBoHoN / Plasmacluster / Cocorobo / Mebius / Galapagos / J-Phone / Papyrus,9,電機・精密,(シャープ OR AQUOS OR RoBoHoN OR Plasmacluster OR Cocorobo OR Mebius OR Galapagos OR J-Phone OR Papyrus)
67540,６７５４０,アンリツ,アンリツ / Anritsu / MD8475A / MT8820C / MS2830A / Signal Analyzer / Network Master / Radio Communication Analyzer / Spectrum Analyzer,9,電機・精密,(アンリツ OR Anritsu OR Signal OR Analyzer OR Network OR Master OR Radio OR Communication OR Spectrum) | (MD8475A OR MT8820C OR MS2830A)
67550,６７５５０,富士通ゼネラル,ノクリア / nocria / ゼネラル / General / エアコン / 空調機器 / FUJITSU GENERAL,9,電機・精密,(ノクリア OR nocria OR ゼネラル OR General OR エアコン OR 空調機器 OR FUJITSU OR GENERAL)
67580,６７５８０,ソニーグループ,ソニー / ソニーグループ / プレイステーション / ウォークマン / ブラビア / α（アルファ） / サイバーショット / VAIO（バイオ） / Xperia（エクスペリア） / ソニーG,9,電機・精密,(ソニー OR ソニーグループ OR プレイステーション OR ウォークマン OR ブラビア OR α（アルファ） OR サイバーショット OR VAIO（バイオ） OR Xperia（エクスペリア） OR ソニーG)
67620,６７６２０,ＴＤＫ,ＴＤＫ / TDKラムダ / TDK Life on Record / TDKコンポーネント / TDKエレクトロニクス / TDKセラミック / TDKマグネティクス / TDKオートモーティブ / TDKセンサーズ,9,電機・精密,(TDKラムダ OR TDK OR Life OR on OR Record OR TDKコンポーネント OR TDKエレクトロニクス OR TDKセラミック OR TDKマグネティクス OR TDKオートモーティブ OR TDKセンサーズ) | (ＴＤＫ)
67630,６７６３０,帝国通信工業,帝国通信,9,電機・精密,(帝国通信)
67680,６７６８０,タムラ製作所,タムラ製作所 / タムラ / Tamura / タムラ電子 / タムラトランス / タムラコンポーネント / タムラオーディオ / タムラエレクトロニクス / タムラテクノロジー,9,電機・精密,(タムラ製作所 OR タムラ OR Tamura OR タムラ電子 OR タムラトランス OR タムラコンポーネント OR タムラオーディオ OR タムラエレクトロニクス OR タムラテクノロジー)
67700,６７７００,アルプスアルパイン,アルプスアルパイン / アルプス / Alpineブランド / ALPS / Alpine Electronics / ALPINE STYLE / Alpine F#1 Status / Alpine Halo,9,電機・精密,(アルプスアルパイン OR アルプス OR Alpineブランド OR ALPS OR Alpine OR Electronics OR ALPINE OR STYLE OR Status OR Halo) | (F#1)
67790,６７７９０,日本電波工業,日本電波工業 / 日本電波 / ND / 水晶デバイス / 水晶振動子 / 水晶発振器 / フィルタ / タイミングデバイス,9,電機・精密,(日本電波工業 OR 日本電波 OR ND OR 水晶デバイス OR 水晶振動子 OR 水晶発振器 OR フィルタ OR タイミングデバイス)
67850,６７８５０,鈴木,,9,電機・精密,
67870,６７８７０,メイコー,メイコー / MEIKO / メイコーエレクトロニクス / メイコーPCB / メイコーグループ / メイコー製品 / メイコーブランド,9,電機・精密,(メイコー OR MEIKO OR メイコーエレクトロニクス OR メイコーPCB OR メイコーグループ OR メイコー製品 OR メイコーブランド)
67880,６７８８０,日本トリム,日本トリム / TRIM / 電解水素水整水器 / トリムイオン / トリムウォーター / トリムボトル / トリムフィルター / トリムサーバー / トリムエコ,9,電機・精密,(日本トリム OR TRIM OR 電解水素水整水器 OR トリムイオン OR トリムウォーター OR トリムボトル OR トリムフィルター OR トリムサーバー OR トリムエコ)
67940,６７９４０,フォスター電機,フォスター電機 / Foster / フォスター / FOSTEX / フォステクス / フォスターグループ / フォスターオーディオ / フォスターエレクトロニクス / フォスターサウンド,9,電機・精密,(フォスター電機 OR Foster OR フォスター OR FOSTEX OR フォステクス OR フォスターグループ OR フォスターオーディオ OR フォスターエレクトロニクス OR フォスターサウンド)
67980,６７９８０,ＳＭＫ,,9,電機・精密,
68000,６８０００,ヨコオ,,9,電機・精密,
68040,６８０４０,ホシデン,ホシデン / HOSIDEN / ホシデン株式会社 / ホシデン電子 / ホシデン製品 / ホシデンブランド / HOSIDEN CORPORATION / ホシデンテクノロジー / ホシデンデバイス,9,電機・精密,(ホシデン OR HOSIDEN OR ホシデン株式会社 OR ホシデン電子 OR ホシデン製品 OR ホシデンブランド OR CORPORATION OR ホシデンテクノロジー OR ホシデンデバイス)
68060,６８０６０,ヒロセ電機,ヒロセ電機 / ヒロセ / Hirose / コネクタ / HRS / DFシリーズ / FHシリーズ / HRシリーズ / U.FLシリーズ,9,電機・精密,(ヒロセ電機 OR ヒロセ OR Hirose OR コネクタ OR HRS OR DFシリーズ OR FHシリーズ OR HRシリーズ OR U.FLシリーズ)
68070,６８０７０,日本航空電子工業,日本航空電子工業 / JAE / コネクタ / 航空電子 / JAEコネクタ / JAEブランド / JAE製品 / JAEテクノロジー / JAEエレクトロニクス / 日本航空電子,9,電機・精密,(日本航空電子工業 OR JAE OR コネクタ OR 航空電子 OR JAEコネクタ OR JAEブランド OR JAE製品 OR JAEテクノロジー OR JAEエレクトロニクス OR 日本航空電子)
68090,６８０９０,ＴＯＡ,,9,電機・精密,
68100,６８１００,マクセル,マクセル / Maxell / マクセル電池 / マクセルテープ / マクセルディスク / マクセルプロジェクター / マクセルイヤホン / マクセルケーブル / マクセル充電器,9,電機・精密,(マクセル OR Maxell OR マクセル電池 OR マクセルテープ OR マクセルディスク OR マクセルプロジェクター OR マクセルイヤホン OR マクセルケーブル OR マクセル充電器)
68140,６８１４０,古野電気,古野電気 / FURUNO / フルノ / NAVnet / GPシリーズ / DRSシリーズ / TZtouch / FARシリーズ / FAXシリーズ,9,電機・精密,(古野電気 OR FURUNO OR フルノ OR NAVnet OR GPシリーズ OR DRSシリーズ OR TZtouch OR FARシリーズ OR FAXシリーズ)
68170,６８１７０,スミダコーポレーション,,9,電機・精密,
68200,６８２００,アイコム,,9,電機・精密,
68230,６８２３０,リオン,リオン / リオン株式会社 / RION / サウンドレベルメーター / 振動計 / オーディオアナライザー / 集音器 / 補聴器 / 環境計測器,9,電機・精密,(リオン OR リオン株式会社 OR RION OR サウンドレベルメーター OR 振動計 OR オーディオアナライザー OR 集音器 OR 補聴器 OR 環境計測器)
68410,６８４１０,横河電機,横河電機 / YOKOGAWA / YOKOGAWA Electric / CENTUM / ProSafe / OpreX / DPharp / YS1000 / YHC / 横河,9,電機・精密,(横河電機 OR YOKOGAWA OR Electric OR CENTUM OR ProSafe OR OpreX OR DPharp OR YHC OR 横河) | (YS1000)
68440,６８４４０,新電元工業,新電元工業 / 新電元 / SHINDENGEN / パワー半導体 / EV充電器 / 電源ソリューション,9,電機・精密,(新電元工業 OR 新電元 OR SHINDENGEN OR パワー半導体 OR EV充電器 OR 電源ソリューション)
68450,６８４５０,アズビル,アズビル / azbil / 山武 / savic-net / Actival / Harmonas / Neosys / Valstaff / Smart Valve,9,電機・精密,(アズビル OR azbil OR 山武 OR savic-net OR Actival OR Harmonas OR Neosys OR Valstaff OR Smart OR Valve)
68490,６８４９０,日本光電工業,日本光電工業 / 日本光電 / Nihon Kohden / パルスオキシメーター / AED / 生体情報モニター / 心電計 / 脳波計 / デフィブリレーター,9,電機・精密,(日本光電工業 OR 日本光電 OR Nihon OR Kohden OR パルスオキシメーター OR AED OR 生体情報モニター OR 心電計 OR 脳波計 OR デフィブリレーター)
68500,６８５００,チノー,,9,電機・精密,
68550,６８５５０,日本電子材料,日本電子材料 / JEM / 日本電子 / JEMCO / プローブカード / テストソケット / JEMブランド / JEM製品,9,電機・精密,(日本電子材料 OR JEM OR 日本電子 OR JEMCO OR プローブカード OR テストソケット OR JEMブランド OR JEM製品)
68560,６８５６０,堀場製作所,堀場製作所 / HORIBA / HORIBAグループ / HORIBAテクノサービス / HORIBAインスツルメンツ / HORIBAアドバンスドテクノロジー / HORIBAメディカル / HORIBAサイエンス / HORIBAオートモーティブ / 堀場,9,電機・精密,(堀場製作所 OR HORIBA OR HORIBAグループ OR HORIBAテクノサービス OR HORIBAインスツルメンツ OR HORIBAアドバンスドテクノロジー OR HORIBAメディカル OR HORIBAサイエンス OR HORIBAオートモーティブ OR 堀場)
68570,６８５７０,アドバンテスト,アドバンテスト / Advantest / V93000 / T2000 / EVA100 / MPT3000 / TAS7500 / T5503 / T5830,9,電機・精密,(アドバンテスト OR Advantest) | (V93000 OR T2000 OR EVA100 OR MPT3000 OR TAS7500 OR T5503 OR T5830)
68590,６８５９０,エスペック,エスペック / ESPEC / 恒温恒湿器 / 環境試験装置 / プラズマクリーナー / バッテリー試験装置 / 冷熱衝撃試験装置 / 信頼性試験装置 / クリーンオーブン,9,電機・精密,(エスペック OR ESPEC OR 恒温恒湿器 OR 環境試験装置 OR プラズマクリーナー OR バッテリー試験装置 OR 冷熱衝撃試験装置 OR 信頼性試験装置 OR クリーンオーブン)
68610,６８６１０,キーエンス,キーエンス / 6861 / KEYENCE / KVシリーズ / IVシリーズ / SRシリーズ / CAシリーズ / FDシリーズ / GTシリーズ / LJシリーズ,9,電機・精密,(キーエンス OR KEYENCE OR KVシリーズ OR IVシリーズ OR SRシリーズ OR CAシリーズ OR FDシリーズ OR GTシリーズ OR LJシリーズ)
68660,６８６６０,日置電機,日置電機 / HIOKI / 日置 / クランプメーター / 電力計 / 絶縁抵抗計 / デジタルマルチメーター / メモリハイコーダ / 電圧計,9,電機・精密,(日置電機 OR HIOKI OR 日置 OR クランプメーター OR 電力計 OR 絶縁抵抗計 OR デジタルマルチメーター OR メモリハイコーダ OR 電圧計)
68690,６８６９０,シスメックス,シスメックス / 6869 / Sysmex / シスメックス株式会社 / XNシリーズ / UNシリーズ / CSシリーズ / HISCL / ポケットケム / スタックス,9,電機・精密,(シスメックス OR Sysmex OR シスメックス株式会社 OR XNシリーズ OR UNシリーズ OR CSシリーズ OR HISCL OR ポケットケム OR スタックス)
68710,６８７１０,日本マイクロニクス,,9,電機・精密,
68750,６８７５０,メガチップス,,9,電機・精密,
68770,６８７７０,ＯＢＡＲＡ　ＧＲＯＵＰ,,9,電機・精密,
68790,６８７９０,ＩＭＡＧＩＣＡ　ＧＲＯＵＰ,,10,情報通信・サービスその他,
69020,６９０２０,デンソー,デンソー / DENSO / デンソーテクノ / デンソーウェーブ / デンソーエアコン / デンソーラジエーター / デンソーセンサー / デンソーECU / デンソースパークプラグ,6,自動車・輸送機,(デンソー OR DENSO OR デンソーテクノ OR デンソーウェーブ OR デンソーエアコン OR デンソーラジエーター OR デンソーセンサー OR デンソーECU OR デンソースパークプラグ)
69050,６９０５０,コーセル,コーセル / COSEL / コーセル株式会社 / スイッチング電源 / ノイズフィルタ / EMIフィルタ / AC-DCコンバータ,9,電機・精密,(コーセル OR COSEL OR コーセル株式会社 OR スイッチング電源 OR ノイズフィルタ OR EMIフィルタ OR AC-DCコンバータ)
69080,６９０８０,イリソ電子工業,イリソ電子工業 / イリソ / IRISO / コネクタ / ボード・ツー・ボードコネクタ / FPCコネクタ / 車載用コネクタ / 電子部品 / 接続ソリューション / イリソ電子,9,電機・精密,(イリソ電子工業 OR イリソ OR IRISO OR コネクタ OR ボード OR ツー OR ボードコネクタ OR FPCコネクタ OR 車載用コネクタ OR 電子部品 OR 接続ソリューション OR イリソ電子)
69140,６９１４０,オプテックスグループ,オプテックスグループ / OPTEX / オプテックス / REDSCAN / OVSシリーズ / OAシリーズ / VXSシリーズ / RLSシリーズ / BGSシリーズ / オプテックスG,9,電機・精密,(オプテックスグループ OR OPTEX OR オプテックス OR REDSCAN OR OVSシリーズ OR OAシリーズ OR VXSシリーズ OR RLSシリーズ OR BGSシリーズ OR オプテックスG)
69150,６９１５０,千代田インテグレ,千代田インテグレ / 千代田 / インテグレ / CI / Chiyoda Integre / インテグレ製品 / 千代田ブランド / CI製品 / 千代田インテグレ製品,9,電機・精密,(千代田インテグレ OR 千代田 OR インテグレ OR CI OR Chiyoda OR Integre OR インテグレ製品 OR 千代田ブランド OR CI製品 OR 千代田インテグレ製品)
69200,６９２００,レーザーテック,レーザーテック / LST / レーザーテック株式会社 / マスクブランクス / レチクル検査装置 / ウェーハ検査装置 / マスク検査装置 / レーザー技術,9,電機・精密,(レーザーテック OR LST OR レーザーテック株式会社 OR マスクブランクス OR レチクル検査装置 OR ウェーハ検査装置 OR マスク検査装置 OR レーザー技術)
69230,６９２３０,スタンレー電気,スタンレー電気 / スタンレー / Stanley / スタンレーランプ / スタンレーライト,9,電機・精密,(スタンレー電気 OR スタンレー OR Stanley OR スタンレーランプ OR スタンレーライト)
69250,６９２５０,ウシオ電機,ウシオ電機 / ウシオ / Ushio / Care222 / Zylight / Christie / Xenon / Super High Pressure UV Lamps / Epitex,9,電機・精密,(ウシオ電機 OR ウシオ OR Ushio OR Zylight OR Christie OR Xenon OR Super OR High OR Pressure OR UV OR Lamps OR Epitex) | (Care222)
69290,６９２９０,日本セラミック,,9,電機・精密,
69370,６９３７０,古河電池,古河電池 / FB / Super Battery / FCP（古河キャパシタパワー） / FCM（古河キャパシタモジュール） / ECHNO / FURUKAWA BATTERY / FBバッテリー / 古河電池株式会社,9,電機・精密,(古河電池 OR FB OR Super OR Battery OR FCP（古河キャパシタパワー） OR FCM（古河キャパシタモジュール） OR ECHNO OR FURUKAWA OR BATTERY OR FBバッテリー OR 古河電池株式会社)
69410,６９４１０,山一電機,山一,9,電機・精密,(山一)
69470,６９４７０,図研,図研 / CR-5000 / CR-8000 / Design Force / Design Gateway / Board Viewer / DS-CR / Visual BOM / eParts Manager,9,電機・精密,(図研 OR Design OR Force OR Gateway OR Board OR Viewer OR DS-CR OR Visual OR BOM OR eParts OR Manager) | (CR-5000 OR CR-8000)
69510,６９５１０,日本電子,,9,電機・精密,
69520,６９５２０,カシオ計算機,カシオ / カシオ計算機 / G-SHOCK / BABY-G / PRO TREK / EDIFICE / OCEANUS / CASIO fx / Privia,9,電機・精密,(カシオ OR カシオ計算機 OR G-SHOCK OR BABY-G OR PRO OR TREK OR EDIFICE OR OCEANUS OR CASIO OR fx OR Privia)
69540,６９５４０,ファナック,ファナック / FANUC / 6954 / ロボット / CNC / ロボマシン / ロボドリル / ロボショット / ロボカット / ファナックロボット,9,電機・精密,(ファナック OR FANUC OR ロボット OR CNC OR ロボマシン OR ロボドリル OR ロボショット OR ロボカット OR ファナックロボット)
69580,６９５８０,日本シイエムケイ,日本シイエムケイ / CMK / シイエムケイ / CMK Corporation / フレキシブル基板 / 高密度実装基板 / 電子部品,9,電機・精密,(日本シイエムケイ OR CMK OR シイエムケイ OR Corporation OR フレキシブル基板 OR 高密度実装基板 OR 電子部品)
69610,６９６１０,エンプラス,,9,電機・精密,
69620,６９６２０,大真空,,9,電機・精密,
69630,６９６３０,ローム,ローム / ROHM / LSI / パワーデバイス / SiCデバイス / オペアンプ / パワーIC,9,電機・精密,(ローム OR ROHM OR LSI OR パワーデバイス OR SiCデバイス OR オペアンプ OR パワーIC)
69650,６９６５０,浜松ホトニクス,浜松ホトニクス / 浜ホト / Hamamatsu Photonics / 光センサー / フォトダイオード / 光電子増倍管 / CCDカメラ / 光計測機器 / 光学デバイス,9,電機・精密,(浜松ホトニクス OR 浜ホト OR Hamamatsu OR Photonics OR 光センサー OR フォトダイオード OR 光電子増倍管 OR CCDカメラ OR 光計測機器 OR 光学デバイス)
69660,６９６６０,三井ハイテック,三井ハイテック / MHT / 三井ハイテックモーター / 三井ハイテック金型 / 三井ハイテック電子部品 / 三井ハイテック精密加工 / 三井ハイテック電動車 / 三井ハイテックインバータ / 三井ハイテックパワーエレクトロニクス,9,電機・精密,(三井ハイテック OR MHT OR 三井ハイテックモーター OR 三井ハイテック金型 OR 三井ハイテック電子部品 OR 三井ハイテック精密加工 OR 三井ハイテック電動車 OR 三井ハイテックインバータ OR 三井ハイテックパワーエレクトロニクス)
69670,６９６７０,新光電気工業,新光電気工業 / 新光電気 / SEH / Shin-Etsu Handotai / Shin-Etsu Chemical / Shin-Etsu Group / Shin-Etsu Electronics,,,(新光電気工業 OR 新光電気 OR SEH OR Shin-Etsu OR Handotai OR Chemical OR Group OR Electronics)
69710,６９７１０,京セラ,京セラ / 6971 / KYOCERA / 京セラドーム / 京セラソーラー / 京セラプリンター / 京セラ携帯 / 京セラセラミックナイフ / 京セラファインセラミックス,9,電機・精密,(京セラ OR KYOCERA OR 京セラドーム OR 京セラソーラー OR 京セラプリンター OR 京セラ携帯 OR 京セラセラミックナイフ OR 京セラファインセラミックス)
69760,６９７６０,太陽誘電,太陽誘電 / TAIYO YUDEN / タイヨウユウデン / TY / EOMIN / EOMINシリーズ / EOMIN Capacitors / Supercapacitors / Multilayer Ceramic Capacitors,9,電機・精密,(太陽誘電 OR TAIYO OR YUDEN OR タイヨウユウデン OR TY OR EOMIN OR EOMINシリーズ OR Capacitors OR Supercapacitors OR Multilayer OR Ceramic)
69810,６９８１０,村田製作所,村田製作所 / 6981 / ムラタ / Murata / Murata Manufacturing / GRシリーズ / Murata Boy / Murata Girl / Murata Power Inductor / Murata Ceramic Capacitor / 村田,9,電機・精密,(村田製作所 OR ムラタ OR Murata OR Manufacturing OR GRシリーズ OR Boy OR Girl OR Power OR Inductor OR Ceramic OR Capacitor OR 村田)
69860,６９８６０,双葉電子工業,双葉電子工業 / 双葉電子 / Futaba / FUTABA RC / T7PX / T10J / S-FHSS / T-FHSS,9,電機・精密,(双葉電子工業 OR 双葉電子 OR Futaba OR FUTABA OR RC OR S-FHSS OR T-FHSS) | (T7PX OR T10J)
69880,６９８８０,日東電工,日東電工 / Nitto / ニットー / ニットーレンズ / ニットーテープ / ニットーフィルム / ニットーマスク / ニットーバリア / ニットーシール,4,素材・化学,(日東電工 OR Nitto OR ニットー OR ニットーレンズ OR ニットーテープ OR ニットーフィルム OR ニットーマスク OR ニットーバリア OR ニットーシール)
69950,６９９５０,東海理化電機製作所,東海理化 / 東海理化電機 / TOKAI RIKA / スマートキー / ステアリングスイッチ / シフター / セーフティシステム,6,自動車・輸送機,(東海理化 OR 東海理化電機 OR TOKAI OR RIKA OR スマートキー OR ステアリングスイッチ OR シフター OR セーフティシステム)
69960,６９９６０,ニチコン,ニチコン / EV用充電器 / エナジーデバイス / エコキャップ / フィルムコンデンサ / ニチコン株式会社,9,電機・精密,(ニチコン OR EV用充電器 OR エナジーデバイス OR エコキャップ OR フィルムコンデンサ OR ニチコン株式会社)
69970,６９９７０,日本ケミコン,日本ケミコン / 日ケミ / Nippon Chemi-Con / NCC / ケミコン / KEMET (関連会社のブランド) / UCC (United Chemi-Con),9,電機・精密,(日本ケミコン OR 日ケミ OR Nippon OR Chemi-Con OR NCC OR ケミコン OR KEMET OR (関連会社のブランド) OR UCC OR (United OR Chemi-Con))
69990,６９９９０,ＫＯＡ,ＫＯＡ / KOA株式会社 / KOA / チップ抵抗 / サーミスタ / 電流センサ / ヒューズ / 抵抗器 / 電子部品メーカー,9,電機・精密,(KOA株式会社 OR KOA OR チップ抵抗 OR サーミスタ OR 電流センサ OR ヒューズ OR 抵抗器 OR 電子部品メーカー) | (ＫＯＡ)
70030,７００３０,三井Ｅ＆Ｓ,三井Ｅ＆Ｓ / MES / 三井造船 / 三井E&Sホールディングス / 三井E&Sエンジニアリング / 三井E&Sマシナリー / 三井E&Sシステム技研 / 三井E&S造船 / 三井E&Sテクノサービス / 三井E&Sパワーシステムズ,8,機械,(三井Ｅ＆Ｓ OR MES OR 三井造船 OR 三井E&Sホールディングス OR 三井E&Sエンジニアリング OR 三井E&Sマシナリー OR 三井E&Sシステム技研 OR 三井E&S造船 OR 三井E&Sテクノサービス OR 三井E&Sパワーシステムズ)
70040,７００４０,カナデビア,,8,機械,
70110,７０１１０,三菱重工業,三菱重工業 / 7011 / MHI / 三菱重工 / パワーシステム / MRJ / H-IIAロケット / ダイヤモンドプリンセス / 三菱重,8,機械,(三菱重工業 OR MHI OR 三菱重工 OR パワーシステム OR MRJ OR H-IIAロケット OR ダイヤモンドプリンセス OR 三菱重)
70120,７０１２０,川崎重工業,川崎重工業 / 川重 / カワサキ / Kawasaki / Ninja / バルカン / ジェットスキー / ヘリコプター / 川崎重,6,自動車・輸送機,(川崎重工業 OR 川重 OR カワサキ OR Kawasaki OR Ninja OR バルカン OR ジェットスキー OR ヘリコプター OR 川崎重)
70130,７０１３０,ＩＨＩ,IHI / 7013 / 石川島播磨重工業 / ターボチャージャー / ボイラー / タービン / プラント / インフラ,8,機械,(IHI OR 石川島播磨重工業 OR ターボチャージャー OR ボイラー OR タービン OR プラント OR インフラ)
70140,７０１４０,名村造船所,名村造船所 / 名村 / 名村造 / Namura / 造船所 / 船舶 / 名村ドック / 名村シップ,6,自動車・輸送機,(名村造船所 OR 名村 OR 名村造 OR Namura OR 造船所 OR 船舶 OR 名村ドック OR 名村シップ)
70330,７０３３０,マネジメントソリューションズ,,10,情報通信・サービスその他,
70340,７０３４０,プロレド・パートナーズ,プロレド・パートナーズ / プロレド / PRORED / プロレドパートナーズ / プロレド・グループ / コスト削減コンサル / プロレドAI / プロレド・ソリューション / プロレド・サービス,10,情報通信・サービスその他,(プロレド OR パートナーズ OR PRORED OR プロレドパートナーズ OR コスト削減コンサル OR プロレドAI OR ソリューション)
70380,７０３８０,フロンティア・マネジメント,,10,情報通信・サービスその他,
70710,７０７１０,アンビスホールディングス,アンビス / アンビスHD,10,情報通信・サービスその他,(アンビス OR アンビスHD)
70850,７０８５０,カーブスホールディングス,カーブスホールディングス / 7085 / カーブス / Curves / Curves Japan / カーブスジャパン / カーブスフィットネス / カーブスジム / ウィメンズフィットネス / 女性専用フィットネス / カーブスHD,10,情報通信・サービスその他,(カーブスホールディングス OR カーブス OR Curves OR Japan OR カーブスジャパン OR カーブスフィットネス OR カーブスジム OR ウィメンズフィットネス OR 女性専用フィットネス OR カーブスHD)
70880,７０８８０,フォーラムエンジニアリング,フォーラムエンジニアリング / フォーラム / フォーラムエンジ / FE / フォーラムエンジニアリング株式会社 / フォーラムエンジニア / フォーラムエンジニアリンググループ / フォーラムエンジニアリング製品 / フォーラムエンジニアリングブランド,10,情報通信・サービスその他,(フォーラムエンジニアリング OR フォーラム OR フォーラムエンジ OR FE OR フォーラムエンジニアリング株式会社 OR フォーラムエンジニア OR フォーラムエンジニアリンググループ OR フォーラムエンジニアリング製品 OR フォーラムエンジニアリングブランド)
70920,７０９２０,Ｆａｓｔ　Ｆｉｔｎｅｓｓ　Ｊａｐａｎ,,10,情報通信・サービスその他,
70950,７０９５０,Ｍａｃｂｅｅ　Ｐｌａｎｅｔ,,10,情報通信・サービスその他,
71020,７１０２０,日本車輌製造,日本車輌製造 / 日車 / 日本車輌 / 日車製 / 日本車輌製造株式会社 / NIPPON SHARYO / N-SHARYO / キハ / モハ,6,自動車・輸送機,(日本車輌製造 OR 日車 OR 日本車輌 OR 日車製 OR 日本車輌製造株式会社 OR NIPPON OR SHARYO OR N-SHARYO OR キハ OR モハ)
71050,７１０５０,三菱ロジスネクスト,三菱ロジスネクスト / ロジスネクスト / 三菱フォークリフト / ユニキャリア / ロジスネクストユニキャリア / ロジスネクストニチユ / 三菱重工フォークリフト / M-Forklift,6,自動車・輸送機,(三菱ロジスネクスト OR ロジスネクスト OR 三菱フォークリフト OR ユニキャリア OR ロジスネクストユニキャリア OR ロジスネクストニチユ OR 三菱重工フォークリフト OR M-Forklift)
71280,７１２８０,フルサト・マルカホールディングス,フルサト・マルカ / フルサト・マルカHD,13,商社・卸売,(フルサト OR マルカ OR マルカHD)
71300,７１３００,ヤマエグループホールディングス,ヤマエグループホールディングス / ヤマエ / ヤマエHD / ヤマエグループ / YGH / ヤマエホールディングス / ヤマエグループHD / ヤマエGHD / ヤマエブランド,13,商社・卸売,(ヤマエグループホールディングス OR ヤマエ OR ヤマエHD OR ヤマエグループ OR YGH OR ヤマエホールディングス OR ヤマエグループHD OR ヤマエGHD OR ヤマエブランド)
71480,７１４８０,ＦＰＧ,FPG / エフピージー / フィナンシャル・プロダクト・グループ / FPG証券 / FPGリース / FPG航空機ファンド / FPG不動産 / FPGタックスソリューション / FPGアセットマネジメント,16,金融（除く銀行）,(FPG OR エフピージー OR フィナンシャル OR プロダクト OR FPG証券 OR FPGリース OR FPG航空機ファンド OR FPG不動産 OR FPGタックスソリューション OR FPGアセットマネジメント)
71640,７１６４０,全国保証,全国保証 / 全国保証株式会社 / Zenkoku保証 / 全国保証サービス / 全国保証ローン / 全国保証住宅ローン / 全国保証カード / 全国保証サポート / 全国保証プラン,16,金融（除く銀行）,(全国保証 OR 全国保証株式会社 OR Zenkoku保証 OR 全国保証サービス OR 全国保証ローン OR 全国保証住宅ローン OR 全国保証カード OR 全国保証サポート OR 全国保証プラン)
71670,７１６７０,めぶきフィナンシャルグループ,めぶきフィナンシャルグループ / めぶきFG / めぶき / Mebuki / 常陽銀行 / 足利銀行 / Joyo Bank / Ashikaga Bank / Mebuki Card / めぶきフィナンシャル / めぶきフィナンシャルG,15,銀行,(めぶきフィナンシャルグループ OR めぶきFG OR めぶき OR Mebuki OR 常陽銀行 OR 足利銀行 OR Joyo OR Bank OR Ashikaga OR Card OR めぶきフィナンシャル OR めぶきフィナンシャルG)
71720,７１７２０,ジャパンインベストメントアドバイザー,ジャパンインベストメントアドバイザー / JIA / ジャパンインベストメント / ジャパンインベストメントアド / ジャパンアドバイザー / JIA証券 / JIAグループ / JIAファンド / ジャパンインベストメントファンド,16,金融（除く銀行）,(ジャパンインベストメントアドバイザー OR JIA OR ジャパンインベストメント OR ジャパンインベストメントアド OR ジャパンアドバイザー OR JIA証券 OR JIAグループ OR JIAファンド OR ジャパンインベストメントファンド)
71730,７１７３０,東京きらぼしフィナンシャルグループ,東京きらぼしフィナンシャルグループ / きらぼし銀行 / きらぼしFG / きらぼし証券 / きらぼしリース / きらぼしキャピタル / きらぼしアセットマネジメント / きらぼしコンサルティング / きらぼしカード / 東京きらぼしフィナンシャル / 東京きらぼしフィナンシャルG,15,銀行,(東京きらぼしフィナンシャルグループ OR きらぼし銀行 OR きらぼしFG OR きらぼし証券 OR きらぼしリース OR きらぼしキャピタル OR きらぼしアセットマネジメント OR きらぼしコンサルティング OR きらぼしカード OR 東京きらぼしフィナンシャル OR 東京きらぼしフィナンシャルG)
71800,７１８００,九州フィナンシャルグループ,九州FG / 九州フィナンシャル / 7180 / 九州フィナンシャルグループ / きゅうしゅうフィナンシャル / KFG / きゅうしゅうFG / きゅうしゅうフィナンシャルグループ / 九州FG証券 / 九州FG銀行 / 九州フィナンシャルG,15,銀行,(九州FG OR 九州フィナンシャル OR 九州フィナンシャルグループ OR きゅうしゅうフィナンシャル OR KFG OR きゅうしゅうFG OR きゅうしゅうフィナンシャルグループ OR 九州FG証券 OR 九州FG銀行 OR 九州フィナンシャルG)
71810,７１８１０,かんぽ生命保険,かんぽ / かんぽ生命保険 / かんぽの宿 / かんぽの保険 / かんぽの年金 / かんぽの学資保険 / かんぽの医療保険 / かんぽの終身保険,16,金融（除く銀行）,(かんぽ OR かんぽ生命保険 OR かんぽの宿 OR かんぽの保険 OR かんぽの年金 OR かんぽの学資保険 OR かんぽの医療保険 OR かんぽの終身保険)
71820,７１８２０,ゆうちょ銀行,ゆうちょ / JPゆうちょ / ゆうちょダイレクト / ゆうちょPay / ゆうちょATM / ゆうちょ投信 / ゆうちょカード / ゆうちょ口座,15,銀行,(ゆうちょ OR JPゆうちょ OR ゆうちょダイレクト OR ゆうちょPay OR ゆうちょATM OR ゆうちょ投信 OR ゆうちょカード OR ゆうちょ口座)
71840,７１８４０,富山第一銀行,富山第一銀行 / 富一 / TOYAMA FIRST BANK / TFB / だいちバンク / 富山第一 / 第一銀行 / 富山第一フィナンシャルグループ / 富一バンク,15,銀行,(富山第一銀行 OR 富一 OR TOYAMA OR FIRST OR BANK OR TFB OR だいちバンク OR 富山第一 OR 第一銀行 OR 富山第一フィナンシャルグループ OR 富一バンク)
71860,７１８６０,コンコルディア・フィナンシャルグループ,コンコルディア・フィナンシャルグループ / CFG / コンコルディア / 横浜銀行 / 東日本銀行 / 横銀 / 東銀 / コンコルディアFG / コンコルディアグループ / コンコルディア・フィナンシャル / コンコルディア・フィナンシャルG,15,銀行,(コンコルディア OR フィナンシャルグループ OR CFG OR 横浜銀行 OR 東日本銀行 OR 横銀 OR 東銀 OR コンコルディアFG OR コンコルディアグループ OR フィナンシャル OR フィナンシャルG)
71870,７１８７０,ジェイリース,"Jリース / JLease

これらは一般的な例であり、実際の使用状況については最新の情報をご確認ください。 / ジェイ",16,金融（除く銀行）,(Jリース OR JLease OR これらは一般的な例であり OR 実際の使用状況については最新の情報をご確認ください。 OR ジェイ)
71890,７１８９０,西日本フィナンシャルホールディングス,西日本フィナンシャル / 西日本フィナンシャルHD,15,銀行,(西日本フィナンシャル OR 西日本フィナンシャルHD)
71980,７１９８０,ＳＢＩアルヒ,"SBI / アルヒ / SBIホールディングス / ARUHI / SBIグループ / アルヒ住宅ローン / SBI住宅ローン / アルヒネット

これらは一般",16,金融（除く銀行）,(SBI OR アルヒ OR SBIホールディングス OR ARUHI OR SBIグループ OR アルヒ住宅ローン OR SBI住宅ローン OR アルヒネット OR これらは一般)
71990,７１９９０,プレミアグループ,プレミアグループ / プレミア / プレミアファイナンス / プレミアレンディング / プレミアカード / プレミアローン / プレミアサービス / プレミアサポート / プレミアソリューションズ / プレミアG,16,金融（除く銀行）,(プレミアグループ OR プレミア OR プレミアファイナンス OR プレミアレンディング OR プレミアカード OR プレミアローン OR プレミアサービス OR プレミアサポート OR プレミアソリューションズ OR プレミアG)
72010,７２０１０,日産自動車,日産自動車 / 7201 / NISSAN / ノート / セレナ / エクストレイル / スカイライン / フェアレディZ / リーフ,6,自動車・輸送機,(日産自動車 OR NISSAN OR ノート OR セレナ OR エクストレイル OR スカイライン OR フェアレディZ OR リーフ)
72020,７２０２０,いすゞ自動車,いすゞ自動車 / いすゞ / ISUZU / エルフ / ギガ / フォワード / ジェミニ / ビークロス / トルーパー,6,自動車・輸送機,(いすゞ自動車 OR いすゞ OR ISUZU OR エルフ OR ギガ OR フォワード OR ジェミニ OR ビークロス OR トルーパー)
72030,７２０３０,トヨタ自動車,トヨタ / トヨタ自動車 / 7203 / トヨタ車 / レクサス / プリウス / カローラ / ハイエース / ランドクルーザー / クラウン,6,自動車・輸送機,(トヨタ OR トヨタ自動車 OR トヨタ車 OR レクサス OR プリウス OR カローラ OR ハイエース OR ランドクルーザー OR クラウン)
72050,７２０５０,日野自動車,日野自動車 / 日野 / HINO / デュトロ / プロフィア / レンジャー / ポンチョ / セレガ / ブルーリボン,6,自動車・輸送機,(日野自動車 OR 日野 OR HINO OR デュトロ OR プロフィア OR レンジャー OR ポンチョ OR セレガ OR ブルーリボン)
72110,７２１１０,三菱自動車工業,三菱自動車工業 / 三菱自動車 / パジェロ / アウトランダー / エクリプスクロス / デリカ / ミラージュ / RVR,6,自動車・輸送機,(三菱自動車工業 OR 三菱自動車 OR パジェロ OR アウトランダー OR エクリプスクロス OR デリカ OR ミラージュ OR RVR)
72200,７２２００,武蔵精密工業,武蔵精密工業 / 武蔵 / Musashi / ムサシ / ムサシセイミツ / Musashi Seimitsu / Musashi Group / Musashiブランド / Musashi製品 / 武蔵精密,6,自動車・輸送機,(武蔵精密工業 OR 武蔵 OR Musashi OR ムサシ OR ムサシセイミツ OR Seimitsu OR Group OR Musashiブランド OR Musashi製品 OR 武蔵精密)
72220,７２２２０,日産車体,日産車体 / Nissan / NV200 / キャラバン / NV350 / パラメディック / アトラス / ピックアップ,6,自動車・輸送機,(日産車体 OR Nissan OR キャラバン OR パラメディック OR アトラス OR ピックアップ) | (NV200 OR NV350)
72240,７２２４０,新明和工業,新明和工業 / 新明和 / ShinMaywa / US-2 / ロータス / アクアライナー / パッカー車 / コンパクトバス / スカイウェーブ,6,自動車・輸送機,(新明和工業 OR 新明和 OR ShinMaywa OR ロータス OR アクアライナー OR パッカー車 OR コンパクトバス OR スカイウェーブ) | (US-2)
72260,７２２６０,極東開発工業,極東開発工業 / 極東 / 極東開発 / 極東工業 / 極東製品 / ミキサー車 / 特装車 / 環境機器,6,自動車・輸送機,(極東開発工業 OR 極東 OR 極東開発 OR 極東工業 OR 極東製品 OR ミキサー車 OR 特装車 OR 環境機器)
72310,７２３１０,トピー工業,"TOPY / トピーグループ

具体的な製品 / トピー",6,自動車・輸送機,(TOPY OR トピーグループ OR 具体的な製品 OR トピー)
72360,７２３６０,ティラド,ティラド / TIRAD / ラジエーター / ヒーターコア / オイルクーラー / EGRクーラー / インタークーラー / 熱交換器,6,自動車・輸送機,(ティラド OR TIRAD OR ラジエーター OR ヒーターコア OR オイルクーラー OR EGRクーラー OR インタークーラー OR 熱交換器)
72380,７２３８０,曙ブレーキ工業,曙ブレーキ工業 / 曙ブレーキ / Akebono / Akebono Brake / Akebono Performance / ProACT / EURO / ACT,6,自動車・輸送機,(曙ブレーキ工業 OR 曙ブレーキ OR Akebono OR Brake OR Performance OR ProACT OR EURO OR ACT)
72390,７２３９０,タチエス,タチエス / TACHI-S / タチエスシート / タチエス製品 / TACHI-Sブランド / TACHI-Sシート / タチエスホールディングス / タチエスグループ / タチエス株式会社,6,自動車・輸送機,(タチエス OR TACHI-S OR タチエスシート OR タチエス製品 OR TACHI-Sブランド OR TACHI-Sシート OR タチエスホールディングス OR タチエスグループ OR タチエス株式会社)
72400,７２４００,ＮＯＫ,,6,自動車・輸送機,
72410,７２４１０,フタバ産業,フタバ産業 / フタバ / FUTABA INDUSTRIAL / フタバマフラー / フタバエキゾースト / FUTABA EXHAUST / フタバテクノロジー / FUTABA TECHNOLOGY,6,自動車・輸送機,(フタバ産業 OR フタバ OR FUTABA OR INDUSTRIAL OR フタバマフラー OR フタバエキゾースト OR EXHAUST OR フタバテクノロジー OR TECHNOLOGY)
72420,７２４２０,カヤバ,カヤバ / KYB / カヤバ工業 / カヤバショック / NewSR / Excel-G / AGX / Lowfer Sports / Ultra SR,6,自動車・輸送機,(カヤバ OR KYB OR カヤバ工業 OR カヤバショック OR NewSR OR Excel-G OR AGX OR Lowfer OR Sports OR Ultra OR SR)
72440,７２４４０,市光工業,市光工業 / 市光 / Ichikoh / ミラー / 照明システム,9,電機・精密,(市光工業 OR 市光 OR Ichikoh OR ミラー OR 照明システム)
72450,７２４５０,大同メタル工業,大同メタル工業 / 大同メタル / DAIHO METAL / メタルベアリング / ダイメタル / メタル工業,6,自動車・輸送機,(大同メタル工業 OR 大同メタル OR DAIHO OR METAL OR メタルベアリング OR ダイメタル OR メタル工業)
72460,７２４６０,プレス工業,プレス工業 / プレス / プレス工 / プレス工業株式会社 / プレス工業グループ / プレス工業製品 / プレス工業ブランド / プレス工業トラック部品 / プレス工業エンジン部品,6,自動車・輸送機,(プレス工業 OR プレス OR プレス工 OR プレス工業株式会社 OR プレス工業グループ OR プレス工業製品 OR プレス工業ブランド OR プレス工業トラック部品 OR プレス工業エンジン部品)
72500,７２５００,太平洋工業,太平洋,6,自動車・輸送機,(太平洋)
72590,７２５９０,アイシン,アイシン / アイシン精機 / アイシンAW / アイシンAI / アイシンシステムズ / アイシンエーアイ / アイシンテクノ / アイシンエンジン / アイシンシート,6,自動車・輸送機,(アイシン OR アイシン精機 OR アイシンAW OR アイシンAI OR アイシンシステムズ OR アイシンエーアイ OR アイシンテクノ OR アイシンエンジン OR アイシンシート)
72610,７２６１０,マツダ,マツダ / 7261 / MAZDA / アテンザ / デミオ / CX-5 / RX-7 / スカイアクティブ / アクセラ,6,自動車・輸送機,(マツダ OR MAZDA OR アテンザ OR デミオ OR スカイアクティブ OR アクセラ) | (CX-5 OR RX-7)
72670,７２６７０,本田技研工業,本田技研工業 / Honda / アコード / シビック / CR-V / N-BOX / スーパーカブ / ゴールドウイング / 本田技研,6,自動車・輸送機,(本田技研工業 OR Honda OR アコード OR シビック OR CR-V OR N-BOX OR スーパーカブ OR ゴールドウイング OR 本田技研)
72690,７２６９０,スズキ,スズキ / 7269 / スズキ自動車 / スイフト / アルト / ワゴンR / ジムニー / ハスラー / スペーシア / エスクード,6,自動車・輸送機,(スズキ OR スズキ自動車 OR スイフト OR アルト OR ワゴンR OR ジムニー OR ハスラー OR スペーシア OR エスクード)
72700,７２７００,ＳＵＢＡＲＵ,スバル / SUBARU / レガシィ / インプレッサ / フォレスター / アウトバック / WRX / XV / BRZ,6,自動車・輸送機,(スバル OR SUBARU OR レガシィ OR インプレッサ OR フォレスター OR アウトバック OR WRX OR XV OR BRZ)
72720,７２７２０,ヤマハ発動機,YAMAHA / MTシリーズ / YZFシリーズ / NMAX / TMAX / トリシティ / マジェスティ,6,自動車・輸送機,(YAMAHA OR MTシリーズ OR YZFシリーズ OR NMAX OR TMAX OR トリシティ OR マジェスティ)
72760,７２７６０,小糸製作所,小糸製作所 / KOITO / 小糸 / 小糸グループ / 小糸ランプ / 小糸ライト / 小糸ヘッドランプ / 小糸テールランプ / 小糸LED,9,電機・精密,(小糸製作所 OR KOITO OR 小糸 OR 小糸グループ OR 小糸ランプ OR 小糸ライト OR 小糸ヘッドランプ OR 小糸テールランプ OR 小糸LED)
72780,７２７８０,エクセディ,エクセディ / EXEDY / クラッチ / トルクコンバータ / ダンパー / フライホイール / クラッチブースター,6,自動車・輸送機,(エクセディ OR EXEDY OR クラッチ OR トルクコンバータ OR ダンパー OR フライホイール OR クラッチブースター)
72800,７２８００,ミツバ,ミツバ / MITSUBA / ミツバグループ / ミツバ製品 / ミツバモーター / ミツバ電装 / ミツバテクノロジー / ミツバブランド / ミツバパーツ,9,電機・精密,(ミツバ OR MITSUBA OR ミツバグループ OR ミツバ製品 OR ミツバモーター OR ミツバ電装 OR ミツバテクノロジー OR ミツバブランド OR ミツバパーツ)
72820,７２８２０,豊田合成,豊田合成 / トヨタ合成 / TOYODA GOSEI / ウェザーストリップ / ラジエーターグリル / オプティカルレンズ,6,自動車・輸送機,(豊田合成 OR トヨタ合成 OR TOYODA OR GOSEI OR ウェザーストリップ OR ラジエーターグリル OR オプティカルレンズ)
72830,７２８３０,愛三工業,愛三工業 / AISAN / Aisan Industry / フューエルポンプ / エンジン部品 / 燃料供給システム / AISIN / Aisan Group / 愛三,6,自動車・輸送機,(愛三工業 OR AISAN OR Aisan OR Industry OR フューエルポンプ OR エンジン部品 OR 燃料供給システム OR AISIN OR Group OR 愛三)
72940,７２９４０,ヨロズ,ヨロズ / ヨロズ株式会社 / Yorozu / ヨロズサスペンション / ヨロズアフターマーケット / ヨロズテクノロジー / ヨロズエンジニアリング / ヨロズパーツ / ヨロズインダストリー,6,自動車・輸送機,(ヨロズ OR ヨロズ株式会社 OR Yorozu OR ヨロズサスペンション OR ヨロズアフターマーケット OR ヨロズテクノロジー OR ヨロズエンジニアリング OR ヨロズパーツ OR ヨロズインダストリー)
72960,７２９６０,エフ・シー・シー,エフ・シー・シー / FCC / クラッチ / バイク部品 / クラッチプレート,6,自動車・輸送機,(エフ OR シー OR FCC OR クラッチ OR バイク部品 OR クラッチプレート)
73090,７３０９０,シマノ,シマノ / SHIMANO / デュラエース / アルテグラ / 105 / シマノステップス / シマノフィッシング / シマノバイシクルコンポーネンツ / シマノスポーツカメラ,6,自動車・輸送機,(シマノ OR SHIMANO OR デュラエース OR アルテグラ OR シマノステップス OR シマノフィッシング OR シマノバイシクルコンポーネンツ OR シマノスポーツカメラ)
73130,７３１３０,テイ・エス　テック,テイ・エス テック / TSテック / TS TECH / テイエステック / シートメーカー / 自動車シート / 内装部品 / TSシート / テイエスブランド,6,自動車・輸送機,(テイ OR エス OR テック OR TSテック OR TS OR TECH OR テイエステック OR シートメーカー OR 自動車シート OR 内装部品 OR TSシート OR テイエスブランド)
73220,７３２２０,三十三フィナンシャルグループ,三十三フィナンシャル / 三十三フィナンシャルG,15,銀行,(三十三フィナンシャル OR 三十三フィナンシャルG)
73270,７３２７０,第四北越フィナンシャルグループ,第四北越フィナンシャルグループ / 第四北越FG / 北越FG / 第四北越 / だいしほくえつ / だいしほくえつFG / だいしFG / ほくえつFG / だいしほくえつフィナンシャル / 第四北越フィナンシャル / 第四北越フィナンシャルG,15,銀行,(第四北越フィナンシャルグループ OR 第四北越FG OR 北越FG OR 第四北越 OR だいしほくえつ OR だいしほくえつFG OR だいしFG OR ほくえつFG OR だいしほくえつフィナンシャル OR 第四北越フィナンシャル OR 第四北越フィナンシャルG)
73370,７３３７０,ひろぎんホールディングス,ひろぎん / ひろぎんHD / 広島銀行 / ひろぎん証券 / ひろぎんリース / ひろぎんキャピタル / ひろぎんカード / ひろぎん保険 / ひろぎんアセットマネジメント,15,銀行,(ひろぎん OR ひろぎんHD OR 広島銀行 OR ひろぎん証券 OR ひろぎんリース OR ひろぎんキャピタル OR ひろぎんカード OR ひろぎん保険 OR ひろぎんアセットマネジメント)
73500,７３５００,おきなわフィナンシャルグループ,おきなわフィナンシャル / おきなわフィナンシャルG,15,銀行,(おきなわフィナンシャル OR おきなわフィナンシャルG)
73540,７３５４０,ダイレクトマーケティングミックス,,10,情報通信・サービスその他,
73580,７３５８０,ポピンズ,,10,情報通信・サービスその他,
73660,７３６６０,ＬＩＴＡＬＩＣＯ,LITALICO / リタリコ / LITALICOワークス / LITALICOジュニア / LITALICO発達ナビ / LITALICO仕事ナビ / LITALICOキャリア / LITALICOワンダー / LITALICOライフ,10,情報通信・サービスその他,(LITALICO OR リタリコ OR LITALICOワークス OR LITALICOジュニア OR LITALICO発達ナビ OR LITALICO仕事ナビ OR LITALICOキャリア OR LITALICOワンダー OR LITALICOライフ)
73800,７３８００,十六フィナンシャルグループ,十六フィナンシャル / 十六フィナンシャルG,15,銀行,(十六フィナンシャル OR 十六フィナンシャルG)
73810,７３８１０,北國フィナンシャルホールディングス,北國フィナンシャル / 北國フィナンシャルHD,15,銀行,(北國フィナンシャル OR 北國フィナンシャルHD)
73830,７３８３０,ネットプロテクションズホールディングス,ネットプロテクションズホールディングス / NPホールディングス / NPHD / NP後払い / NP掛け払い / NPカード / NPポイント / NPスマートペイ / NPコネクト / NPペイメント / ネットプロテクションズ / ネットプロテクションズHD,16,金融（除く銀行）,(ネットプロテクションズホールディングス OR NPホールディングス OR NPHD OR NP後払い OR NP掛け払い OR NPカード OR NPポイント OR NPスマートペイ OR NPコネクト OR NPペイメント OR ネットプロテクションズ OR ネットプロテクションズHD)
73840,７３８４０,プロクレアホールディングス,プロクレア / プロクレアHD,15,銀行,(プロクレア OR プロクレアHD)
73880,７３８８０,ＦＰパートナー,FPパートナー / ファイナンシャルプランナー / FP / FPパートナー証券 / FPパートナー株式会社 / FPパートナーサービス / FPパートナーアドバイザー / FPパートナーコンサルティング / FPパートナーサポート,16,金融（除く銀行）,(FPパートナー OR ファイナンシャルプランナー OR FP OR FPパートナー証券 OR FPパートナー株式会社 OR FPパートナーサービス OR FPパートナーアドバイザー OR FPパートナーコンサルティング OR FPパートナーサポート)
73890,７３８９０,あいちフィナンシャルグループ,あいちフィナンシャル / あいちフィナンシャルG,15,銀行,(あいちフィナンシャル OR あいちフィナンシャルG)
74080,７４０８０,ジャムコ,ジャムコ / JAMCO / 航空機内装品 / ギャレー / ラバトリー / プレミアムシート / エンジニアリングサービス / 航空機整備 / 航空機部品,6,自動車・輸送機,(ジャムコ OR JAMCO OR 航空機内装品 OR ギャレー OR ラバトリー OR プレミアムシート OR エンジニアリングサービス OR 航空機整備 OR 航空機部品)
74140,７４１４０,小野建,,13,商社・卸売,
74190,７４１９０,ノジマ,ノジマ / Nojima / ノジマオンライン / ノジマモバイル / ノジマ電気 / エコノジマ / ノジマポイント / ノジマカード / ノジマサポート,14,小売,(ノジマ OR Nojima OR ノジマオンライン OR ノジマモバイル OR ノジマ電気 OR エコノジマ OR ノジマポイント OR ノジマカード OR ノジマサポート)
74200,７４２００,佐鳥電機,佐鳥 / サトリ / サトリ電機 / 佐鳥D / 742,13,商社・卸売,(佐鳥 OR サトリ OR サトリ電機 OR 佐鳥D)
74210,７４２１０,カッパ・クリエイト,カッパ・クリエイト / かっぱ / かっぱクリエイト / かっぱ寿司チェーン / かっぱ寿司グループ / カッパ / カッパ寿司 / Kappa Sushi,14,小売,(カッパ OR クリエイト OR かっぱ OR かっぱクリエイト OR かっぱ寿司チェーン OR かっぱ寿司グループ OR カッパ寿司 OR Kappa OR Sushi)
74330,７４３３０,伯東,伯東 / 7433 / Hakuto / ハクトウ / HAKUTO / HAKUTO Electronics / HAKUTO Corporation / HAKUTO Group / HAKUTO Trading / HAKUTO Technology,13,商社・卸売,(伯東 OR Hakuto OR ハクトウ OR HAKUTO OR Electronics OR Corporation OR Group OR Trading OR Technology)
74380,７４３８０,コンドーテック,コンドーテック / KONDO / コンドー / コンドーテック株式会社 / コンドーテック製品 / KONDO TECH / コンドーテックブランド / コンドーテック製造 / コンドーテック商品,13,商社・卸売,(コンドーテック OR KONDO OR コンドー OR コンドーテック株式会社 OR コンドーテック製品 OR TECH OR コンドーテックブランド OR コンドーテック製造 OR コンドーテック商品)
74470,７４４７０,ナガイレーベン,ナガイレーベン / ナガイ / NAGAILEBEN / 医療用ユニフォーム / ナースウェア / メディカルウェア / 白衣 / 医療衣料 / ナガイブランド,13,商社・卸売,(ナガイレーベン OR ナガイ OR NAGAILEBEN OR 医療用ユニフォーム OR ナースウェア OR メディカルウェア OR 白衣 OR 医療衣料 OR ナガイブランド)
74510,７４５１０,三菱食品,三菱食品 / 三菱フード / 三菱食 / M Foods / 三菱食品グループ / 食品事業 / 食品流通 / 食品卸,13,商社・卸売,(三菱食品 OR 三菱フード OR 三菱食 OR Foods OR 三菱食品グループ OR 食品事業 OR 食品流通 OR 食品卸)
74530,７４５３０,良品計画,良品計画 / 無印良品 / MUJI / MUJI passport / MUJI Labo / MUJI to GO / MUJI BOOKS / MUJI HOTEL / MUJI Diner,14,小売,(良品計画 OR 無印良品 OR MUJI OR passport OR Labo OR to OR GO OR BOOKS OR HOTEL OR Diner)
74560,７４５６０,松田産業,松田,13,商社・卸売,(松田)
74580,７４５８０,第一興商,第一興商 / DAM / ビッグエコー / LIVE DAM / DAM★とも / DAM CHANNEL / DAMとも / カラオケCLUB DAM,13,商社・卸売,(第一興商 OR DAM OR ビッグエコー OR LIVE OR DAM★とも OR CHANNEL OR DAMとも OR カラオケCLUB)
74590,７４５９０,メディパルホールディングス,メディパルホールディングス / メディパル / MPホールディングス / メディセオ / パルタック / メディパック / メディファーム / メディカルパートナーズ / メディパルHD,13,商社・卸売,(メディパルホールディングス OR メディパル OR MPホールディングス OR メディセオ OR パルタック OR メディパック OR メディファーム OR メディカルパートナーズ OR メディパルHD)
74630,７４６３０,アドヴァングループ,アドヴァン / アドヴァンG,14,小売,(アドヴァン OR アドヴァンG)
74660,７４６６０,ＳＰＫ,,13,商社・卸売,
74670,７４６７０,萩原電気ホールディングス,萩原電気ホールディングス / 萩原電気 / Hagiwara Electric / Hagiwara Holdings / Hagiwara / Hagiwara Group / Hagiwara Electronics / Hagiwara Brand / 萩原電気HD,13,商社・卸売,(萩原電気ホールディングス OR 萩原電気 OR Hagiwara OR Electric OR Holdings OR Group OR Electronics OR Brand OR 萩原電気HD)
74750,７４７５０,アルビス,,14,小売,
74760,７４７６０,アズワン,アズワン / AS ONE / アズピュア / アズフィット / アズプロ / アズサポート / アズセーフ / アズクリーン / アズワンショップ,13,商社・卸売,(アズワン OR AS OR ONE OR アズピュア OR アズフィット OR アズプロ OR アズサポート OR アズセーフ OR アズクリーン OR アズワンショップ)
74800,７４８００,スズデン,,13,商社・卸売,
74820,７４８２０,シモジマ,シモジマ / HEIKO / ラッピング / 包装資材 / ギフト用品 / 店舗用品 / パッケージング / ショップバッグ / ディスプレイ用品,13,商社・卸売,(シモジマ OR HEIKO OR ラッピング OR 包装資材 OR ギフト用品 OR 店舗用品 OR パッケージング OR ショップバッグ OR ディスプレイ用品)
74830,７４８３０,ドウシシャ,ドウシシャ / DOSHISHA / ドウシシャコーポレーション / DOSHISHA CORPORATION / mosh! / ルミナス / アイスデリ / ピエリア / ストレージボックス,13,商社・卸売,(ドウシシャ OR DOSHISHA OR ドウシシャコーポレーション OR CORPORATION OR mosh! OR ルミナス OR アイスデリ OR ピエリア OR ストレージボックス)
75040,７５０４０,高速,,13,商社・卸売,
75080,７５０８０,Ｇ‐７ホールディングス,Ｇ‐７ / Ｇ‐７HD,14,小売,(Ｇ‐７ OR Ｇ‐７HD)
75100,７５１００,たけびし,たけびし / 竹菱 / TAKEX / たけびし電機 / 竹菱電機 / たけびしテクノロジー / 竹菱テクノロジー / たけびしソリューション / 竹菱ソリューション,13,商社・卸売,(たけびし OR 竹菱 OR TAKEX OR たけびし電機 OR 竹菱電機 OR たけびしテクノロジー OR 竹菱テクノロジー OR たけびしソリューション OR 竹菱ソリューション)
75120,７５１２０,イオン北海道,イオン北海道 / AEON / イオンスーパー / イオンラウンジ / イオンネットスーパー,14,小売,(イオン北海道 OR AEON OR イオンスーパー OR イオンラウンジ OR イオンネットスーパー)
75130,７５１３０,コジマ,コジマ / コジマ電気 / Kojima / コジマネット / コジマ×ビックカメラ / コジマオリジナル / コジマセレクト / コジマカード / コジマアプリ,14,小売,(コジマ OR コジマ電気 OR Kojima OR コジマネット OR コジマ×ビックカメラ OR コジマオリジナル OR コジマセレクト OR コジマカード OR コジマアプリ)
75160,７５１６０,コーナン商事,コーナン商事 / コーナン / ホームセンターコーナン / コーナンPRO / コーナンオリジナル / コーナンセレクト / ライフレックス / スーパービバホーム / ビバホーム,14,小売,(コーナン商事 OR コーナン OR ホームセンターコーナン OR コーナンPRO OR コーナンオリジナル OR コーナンセレクト OR ライフレックス OR スーパービバホーム OR ビバホーム)
75180,７５１８０,ネットワンシステムズ,ネットワンシステムズ / ネットワン / Net One / NetOne Systems / NetOne / NetOneクラウド / NetOneセキュリティ / NetOneネットワーク / NetOneソリューション,,,(ネットワンシステムズ OR ネットワン OR Net OR One OR NetOne OR Systems OR NetOneクラウド OR NetOneセキュリティ OR NetOneネットワーク OR NetOneソリューション)
75200,７５２００,エコス,エコス / エコスグループ / マルエイ / TAIRAYA / ECO'S / エコスストア / エコスカード / エコスネットスーパー / エコスプライベートブランド,14,小売,(エコス OR エコスグループ OR マルエイ OR TAIRAYA OR ECO'S OR エコスストア OR エコスカード OR エコスネットスーパー OR エコスプライベートブランド)
75220,７５２２０,ワタミ,ワタミ / 和民 / ミライザカ / 三代目鳥メロ / GOHAN / 炭旬 / TGIフライデーズ / 和み亭 / ワタミファーム,14,小売,(ワタミ OR 和民 OR ミライザカ OR 三代目鳥メロ OR GOHAN OR 炭旬 OR TGIフライデーズ OR 和み亭 OR ワタミファーム)
75250,７５２５０,リックス,,13,商社・卸売,
75270,７５２７０,システムソフト,,10,情報通信・サービスその他,
75320,７５３２０,パン・パシフィック・インターナショナルホールディングス,パン・パシフィック・インターナショナルホールディングス / PPIH / ドンキホーテ / ドンキ / MEGAドンキ / ドイト / アピタ / ピアゴ / 長崎屋 / UDリテール / パン・パシフィック・インターナショナル / パン・パシフィック・インターナショナルHD,14,小売,(パン OR パシフィック OR インターナショナルホールディングス OR PPIH OR ドンキホーテ OR ドンキ OR MEGAドンキ OR ドイト OR アピタ OR ピアゴ OR 長崎屋 OR UDリテール OR インターナショナル OR インターナショナルHD)
75370,７５３７０,丸文,,13,商社・卸売,
75450,７５４５０,西松屋チェーン,西松屋チェーン / 西松屋 / NISHIMATSUYA / Smart Angel / ELFINDOLL / Hot Biscuits / Mikihouse / Smart Angel Baby / Smart Angel Kids,14,小売,(西松屋チェーン OR 西松屋 OR NISHIMATSUYA OR Smart OR Angel OR ELFINDOLL OR Hot OR Biscuits OR Mikihouse OR Baby OR Kids)
75500,７５５００,ゼンショーホールディングス,ゼンショーホールディングス / すき家 / なか卯 / ココス / ビッグボーイ / はま寿司 / 久兵衛屋 / 華屋与兵衛 / いちばん / ゼンショー / ゼンショーHD,14,小売,(ゼンショーホールディングス OR すき家 OR なか卯 OR ココス OR ビッグボーイ OR はま寿司 OR 久兵衛屋 OR 華屋与兵衛 OR いちばん OR ゼンショー OR ゼンショーHD)
75520,７５５２０,ハピネット,ハピネット / ハピネットグループ / ハピネット・オンライン / ハピネット・トイズ / ハピネット・メディアマーケティング / ハピネット・ピクチャーズ / ハピネット・ゲームズ / ハピネット・エンターテインメント / ハピネット・ホビー,13,商社・卸売,(ハピネット OR ハピネットグループ OR オンライン OR トイズ OR メディアマーケティング OR ピクチャーズ OR ゲームズ OR エンターテインメント OR ホビー)
75540,７５５４０,幸楽苑,幸楽苑 / 幸楽苑ホールディングス / 幸楽苑ラーメン / 幸楽苑餃子 / 幸楽苑チャーハン / 幸楽苑セット / 幸楽苑定食 / 幸楽苑メニュー / 幸楽苑店舗,14,小売,(幸楽苑 OR 幸楽苑ホールディングス OR 幸楽苑ラーメン OR 幸楽苑餃子 OR 幸楽苑チャーハン OR 幸楽苑セット OR 幸楽苑定食 OR 幸楽苑メニュー OR 幸楽苑店舗)
75700,７５７００,橋本総業ホールディングス,橋本総業 / 橋本総業HD,13,商社・卸売,(橋本総業 OR 橋本総業HD)
75750,７５７５０,日本ライフライン,日本ライフライン / JLL / ライフライン / JLL製品 / JLLブランド / 日本ライフライン製品 / 日本ライフラインブランド / JLL医療機器 / 日本ライフライン医療機器,13,商社・卸売,(日本ライフライン OR JLL OR ライフライン OR JLL製品 OR JLLブランド OR 日本ライフライン製品 OR 日本ライフラインブランド OR JLL医療機器 OR 日本ライフライン医療機器)
75810,７５８１０,サイゼリヤ,サイゼリヤ / サイゼ / ミラノ風ドリア / ペペロンチーノ / ガーリックトースト / イタリアンワイン / フォッカチオ / マルゲリータピザ / ランブルスコ,14,小売,(サイゼリヤ OR サイゼ OR ミラノ風ドリア OR ペペロンチーノ OR ガーリックトースト OR イタリアンワイン OR フォッカチオ OR マルゲリータピザ OR ランブルスコ)
75900,７５９００,タカショー,タカショー / Takasho / ガーデンライフスタイル / エバーアートウッド / プライベートガーデン / ガーデンファニチャー / エクステリア / ガーデニング用品 / ランドスケープデザイン,13,商社・卸売,(タカショー OR Takasho OR ガーデンライフスタイル OR エバーアートウッド OR プライベートガーデン OR ガーデンファニチャー OR エクステリア OR ガーデニング用品 OR ランドスケープデザイン)
75930,７５９３０,ＶＴホールディングス,ＶＴ / ＶＴHD,14,小売,(ＶＴHD) | (ＶＴ)
75950,７５９５０,アルゴグラフィックス,,10,情報通信・サービスその他,
75960,７５９６０,魚力,魚力 / 魚力鮮魚 / 魚力寿司 / 魚力海鮮 / 魚力マーケット / 魚力デリカ / 魚力フードサービス / 魚力オンライン / 魚力直営店,14,小売,(魚力 OR 魚力鮮魚 OR 魚力寿司 OR 魚力海鮮 OR 魚力マーケット OR 魚力デリカ OR 魚力フードサービス OR 魚力オンライン OR 魚力直営店)
75990,７５９９０,ＩＤＯＭ,ＩＤＯＭ / ガリバー / Gulliver / ガリバーインターナショナル / ガリバーオート / ガリバー買取 / ガリバーフリマ / ガリバーアウトレット / ガリバーSUV専門店,13,商社・卸売,(ガリバー OR Gulliver OR ガリバーインターナショナル OR ガリバーオート OR ガリバー買取 OR ガリバーフリマ OR ガリバーアウトレット OR ガリバーSUV専門店) | (ＩＤＯＭ)
76000,７６０００,日本エム・ディ・エム,,9,電機・精密,
76050,７６０５０,フジ・コーポレーション,フジ・コーポレーション / フジコーポ / タイヤ＆ホイール館フジ / フジスペシャルブランド / フジタイヤ / フジホイール / フジオート / フジオンライン / フジネットショップ,14,小売,(フジ OR フジコーポ OR タイヤ＆ホイール館フジ OR フジスペシャルブランド OR フジタイヤ OR フジホイール OR フジオート OR フジオンライン OR フジネットショップ)
76060,７６０６０,ユナイテッドアローズ,ユナイテッドアローズ / UA / ユナアロ / グリーンレーベルリラクシング / ビューティ&ユース / モンキータイム / オデット エ オディール / ジュエルチェンジズ / アナザーエディション,14,小売,(ユナイテッドアローズ OR UA OR ユナアロ OR グリーンレーベルリラクシング OR ビューティ&ユース OR モンキータイム OR オデット OR オディール OR ジュエルチェンジズ OR アナザーエディション)
76070,７６０７０,進和,,13,商社・卸売,
76090,７６０９０,ダイトロン,,13,商社・卸売,
76110,７６１１０,ハイデイ日高,ハイデイ日高 / 日高屋 / ラーメン日高 / 中華食堂日高 / 高菜ラーメン / チャーハン日高 / 日高餃子 / 日高セット / 日高定食,14,小売,(ハイデイ日高 OR 日高屋 OR ラーメン日高 OR 中華食堂日高 OR 高菜ラーメン OR チャーハン日高 OR 日高餃子 OR 日高セット OR 日高定食)
76130,７６１３０,シークス,,13,商社・卸売,
76160,７６１６０,コロワイド,コロワイド / 甘太郎 / ラパウザ / 牛角 / いろはにほへと / 三間堂 / かまどか,14,小売,(コロワイド OR 甘太郎 OR ラパウザ OR 牛角 OR いろはにほへと OR 三間堂 OR かまどか)
76280,７６２８０,オーハシテクニカ,,13,商社・卸売,
76300,７６３００,壱番屋,壱番屋 / カレーハウスCoCo壱番屋 / CoCo壱 / CoCo壱番 / CoCo壱カレー / CoCo壱番屋 / CoCo壱番屋カレー / CoCo壱番屋フード / CoCo壱番屋レストラン,14,小売,(壱番屋 OR カレーハウスCoCo壱番屋 OR CoCo壱 OR CoCo壱番 OR CoCo壱カレー OR CoCo壱番屋 OR CoCo壱番屋カレー OR CoCo壱番屋フード OR CoCo壱番屋レストラン)
76370,７６３７０,白銅,白銅 / 白銅株式会社 / 銀行用金属製品 / 電子部品用材料 / 精密加工材料 / 銅合金製品 / アルミニウム製品 / ステンレス製品 / 特殊鋼製品,13,商社・卸売,(白銅 OR 白銅株式会社 OR 銀行用金属製品 OR 電子部品用材料 OR 精密加工材料 OR 銅合金製品 OR アルミニウム製品 OR ステンレス製品 OR 特殊鋼製品)
76490,７６４９０,スギホールディングス,スギホールディングス / スギ薬局 / スギドラッグ / スギグループ / スギポイント / スギ調剤 / スギ薬品 / スギプラス / スギ健康サポート / スギ / スギHD,14,小売,(スギホールディングス OR スギ薬局 OR スギドラッグ OR スギグループ OR スギポイント OR スギ調剤 OR スギ薬品 OR スギプラス OR スギ健康サポート OR スギ OR スギHD)
76790,７６７９０,薬王堂ホールディングス,薬王堂 / 薬王堂HD,14,小売,(薬王堂 OR 薬王堂HD)
76830,７６８３０,ダブルエー,,14,小売,
77010,７７０１０,島津製作所,島津製作所 / 島津 / SHIMADZU / Tracera / Nexera / iMScope / MALDImini / UV-1900 / AIM-9000,9,電機・精密,(島津製作所 OR 島津 OR SHIMADZU OR Tracera OR Nexera OR iMScope OR MALDImini) | (UV-1900 OR AIM-9000)
77020,７７０２０,ＪＭＳ,,9,電機・精密,
77150,７７１５０,長野計器,長野計器 / 圧力計 / 真空計 / デジタル圧力計 / 圧力センサ / 圧力スイッチ / 圧力トランスミッタ / 圧力校正器,9,電機・精密,(長野計器 OR 圧力計 OR 真空計 OR デジタル圧力計 OR 圧力センサ OR 圧力スイッチ OR 圧力トランスミッタ OR 圧力校正器)
77170,７７１７０,ブイ・テクノロジー,ブイ・テクノロジー / Vテク / V-Technology / VTech / Vテクノロジー / Vテック / Vテクノ / Vテクノロジーズ / Vテクノロジー株式会社,9,電機・精密,(ブイ OR テクノロジー OR Vテク OR V-Technology OR VTech OR Vテクノロジー OR Vテック OR Vテクノ OR Vテクノロジーズ OR Vテクノロジー株式会社)
77180,７７１８０,スター精密,スター精密 / Star Micronics / TSPシリーズ / mC-Printシリーズ / SM-Lシリーズ / スターPOS / スター精密プリンター / スター精密レシートプリンター / スター精密カッター,8,機械,(スター精密 OR Star OR Micronics OR TSPシリーズ OR mC-Printシリーズ OR SM-Lシリーズ OR スターPOS OR スター精密プリンター OR スター精密レシートプリンター OR スター精密カッター)
77210,７７２１０,東京計器,東京計器 / トーキョーケイキ / TKK計器 / NAVI-MATE / TKKコンパス / TKKジャイロ / TKKセンサー / TKKマリン,9,電機・精密,(東京計器 OR トーキョーケイキ OR TKK計器 OR NAVI-MATE OR TKKコンパス OR TKKジャイロ OR TKKセンサー OR TKKマリン)
77230,７７２３０,愛知時計電機,愛知時計電機 / 愛知時計 / Aichi Tokei / ATC / Aichi Clock / ガスメーター / 水道メーター / 計測機器 / 時計,9,電機・精密,(愛知時計電機 OR 愛知時計 OR Aichi OR Tokei OR ATC OR Clock OR ガスメーター OR 水道メーター OR 計測機器 OR 時計)
77250,７７２５０,インターアクション,インターアクション / INTERACTION / IA / インターアクション株式会社 / インタラクション / インター / インアク / インタ / インアクション,9,電機・精密,(インターアクション OR INTERACTION OR IA OR インターアクション株式会社 OR インタラクション OR インター OR インアク OR インタ OR インアクション)
77290,７７２９０,東京精密,東京精密 / TOKYO SEIMITSU / TSK / Accretech / アクレーテク / Wafer Prober / Surface Texture Measuring Instruments / Semiconductor Manufacturing Equipment / Precision Measuring Instruments,9,電機・精密,(東京精密 OR TOKYO OR SEIMITSU OR TSK OR Accretech OR アクレーテク OR Wafer OR Prober OR Surface OR Texture OR Measuring OR Instruments OR Semiconductor OR Manufacturing OR Equipment OR Precision)
77300,７７３００,マニー,,9,電機・精密,
77310,７７３１０,ニコン,ニコン / 7731 / Nikon / NIKKOR / COOLPIX / Fマウント / NIKKOR Z / MONARCH,9,電機・精密,(ニコン OR Nikon OR NIKKOR OR COOLPIX OR Fマウント OR MONARCH)
77320,７７３２０,トプコン,トプコン / トプコンソキア / トプコンポジショニング / トプコンメディカル / ソキア / トプコンテクノハウス / トプコンアイケア / トプコン3D / トプコンGPS,9,電機・精密,(トプコン OR トプコンソキア OR トプコンポジショニング OR トプコンメディカル OR ソキア OR トプコンテクノハウス OR トプコンアイケア OR トプコンGPS) | (トプコン3D)
77330,７７３３０,オリンパス,オリンパス / OLYMPUS / OM-D / PEN / Zuiko / Tough / OM System / M.Zuiko / OM-1,9,電機・精密,(オリンパス OR OLYMPUS OR OM-D OR PEN OR Zuiko OR Tough OR OM OR System OR M.Zuiko) | (OM-1)
77340,７７３４０,理研計器,理研計器 / RIKEN KEIKI / ガス検知器 / GXシリーズ / SDシリーズ / OXシリーズ / 気体分析計 / ポータブルガスモニター / 固定式ガス検知器,9,電機・精密,(理研計器 OR RIKEN OR KEIKI OR ガス検知器 OR GXシリーズ OR SDシリーズ OR OXシリーズ OR 気体分析計 OR ポータブルガスモニター OR 固定式ガス検知器)
77350,７７３５０,ＳＣＲＥＥＮホールディングス,ＳＣＲＥＥＮホールディングス / ＳＣＲＥＥＮ / スクリーン / SCREEN / SPE（SCREEN Semiconductor Solutions） / FT（SCREEN Finetech Solutions） / GA（SCREEN Graphic Solutions） / PE（SCREEN PE Solutions） / Truepress / ＳＣＲＥＥＮHD,9,電機・精密,(ＳＣＲＥＥＮホールディングス OR スクリーン OR SCREEN OR SPE（SCREEN OR Semiconductor OR Solutions） OR FT（SCREEN OR Finetech OR GA（SCREEN OR Graphic OR PE（SCREEN OR PE OR Truepress OR ＳＣＲＥＥＮHD) | (ＳＣＲＥＥＮ)
77390,７７３９０,キヤノン電子,キヤノン電子 / キヤノン / Canon / キヤノンプリンター / キヤノンカメラ / キヤノン複合機 / キヤノンプロジェクター / キヤノンイメージング / キヤノンオフィスソリューションズ,9,電機・精密,(キヤノン電子 OR キヤノン OR Canon OR キヤノンプリンター OR キヤノンカメラ OR キヤノン複合機 OR キヤノンプロジェクター OR キヤノンイメージング OR キヤノンオフィスソリューションズ)
77400,７７４００,タムロン,タムロン / TAMRON / SPシリーズ / Diシリーズ / Di IIシリーズ / Di IIIシリーズ / 28-75mm F/2.8 / 17-28mm F/2.8 / 70-180mm F/2.8 / 18-300mm F/3.5-6.3,9,電機・精密,(タムロン OR TAMRON OR SPシリーズ OR Diシリーズ OR Di OR IIシリーズ OR IIIシリーズ) | (28-75mm OR 2.8 OR 17-28mm OR 70-180mm OR 18-300mm OR 3.5-6.3)
77410,７７４１０,ＨＯＹＡ,ＨＯＹＡ / 7741 / HOYA / アイシティ / HOYAビジョンケア / HOYAメディカル / HOYAライフケア / HOYAエレクトロニクス / HOYAフォトニクス / HOYAメガネ,9,電機・精密,(HOYA OR アイシティ OR HOYAビジョンケア OR HOYAメディカル OR HOYAライフケア OR HOYAエレクトロニクス OR HOYAフォトニクス OR HOYAメガネ) | (ＨＯＹＡ)
77440,７７４４０,ノーリツ鋼機,ノーリツ鋼機 / ノーリツ / Noritsu / Noritsu Koki / QSS / EZ Controller / AccuSmart / DDP-621 / Green IV,9,電機・精密,(ノーリツ鋼機 OR ノーリツ OR Noritsu OR Koki OR QSS OR EZ OR Controller OR AccuSmart OR Green OR IV) | (DDP-621)
77450,７７４５０,Ａ＆Ｄホロンホールディングス,Ａ＆Ｄホロン / Ａ＆ＤホロンHD,9,電機・精密,(Ａ＆Ｄホロン OR Ａ＆ＤホロンHD)
77470,７７４７０,朝日インテック,朝日インテック / Asahi Intecc / PTCAガイドワイヤー / Fielder / SION / ASAHI / Corsair / Caravel / Gladius,9,電機・精密,(朝日インテック OR Asahi OR Intecc OR PTCAガイドワイヤー OR Fielder OR SION OR ASAHI OR Corsair OR Caravel OR Gladius)
77510,７７５１０,キヤノン,キヤノン / 7751 / キャノン / i-SENSYS / IXUS / SELPHY,9,電機・精密,(キヤノン OR キャノン OR i-SENSYS OR IXUS OR SELPHY)
77520,７７５２０,リコー,RICOH / IMAGIO / GR / THETA / PJ / GELJET / IPSiO / SAVIN,9,電機・精密,(RICOH OR IMAGIO OR GR OR THETA OR PJ OR GELJET OR IPSiO OR SAVIN)
77620,７７６２０,シチズン時計,シチズン時計 / シチズン / CITIZEN / アテッサ / プロマスター / エクシード / クロスシー / カンパノラ / レグノ,9,電機・精密,(シチズン時計 OR シチズン OR CITIZEN OR アテッサ OR プロマスター OR エクシード OR クロスシー OR カンパノラ OR レグノ)
77800,７７８００,メニコン,メニコン / メニコンZ / メニコンプレミオ / メニコンワンデー / メニコンティニュー / メニコンフィット / メニコンソフト / メニコンO2 / メニコンアイスト / メニコンケア,9,電機・精密,(メニコン OR メニコンZ OR メニコンプレミオ OR メニコンワンデー OR メニコンティニュー OR メニコンフィット OR メニコンソフト OR メニコンアイスト OR メニコンケア) | (メニコンO2)
78170,７８１７０,パラマウントベッドホールディングス,パラマウントベッドホールディングス / パラマウントベッド / パラマウント / ケアレット / アクティ / インタイム / スカイリフト / パラマウントベッドグループ / パラマウントベッド株式会社 / パラマウントベッドHD,10,情報通信・サービスその他,(パラマウントベッドホールディングス OR パラマウントベッド OR パラマウント OR ケアレット OR アクティ OR インタイム OR スカイリフト OR パラマウントベッドグループ OR パラマウントベッド株式会社 OR パラマウントベッドHD)
78180,７８１８０,トランザクション,,10,情報通信・サービスその他,
78200,７８２００,ニホンフラッシュ,ニホンフラッシュ / NF / 日本フラッシュ / Nihon Flash / フラッシュドア / Flash Door / フラッシュウォール / Flash Wall / フラッシュインテリア,10,情報通信・サービスその他,(ニホンフラッシュ OR NF OR 日本フラッシュ OR Nihon OR Flash OR フラッシュドア OR Door OR フラッシュウォール OR Wall OR フラッシュインテリア)
78210,７８２１０,前田工繊,,10,情報通信・サービスその他,
78230,７８２３０,アートネイチャー,アートネイチャー / アートミクロン / ヘアフォーライフ / ジュリア・オージェ / アートネイチャー・ウィッグ / アートネイチャー・メンズ / アートネイチャー・レディース / アートネイチャー・スカルプケア / アートネイチャー・ヘアケア,10,情報通信・サービスその他,(アートネイチャー OR アートミクロン OR ヘアフォーライフ OR ジュリア OR オージェ OR ウィッグ OR メンズ OR レディース OR スカルプケア OR ヘアケア)
78260,７８２６０,フルヤ金属,フルヤ金属 / フルヤ / Furuya Metal / PGM製品 / プラチナ製品 / 貴金属加工 / 触媒 / 工業用貴金属 / 高純度金属,10,情報通信・サービスその他,(フルヤ金属 OR フルヤ OR Furuya OR Metal OR PGM製品 OR プラチナ製品 OR 貴金属加工 OR 触媒 OR 工業用貴金属 OR 高純度金属)
78320,７８３２０,バンダイナムコホールディングス,バンダイナムコホールディングス / バンダイ / ナムコ / バンナム / ガンダム / 太鼓の達人 / 鉄拳 / アイカツ / バンダイナムコ / バンダイナムコHD,10,情報通信・サービスその他,(バンダイナムコホールディングス OR バンダイ OR ナムコ OR バンナム OR ガンダム OR 太鼓の達人 OR 鉄拳 OR アイカツ OR バンダイナムコ OR バンダイナムコHD)
78390,７８３９０,ＳＨＯＥＩ,ＳＨＯＥＩ / SHOEIヘルメット / J-Force / X-Spirit / GT-Air / Neotec / Glamster / Ex-Zero,10,情報通信・サービスその他,(SHOEIヘルメット OR J-Force OR X-Spirit OR GT-Air OR Neotec OR Glamster OR Ex-Zero) | (ＳＨＯＥＩ)
78400,７８４００,フランスベッドホールディングス,フランスベッドホールディングス / フランスベッド / FBH / フランスベッドメディカルサービス / フランスベッドインテリア / フランスベッド販売 / フランスベッド製造 / フランスベッドリネン / フランスベッドマットレス / フランスベッドHD,10,情報通信・サービスその他,(フランスベッドホールディングス OR フランスベッド OR FBH OR フランスベッドメディカルサービス OR フランスベッドインテリア OR フランスベッド販売 OR フランスベッド製造 OR フランスベッドリネン OR フランスベッドマットレス OR フランスベッドHD)
78440,７８４４０,マーベラス,マーベラス / マベ / MARVELOUS! / 牧場物語 / ルーンファクトリー / 閃乱カグラ / Fate/EXTELLA / 東京喰種 / 一騎当千,10,情報通信・サービスその他,(マーベラス OR マベ OR MARVELOUS! OR 牧場物語 OR ルーンファクトリー OR 閃乱カグラ OR Fate OR EXTELLA OR 東京喰種 OR 一騎当千)
78460,７８４６０,パイロットコーポレーション,パイロットコーポレーション / パイロット / フリクション / ジュース / カクノ / カスタム / 万年筆 / ボードマスター / ドクターグリップ,10,情報通信・サービスその他,(パイロットコーポレーション OR パイロット OR フリクション OR ジュース OR カクノ OR カスタム OR 万年筆 OR ボードマスター OR ドクターグリップ)
78560,７８５６０,萩原工業,萩原工業 / HAGIHARA / ターポリン / ポリエチレンシート / エコシート / ハギハラ / 萩原ブルーシート / 萩原テクノファブリック / 萩原,10,情報通信・サービスその他,(萩原工業 OR HAGIHARA OR ターポリン OR ポリエチレンシート OR エコシート OR ハギハラ OR 萩原ブルーシート OR 萩原テクノファブリック OR 萩原)
78600,７８６００,エイベックス,エイベックス / avex / エイベックス・グループ / avex trax / エイベックス・エンタテインメント / エイベックス・デジタル / エイベックス・ピクチャーズ / エイベックス・マネジメント / エイベックス・ライブクリエイティブ,10,情報通信・サービスその他,(エイベックス OR avex OR trax OR エンタテインメント OR デジタル OR ピクチャーズ OR マネジメント OR ライブクリエイティブ)
78640,７８６４０,フジシールインターナショナル,フジシールインターナショナル / フジシール / Fuji Seal / フジシールグループ / スリーブラベル / シュリンクラベル / PAGO / フレキシブルパッケージ / ラベルソリューション,10,情報通信・サービスその他,(フジシールインターナショナル OR フジシール OR Fuji OR Seal OR フジシールグループ OR スリーブラベル OR シュリンクラベル OR PAGO OR フレキシブルパッケージ OR ラベルソリューション)
78670,７８６７０,タカラトミー,タカラトミー / トミカ / プラレール / リカちゃん / ベイブレード / デュエル・マスターズ / トランスフォーマー / チョロQ / アニア,10,情報通信・サービスその他,(タカラトミー OR トミカ OR プラレール OR リカちゃん OR ベイブレード OR デュエル OR マスターズ OR トランスフォーマー OR チョロQ OR アニア)
78680,７８６８０,広済堂ホールディングス,広済堂ホールディングス / 広済堂 / Kosaido / Kosaido Holdings / 広済堂出版 / 広済堂グループ / Kosaido Printing / Kosaido Human Development / Kosaido Business Services / 広済堂HD,10,情報通信・サービスその他,(広済堂ホールディングス OR 広済堂 OR Kosaido OR Holdings OR 広済堂出版 OR 広済堂グループ OR Printing OR Human OR Development OR Business OR Services OR 広済堂HD)
78740,７８７４０,レック,,4,素材・化学,
78880,７８８８０,三光合成,,4,素材・化学,
78930,７８９３０,プロネクサス,,10,情報通信・サービスその他,
79110,７９１１０,ＴＯＰＰＡＮホールディングス,トッパン / トッパンホールディングス / TOPPAN / トッパンフォームズ / トッパン印刷 / トッパンパッケージ / トッパンセキュリティ / トッパンデジタル / トッパンエレクトロニクス / ＴＯＰＰＡＮ / ＴＯＰＰＡＮHD,10,情報通信・サービスその他,(トッパン OR トッパンホールディングス OR TOPPAN OR トッパンフォームズ OR トッパン印刷 OR トッパンパッケージ OR トッパンセキュリティ OR トッパンデジタル OR トッパンエレクトロニクス OR ＴＯＰＰＡＮHD) | (ＴＯＰＰＡＮ)
79120,７９１２０,大日本印刷,大日本印刷 / DNP / DNPフォトルシオ / DNPフォトブック / DNPデジタルソリューション / DNPパッケージング / DNPセキュリティ / DNPディスプレイ / DNPエレクトロニクス,10,情報通信・サービスその他,(大日本印刷 OR DNP OR DNPフォトルシオ OR DNPフォトブック OR DNPデジタルソリューション OR DNPパッケージング OR DNPセキュリティ OR DNPディスプレイ OR DNPエレクトロニクス)
79140,７９１４０,共同印刷,共同印刷 / 共同 / 共同印 / KPC / KPCカード / 共同カード / 共同パッケージ / 共同ラベル / 共同メディア,10,情報通信・サービスその他,(共同印刷 OR 共同 OR 共同印 OR KPC OR KPCカード OR 共同カード OR 共同パッケージ OR 共同ラベル OR 共同メディア)
79150,７９１５０,ＮＩＳＳＨＡ,日写 / 日本写真印刷 / IMD（インモールドデコレーション） / タッチセンサー / デジタル印刷 / メディカルデバイス / サーマル転写リボン / フレキシブルプリントサーキット,10,情報通信・サービスその他,(日写 OR 日本写真印刷 OR IMD（インモールドデコレーション） OR タッチセンサー OR デジタル印刷 OR メディカルデバイス OR サーマル転写リボン OR フレキシブルプリントサーキット)
79170,７９１７０,ＺＡＣＲＯＳ,,4,素材・化学,
79210,７９２１０,ＴＡＫＡＲＡ　＆　ＣＯＭＰＡＮＹ,,10,情報通信・サービスその他,
79250,７９２５０,前澤化成工業,前澤化成工業 / 前澤化成 / MAEZAWA / MKS / エムケーエス / マエザワ / 配管資材 / 排水設備 / プラスチック製品,4,素材・化学,(前澤化成工業 OR 前澤化成 OR MAEZAWA OR MKS OR エムケーエス OR マエザワ OR 配管資材 OR 排水設備 OR プラスチック製品)
79310,７９３１０,未来工業,未来,4,素材・化学,(未来)
79360,７９３６０,アシックス,アシックス / ASICS / タイガー / オニツカタイガー / ゲルカヤノ / ゲルライト / メタラン / ニンバス / フジトラブーカ,10,情報通信・サービスその他,(アシックス OR ASICS OR タイガー OR オニツカタイガー OR ゲルカヤノ OR ゲルライト OR メタラン OR ニンバス OR フジトラブーカ)
79370,７９３７０,ツツミ,ツツミ / ジュエリーツツミ / JEWELRY TSUTSUMI / PT900 / K18 / エンゲージリング / マリッジリング / ダイヤモンドジュエリー / ブライダルコレクション,10,情報通信・サービスその他,(ツツミ OR ジュエリーツツミ OR JEWELRY OR TSUTSUMI OR エンゲージリング OR マリッジリング OR ダイヤモンドジュエリー OR ブライダルコレクション) | (PT900 OR K18)
79420,７９４２０,ＪＳＰ,,4,素材・化学,
79430,７９４３０,ニチハ,ニチハ / NICHIHA / NICHIHA SIDING / NICHIHA EXTERIOR / NICHIHA WALL / NICHIHA PANELS / NICHIHA CLADDING / NICHIHA PRODUCTS / NICHIHA SOLUTIONS,3,建設・資材,(ニチハ OR NICHIHA OR SIDING OR EXTERIOR OR WALL OR PANELS OR CLADDING OR PRODUCTS OR SOLUTIONS)
79440,７９４４０,ローランド,ローランド / Roland / V-Drums / Fantom / JUNO / GO:MIXER / BOSS / AIRA / Aerophone,10,情報通信・サービスその他,(ローランド OR Roland OR V-Drums OR Fantom OR JUNO OR GO:MIXER OR BOSS OR AIRA OR Aerophone)
79470,７９４７０,エフピコ,エフピコ / FP Corporation / エフピコパック / エコトレー / エフピコダイレクト / エフピコプラザ / エフピコリサイクル / エフピコエコ / エフピコトレー,4,素材・化学,(エフピコ OR FP OR Corporation OR エフピコパック OR エコトレー OR エフピコダイレクト OR エフピコプラザ OR エフピコリサイクル OR エフピコエコ OR エフピコトレー)
79490,７９４９０,小松ウオール工業,小松ウオール工業 / 小松ウォール / KOMATSU WALL / パーティション / 間仕切り / ウォールシステム / スライディングウォール / オフィスパネル / モバイルパーティション / 小松ウオール,10,情報通信・サービスその他,(小松ウオール工業 OR 小松ウォール OR KOMATSU OR WALL OR パーティション OR 間仕切り OR ウォールシステム OR スライディングウォール OR オフィスパネル OR モバイルパーティション OR 小松ウオール)
79510,７９５１０,ヤマハ,ヤマハ楽器 / ヤマハ音響 / ヤマハピアノ / ヤマハギター / ヤマハドラム / ヤマハAV / ヤマハボート,10,情報通信・サービスその他,(ヤマハ楽器 OR ヤマハ音響 OR ヤマハピアノ OR ヤマハギター OR ヤマハドラム OR ヤマハAV OR ヤマハボート)
79520,７９５２０,河合楽器製作所,河合楽器製作所 / カワイ / KAWAI / カワイピアノ / KAWAIピアノ / カワイ楽器 / KAWAI楽器 / KAWAI電子ピアノ / カワイデジタルピアノ / 河合楽器,10,情報通信・サービスその他,(河合楽器製作所 OR カワイ OR KAWAI OR カワイピアノ OR KAWAIピアノ OR カワイ楽器 OR KAWAI楽器 OR KAWAI電子ピアノ OR カワイデジタルピアノ OR 河合楽器)
79550,７９５５０,クリナップ,クリナップ / ステンレスキャビネット / ラクエラ / セントロ / ステディア / バスルーム / 洗面化粧台 / アクリアバス,10,情報通信・サービスその他,(クリナップ OR ステンレスキャビネット OR ラクエラ OR セントロ OR ステディア OR バスルーム OR 洗面化粧台 OR アクリアバス)
79560,７９５６０,ピジョン,ピジョン / pigeon / ベビーケア / 母乳実感 / スマイルキッズ / マグマグ / ランフィ / ソフトタッチ / ピジョンベビー,10,情報通信・サービスその他,(ピジョン OR pigeon OR ベビーケア OR 母乳実感 OR スマイルキッズ OR マグマグ OR ランフィ OR ソフトタッチ OR ピジョンベビー)
79580,７９５８０,天馬,天馬 / テンマ / TENMA / ポリテナー / ポリカート / ポリバケツ / ポリコンテナ / ポリラック / ポリパレット,4,素材・化学,(天馬 OR テンマ OR TENMA OR ポリテナー OR ポリカート OR ポリバケツ OR ポリコンテナ OR ポリラック OR ポリパレット)
79620,７９６２０,キングジム,キングジム / テプラ / ショットノート / ファイルボックス / ポメラ / レザフェス / キングファイル / キングジムノート / クリアーファイル,10,情報通信・サービスその他,(キングジム OR テプラ OR ショットノート OR ファイルボックス OR ポメラ OR レザフェス OR キングファイル OR キングジムノート OR クリアーファイル)
79650,７９６５０,象印マホービン,象印 / 象印マホービン / ZOJIRUSHI / ステンレスボトル / 炊飯ジャー / ホットプレート / 電気ポット / マイコン炊飯器 / スチーム式加湿器,9,電機・精密,(象印 OR 象印マホービン OR ZOJIRUSHI OR ステンレスボトル OR 炊飯ジャー OR ホットプレート OR 電気ポット OR マイコン炊飯器 OR スチーム式加湿器)
79660,７９６６０,リンテック,リンテック / LINTEC / タックペーパー / タックフィルム / セキュリティラベル / 保護フィルム / 粘着製品 / 工業用テープ / 印刷用紙,10,情報通信・サービスその他,(リンテック OR LINTEC OR タックペーパー OR タックフィルム OR セキュリティラベル OR 保護フィルム OR 粘着製品 OR 工業用テープ OR 印刷用紙)
79700,７９７００,信越ポリマー,信越ポリマー / Shin-Etsu Polymer / シンポリ / シンエツポリマー / SE Polymer / シンエツ / SEPS,4,素材・化学,(信越ポリマー OR Shin-Etsu OR Polymer OR シンポリ OR シンエツポリマー OR SE OR シンエツ OR SEPS)
79720,７９７２０,イトーキ,イトーキ / ITOKI / スピーナ / カシコチェア / フリップフラップ / CZチェア / エピオスチェア / アルシオ / アクトチェア,10,情報通信・サービスその他,(イトーキ OR ITOKI OR スピーナ OR カシコチェア OR フリップフラップ OR CZチェア OR エピオスチェア OR アルシオ OR アクトチェア)
79740,７９７４０,任天堂,任天堂 / 7974 / ニンテンドー / Nintendo Switch / スイッチ / ゲームボーイ / ファミコン / スーパーファミコン / Wii / DS,10,情報通信・サービスその他,(任天堂 OR ニンテンドー OR Nintendo OR Switch OR スイッチ OR ゲームボーイ OR ファミコン OR スーパーファミコン OR Wii OR DS)
79760,７９７６０,三菱鉛筆,三菱鉛筆 / ユニ / ジェットストリーム / クルトガ / ポスカ / ピュアモルト / シグノ / プロッキー / エマルジョン,10,情報通信・サービスその他,(三菱鉛筆 OR ユニ OR ジェットストリーム OR クルトガ OR ポスカ OR ピュアモルト OR シグノ OR プロッキー OR エマルジョン)
79790,７９７９０,松風,,9,電機・精密,
79810,７９８１０,タカラスタンダード,タカラスタンダード / Takara Standard / ホーローキッチン / ホーローバス / エマージュ / レミュー / トレーシア / ミーナ,10,情報通信・サービスその他,(タカラスタンダード OR Takara OR Standard OR ホーローキッチン OR ホーローバス OR エマージュ OR レミュー OR トレーシア OR ミーナ)
79840,７９８４０,コクヨ,コクヨ / Campus / ハリナックス / カルカット / ミーティングバッグ / ソフトリングノート / ジブン手帳 / モバイルバッグ / テープカッター,10,情報通信・サービスその他,(コクヨ OR Campus OR ハリナックス OR カルカット OR ミーティングバッグ OR ソフトリングノート OR ジブン手帳 OR モバイルバッグ OR テープカッター)
79870,７９８７０,ナカバヤシ,ナカバヤシ / ロジカルノート / フエルアルバム / ロアス / Digio2 / ライフスタイルツール / ナカバヤシ文具 / ナカバヤシアルバム / ナカバヤシオフィス用品,10,情報通信・サービスその他,(ナカバヤシ OR ロジカルノート OR フエルアルバム OR ロアス OR ライフスタイルツール OR ナカバヤシ文具 OR ナカバヤシアルバム OR ナカバヤシオフィス用品) | (Digio2)
79880,７９８８０,ニフコ,ニフコ / NIFCO / プラスチック部品 / 工業用ファスナー / クリップ / クランプ / コネクター,4,素材・化学,(ニフコ OR NIFCO OR プラスチック部品 OR 工業用ファスナー OR クリップ OR クランプ OR コネクター)
79890,７９８９０,立川ブラインド工業,立川ブラインド工業 / タチカワブラインド / タチカワ / ブラインド / タチカワ製品 / タチカワブランド / タチカワのブラインド / 窓装飾 / インテリアブラインド / 立川ブラインド,3,建設・資材,(立川ブラインド工業 OR タチカワブラインド OR タチカワ OR ブラインド OR タチカワ製品 OR タチカワブランド OR タチカワのブラインド OR 窓装飾 OR インテリアブラインド OR 立川ブラインド)
79900,７９９００,グローブライド,グローブライド / ダイワ / ONOFF / GIII / PRGR / オノフ / プロギア / ダイワ精工,10,情報通信・サービスその他,(グローブライド OR ダイワ OR ONOFF OR GIII OR PRGR OR オノフ OR プロギア OR ダイワ精工)
79940,７９９４０,オカムラ,オカムラ / オカムラ製作所 / オフィス家具 / コンテッサ / バロン / シルフィー / ライブス / プロユニット / グラビノーバ,10,情報通信・サービスその他,(オカムラ OR オカムラ製作所 OR オフィス家具 OR コンテッサ OR バロン OR シルフィー OR ライブス OR プロユニット OR グラビノーバ)
79950,７９９５０,バルカー,,4,素材・化学,
80010,８００１０,伊藤忠商事,8001 / ITOCHU / CTC / ファミリーマート / デサント / コンバース / マルエツ / ユニー / 伊藤忠,13,商社・卸売,(ITOCHU OR CTC OR ファミリーマート OR デサント OR コンバース OR マルエツ OR ユニー OR 伊藤忠)
80020,８００２０,丸紅,丸紅 / 丸紅株式会社 / MARUBENI / 丸紅グループ / 丸紅商事 / 丸紅エナジー / 丸紅リース / 丸紅プラネット / 丸紅アグリ,13,商社・卸売,(丸紅 OR 丸紅株式会社 OR MARUBENI OR 丸紅グループ OR 丸紅商事 OR 丸紅エナジー OR 丸紅リース OR 丸紅プラネット OR 丸紅アグリ)
80050,８００５０,スクロール,,14,小売,
80080,８００８０,ヨンドシーホールディングス,ヨンドシー / 4℃ / ヨンドシーホールディングス / Canal 4℃ / 4℃ BRIDAL / EAU DOUCE 4℃ / Luria 4℃ / 4℃ HOMME / 4℃ジュエリー / ヨンドシーHD,14,小売,(ヨンドシー OR ヨンドシーホールディングス OR Canal OR BRIDAL OR EAU OR DOUCE OR Luria OR HOMME OR ヨンドシーHD) | (4℃ OR 4℃ジュエリー)
80110,８０１１０,三陽商会,三陽商会 / バーバリー / マッキントッシュ / アマカ / エポカ / ポール・スチュアート / ブルーレーベル / ブラックレーベル,4,素材・化学,(三陽商会 OR バーバリー OR マッキントッシュ OR アマカ OR エポカ OR ポール OR スチュアート OR ブルーレーベル OR ブラックレーベル)
80120,８０１２０,長瀬産業,長瀬,13,商社・卸売,(長瀬)
80140,８０１４０,蝶理,蝶理 / CHORI / 蝶理株式会社 / 蝶理商事 / CHORIグループ / 蝶理テキスタイル / 蝶理化学 / 蝶理マテリアル / 蝶理インターナショナル,13,商社・卸売,(蝶理 OR CHORI OR 蝶理株式会社 OR 蝶理商事 OR CHORIグループ OR 蝶理テキスタイル OR 蝶理化学 OR 蝶理マテリアル OR 蝶理インターナショナル)
80150,８０１５０,豊田通商,豊田通商 / TTC / トヨタツーショー / Toyota Tsusho / トヨツー / 豊通 / Toyota Tsusho Corporation / TTS / 豊田通商株式会社,13,商社・卸売,(豊田通商 OR TTC OR トヨタツーショー OR Toyota OR Tsusho OR トヨツー OR 豊通 OR Corporation OR TTS OR 豊田通商株式会社)
80160,８０１６０,オンワードホールディングス,オンワードホールディングス / オンワード / 23区 / 組曲 / 自由区 / any SiS / ICB / J.PRESS / FIELD DREAM / オンワードHD,4,素材・化学,(オンワードホールディングス OR オンワード OR 組曲 OR 自由区 OR any OR SiS OR ICB OR J.PRESS OR FIELD OR DREAM OR オンワードHD) | (23区)
80180,８０１８０,三共生興,,13,商社・卸売,
80200,８０２００,兼松,,13,商社・卸売,
80220,８０２２０,美津濃,美津濃 / ミズノ / MIZUNO / ミズノスポーツ / ウェーブライダー / モレリア / ミズノプロ / ミズノゴルフ / ミズノランニング,10,情報通信・サービスその他,(美津濃 OR ミズノ OR MIZUNO OR ミズノスポーツ OR ウェーブライダー OR モレリア OR ミズノプロ OR ミズノゴルフ OR ミズノランニング)
80290,８０２９０,ルックホールディングス,ルックホールディングス / ルック / LOOK / アルチザン＆アーティスト / マリメッコ / イルビゾンテ / アニエスベー / アクアスキュータム / ルックHD,4,素材・化学,(ルックホールディングス OR ルック OR LOOK OR アルチザン＆アーティスト OR マリメッコ OR イルビゾンテ OR アニエスベー OR アクアスキュータム OR ルックHD)
80310,８０３１０,三井物産,三井物産 / 8031 / 物産 / MBK / Mitsui / Mitsui & Co. / 三井グループ / Mitsui Bussan / Mitsui Trading,13,商社・卸売,(三井物産 OR 物産 OR MBK OR Mitsui OR Co. OR 三井グループ OR Bussan OR Trading)
80320,８０３２０,日本紙パルプ商事,日本紙パルプ商事 / 日紙商 / JPP / 日本紙パルプ / Nippon Paper & Pulp / NPP / 日本紙パルプ商事株式会社 / 日本紙パルプ商事グループ / 日本紙,13,商社・卸売,(日本紙パルプ商事 OR 日紙商 OR JPP OR 日本紙パルプ OR Nippon OR Paper OR Pulp OR NPP OR 日本紙パルプ商事株式会社 OR 日本紙パルプ商事グループ OR 日本紙)
80350,８０３５０,東京エレクトロン,東京エレクトロン / TEL / 8035 / 東京エレ / テル / TEL製品 / TELブランド / TEL装置 / TELテクノロジー / TELソリューション,9,電機・精密,(東京エレクトロン OR TEL OR 東京エレ OR テル OR TEL製品 OR TELブランド OR TEL装置 OR TELテクノロジー OR TELソリューション)
80370,８０３７０,カメイ,,13,商社・卸売,
80430,８０４３０,スターゼン,スターゼン / スターゼンミート / スターゼンフード / スターゼンプロダクツ / スターゼンブランド / スターゼンホールディングス / スターゼンインターナショナル / スターゼンマーケット / スターゼンファーム,13,商社・卸売,(スターゼン OR スターゼンミート OR スターゼンフード OR スターゼンプロダクツ OR スターゼンブランド OR スターゼンホールディングス OR スターゼンインターナショナル OR スターゼンマーケット OR スターゼンファーム)
80500,８０５００,セイコーグループ,セイコー / セイコーグループ / グランドセイコー / アストロン / プレザージュ / プロスペックス / ルキア / クレドール / キネティック / セイコーG,9,電機・精密,(セイコー OR セイコーグループ OR グランドセイコー OR アストロン OR プレザージュ OR プロスペックス OR ルキア OR クレドール OR キネティック OR セイコーG)
80510,８０５１０,山善,山善 / YAMAZEN / ヤマゼン / YAMAZEN SELECT / Yamazen Home / Yamazen Tools / Yamazen Living / Yamazen Kitchen / Yamazen Office,13,商社・卸売,(山善 OR YAMAZEN OR ヤマゼン OR SELECT OR Yamazen OR Home OR Tools OR Living OR Kitchen OR Office)
80520,８０５２０,椿本興業,,13,商社・卸売,
80530,８０５３０,住友商事,住友商事 / 住商 / Sumitomo Corporation / SC / Sumisho / 住友 / Sumitomo / 住友グループ / 住友商事グループ,13,商社・卸売,(住友商事 OR 住商 OR Sumitomo OR Corporation OR SC OR Sumisho OR 住友 OR 住友グループ OR 住友商事グループ)
80560,８０５６０,ＢＩＰＲＯＧＹ,,10,情報通信・サービスその他,
80570,８０５７０,内田洋行,,13,商社・卸売,
80580,８０５８０,三菱商事,三菱商事 / 8058 / MC / 三菱グループ / Mitsubishi Corporation / 三菱商事株式会社 / MCグループ / 三菱商事グループ / Mitsubishi商事 / 三菱,13,商社・卸売,(三菱商事 OR MC OR 三菱グループ OR Mitsubishi OR Corporation OR 三菱商事株式会社 OR MCグループ OR 三菱商事グループ OR Mitsubishi商事 OR 三菱)
80590,８０５９０,第一実業,,13,商社・卸売,
80600,８０６００,キヤノンマーケティングジャパン,キヤノンMJ / キヤノンマーケティングジャパン / キヤノン / imagePRESS / IVY,13,商社・卸売,(キヤノンMJ OR キヤノンマーケティングジャパン OR キヤノン OR imagePRESS OR IVY)
80610,８０６１０,西華産業,西華,13,商社・卸売,(西華)
80650,８０６５０,佐藤商事,佐藤,13,商社・卸売,(佐藤)
80700,８０７００,東京産業,東京,13,商社・卸売,(東京)
80740,８０７４０,ユアサ商事,ユアサ商事 / ユアサ / Yuasa / ユアサグループ / ユアサ商事株式会社 / Yuasa Trading / ユアサトレーディング / ユアサブランド / ユアサ製品,13,商社・卸売,(ユアサ商事 OR ユアサ OR Yuasa OR ユアサグループ OR ユアサ商事株式会社 OR Trading OR ユアサトレーディング OR ユアサブランド OR ユアサ製品)
80750,８０７５０,神鋼商事,神鋼,13,商社・卸売,(神鋼)
80780,８０７８０,阪和興業,阪和興業 / 阪和 / HANWA / ハンワ / 金属 / 資源 / エネルギー / トレーディング,13,商社・卸売,(阪和興業 OR 阪和 OR HANWA OR ハンワ OR 金属 OR 資源 OR エネルギー OR トレーディング)
80790,８０７９０,正栄食品工業,正栄食品工業 / 正栄 / 正栄食品 / ナッツ / ドライフルーツ / 正栄デリカ / 正栄フーズ / 正栄スイーツ,13,商社・卸売,(正栄食品工業 OR 正栄 OR 正栄食品 OR ナッツ OR ドライフルーツ OR 正栄デリカ OR 正栄フーズ OR 正栄スイーツ)
80810,８０８１０,カナデン,,13,商社・卸売,
80840,８０８４０,ＲＹＯＤＥＮ,リョーデン / 8084 / RYODEN / 菱電 / 菱電商事 / 菱電グループ / 菱電製品 / 菱電ブランド / 菱電テクノロジー / 菱電エレクトロニクス,13,商社・卸売,(リョーデン OR RYODEN OR 菱電 OR 菱電商事 OR 菱電グループ OR 菱電製品 OR 菱電ブランド OR 菱電テクノロジー OR 菱電エレクトロニクス)
80860,８０８６０,ニプロ,ニプロ / ニプロ医療機器 / ニプロ製薬 / ニプロダイヤライザー / ニプロカテーテル / ニプロ注射器 / ニプロ血糖測定器 / ニプロ透析 / ニプロヘルスケア,9,電機・精密,(ニプロ OR ニプロ医療機器 OR ニプロ製薬 OR ニプロダイヤライザー OR ニプロカテーテル OR ニプロ注射器 OR ニプロ血糖測定器 OR ニプロ透析 OR ニプロヘルスケア)
80880,８０８８０,岩谷産業,岩谷産業 / イワタニ / Iwatani / カセットフー / カセットコンロ / プリムス / 岩谷 / イワタニ産業 / イワタニカセットガス,13,商社・卸売,(岩谷産業 OR イワタニ OR Iwatani OR カセットフー OR カセットコンロ OR プリムス OR 岩谷 OR イワタニ産業 OR イワタニカセットガス)
80930,８０９３０,極東貿易,,13,商社・卸売,
80950,８０９５０,アステナホールディングス,アステナホールディングス / アステナ / ASTENA / アステナHD / アステナグループ / アステナ製品 / アステナブランド / アステナのサービス / アステナの技術,13,商社・卸売,(アステナホールディングス OR アステナ OR ASTENA OR アステナHD OR アステナグループ OR アステナ製品 OR アステナブランド OR アステナのサービス OR アステナの技術)
80970,８０９７０,三愛オブリ,,13,商社・卸売,
80980,８０９８０,稲畑産業,稲畑,13,商社・卸売,(稲畑)
81010,８１０１０,ＧＳＩクレオス,,13,商社・卸売,
81030,８１０３０,明和産業,明和,13,商社・卸売,(明和)
81110,８１１１０,ゴールドウイン,ゴールドウイン / THE NORTH FACE / HELLY HANSEN / C3fit / DANSKIN / ellesse / MXP / Speedo / Goldwin Tech Lab,4,素材・化学,(ゴールドウイン OR THE OR NORTH OR FACE OR HELLY OR HANSEN OR DANSKIN OR ellesse OR MXP OR Speedo OR Goldwin OR Tech OR Lab) | (C3fit)
81130,８１１３０,ユニ・チャーム,ユニ・チャーム / ムーニー / ソフィ / チャームナップ / シルコット / ライフリー / マナーウェア / ウェーブ / ナチュラルムーニー,4,素材・化学,(ユニ OR チャーム OR ムーニー OR ソフィ OR チャームナップ OR シルコット OR ライフリー OR マナーウェア OR ウェーブ OR ナチュラルムーニー)
81250,８１２５０,ワキタ,,13,商社・卸売,
81290,８１２９０,東邦ホールディングス,"東邦ホールディングス / THHD

製品名やブランド名については、具体的な情報が必要ですので、公式 / 東邦 / 東邦HD",13,商社・卸売,(東邦ホールディングス OR THHD OR 製品名やブランド名については OR 具体的な情報が必要ですので OR 公式 OR 東邦 OR 東邦HD)
81300,８１３００,サンゲツ,サンゲツ / SGT / リアテック / ファイン / エクセレクト / リザーブ / フェイス / ストリングス / アクセント,13,商社・卸売,(サンゲツ OR SGT OR リアテック OR ファイン OR エクセレクト OR リザーブ OR フェイス OR ストリングス OR アクセント)
81310,８１３１０,ミツウロコグループホールディングス,ミツウロコグループホールディングス / ミツウロコ / ミツウロコHD / ミツウロコグループ / ミツウロコエナジー / ミツウロコフード / ミツウロコプロダクツ / ミツウロコソーラー / ミツウロコガス / ミツウロコグループHD,13,商社・卸売,(ミツウロコグループホールディングス OR ミツウロコ OR ミツウロコHD OR ミツウロコグループ OR ミツウロコエナジー OR ミツウロコフード OR ミツウロコプロダクツ OR ミツウロコソーラー OR ミツウロコガス OR ミツウロコグループHD)
81320,８１３２０,シナネンホールディングス,シナネンホールディングス / 8132 / シナネン / シナネンエナジー / シナネンガス / シナネンオイル / シナネン電力 / シナネンエコロジー / シナネン物流 / シナネンリース / シナネンHD,13,商社・卸売,(シナネンホールディングス OR シナネン OR シナネンエナジー OR シナネンガス OR シナネンオイル OR シナネン電力 OR シナネンエコロジー OR シナネン物流 OR シナネンリース OR シナネンHD)
81330,８１３３０,伊藤忠エネクス,伊藤忠エネクス / エネクス / ENEX / エネクスでんき / エネクスガス / エネクスオイル / エネクスカーライフ / エネクスソーラー,13,商社・卸売,(伊藤忠エネクス OR エネクス OR ENEX OR エネクスでんき OR エネクスガス OR エネクスオイル OR エネクスカーライフ OR エネクスソーラー)
81360,８１３６０,サンリオ,サンリオ / ハローキティ / マイメロディ / リトルツインスターズ / シナモロール / ポムポムプリン / ぐでたま / キキララ / サンリオピューロランド,13,商社・卸売,(サンリオ OR ハローキティ OR マイメロディ OR リトルツインスターズ OR シナモロール OR ポムポムプリン OR ぐでたま OR キキララ OR サンリオピューロランド)
81370,８１３７０,サンワテクノス,サンワテクノス / サンワ / テクノス / サンワテクノス株式会社 / SANWA / SANWA TECHNOS / サンワテクノスグループ / サンワテクノス製品 / サンワテクノスブランド,13,商社・卸売,(サンワテクノス OR サンワ OR テクノス OR サンワテクノス株式会社 OR SANWA OR TECHNOS OR サンワテクノスグループ OR サンワテクノス製品 OR サンワテクノスブランド)
81410,８１４１０,新光商事,新光,13,商社・卸売,(新光)
81420,８１４２０,トーホー,,13,商社・卸売,
81500,８１５００,三信電気,,13,商社・卸売,
81510,８１５１０,東陽テクニカ,東陽テクニカ / TOYO / TOYO Corporation / 東陽 / 東陽テク / 東陽技研 / 東陽製品 / TOYOブランド / TOYOテクニカ,13,商社・卸売,(東陽テクニカ OR TOYO OR Corporation OR 東陽 OR 東陽テク OR 東陽技研 OR 東陽製品 OR TOYOブランド OR TOYOテクニカ)
81530,８１５３０,モスフードサービス,モスフードサービス / モスバーガー / モス / モスチキン / モスライスバーガー / モスシェイク / モスサラダ / モスドリンク / モスカフェ / モスフード,13,商社・卸売,(モスフードサービス OR モスバーガー OR モス OR モスチキン OR モスライスバーガー OR モスシェイク OR モスサラダ OR モスドリンク OR モスカフェ OR モスフード)
81540,８１５４０,加賀電子,加賀電子 / 加賀 / KAGA / KAGA ELECTRONICS / KAGA FEI / KAGA SOLUTION / KAGA COMPONENTS / KAGA DEVICES / KAGA SYSTEM,13,商社・卸売,(加賀電子 OR 加賀 OR KAGA OR ELECTRONICS OR FEI OR SOLUTION OR COMPONENTS OR DEVICES OR SYSTEM)
81570,８１５７０,都築電気,,10,情報通信・サービスその他,
81580,８１５８０,ソーダニッカ,,13,商社・卸売,
81590,８１５９０,立花エレテック,立花エレテック / 立花 / エレテック / 立花電機 / ELEC / 立花エレ / TET / 立花テクノ / ELECブランド,13,商社・卸売,(立花エレテック OR 立花 OR エレテック OR 立花電機 OR ELEC OR 立花エレ OR TET OR 立花テクノ OR ELECブランド)
81600,８１６００,木曽路,,14,小売,
81630,８１６３０,ＳＲＳホールディングス,ＳＲＳホールディングス / 和食さと / すし半 / かごの屋 / あいそ家 / 夫婦善哉 / さとしゃぶ / さとすき / さとカフェ / ＳＲＳ / ＳＲＳHD,14,小売,(ＳＲＳホールディングス OR 和食さと OR すし半 OR かごの屋 OR あいそ家 OR 夫婦善哉 OR さとしゃぶ OR さとすき OR さとカフェ OR ＳＲＳHD) | (ＳＲＳ)
81650,８１６５０,千趣会,千趣会 / ベルメゾン / Belle Maison / 千趣会通販 / 千趣会ベルメゾン / ベルメゾンネット / 千趣会カタログ / 千趣会ギフト / 千趣会マンスリークラブ,14,小売,(千趣会 OR ベルメゾン OR Belle OR Maison OR 千趣会通販 OR 千趣会ベルメゾン OR ベルメゾンネット OR 千趣会カタログ OR 千趣会ギフト OR 千趣会マンスリークラブ)
81670,８１６７０,リテールパートナーズ,リテールパートナーズ / マルキョウ / サンリブ / サンク / リテパ / リテール / リテールP / リテールパートナーズグループ / リテールパートナーズホールディングス,14,小売,(リテールパートナーズ OR マルキョウ OR サンリブ OR サンク OR リテパ OR リテール OR リテールP OR リテールパートナーズグループ OR リテールパートナーズホールディングス)
81730,８１７３０,上新電機,上新電機 / ジョーシン / Joshin / Joshinオリジナル / Joshin web / Joshinカード / Joshinポイント / Joshinアウトレット / Joshinキッズランド / 上新,14,小売,(上新電機 OR ジョーシン OR Joshin OR Joshinオリジナル OR web OR Joshinカード OR Joshinポイント OR Joshinアウトレット OR Joshinキッズランド OR 上新)
81740,８１７４０,日本瓦斯,日本瓦斯 / ニチガス / ガスワン / Gas One / ガスワンショップ / ガスワンカード / ガスワンポイント / ガスワンアプリ / ガスワンリース,14,小売,(日本瓦斯 OR ニチガス OR ガスワン OR Gas OR One OR ガスワンショップ OR ガスワンカード OR ガスワンポイント OR ガスワンアプリ OR ガスワンリース)
81790,８１７９０,ロイヤルホールディングス,ロイヤルホールディングス / ロイヤルホスト / 天丼てんや / シズラー / ロイヤルデリ / ロイヤルコーヒーショップ / ロイヤルパークホテル / ロイヤルガーデンカフェ / ロイヤル空港ラウンジ / ロイヤルホールディングス株式会社 / ロイヤル / ロイヤルHD,14,小売,(ロイヤルホールディングス OR ロイヤルホスト OR 天丼てんや OR シズラー OR ロイヤルデリ OR ロイヤルコーヒーショップ OR ロイヤルパークホテル OR ロイヤルガーデンカフェ OR ロイヤル空港ラウンジ OR ロイヤルホールディングス株式会社 OR ロイヤル OR ロイヤルHD)
81850,８１８５０,チヨダ,チヨダ / 東京靴流通センター / セダークレスト / ハイドロテック / フィンコンフォート / シュープラザ / SPORTH / ASBee / クロックスショップ,14,小売,(チヨダ OR 東京靴流通センター OR セダークレスト OR ハイドロテック OR フィンコンフォート OR シュープラザ OR SPORTH OR ASBee OR クロックスショップ)
81940,８１９４０,ライフコーポレーション,ライフコーポレーション / LIFE / 8194 / ライフスーパー / ライフストア / ライフカード / ライフポイント / ライフアプリ / ライフネット,14,小売,(ライフコーポレーション OR LIFE OR ライフスーパー OR ライフストア OR ライフカード OR ライフポイント OR ライフアプリ OR ライフネット)
82000,８２０００,リンガーハット,リンガーハット / 長崎ちゃんぽん / ぎょうざ / 皿うどん / リンガー / Ringer Hut / Nagasaki Champon / Ringer / リンガーハットグループ,14,小売,(リンガーハット OR 長崎ちゃんぽん OR ぎょうざ OR 皿うどん OR リンガー OR Ringer OR Hut OR Nagasaki OR Champon OR リンガーハットグループ)
82030,８２０３０,ＭｒＭａｘＨＤ,,14,小売,
82140,８２１４０,ＡＯＫＩホールディングス,AOKI / AOKIホールディングス / ORIHICA / 快活CLUB / ブルックスブラザーズ / コムサメン / ＡＯＫＩ / ＡＯＫＩHD,14,小売,(AOKI OR AOKIホールディングス OR ORIHICA OR 快活CLUB OR ブルックスブラザーズ OR コムサメン OR ＡＯＫＩHD) | (ＡＯＫＩ)
82170,８２１７０,オークワ,,14,小売,
82180,８２１８０,コメリ,コメリ / アテーナ / ハード＆グリーン / パワー / コメリカード / コメリプロ / コメリホームセンター / コメリリフォーム / コメリオンラインショップ,14,小売,(コメリ OR アテーナ OR ハード＆グリーン OR パワー OR コメリカード OR コメリプロ OR コメリホームセンター OR コメリリフォーム OR コメリオンラインショップ)
82190,８２１９０,青山商事,青山商事 / 洋服の青山 / AOYAMA / THE SUIT COMPANY / WHITE THE SUIT COMPANY / UNIVERSAL LANGUAGE / キャラジャ / NEXT BLUE / 青山カード / 青山,14,小売,(青山商事 OR 洋服の青山 OR AOYAMA OR THE OR SUIT OR COMPANY OR WHITE OR UNIVERSAL OR LANGUAGE OR キャラジャ OR NEXT OR BLUE OR 青山カード OR 青山)
82270,８２２７０,しまむら,しまむら / 8227 / ファッションセンターしまむら / バースデイ / アベイル / シャンブル / ディバロ / プチプラ / しまコレ / しまパト,14,小売,(しまむら OR ファッションセンターしまむら OR バースデイ OR アベイル OR シャンブル OR ディバロ OR プチプラ OR しまコレ OR しまパト)
82330,８２３３０,高島屋,高島屋 / タカシマヤ / Takashimaya / タカシマヤカード / タカシマヤオンラインストア / タカシマヤタイムズスクエア / タカシマヤフードメゾン / タカシマヤローズサークル / タカシマヤスタイル,14,小売,(高島屋 OR タカシマヤ OR Takashimaya OR タカシマヤカード OR タカシマヤオンラインストア OR タカシマヤタイムズスクエア OR タカシマヤフードメゾン OR タカシマヤローズサークル OR タカシマヤスタイル)
82370,８２３７０,松屋,銀座松屋 / 松屋銀座 / Matsuya / Ginza Matsuya / 銀座本店 / Matsuya Ginza / 銀座デパート / 松屋デパート,14,小売,(銀座松屋 OR 松屋銀座 OR Matsuya OR Ginza OR 銀座本店 OR 銀座デパート OR 松屋デパート)
82420,８２４２０,エイチ・ツー・オー　リテイリング,H2Oリテイリング / 阪急阪神百貨店 / 阪急オアシス / イズミヤ / 阪急キッチンエール / デイリーマート,14,小売,(阪急阪神百貨店 OR 阪急オアシス OR イズミヤ OR 阪急キッチンエール OR デイリーマート) | (H2Oリテイリング)
82440,８２４４０,近鉄百貨店,Kintetsu / あべのハルカス近鉄本店 / 近鉄パッセ / 近鉄百貨店ネットショップ / 近鉄友の会 / 近鉄百貨店ギフトカード / 近鉄百貨店ポイントカード,14,小売,(Kintetsu OR あべのハルカス近鉄本店 OR 近鉄パッセ OR 近鉄百貨店ネットショップ OR 近鉄友の会 OR 近鉄百貨店ギフトカード OR 近鉄百貨店ポイントカード)
82520,８２５２０,丸井グループ,丸井グループ / 8252 / マルイ / OIOI / エポスカード / マルイウェブチャネル / マルイファミリー / エポス / マルコとマルオの7日間 / マルイシティ / 丸井 / 丸井G,14,小売,(丸井グループ OR マルイ OR OIOI OR エポスカード OR マルイウェブチャネル OR マルイファミリー OR エポス OR マルイシティ OR 丸井 OR 丸井G) | (マルコとマルオの7日間)
82530,８２５３０,クレディセゾン,クレディセゾン / 8253 / セゾンカード / セゾンポイント / セゾンアメックス / セゾンゴールド / セゾンプラチナ / セゾンブルー / セゾンパール / セゾンデジタル,16,金融（除く銀行）,(クレディセゾン OR セゾンカード OR セゾンポイント OR セゾンアメックス OR セゾンゴールド OR セゾンプラチナ OR セゾンブルー OR セゾンパール OR セゾンデジタル)
82550,８２５５０,アクシアル　リテイリング,,14,小売,
82670,８２６７０,イオン,8267 / イオンスタイル / マックスバリュ / グルメシティ,14,小売,(イオンスタイル OR マックスバリュ OR グルメシティ)
82730,８２７３０,イズミ,イズミ / ゆめタウン / ゆめマート / ゆめカード / ゆめタウンアプリ / ゆめオンライン / ゆめタウンデジタルチラシ / ゆめタウンポイント / ゆめタウンセール,14,小売,(イズミ OR ゆめタウン OR ゆめマート OR ゆめカード OR ゆめタウンアプリ OR ゆめオンライン OR ゆめタウンデジタルチラシ OR ゆめタウンポイント OR ゆめタウンセール)
82750,８２７５０,フォーバル,,13,商社・卸売,
82760,８２７６０,平和堂,,14,小売,
82780,８２７８０,フジ,フジグループ / フジスーパー / フジネットスーパー / フジカード / フジポイント / フジウォレット / フジアプリ / フジデリカ,14,小売,(フジグループ OR フジスーパー OR フジネットスーパー OR フジカード OR フジポイント OR フジウォレット OR フジアプリ OR フジデリカ)
82790,８２７９０,ヤオコー,ヤオコー / 8279 / ヤオコーマート / ヤオコーカード / ヤオコーアプリ / ヤオコーキッチン / ヤオコーレシピ / ヤオコーオリジナル / ヤオコーセレクション / ヤオコー食品,14,小売,(ヤオコー OR ヤオコーマート OR ヤオコーカード OR ヤオコーアプリ OR ヤオコーキッチン OR ヤオコーレシピ OR ヤオコーオリジナル OR ヤオコーセレクション OR ヤオコー食品)
82810,８２８１０,ゼビオホールディングス,ゼビオホールディングス / スーパースポーツゼビオ / ヴィクトリア / エルブレス / ゼビオアリーナ / ゼビオスポーツ / ゼビオオンラインストア / ゼビオカード / ゼビオ / ゼビオHD,14,小売,(ゼビオホールディングス OR スーパースポーツゼビオ OR ヴィクトリア OR エルブレス OR ゼビオアリーナ OR ゼビオスポーツ OR ゼビオオンラインストア OR ゼビオカード OR ゼビオ OR ゼビオHD)
82820,８２８２０,ケーズホールディングス,ケーズデンキ / ケーズホールディングス / K's / K's Holdings / ケーズ / K'sデンキ / ケーズHD / K'sホールディングス / ケーズ電機,14,小売,(ケーズデンキ OR ケーズホールディングス OR K's OR Holdings OR ケーズ OR K'sデンキ OR ケーズHD OR K'sホールディングス OR ケーズ電機)
82830,８２８３０,ＰＡＬＴＡＣ,,13,商社・卸売,
82850,８２８５０,三谷産業,三谷,13,商社・卸売,(三谷)
83040,８３０４０,あおぞら銀行,あおぞら銀行 / AOZORA / あおぞらダイレクト / あおぞらネットバンク / あおぞらカード / あおぞらローン / あおぞら投信 / あおぞら証券 / あおぞらプライベートバンク / あおぞら,15,銀行,(あおぞら銀行 OR AOZORA OR あおぞらダイレクト OR あおぞらネットバンク OR あおぞらカード OR あおぞらローン OR あおぞら投信 OR あおぞら証券 OR あおぞらプライベートバンク OR あおぞら)
83060,８３０６０,三菱ＵＦＪフィナンシャル・グループ,MUFG / 三菱UFJ / 三菱UFJ銀行 / 三菱UFJ信託銀行 / 三菱UFJモルガン・スタンレー証券 / 三菱UFJニコス / 三菱UFJリース / 三菱UFJキャピタル / 三菱UFJフィナンシャル・グループ / 三菱ＵＦＪフィナンシャル・ / 三菱ＵＦＪフィナンシャル・G,15,銀行,(MUFG OR 三菱UFJ OR 三菱UFJ銀行 OR 三菱UFJ信託銀行 OR 三菱UFJモルガン OR スタンレー証券 OR 三菱UFJニコス OR 三菱UFJリース OR 三菱UFJキャピタル OR 三菱UFJフィナンシャル OR 三菱ＵＦＪフィナンシャル)
83080,８３０８０,りそなホールディングス,りそなホールディングス / りそな銀行 / 埼玉りそな銀行 / 近畿大阪銀行 / りそなグループ / りそなカード / りそなポイント / りそなアプリ / りそなネットバンキング / りそな / りそなHD,15,銀行,(りそなホールディングス OR りそな銀行 OR 埼玉りそな銀行 OR 近畿大阪銀行 OR りそなグループ OR りそなカード OR りそなポイント OR りそなアプリ OR りそなネットバンキング OR りそな OR りそなHD)
83090,８３０９０,三井住友トラストグループ,三井住友トラストグループ / SMTB / 三井住友信託銀行 / 住友信託 / Mitsui Trust / Sumitomo Trust / 三井住友トラスト・ホールディングス / みずほ信託 / 住信 / 三井住友トラスト / 三井住友トラストG,15,銀行,(三井住友トラストグループ OR SMTB OR 三井住友信託銀行 OR 住友信託 OR Mitsui OR Trust OR Sumitomo OR 三井住友トラスト OR みずほ信託 OR 住信 OR 三井住友トラストG)
83160,８３１６０,三井住友フィナンシャルグループ,三井住友フィナンシャルグループ / SMFG / 三井住友FG / 三井住友 / 住友銀行 / SMBC / 三井住友銀行 / 8316 / SMBCグループ / SMBCファイナンス / 三井住友フィナンシャル / 三井住友フィナンシャルG,15,銀行,(三井住友フィナンシャルグループ OR SMFG OR 三井住友FG OR 三井住友 OR 住友銀行 OR SMBC OR 三井住友銀行 OR SMBCグループ OR SMBCファイナンス OR 三井住友フィナンシャル OR 三井住友フィナンシャルG)
83310,８３３１０,千葉銀行,千葉銀行 / ちばぎん / ちば銀 / Chiba Bank / ちばぎんカード / ちばぎん住宅ローン / ちばぎんビジネスローン / ちばぎんアプリ / ちばぎんネットバンキング / 千葉,15,銀行,(千葉銀行 OR ちばぎん OR ちば銀 OR Chiba OR Bank OR ちばぎんカード OR ちばぎん住宅ローン OR ちばぎんビジネスローン OR ちばぎんアプリ OR ちばぎんネットバンキング OR 千葉)
83340,８３３４０,群馬銀行,群馬銀行 / 群銀 / GUNMA BANK / ぐんぎん / GUNGIN / 群馬銀行アプリ / 群馬銀行カード / 群馬銀行ローン / 群馬銀行ネットバンキング / 群馬,15,銀行,(群馬銀行 OR 群銀 OR GUNMA OR BANK OR ぐんぎん OR GUNGIN OR 群馬銀行アプリ OR 群馬銀行カード OR 群馬銀行ローン OR 群馬銀行ネットバンキング OR 群馬)
83360,８３３６０,武蔵野銀行,"武銀 / Musashino Bank / Musashino / むさしの / むさしの銀行 / Musashino Bk / 武蔵野BK / 武蔵野

これらは一般的な推測に基づ / 武蔵野",15,銀行,(武銀 OR Musashino OR Bank OR むさしの OR むさしの銀行 OR Bk OR 武蔵野BK OR 武蔵野 OR これらは一般的な推測に基づ)
83370,８３３７０,千葉興業銀行,千葉興業銀行 / 千葉興銀 / CKB / ちばこうぎん / ちば興銀 / Chiba Kogyo Bank / ちばぎん / 千葉銀行 / ちば興業 / 千葉興業,15,銀行,(千葉興業銀行 OR 千葉興銀 OR CKB OR ちばこうぎん OR ちば興銀 OR Chiba OR Kogyo OR Bank OR ちばぎん OR 千葉銀行 OR ちば興業 OR 千葉興業)
83380,８３３８０,筑波銀行,筑波銀行 / 筑銀 / Tsukuba Bank / つくば銀行 / TKB / つくばフィナンシャルグループ / 筑波FG / つくば証券 / 筑波カード / 筑波,15,銀行,(筑波銀行 OR 筑銀 OR Tsukuba OR Bank OR つくば銀行 OR TKB OR つくばフィナンシャルグループ OR 筑波FG OR つくば証券 OR 筑波カード OR 筑波)
83410,８３４１０,七十七銀行,七十七銀行 / 77銀行 / 七十七 / 七十七フィナンシャルグループ / 七十七ダイレクト / 七十七カード / 七十七ローン / 七十七証券 / 七十七投信,15,銀行,(七十七銀行 OR 七十七 OR 七十七フィナンシャルグループ OR 七十七ダイレクト OR 七十七カード OR 七十七ローン OR 七十七証券 OR 七十七投信) | (77銀行)
83430,８３４３０,秋田銀行,秋田銀行 / 秋銀 / Akita Bank / あきぎん / 秋田銀 / Akita Ginko / 秋田銀行アプリ / 秋田銀行カード / 秋田銀行ローン / 秋田,15,銀行,(秋田銀行 OR 秋銀 OR Akita OR Bank OR あきぎん OR 秋田銀 OR Ginko OR 秋田銀行アプリ OR 秋田銀行カード OR 秋田銀行ローン OR 秋田)
83440,８３４４０,山形銀行,山形銀行 / 山銀 / Yamagata Bank / やまぎん / Yamagata Ginko / 山形銀 / Yamagata Financial Group / 山形FG / 山形フィナンシャルグループ / 山形,15,銀行,(山形銀行 OR 山銀 OR Yamagata OR Bank OR やまぎん OR Ginko OR 山形銀 OR Financial OR Group OR 山形FG OR 山形フィナンシャルグループ OR 山形)
83450,８３４５０,岩手銀行,岩手銀行 / 岩銀 / 岩手銀 / Iwate Bank / いわぎん / Iwagin / 岩手銀行アプリ / 岩手銀行カード / 岩手銀行ローン / 岩手,15,銀行,(岩手銀行 OR 岩銀 OR 岩手銀 OR Iwate OR Bank OR いわぎん OR Iwagin OR 岩手銀行アプリ OR 岩手銀行カード OR 岩手銀行ローン OR 岩手)
83460,８３４６０,東邦銀行,東邦銀行 / 東邦銀 / TOHO / TOHO BANK / とうほう / とうほう銀行 / 東邦フィナンシャル / 東邦カード / 東邦,15,銀行,(東邦銀行 OR 東邦銀 OR TOHO OR BANK OR とうほう OR とうほう銀行 OR 東邦フィナンシャル OR 東邦カード OR 東邦)
83540,８３５４０,ふくおかフィナンシャルグループ,ふくおかフィナンシャルグループ / FFG / 福岡銀行 / 熊本銀行 / 親和銀行 / ふくぎん / ふくおかFG / ふくおかフィナンシャル / ふくおかフィナンシャルG,15,銀行,(ふくおかフィナンシャルグループ OR FFG OR 福岡銀行 OR 熊本銀行 OR 親和銀行 OR ふくぎん OR ふくおかFG OR ふくおかフィナンシャル OR ふくおかフィナンシャルG)
83580,８３５８０,スルガ銀行,スルガ銀行 / SURUGA Bank / スルガ / Suruga / スルガダイレクト / スルガVisaデビットカード / スルガ住宅ローン / スルガカードローン / スルガバンクアプリ,15,銀行,(スルガ銀行 OR SURUGA OR Bank OR スルガ OR Suruga OR スルガダイレクト OR スルガVisaデビットカード OR スルガ住宅ローン OR スルガカードローン OR スルガバンクアプリ)
83590,８３５９０,八十二銀行,八十二銀行 / 8359 / 八十二 / 八十二銀 / Hachijuni Bank / Hachijuni / 八十二フィナンシャルグループ / 八十二証券 / 八十二キャピタル / 八十二リース,15,銀行,(八十二銀行 OR 八十二 OR 八十二銀 OR Hachijuni OR Bank OR 八十二フィナンシャルグループ OR 八十二証券 OR 八十二キャピタル OR 八十二リース)
83600,８３６００,山梨中央銀行,山梨中央,15,銀行,(山梨中央)
83610,８３６１０,大垣共立銀行,大垣共立銀行 / OKB / OKB大垣共立 / OKBグループ / OKBカード / OKBローン / OKBネットバンキング / OKBスマホアプリ / OKBポイントサービス / 大垣共立,15,銀行,(大垣共立銀行 OR OKB OR OKB大垣共立 OR OKBグループ OR OKBカード OR OKBローン OR OKBネットバンキング OR OKBスマホアプリ OR OKBポイントサービス OR 大垣共立)
83620,８３６２０,福井銀行,福井銀行 / 8362 / Fukui Bank / 福井銀行アプリ / 福井銀行カード / 福井銀行ローン / 福井銀行ネットバンキング / 福井銀行ATM / 福井銀行投資信託 / 福井,15,銀行,(福井銀行 OR Fukui OR Bank OR 福井銀行アプリ OR 福井銀行カード OR 福井銀行ローン OR 福井銀行ネットバンキング OR 福井銀行ATM OR 福井銀行投資信託 OR 福井)
83640,８３６４０,清水銀行,清水,15,銀行,(清水)
83660,８３６６０,滋賀銀行,滋賀銀行 / 滋銀 / Shiga Bank / しがぎん / しが銀行 / Shiga Ginko / しがバンク / 滋賀バンク / Shigagin / 滋賀,15,銀行,(滋賀銀行 OR 滋銀 OR Shiga OR Bank OR しがぎん OR しが銀行 OR Ginko OR しがバンク OR 滋賀バンク OR Shigagin OR 滋賀)
83670,８３６７０,南都銀行,南都銀行 / 南都 / ナント / Nanto Bank / ナントカード / ナントダイレクト / ナントアプリ / ナントローン / ナント証券,15,銀行,(南都銀行 OR 南都 OR ナント OR Nanto OR Bank OR ナントカード OR ナントダイレクト OR ナントアプリ OR ナントローン OR ナント証券)
83680,８３６８０,百五銀行,百五銀行 / 百五 / HYPOS / 105BANK / 百五ダイレクト / 百五カード / 百五証券 / 百五リース / 百五ビジネスサポート,15,銀行,(百五銀行 OR 百五 OR HYPOS OR 百五ダイレクト OR 百五カード OR 百五証券 OR 百五リース OR 百五ビジネスサポート) | (105BANK)
83700,８３７００,紀陽銀行,紀陽銀行 / 紀陽 / Kiyo Bank / きようぎん / 紀陽フィナンシャルグループ / きようフィナンシャル / Kiyo Financial Group / きようバンク / 紀陽カード,15,銀行,(紀陽銀行 OR 紀陽 OR Kiyo OR Bank OR きようぎん OR 紀陽フィナンシャルグループ OR きようフィナンシャル OR Financial OR Group OR きようバンク OR 紀陽カード)
83770,８３７７０,ほくほくフィナンシャルグループ,ほくほくフィナンシャルグループ / ほくほくFG / 北陸銀行 / 北海道銀行 / ほくほく証券 / ほくほくカード / ほくほくローン / ほくほく投信 / ほくほく保険 / ほくほくフィナンシャル / ほくほくフィナンシャルG,15,銀行,(ほくほくフィナンシャルグループ OR ほくほくFG OR 北陸銀行 OR 北海道銀行 OR ほくほく証券 OR ほくほくカード OR ほくほくローン OR ほくほく投信 OR ほくほく保険 OR ほくほくフィナンシャル OR ほくほくフィナンシャルG)
83810,８３８１０,山陰合同銀行,山陰合同銀行 / ごうぎん / 山陰合銀 / さんいんごうぎん / 8381 / 山陰合同 / 合同銀行 / さんいん銀行 / さんいん合銀 / さんいん合同銀行,15,銀行,(山陰合同銀行 OR ごうぎん OR 山陰合銀 OR さんいんごうぎん OR 山陰合同 OR 合同銀行 OR さんいん銀行 OR さんいん合銀 OR さんいん合同銀行)
83860,８３８６０,百十四銀行,百十四銀行 / 114銀行 / 114銀 / 百十四 / 香川銀行 / 114フィナンシャルグループ / 114FG / 114カード / 114ローン,15,銀行,(百十四銀行 OR 百十四 OR 香川銀行) | (114銀行 OR 114銀 OR 114フィナンシャルグループ OR 114FG OR 114カード OR 114ローン)
83870,８３８７０,四国銀行,四国銀行 / 四銀 / Shikoku Bank / しこぎん / 四国銀 / 四国銀行カード / 四国銀行アプリ / 四国銀行ローン / 四国銀行投資信託 / 四国,15,銀行,(四国銀行 OR 四銀 OR Shikoku OR Bank OR しこぎん OR 四国銀 OR 四国銀行カード OR 四国銀行アプリ OR 四国銀行ローン OR 四国銀行投資信託 OR 四国)
83880,８３８８０,阿波銀行,阿波銀行 / 阿波銀 / Awa Bank / Awa Gin / 阿波バンク / 阿波フィナンシャル / 阿波ファイナンス / 阿波グループ / 阿波金融 / 阿波,15,銀行,(阿波銀行 OR 阿波銀 OR Awa OR Bank OR Gin OR 阿波バンク OR 阿波フィナンシャル OR 阿波ファイナンス OR 阿波グループ OR 阿波金融 OR 阿波)
83920,８３９２０,大分銀行,大分銀行 / 大銀 / Oita Bank / 大分銀 / 大分銀行カード / 大分銀行アプリ / 大分銀行ローン / 大分銀行ネットバンキング / 大分銀行ATM / 大分,15,銀行,(大分銀行 OR 大銀 OR Oita OR Bank OR 大分銀 OR 大分銀行カード OR 大分銀行アプリ OR 大分銀行ローン OR 大分銀行ネットバンキング OR 大分銀行ATM OR 大分)
83930,８３９３０,宮崎銀行,宮崎銀行 / 宮銀 / Miyagin / みやぎん / みやざきぎんこう / Miyazaki Bank / 8393 / みやざきBK / みやざき銀行 / 宮崎,15,銀行,(宮崎銀行 OR 宮銀 OR Miyagin OR みやぎん OR みやざきぎんこう OR Miyazaki OR Bank OR みやざきBK OR みやざき銀行 OR 宮崎)
83950,８３９５０,佐賀銀行,佐賀銀行 / 佐銀 / SAGIN / 佐銀アプリ / 佐銀ネットバンキング / 佐銀カード / 佐銀ローン / 佐銀投資信託 / 佐銀ATM / 佐賀,15,銀行,(佐賀銀行 OR 佐銀 OR SAGIN OR 佐銀アプリ OR 佐銀ネットバンキング OR 佐銀カード OR 佐銀ローン OR 佐銀投資信託 OR 佐銀ATM OR 佐賀)
83990,８３９９０,琉球銀行,琉銀 / 琉球銀行 / RYUKIN / 琉銀ネット / 琉球ダイレクト / 琉球カード / 琉球ローン / 琉球ファンド / 琉球証券 / 琉球,15,銀行,(琉銀 OR 琉球銀行 OR RYUKIN OR 琉銀ネット OR 琉球ダイレクト OR 琉球カード OR 琉球ローン OR 琉球ファンド OR 琉球証券 OR 琉球)
84100,８４１００,セブン銀行,セブン銀行 / セブンATM / セブンネット銀行 / セブンカード / セブンペイ / セブンマネー / セブンバンク / セブンファイナンス / セブンキャッシュ / セブン,15,銀行,(セブン銀行 OR セブンATM OR セブンネット銀行 OR セブンカード OR セブンペイ OR セブンマネー OR セブンバンク OR セブンファイナンス OR セブンキャッシュ OR セブン)
84110,８４１１０,みずほフィナンシャルグループ,みずほ銀行 / みずほ証券 / みずほ信託銀行 / MHFG / Mizuho / 8411 / みずほダイレクト / みずほマイレージクラブ / みずほプレミアムクラブ / みずほフィナンシャル / みずほフィナンシャルG,15,銀行,(みずほ銀行 OR みずほ証券 OR みずほ信託銀行 OR MHFG OR Mizuho OR みずほダイレクト OR みずほマイレージクラブ OR みずほプレミアムクラブ OR みずほフィナンシャル OR みずほフィナンシャルG)
84180,８４１８０,山口フィナンシャルグループ,山口フィナンシャルグループ / YMFG / 山口FG / 山口銀行 / もみじ銀行 / 北九州銀行 / YMFGカード / YMFG証券 / YMFGリース / 山口フィナンシャル / 山口フィナンシャルG,15,銀行,(山口フィナンシャルグループ OR YMFG OR 山口FG OR 山口銀行 OR もみじ銀行 OR 北九州銀行 OR YMFGカード OR YMFG証券 OR YMFGリース OR 山口フィナンシャル OR 山口フィナンシャルG)
84240,８４２４０,芙蓉総合リース,芙蓉総合リース / 芙蓉リース / Fuyo Lease / Fuyo / 芙蓉 / Fuyo Group / 芙蓉総合 / Fuyo Leasing / 芙蓉総合リース株式会社,16,金融（除く銀行）,(芙蓉総合リース OR 芙蓉リース OR Fuyo OR Lease OR 芙蓉 OR Group OR 芙蓉総合 OR Leasing OR 芙蓉総合リース株式会社)
84250,８４２５０,みずほリース,みずほリース / Mizuho Lease / みずほリース株式会社 / Mizuho Leasing / Mizuho Lease Company / Mizuho Lease Ltd. / Mizuho Leasing Company / Mizuho Leasing Ltd. / Mizuho Lease & Finance / みずほ,16,金融（除く銀行）,(みずほリース OR Mizuho OR Lease OR みずほリース株式会社 OR Leasing OR Company OR Ltd. OR Finance OR みずほ)
84390,８４３９０,東京センチュリー,東京センチュリー / TCリース / TCファイナンス / TCオートリース / TCエナジー / TCアセット / TCビジネスサポート / TCキャピタル / TCグローバル,16,金融（除く銀行）,(東京センチュリー OR TCリース OR TCファイナンス OR TCオートリース OR TCエナジー OR TCアセット OR TCビジネスサポート OR TCキャピタル OR TCグローバル)
84730,８４７３０,ＳＢＩホールディングス,ＳＢＩ / ＳＢＩホールディングス / ＳＢＩ証券 / ＳＢＩネット銀行 / ＳＢＩ損保 / ＳＢＩ生命 / ＳＢＩマネープラザ / ＳＢＩインベストメント / ＳＢＩキャピタル / ＳＢＩHD,16,金融（除く銀行）,(ＳＢＩホールディングス OR ＳＢＩ証券 OR ＳＢＩネット銀行 OR ＳＢＩ損保 OR ＳＢＩ生命 OR ＳＢＩマネープラザ OR ＳＢＩインベストメント OR ＳＢＩキャピタル OR ＳＢＩHD) | (ＳＢＩ)
85110,８５１１０,日本証券金融,日本証券金融 / 日証金 / JSF / 証金 / 日証 / 日本証券 / 証券金融 / 日証金レポ / 日証金貸株,16,金融（除く銀行）,(日本証券金融 OR 日証金 OR JSF OR 証金 OR 日証 OR 日本証券 OR 証券金融 OR 日証金レポ OR 日証金貸株)
85150,８５１５０,アイフル,アイフル / AIU / サラ金 / 消費者金融 / かりかえMAX / おまとめMAX / 事業サポートプラン / アイフルカード / てまいらず,16,金融（除く銀行）,(アイフル OR AIU OR サラ金 OR 消費者金融 OR かりかえMAX OR おまとめMAX OR 事業サポートプラン OR アイフルカード OR てまいらず)
85220,８５２２０,名古屋銀行,名古屋銀行 / 名銀 / 名銀アプリ / 名銀カード / 名銀ネットバンキング / 名銀ローン / 名銀投信 / 名銀保険 / 名銀ATM / 名古屋,15,銀行,(名古屋銀行 OR 名銀 OR 名銀アプリ OR 名銀カード OR 名銀ネットバンキング OR 名銀ローン OR 名銀投信 OR 名銀保険 OR 名銀ATM OR 名古屋)
85240,８５２４０,北洋銀行,北洋銀行 / 北洋 / HOKUYO / 北洋カード / 北洋ダイレクト / 北洋アプリ / 北洋ローン / 北洋投信 / 北洋証券,15,銀行,(北洋銀行 OR 北洋 OR HOKUYO OR 北洋カード OR 北洋ダイレクト OR 北洋アプリ OR 北洋ローン OR 北洋投信 OR 北洋証券)
85410,８５４１０,愛媛銀行,愛媛,15,銀行,(愛媛)
85440,８５４４０,京葉銀行,京葉銀行 / 京葉銀 / 京銀 / Keiyo Bank / けいぎん / けいようぎん / 京葉銀行アプリ / 京葉銀行カード / 京葉銀行ローン / 京葉,15,銀行,(京葉銀行 OR 京葉銀 OR 京銀 OR Keiyo OR Bank OR けいぎん OR けいようぎん OR 京葉銀行アプリ OR 京葉銀行カード OR 京葉銀行ローン OR 京葉)
85500,８５５００,栃木銀行,栃木銀行 / 栃銀 / Tochigi Bank / とちぎん / Tochigi Ginko / 栃木銀行アプリ / 栃銀カード / 栃銀ローン / 栃銀ネットバンキング / 栃木,15,銀行,(栃木銀行 OR 栃銀 OR Tochigi OR Bank OR とちぎん OR Ginko OR 栃木銀行アプリ OR 栃銀カード OR 栃銀ローン OR 栃銀ネットバンキング OR 栃木)
85510,８５５１０,北日本銀行,北日本銀行 / 北銀 / KITAGIN / 北日本 / 北日本バンク / 北日本銀行カード / 北日本銀行ローン / 北日本銀行アプリ / 北日本銀行ネットバンキング,15,銀行,(北日本銀行 OR 北銀 OR KITAGIN OR 北日本 OR 北日本バンク OR 北日本銀行カード OR 北日本銀行ローン OR 北日本銀行アプリ OR 北日本銀行ネットバンキング)
85580,８５５８０,東和銀行,東和銀行 / Towa Bank / 東和 / Towa / Towa Card / 東和ローン / 東和証券 / 東和ファイナンス / 東和リース,15,銀行,(東和銀行 OR Towa OR Bank OR 東和 OR Card OR 東和ローン OR 東和証券 OR 東和ファイナンス OR 東和リース)
85660,８５６６０,リコーリース,リコーリース / リコーリース株式会社 / RICOH LEASING / RICOHリース / リース事業 / ファイナンスサービス / オートリース / リコーグループ / リコー,16,金融（除く銀行）,(リコーリース OR リコーリース株式会社 OR RICOH OR LEASING OR RICOHリース OR リース事業 OR ファイナンスサービス OR オートリース OR リコーグループ OR リコー)
85700,８５７００,イオンフィナンシャルサービス,イオンフィナンシャルサービス / WAON / イオン保険サービス / イオンの金融 / イオンファイナンス / イオンマネー / イオンのクレジットカード / イオンフィナンシャル,16,金融（除く銀行）,(イオンフィナンシャルサービス OR WAON OR イオン保険サービス OR イオンの金融 OR イオンファイナンス OR イオンマネー OR イオンのクレジットカード OR イオンフィナンシャル)
85720,８５７２０,アコム,アコム / ACOM / アコムマスターカード / アコムACカード / アコムプラス / アコムキャッシング / アコムローン / アコムATM / アコムオンラインサービス,16,金融（除く銀行）,(アコム OR ACOM OR アコムマスターカード OR アコムACカード OR アコムプラス OR アコムキャッシング OR アコムローン OR アコムATM OR アコムオンラインサービス)
85840,８５８４０,ジャックス,ジャックス / 8584 / ジャックスカード / ジャックスローン / ジャックスペイメント / ジャックスオートローン / ジャックスリース / ジャックスファイナンス / ジャックスポイント / ジャックスプレミアムカード,16,金融（除く銀行）,(ジャックス OR ジャックスカード OR ジャックスローン OR ジャックスペイメント OR ジャックスオートローン OR ジャックスリース OR ジャックスファイナンス OR ジャックスポイント OR ジャックスプレミアムカード)
85850,８５８５０,オリエントコーポレーション,オリエントコーポレーション / オリコ / オリコカード / オリコポイント / オリコローン / オリコキャッシュレス / オリコモール / オリコオートリース / オリコクレジット,16,金融（除く銀行）,(オリエントコーポレーション OR オリコ OR オリコカード OR オリコポイント OR オリコローン OR オリコキャッシュレス OR オリコモール OR オリコオートリース OR オリコクレジット)
85910,８５９１０,オリックス,オリックス / ORIX / オリックス銀行 / オリックス生命 / オリックス不動産 / オリックスレンタカー / オリックス自動車 / オリックス・バファローズ / オリックス・グループ,16,金融（除く銀行）,(オリックス OR ORIX OR オリックス銀行 OR オリックス生命 OR オリックス不動産 OR オリックスレンタカー OR オリックス自動車 OR バファローズ)
85930,８５９３０,三菱ＨＣキャピタル,三菱ＨＣキャピタル / 三菱HC / 三菱キャピタル / HCキャピタル / 三菱フィナンシャル / MHCC / 三菱リース / HCリース / 三菱ファイナンス,16,金融（除く銀行）,(三菱ＨＣキャピタル OR 三菱HC OR 三菱キャピタル OR HCキャピタル OR 三菱フィナンシャル OR MHCC OR 三菱リース OR HCリース OR 三菱ファイナンス)
85950,８５９５０,ジャフコ　グループ,ジャフコ / ジャフコグループ / JAFCO / JAFCOグループ / JAFCO Ventures / ジャフコベンチャーズ / ジャフコキャピタル / JAFCO Capital / ジャフコファンド / ジャフコ　 / ジャフコ　G,16,金融（除く銀行）,(ジャフコ OR ジャフコグループ OR JAFCO OR JAFCOグループ OR Ventures OR ジャフコベンチャーズ OR ジャフコキャピタル OR Capital OR ジャフコファンド)
86000,８６０００,トモニホールディングス,トモニ / トモニHD,15,銀行,(トモニ OR トモニHD)
86010,８６０１０,大和証券グループ本社,大和証券 / 大和証券グループ / 大和ネクスト銀行 / ダイワファンド / ダイワSMA / ダイワ・アセット・マネジメント / ダイワ・インベストメント / ダイワ・セキュリティーズ,16,金融（除く銀行）,(大和証券 OR 大和証券グループ OR 大和ネクスト銀行 OR ダイワファンド OR ダイワSMA OR ダイワ OR マネジメント OR インベストメント OR セキュリティーズ)
86040,８６０４０,野村ホールディングス,野村ホールディングス / 野村証券 / 野村 / 野村アセットマネジメント / 野村信託銀行 / 野村キャピタルマーケット / 野村HD,16,金融（除く銀行）,(野村ホールディングス OR 野村証券 OR 野村 OR 野村アセットマネジメント OR 野村信託銀行 OR 野村キャピタルマーケット OR 野村HD)
86090,８６０９０,岡三証券グループ,岡三証券 / 岡三グループ / 岡三オンライン証券 / 岡三アセットマネジメント / 岡三キャピタルパートナーズ / 岡三リサーチ / 岡三フィナンシャルホールディングス / 岡三トレード / 岡三ファンド / 岡三証券G,16,金融（除く銀行）,(岡三証券 OR 岡三グループ OR 岡三オンライン証券 OR 岡三アセットマネジメント OR 岡三キャピタルパートナーズ OR 岡三リサーチ OR 岡三フィナンシャルホールディングス OR 岡三トレード OR 岡三ファンド OR 岡三証券G)
86130,８６１３０,丸三証券,丸三証券 / 丸三 / マルサン / MARUSAN / 丸三ネット / 丸三トレード / 丸三オンライン / 丸三証券アプリ / 丸三証券ネットトレード,16,金融（除く銀行）,(丸三証券 OR 丸三 OR マルサン OR MARUSAN OR 丸三ネット OR 丸三トレード OR 丸三オンライン OR 丸三証券アプリ OR 丸三証券ネットトレード)
86140,８６１４０,東洋証券,東洋証券 / 東洋 / TOYO / TOYO証券 / 東洋トレード / 東洋インベスト / 東洋ファンド / 東洋アセット,16,金融（除く銀行）,(東洋証券 OR 東洋 OR TOYO OR TOYO証券 OR 東洋トレード OR 東洋インベスト OR 東洋ファンド OR 東洋アセット)
86160,８６１６０,東海東京フィナンシャル・ホールディングス,東海東京フィナンシャル・ホールディングス / 東海東京FH / 東海東京証券 / 東海東京 / 東海東京グループ / 東海東京ホールディングス / TTFH / 東海東京フィナンシャル / 東海東京フィナンシャルHD / 東海東京フィナンシャル・ / 東海東京フィナンシャル・HD,16,金融（除く銀行）,(東海東京フィナンシャル OR 東海東京FH OR 東海東京証券 OR 東海東京 OR 東海東京グループ OR 東海東京ホールディングス OR TTFH OR 東海東京フィナンシャルHD OR HD)
86220,８６２２０,水戸証券,水戸,16,金融（除く銀行）,(水戸)
86240,８６２４０,いちよし証券,いちよし証券 / いちよし / IY証券 / いちよしネット / いちよしダイレクト / いちよしアセット / いちよしファンド / いちよしリサーチ / いちよしプライベートバンク,16,金融（除く銀行）,(いちよし証券 OR いちよし OR IY証券 OR いちよしネット OR いちよしダイレクト OR いちよしアセット OR いちよしファンド OR いちよしリサーチ OR いちよしプライベートバンク)
86280,８６２８０,松井証券,松井証券 / 松井 / ネット証券 / 松井ネットストック / 松井証券ネットストック / 松井証券FX / 松井証券投信 / 松井証券アプリ / 松井証券ロボアドバイザー,16,金融（除く銀行）,(松井証券 OR 松井 OR ネット証券 OR 松井ネットストック OR 松井証券ネットストック OR 松井証券FX OR 松井証券投信 OR 松井証券アプリ OR 松井証券ロボアドバイザー)
86300,８６３００,ＳＯＭＰＯホールディングス,ＳＯＭＰＯホールディングス / SOMPO / SOMPOケア / SOMPOひまわり生命 / SOMPOリスクマネジメント / SOMPOビジネスソリューションズ / SOMPOパートナーズ / SOMPOサステナビリティ / SOMPOデジタルラボ / SOMPO未来研究所 / ＳＯＭＰＯ / ＳＯＭＰＯHD,16,金融（除く銀行）,(ＳＯＭＰＯホールディングス OR SOMPO OR SOMPOケア OR SOMPOひまわり生命 OR SOMPOリスクマネジメント OR SOMPOビジネスソリューションズ OR SOMPOパートナーズ OR SOMPOサステナビリティ OR SOMPOデジタルラボ OR SOMPO未来研究所 OR ＳＯＭＰＯHD) | (ＳＯＭＰＯ)
86970,８６９７０,日本取引所グループ,JPX / 日本取引所 / 大証 / 東京証券取引所 / 大阪取引所 / TSE / OSE / 日本取引所グループ / 日本取引所G,16,金融（除く銀行）,(JPX OR 日本取引所 OR 大証 OR 東京証券取引所 OR 大阪取引所 OR TSE OR OSE OR 日本取引所グループ OR 日本取引所G)
86980,８６９８０,マネックスグループ,マネックスグループ / マネックス証券 / Monex / Monex Boom / マネックスカード / Monex SP Trust / マネックスアクティビストファンド / Monex Crypto Bank / マネックスクリプト / マネックス / マネックスG,16,金融（除く銀行）,(マネックスグループ OR マネックス証券 OR Monex OR Boom OR マネックスカード OR SP OR Trust OR マネックスアクティビストファンド OR Crypto OR Bank OR マネックスクリプト OR マネックス OR マネックスG)
87060,８７０６０,極東証券,極東,16,金融（除く銀行）,(極東)
87070,８７０７０,岩井コスモホールディングス,岩井コスモホールディングス / 岩井コスモ / 岩井コスモ証券 / 岩井証券 / コスモ証券 / 岩井コスモHD / 岩井コスモグループ / 岩井コスモホールディングス株式会社 / 岩井コスモホールディングス証券,16,金融（除く銀行）,(岩井コスモホールディングス OR 岩井コスモ OR 岩井コスモ証券 OR 岩井証券 OR コスモ証券 OR 岩井コスモHD OR 岩井コスモグループ OR 岩井コスモホールディングス株式会社 OR 岩井コスモホールディングス証券)
87080,８７０８０,アイザワ証券グループ,アイザワ証券 / アイザワ証券G,16,金融（除く銀行）,(アイザワ証券 OR アイザワ証券G)
87130,８７１３０,フィデアホールディングス,フィデア / フィデアHD,15,銀行,(フィデア OR フィデアHD)
87140,８７１４０,池田泉州ホールディングス,池田泉州ホールディングス / 池田泉州銀行 / ISホールディングス / IS銀行 / いけしん / いけだしんしゅう / ISHD / 池田泉州 / いけだしんしゅうホールディングス / 池田泉州HD,15,銀行,(池田泉州ホールディングス OR 池田泉州銀行 OR ISホールディングス OR IS銀行 OR いけしん OR いけだしんしゅう OR ISHD OR 池田泉州 OR いけだしんしゅうホールディングス OR 池田泉州HD)
87150,８７１５０,アニコム　ホールディングス,アニコム / アニコムHD / アニコムホールディングス / アニコム損保 / どうぶつ健保 / アニコムパフェ / アニコムクラブ / アニコムペット保険 / アニコムグループ / アニコム　 / アニコム　HD,16,金融（除く銀行）,(アニコム OR アニコムHD OR アニコムホールディングス OR アニコム損保 OR どうぶつ健保 OR アニコムパフェ OR アニコムクラブ OR アニコムペット保険 OR アニコムグループ OR HD)
87250,８７２５０,ＭＳ＆ＡＤインシュアランスグループホールディングス,MS&AD / MS&ADインシュアランス / 三井住友海上 / あいおいニッセイ同和損保 / 三井ダイレクト損保 / 8725 / 三井住友海上火災保険 / あいおいニッセイ同和 / Mitsui Sumitomo Insurance / Aioi Nissay Dowa Insurance / ＭＳ＆ＡＤインシュアランスグループ / ＭＳ＆ＡＤインシュアランスグループHD,16,金融（除く銀行）,(MS&AD OR MS&ADインシュアランス OR 三井住友海上 OR あいおいニッセイ同和損保 OR 三井ダイレクト損保 OR 三井住友海上火災保険 OR あいおいニッセイ同和 OR Mitsui OR Sumitomo OR Insurance OR Aioi OR Nissay OR Dowa OR ＭＳ＆ＡＤインシュアランスグループ OR ＭＳ＆ＡＤインシュアランスグループHD)
87390,８７３９０,スパークス・グループ,スパークス・グループ / スパークス / スパークス・アセット・マネジメント / スパークス・グループ株式会社 / スパークス・グループ株 / スパークス・グループ株式 / スパークス・グループ証券 / スパークス・グループファンド / スパークス・グループ投資信託 / スパークス・ / スパークス・G,16,金融（除く銀行）,(スパークス OR マネジメント OR グループ株式会社 OR グループ株 OR グループ株式 OR グループ証券 OR グループファンド OR グループ投資信託)
87500,８７５００,第一生命ホールディングス,第一生命 / 第一生命HD / 第一生命ホールディングス / Dai-ichi Life / だいいち / だいいち生命 / DAI-ICHI / DAI-ICHI LIFE / だいせい,16,金融（除く銀行）,(第一生命 OR 第一生命HD OR 第一生命ホールディングス OR Dai-ichi OR Life OR だいいち OR だいいち生命 OR DAI-ICHI OR LIFE OR だいせい)
87660,８７６６０,東京海上ホールディングス,東京海上ホールディングス / 東京海上日動 / TMNF / 東京海上 / トーキョーマリン / 東京海上グループ / 東京海上アセットマネジメント / 東京海上日動あんしん生命 / 東京海上日動火災保険 / 東京海上HD,16,金融（除く銀行）,(東京海上ホールディングス OR 東京海上日動 OR TMNF OR 東京海上 OR トーキョーマリン OR 東京海上グループ OR 東京海上アセットマネジメント OR 東京海上日動あんしん生命 OR 東京海上日動火災保険 OR 東京海上HD)
87710,８７７１０,イー・ギャランティ,イー・ギャランティ / eGuarantee / イーギャラ / eG / イーギャランティ株式会社 / e保証 / イー保証 / eガラ / イーガラ,16,金融（除く銀行）,(イー OR ギャランティ OR eGuarantee OR イーギャラ OR eG OR イーギャランティ株式会社 OR e保証 OR イー保証 OR eガラ OR イーガラ)
87930,８７９３０,ＮＥＣキャピタルソリューション,ＮＥＣキャピタルソリューション / ＮＥＣキャピタル / ＮＥＣキャピ / キャピタルソリューション / ＮＥＣ / キャピソリ / ＮＥＣソリューション / ＮＥＣキャピタルソリューション株式会社 / NEC Capital Solutions,16,金融（除く銀行）,(ＮＥＣキャピタルソリューション OR ＮＥＣキャピタル OR ＮＥＣキャピ OR キャピタルソリューション OR キャピソリ OR ＮＥＣソリューション OR ＮＥＣキャピタルソリューション株式会社 OR NEC OR Capital OR Solutions) | (ＮＥＣ)
87950,８７９５０,Ｔ＆Ｄホールディングス,Ｔ＆Ｄホールディングス / T&D / 太陽生命 / 大同生命 / T&Dフィナンシャル生命 / T&Dアセットマネジメント / T&D保険グループ / T&Dホールディングス株式会社 / T&Dホールディングスグループ / Ｔ＆Ｄ / Ｔ＆ＤHD,16,金融（除く銀行）,(Ｔ＆Ｄホールディングス OR T&D OR 太陽生命 OR 大同生命 OR T&Dフィナンシャル生命 OR T&Dアセットマネジメント OR T&D保険グループ OR T&Dホールディングス株式会社 OR T&Dホールディングスグループ OR Ｔ＆ＤHD) | (Ｔ＆Ｄ)
87980,８７９８０,アドバンスクリエイト,アドバンスクリエイト / 保険市場 / 保険市場 for business / 保険市場レディース / 保険市場キッズ / 保険市場シニア / 保険市場ペット / 保険市場ライフ / 保険市場カー,16,金融（除く銀行）,(アドバンスクリエイト OR 保険市場 OR for OR business OR 保険市場レディース OR 保険市場キッズ OR 保険市場シニア OR 保険市場ペット OR 保険市場ライフ OR 保険市場カー)
88010,８８０１０,三井不動産,三井不動産 / Mitsui Fudosan / 三井のリパーク / 三井アウトレットパーク / 三井ガーデンホテル / ららぽーと / 三井ショッピングパーク / 三井ホーム / 三井,17,不動産,(三井不動産 OR Mitsui OR Fudosan OR 三井のリパーク OR 三井アウトレットパーク OR 三井ガーデンホテル OR ららぽーと OR 三井ショッピングパーク OR 三井ホーム OR 三井)
88020,８８０２０,三菱地所,三菱地所 / 三菱地所レジデンス / 三菱地所ホーム / 三菱地所リアルエステートサービス / 三菱地所プロパティマネジメント / 三菱地所コミュニティ / 三菱地所設計 / 三菱地所ハウスネット / 三菱地所アーバンインベストメント,17,不動産,(三菱地所 OR 三菱地所レジデンス OR 三菱地所ホーム OR 三菱地所リアルエステートサービス OR 三菱地所プロパティマネジメント OR 三菱地所コミュニティ OR 三菱地所設計 OR 三菱地所ハウスネット OR 三菱地所アーバンインベストメント)
88030,８８０３０,平和不動産,平和不動産 / 平和不 / 平和不動産リート / 平和不動産投資法人 / 平和不動産アセットマネジメント / 平和不動産グループ / 平和不動産ビル / 平和不動産マンション / 平和不動産オフィス / 平和,17,不動産,(平和不動産 OR 平和不 OR 平和不動産リート OR 平和不動産投資法人 OR 平和不動産アセットマネジメント OR 平和不動産グループ OR 平和不動産ビル OR 平和不動産マンション OR 平和不動産オフィス OR 平和)
88040,８８０４０,東京建物,東京建物 / Brillia / 東京建物不動産販売 / 東京建物アメニティサポート / 東京建物リゾート / 東京建物コミュニティ / 東京建物レジデンシャル / 東京建物オフィス,17,不動産,(東京建物 OR Brillia OR 東京建物不動産販売 OR 東京建物アメニティサポート OR 東京建物リゾート OR 東京建物コミュニティ OR 東京建物レジデンシャル OR 東京建物オフィス)
88180,８８１８０,京阪神ビルディング,,17,不動産,
88300,８８３００,住友不動産,住友不動産 / 8830 / スミトモ不動産 / Sumitomo Realty & Development / シティタワー / グランドヒルズ / シティハウス / シティテラス / シティタワーズ / シティレジデンス / 住友,17,不動産,(住友不動産 OR スミトモ不動産 OR Sumitomo OR Realty OR Development OR シティタワー OR グランドヒルズ OR シティハウス OR シティテラス OR シティタワーズ OR シティレジデンス OR 住友)
88410,８８４１０,テーオーシー,,17,不動産,
88480,８８４８０,レオパレス２１,レオパレス２１ / レオパレス / レオパ / Leopalace21 / Leopalace / レオネット / レオパレスリゾート / レオパレスセンター / レオパレスパートナーズ,17,不動産,(レオパレス OR レオパ OR Leopalace OR レオネット OR レオパレスリゾート OR レオパレスセンター OR レオパレスパートナーズ) | (レオパレス２１ OR Leopalace21)
88500,８８５００,スターツコーポレーション,スターツコーポレーション / スターツ / STARTS / ピタットハウス / スターツ出版 / スターツホテル / スターツデベロップメント / スターツアメニティー / スターツプロシード,17,不動産,(スターツコーポレーション OR スターツ OR STARTS OR ピタットハウス OR スターツ出版 OR スターツホテル OR スターツデベロップメント OR スターツアメニティー OR スターツプロシード)
88600,８８６００,フジ住宅,フジ住宅 / フジホーム / フジレジデンス / フジマンション / フジハウス / フジタウン / フジヴィラ / フジアパートメント / フジプロパティ,17,不動産,(フジ住宅 OR フジホーム OR フジレジデンス OR フジマンション OR フジハウス OR フジタウン OR フジヴィラ OR フジアパートメント OR フジプロパティ)
88640,８８６４０,空港施設,,17,不動産,
88690,８８６９０,明和地所,明和 / 地所 / 明和不動産 / 明和マン,17,不動産,(明和 OR 地所 OR 明和不動産 OR 明和マン)
88710,８８７１０,ゴールドクレスト,,17,不動産,
88760,８８７６０,リログループ,リロ / Relo / リロケーション / リロネット / リロクラブ / リロエステート / リロバケーション / リロパートナ / リロG,10,情報通信・サービスその他,(リロ OR Relo OR リロケーション OR リロネット OR リロクラブ OR リロエステート OR リロバケーション OR リロパートナ OR リロG)
88770,８８７７０,エスリード,エスリード株式会社 / エスリードマンション / エスリード不動産 / エスリード投資 / エスリード住宅,17,不動産,(エスリード株式会社 OR エスリードマンション OR エスリード不動産 OR エスリード投資 OR エスリード住宅)
88810,８８８１０,日神グループホールディングス,日神グループ / 日神グループHD,17,不動産,(日神グループ OR 日神グループHD)
88920,８８９２０,日本エスコン,日本エスコン / エスコン / ESCON / エスコンジャパン / 日本エスコンリート / エスコンアセットマネジメント / エスコンホーム / エスコンプラザ / エスコンタワー,17,不動産,(日本エスコン OR エスコン OR ESCON OR エスコンジャパン OR 日本エスコンリート OR エスコンアセットマネジメント OR エスコンホーム OR エスコンプラザ OR エスコンタワー)
88970,８８９７０,ＭＩＲＡＲＴＨホールディングス,ＭＩＲＡＲＴＨ / ＭＩＲＡＲＴＨHD,17,不動産,(ＭＩＲＡＲＴＨHD) | (ＭＩＲＡＲＴＨ)
89050,８９０５０,イオンモール,AEON / イオンモール株式会社 / イオンモールショッピングセンター / イオンモールSC / イオンモールプライベートブランド / イオンモールアプリ / イオンモールカード,17,不動産,(AEON OR イオンモール株式会社 OR イオンモールショッピングセンター OR イオンモールSC OR イオンモールプライベートブランド OR イオンモールアプリ OR イオンモールカード)
89180,８９１８０,ランド,,17,不動産,
89190,８９１９０,カチタス,カチタス / KATITAS / リフォーム / 中古住宅再生 / カチタスホーム / カチタスリノベーション / カチタスグループ / カチタスプロジェクト / カチタスサービス,17,不動産,(カチタス OR KATITAS OR リフォーム OR 中古住宅再生 OR カチタスホーム OR カチタスリノベーション OR カチタスグループ OR カチタスプロジェクト OR カチタスサービス)
89200,８９２００,東祥,東祥 / ホリデイスポーツクラブ / ホリデイ / 東祥株式会社 / 東祥グループ / ホリデイフィットネス / ホリデイジム / 東祥不動産 / 東祥リゾート,10,情報通信・サービスその他,(東祥 OR ホリデイスポーツクラブ OR ホリデイ OR 東祥株式会社 OR 東祥グループ OR ホリデイフィットネス OR ホリデイジム OR 東祥不動産 OR 東祥リゾート)
89230,８９２３０,トーセイ,トーセイ / トーセイ不動産 / トーセイリート / トーセイアセットマネジメント / トーセイホテル / トーセイビルサービス / トーセイ物流 / トーセイ開発 / トーセイプロパティマネジメント,17,不動産,(トーセイ OR トーセイ不動産 OR トーセイリート OR トーセイアセットマネジメント OR トーセイホテル OR トーセイビルサービス OR トーセイ物流 OR トーセイ開発 OR トーセイプロパティマネジメント)
89340,８９３４０,サンフロンティア不動産,サンフロンティア不動産 / サンフロ / サンフロンティア / SF不動産 / サンフロン / サンフロンティアR / サンフロンティアリート / サンフロンティアプロパティ / サンフロンティアデベロップメント,17,不動産,(サンフロンティア不動産 OR サンフロ OR サンフロンティア OR SF不動産 OR サンフロン OR サンフロンティアR OR サンフロンティアリート OR サンフロンティアプロパティ OR サンフロンティアデベロップメント)
89350,８９３５０,ＦＪネクストホールディングス,FJネクスト / FJネクストホールディングス / ガーラマンション / ガーラレジデンス / ガーラシティ / ガーラステーション / ガーラプレイス / ガーラヒルズ / ガーラヴィスタ / ＦＪネクスト / ＦＪネクストHD,17,不動産,(FJネクスト OR FJネクストホールディングス OR ガーラマンション OR ガーラレジデンス OR ガーラシティ OR ガーラステーション OR ガーラプレイス OR ガーラヒルズ OR ガーラヴィスタ OR ＦＪネクスト OR ＦＪネクストHD)
89990,８９９９０,グランディハウス,,17,不動産,
90010,９００１０,東武鉄道,東武鉄道 / 東武 / TOBU / 東武グループ / スカイツリーライン / 東武アーバンパークライン / 東武東上線 / 東武ワールドスクウェア / 東武動物公園,12,運輸・物流,(東武鉄道 OR 東武 OR TOBU OR 東武グループ OR スカイツリーライン OR 東武アーバンパークライン OR 東武東上線 OR 東武ワールドスクウェア OR 東武動物公園)
90030,９００３０,相鉄ホールディングス,相鉄ホールディングス / 相鉄 / Sotetsu / 相鉄線 / 相鉄グループ / 相鉄ローゼン / 相鉄ジョイナス / 相鉄ホテル / 相鉄フレッサイン / 相鉄HD,12,運輸・物流,(相鉄ホールディングス OR 相鉄 OR Sotetsu OR 相鉄線 OR 相鉄グループ OR 相鉄ローゼン OR 相鉄ジョイナス OR 相鉄ホテル OR 相鉄フレッサイン OR 相鉄HD)
90050,９００５０,東急,東急電鉄 / 東急百貨店 / 東急ストア / 東急ホテルズ / 東急プラザ / 東急カード,12,運輸・物流,(東急電鉄 OR 東急百貨店 OR 東急ストア OR 東急ホテルズ OR 東急プラザ OR 東急カード)
90060,９００６０,京浜急行電鉄,京急 / 京急電鉄 / 京浜急行 / 京急線 / KEIKYU / 京急グループ / 京急バス / 京急ストア / 京急ホテル,12,運輸・物流,(京急 OR 京急電鉄 OR 京浜急行 OR 京急線 OR KEIKYU OR 京急グループ OR 京急バス OR 京急ストア OR 京急ホテル)
90070,９００７０,小田急電鉄,小田急電鉄 / 小田急 / 小田急線 / 小田急ロマンスカー / 小田急バス / 小田急トラベル / Odakyu / 小田急百貨店 / 小田急不動産,12,運輸・物流,(小田急電鉄 OR 小田急 OR 小田急線 OR 小田急ロマンスカー OR 小田急バス OR 小田急トラベル OR Odakyu OR 小田急百貨店 OR 小田急不動産)
90080,９００８０,京王電鉄,京王電鉄 / 京王 / 京王線 / 京王バス / 京王ストア / 京王プラザホテル / 京王百貨店 / 京王ライナー / 京王パスポートカード,12,運輸・物流,(京王電鉄 OR 京王 OR 京王線 OR 京王バス OR 京王ストア OR 京王プラザホテル OR 京王百貨店 OR 京王ライナー OR 京王パスポートカード)
90090,９００９０,京成電鉄,京成電鉄 / 京成 / スカイライナー / 京成グループ / 京成バス / 京成カード / 京成ホテル / 京成ストア / 京成タクシー,12,運輸・物流,(京成電鉄 OR 京成 OR スカイライナー OR 京成グループ OR 京成バス OR 京成カード OR 京成ホテル OR 京成ストア OR 京成タクシー)
90100,９０１００,富士急行,富士急行 / 富士急 / 富士急ハイランド / 富士山駅 / 富士急バス / 富士急シティバス / 富士急トラベル / 富士急モビリティ / 富士急電鉄,12,運輸・物流,(富士急行 OR 富士急 OR 富士急ハイランド OR 富士山駅 OR 富士急バス OR 富士急シティバス OR 富士急トラベル OR 富士急モビリティ OR 富士急電鉄)
90200,９０２００,東日本旅客鉄道,JR東日本 / 東日本旅客鉄道 / JR東 / 9020 / Suica / グリーン車 / 駅ナカ / びゅうプラザ / 駅弁,12,運輸・物流,(JR東日本 OR 東日本旅客鉄道 OR JR東 OR Suica OR グリーン車 OR 駅ナカ OR びゅうプラザ OR 駅弁)
90210,９０２１０,西日本旅客鉄道,JR西日本 / 西日本旅客鉄道 / ジェイアール西日本 / JR-WEST / サンダーバード / くろしお / はるか / しらさぎ,12,運輸・物流,(JR西日本 OR 西日本旅客鉄道 OR ジェイアール西日本 OR JR-WEST OR サンダーバード OR くろしお OR はるか OR しらさぎ)
90220,９０２２０,東海旅客鉄道,JR東海 / 東海旅客鉄道 / 東海 / のぞみ / ひかり / こだま / リニア / JR Central,12,運輸・物流,(JR東海 OR 東海旅客鉄道 OR 東海 OR のぞみ OR ひかり OR こだま OR リニア OR JR OR Central)
90230,９０２３０,東京地下鉄,東京メトロ / 東京地下鉄 / Metro / メトロ / 東京メトロパス / メトロポイントクラブ / メトロカード / メトロアプリ / メトロニュース,12,運輸・物流,(東京メトロ OR 東京地下鉄 OR Metro OR メトロ OR 東京メトロパス OR メトロポイントクラブ OR メトロカード OR メトロアプリ OR メトロニュース)
90240,９０２４０,西武ホールディングス,西武ホールディングス / 西武HD / 西武鉄道 / プリンスホテル / 西武バス / 西武ライオンズ / 西武園ゆうえんち / 西武プロパティーズ / 西武不動産 / 西武,12,運輸・物流,(西武ホールディングス OR 西武HD OR 西武鉄道 OR プリンスホテル OR 西武バス OR 西武ライオンズ OR 西武園ゆうえんち OR 西武プロパティーズ OR 西武不動産 OR 西武)
90250,９０２５０,鴻池運輸,鴻池 / Konoike,12,運輸・物流,(鴻池 OR Konoike)
90310,９０３１０,西日本鉄道,西日本鉄道 / 西鉄 / 西鉄バス / 西鉄電車 / 西鉄グランドホテル / 西鉄ストア / 西鉄イン / 西鉄旅行 / 西鉄ライオンズ,12,運輸・物流,(西日本鉄道 OR 西鉄 OR 西鉄バス OR 西鉄電車 OR 西鉄グランドホテル OR 西鉄ストア OR 西鉄イン OR 西鉄旅行 OR 西鉄ライオンズ)
90370,９０３７０,ハマキョウレックス,ハマキョウレックス / ハマキョウ / レックス / ハマキョウレックス株式会社 / Hamakyorex / HREX / ハマレ / ハマキョウ物流 / ハマキョウサービス,12,運輸・物流,(ハマキョウレックス OR ハマキョウ OR レックス OR ハマキョウレックス株式会社 OR Hamakyorex OR HREX OR ハマレ OR ハマキョウ物流 OR ハマキョウサービス)
90390,９０３９０,サカイ引越センター,サカイ引越センター / サカイ引越 / 引越のサカイ / サカイの引越 / サカイの引越便 / サカイ便 / パンダマーク / パンダ引越,12,運輸・物流,(サカイ引越センター OR サカイ引越 OR 引越のサカイ OR サカイの引越 OR サカイの引越便 OR サカイ便 OR パンダマーク OR パンダ引越)
90410,９０４１０,近鉄グループホールディングス,近鉄HD / 近鉄ホールディングス / 近鉄電車 / 近鉄不動産 / 近鉄バス / 近鉄ホテル / 近鉄グループ / 近鉄グループHD,12,運輸・物流,(近鉄HD OR 近鉄ホールディングス OR 近鉄電車 OR 近鉄不動産 OR 近鉄バス OR 近鉄ホテル OR 近鉄グループ OR 近鉄グループHD)
90420,９０４２０,阪急阪神ホールディングス,阪急阪神ホールディングス / 阪急電鉄 / 阪神電鉄 / 阪急バス / 阪神バス / 宝塚歌劇団 / 阪急阪神 / 阪急阪神HD,12,運輸・物流,(阪急阪神ホールディングス OR 阪急電鉄 OR 阪神電鉄 OR 阪急バス OR 阪神バス OR 宝塚歌劇団 OR 阪急阪神 OR 阪急阪神HD)
90440,９０４４０,南海電気鉄道,南海電鉄 / 南海 / 南海電気鉄道 / ラピート / サザン / こうや / りんかん / なんばCITY / なんばパークス,12,運輸・物流,(南海電鉄 OR 南海 OR 南海電気鉄道 OR ラピート OR サザン OR こうや OR りんかん OR なんばCITY OR なんばパークス)
90450,９０４５０,京阪ホールディングス,京阪ホールディングス / 京阪電鉄 / 京阪 / 京阪グループ / 京阪電気鉄道 / 京阪バス / 京阪ホテルズ / 京阪モール / 京阪百貨店 / 京阪HD,12,運輸・物流,(京阪ホールディングス OR 京阪電鉄 OR 京阪 OR 京阪グループ OR 京阪電気鉄道 OR 京阪バス OR 京阪ホテルズ OR 京阪モール OR 京阪百貨店 OR 京阪HD)
90460,９０４６０,神戸電鉄,神戸電鉄 / 神鉄 / 神戸電 / Kobe Electric Railway / 神鉄バス / 神鉄不動産 / 神鉄グループ / 神鉄沿線 / 神鉄ライナー,12,運輸・物流,(神戸電鉄 OR 神鉄 OR 神戸電 OR Kobe OR Electric OR Railway OR 神鉄バス OR 神鉄不動産 OR 神鉄グループ OR 神鉄沿線 OR 神鉄ライナー)
90480,９０４８０,名古屋鉄道,名鉄 / 名古屋鉄道 / 名鉄電車 / 名鉄バス / 名鉄グループ / 名鉄百貨店 / 名鉄ホテル / 名鉄不動産 / 名鉄ミュースカイ,12,運輸・物流,(名鉄 OR 名古屋鉄道 OR 名鉄電車 OR 名鉄バス OR 名鉄グループ OR 名鉄百貨店 OR 名鉄ホテル OR 名鉄不動産 OR 名鉄ミュースカイ)
90520,９０５２０,山陽電気鉄道,山陽電気鉄道 / 山陽電鉄 / 山陽電鉄グループ / SANYO Electric Railway / 山陽バス / 山陽タクシー / 山陽不動産 / 山陽電鉄ホテル,12,運輸・物流,(山陽電気鉄道 OR 山陽電鉄 OR 山陽電鉄グループ OR SANYO OR Electric OR Railway OR 山陽バス OR 山陽タクシー OR 山陽不動産 OR 山陽電鉄ホテル)
90640,９０６４０,ヤマトホールディングス,ヤマトホールディングス / ヤマト運輸 / クロネコヤマト / クロネコメンバーズ / 宅急便 / 宅急便コンパクト / らくらくメルカリ便 / ネコポス / ヤマト便 / ヤマト / ヤマトHD,12,運輸・物流,(ヤマトホールディングス OR ヤマト運輸 OR クロネコヤマト OR クロネコメンバーズ OR 宅急便 OR 宅急便コンパクト OR らくらくメルカリ便 OR ネコポス OR ヤマト便 OR ヤマト OR ヤマトHD)
90650,９０６５０,山九,山九 / サンキュー / SANKYU / 山九株式会社 / 山九物流 / 山九エンジニアリング / 山九プラント / 山九トランスポート / 山九ロジスティクス,12,運輸・物流,(山九 OR サンキュー OR SANKYU OR 山九株式会社 OR 山九物流 OR 山九エンジニアリング OR 山九プラント OR 山九トランスポート OR 山九ロジスティクス)
90660,９０６６０,日新,,12,運輸・物流,
90680,９０６８０,丸全昭和運輸,丸全昭和運輸 / 丸全 / 昭和運輸 / MZS / 丸全グループ / 丸全昭和 / 丸全物流 / 丸全ネットワーク / 丸全サービス,12,運輸・物流,(丸全昭和運輸 OR 丸全 OR 昭和運輸 OR MZS OR 丸全グループ OR 丸全昭和 OR 丸全物流 OR 丸全ネットワーク OR 丸全サービス)
90690,９０６９０,センコーグループホールディングス,センコーグループホールディングス / センコー / SENKO / SENKOグループ / センコーロジスティクス / センコートランスポート / センコーエクスプレス / センコーサプライチェーン / センコー物流 / センコーグループ / センコーグループHD,12,運輸・物流,(センコーグループホールディングス OR センコー OR SENKO OR SENKOグループ OR センコーロジスティクス OR センコートランスポート OR センコーエクスプレス OR センコーサプライチェーン OR センコー物流 OR センコーグループ OR センコーグループHD)
90700,９０７００,トナミホールディングス,トナミホールディングス / トナミ / トナミ運輸 / トナミ物流 / トナミエクスプレス / トナミグループ / トナミトランスポート / トナミロジスティクス / トナミサービス / トナミHD,12,運輸・物流,(トナミホールディングス OR トナミ OR トナミ運輸 OR トナミ物流 OR トナミエクスプレス OR トナミグループ OR トナミトランスポート OR トナミロジスティクス OR トナミサービス OR トナミHD)
90720,９０７２０,ニッコンホールディングス,ニッコンホールディングス / Nikkon / 日本梱包運輸倉庫 / ニッコン / Nikkon Holdings / 日梱 / 日梱HD / ニッコンHD,12,運輸・物流,(ニッコンホールディングス OR Nikkon OR 日本梱包運輸倉庫 OR ニッコン OR Holdings OR 日梱 OR 日梱HD OR ニッコンHD)
90750,９０７５０,福山通運,福山通運 / 福通 / 福山 / FUKUYAMA / 福山エクスプレス / 福山物流 / 福山トラック / 福山運輸 / 福山サービス,12,運輸・物流,(福山通運 OR 福通 OR 福山 OR FUKUYAMA OR 福山エクスプレス OR 福山物流 OR 福山トラック OR 福山運輸 OR 福山サービス)
90760,９０７６０,セイノーホールディングス,セイノーホールディングス / 西濃運輸 / カンガルー便 / カンガルー急便 / カンガルー特急便 / カンガルー航空便 / カンガルーミニ便 / カンガルーロジ / カンガルー引越便 / セイノー / セイノーHD,12,運輸・物流,(セイノーホールディングス OR 西濃運輸 OR カンガルー便 OR カンガルー急便 OR カンガルー特急便 OR カンガルー航空便 OR カンガルーミニ便 OR カンガルーロジ OR カンガルー引越便 OR セイノー OR セイノーHD)
90810,９０８１０,神奈川中央交通,神奈川中央交通 / 神奈中 / Kanachu / 神奈中バス / Kanachu Bus / 神奈中タクシー / Kanachu Taxi / 神奈中観光 / Kanachu Kanko,12,運輸・物流,(神奈川中央交通 OR 神奈中 OR Kanachu OR 神奈中バス OR Bus OR 神奈中タクシー OR Taxi OR 神奈中観光 OR Kanko)
90900,９０９００,ＡＺ−ＣＯＭ丸和ホールディングス,ＡＺ−ＣＯＭ丸和 / ＡＺ−ＣＯＭ丸和HD,12,運輸・物流,(ＡＺ−ＣＯＭ丸和 OR ＡＺ−ＣＯＭ丸和HD)
91010,９１０１０,日本郵船,日本郵船 / NYK / 日本郵船株式会社 / 郵船 / NYK Line / NYKグループ / NYKクルーズ / NYKロジスティクス / NYKオートロジスティクス,12,運輸・物流,(日本郵船 OR NYK OR 日本郵船株式会社 OR 郵船 OR Line OR NYKグループ OR NYKクルーズ OR NYKロジスティクス OR NYKオートロジスティクス)
91040,９１０４０,商船三井,商船三井 / MOL / 商船 / 商船三井フェリー / MOL ACE / MOL Ferry / MOL Logistics / MOL Tech,12,運輸・物流,(商船三井 OR MOL OR 商船 OR 商船三井フェリー OR ACE OR Ferry OR Logistics OR Tech)
91070,９１０７０,川崎汽船,川崎汽船 / 川汽 / Kライン / KAWASAKI KISEN / カワサキキセン / K-LINE LOGISTICS / BLUE HIGHWAY LINE / K-LINE AMERICA,12,運輸・物流,(川崎汽船 OR 川汽 OR Kライン OR KAWASAKI OR KISEN OR カワサキキセン OR K-LINE OR LOGISTICS OR BLUE OR HIGHWAY OR LINE OR AMERICA)
91100,９１１００,ＮＳユナイテッド海運,,12,運輸・物流,
91190,９１１９０,飯野海運,飯野海運 / 飯野 / IINO / IINO LINES / IINO KAIUN / IINO MARINE / 飯野グループ / 飯野商船 / 飯野物流,12,運輸・物流,(飯野海運 OR 飯野 OR IINO OR LINES OR KAIUN OR MARINE OR 飯野グループ OR 飯野商船 OR 飯野物流)
91420,９１４２０,九州旅客鉄道,JR九州 / 九州旅客鉄道 / 九州新幹線 / ソニック / かもめ / ゆふいんの森 / ななつ星 / つばめ,12,運輸・物流,(JR九州 OR 九州旅客鉄道 OR 九州新幹線 OR ソニック OR かもめ OR ゆふいんの森 OR ななつ星 OR つばめ)
91430,９１４３０,ＳＧホールディングス,SGホールディングス / SGHD / 佐川急便 / SGフィルダー / SGリアルティ / SGモータース / SGシステム / SGエクスプレス / SGムービング / ＳＧ / ＳＧHD,12,運輸・物流,(SGホールディングス OR SGHD OR 佐川急便 OR SGフィルダー OR SGリアルティ OR SGモータース OR SGシステム OR SGエクスプレス OR SGムービング OR ＳＧHD) | (ＳＧ)
91470,９１４７０,ＮＩＰＰＯＮ　ＥＸＰＲＥＳＳホールディングス,ＮＩＰＰＯＮ　ＥＸＰＲＥＳＳ / 日本通運 / 日通 / NIPPON EXPRESS / NXHD / NXグループ / NXロジスティクス / NX物流 / NXトランスポート / NXソリューションズ / ＮＩＰＰＯＮ　ＥＸＰＲＥＳＳHD,12,運輸・物流,(日本通運 OR 日通 OR NIPPON OR EXPRESS OR NXHD OR NXグループ OR NXロジスティクス OR NX物流 OR NXトランスポート OR NXソリューションズ OR ＥＸＰＲＥＳＳHD) | (ＮＩＰＰＯＮ OR ＥＸＰＲＥＳＳ)
91610,９１６１０,ＩＤ＆Ｅホールディングス,ＩＤ＆Ｅ / ＩＤ＆ＥHD,,,(ＩＤ＆ＥHD) | (ＩＤ＆Ｅ)
92010,９２０１０,日本航空,日本航空 / JAL / 日航 / 9201 / ジャル / JALカード / JALマイレージバンク / JALパック / JALエクスプレス / JALスカイ,12,運輸・物流,(日本航空 OR JAL OR 日航 OR ジャル OR JALカード OR JALマイレージバンク OR JALパック OR JALエクスプレス OR JALスカイ)
92020,９２０２０,ＡＮＡホールディングス,ＡＮＡ / 全日空 / 全日本空輸 / ANAホールディングス / ANAマイレージクラブ / ANAカード / ANAスカイ / ANAプレミアムクラス / ANAウイングス / ＡＮＡHD,12,運輸・物流,(全日空 OR 全日本空輸 OR ANAホールディングス OR ANAマイレージクラブ OR ANAカード OR ANAスカイ OR ANAプレミアムクラス OR ANAウイングス OR ＡＮＡHD) | (ＡＮＡ)
92160,９２１６０,ビーウィズ,,10,情報通信・サービスその他,
92290,９２２９０,サンウェルズ,,10,情報通信・サービスその他,
92470,９２４７０,ＴＲＥホールディングス,ＴＲＥ / ＴＲＥHD,10,情報通信・サービスその他,(ＴＲＥHD) | (ＴＲＥ)
92480,９２４８０,人・夢・技術グループ,人・夢・技術 / 人・夢・技術G,10,情報通信・サービスその他,(技術 OR 技術G)
92600,９２６００,西本Ｗｉｓｍｅｔｔａｃホールディングス,西本Ｗｉｓｍｅｔｔａｃホールディングス / 西本 / Wismettac / Nishimoto / Nishimoto Trading / アジアフード / Nishimoto Wismettac / Nishimoto Group / Nishimoto Holdings / 西本Ｗｉｓｍｅｔｔａｃ / 西本ＷｉｓｍｅｔｔａｃHD,,,(西本Ｗｉｓｍｅｔｔａｃホールディングス OR 西本 OR Wismettac OR Nishimoto OR Trading OR アジアフード OR Group OR Holdings OR 西本Ｗｉｓｍｅｔｔａｃ OR 西本ＷｉｓｍｅｔｔａｃHD)
92620,９２６２０,シルバーライフ,シルバーライフ / 配食のふれ愛 / まごころ弁当 / まごころケア食 / シルバーライフ弁当 / ふれ愛 / まごころ / ケア食 / 配食サービス,14,小売,(シルバーライフ OR 配食のふれ愛 OR まごころ弁当 OR まごころケア食 OR シルバーライフ弁当 OR ふれ愛 OR まごころ OR ケア食 OR 配食サービス)
92670,９２６７０,Ｇｅｎｋｙ　ＤｒｕｇＳｔｏｒｅｓ,ゲンキー / Genky / Genky DrugStores / ゲンキードラッグ / ゲンキー薬局 / ゲンキー店舗 / ゲンキーオンライン / ゲンキー商品 / ゲンキーブランド,14,小売,(ゲンキー OR Genky OR DrugStores OR ゲンキードラッグ OR ゲンキー薬局 OR ゲンキー店舗 OR ゲンキーオンライン OR ゲンキー商品 OR ゲンキーブランド)
92730,９２７３０,コーア商事ホールディングス,コーアHD / コーア / コーアホールディングス / コーア商事 / コーア商事HD,13,商社・卸売,(コーアHD OR コーア OR コーアホールディングス OR コーア商事 OR コーア商事HD)
92740,９２７４０,ＫＰＰグループホールディングス,ＫＰＰグループ / ＫＰＰグループHD,13,商社・卸売,(ＫＰＰグループ OR ＫＰＰグループHD)
92780,９２７８０,ブックオフグループホールディングス,BOOKOFF / ブックオフグループ / ブックオフコーポレーション / ブックオン / ブックオフグループHD,14,小売,(BOOKOFF OR ブックオフグループ OR ブックオフコーポレーション OR ブックオン OR ブックオフグループHD)
92790,９２７９０,ギフトホールディングス,ギフト / ギフトHD,14,小売,(ギフト OR ギフトHD)
93010,９３０１０,三菱倉庫,三菱倉庫 / 三菱倉 / MITSUBISHI LOGISTICS / MLC / MITSUBISHI WAREHOUSE / みつくら / 三菱ロジスティクス / 三菱倉庫株式会社 / MLCグループ,12,運輸・物流,(三菱倉庫 OR 三菱倉 OR MITSUBISHI OR LOGISTICS OR MLC OR WAREHOUSE OR みつくら OR 三菱ロジスティクス OR 三菱倉庫株式会社 OR MLCグループ)
93020,９３０２０,三井倉庫ホールディングス,三井倉庫ホールディングス / 三井倉庫 / Mitsui-Soko / MSK / Mitsui-Soko Holdings / 三井倉庫HD / Mitsui-Soko Group / 三井倉庫グループ / Mitsui-Soko Logistics,12,運輸・物流,(三井倉庫ホールディングス OR 三井倉庫 OR Mitsui-Soko OR MSK OR Holdings OR 三井倉庫HD OR Group OR 三井倉庫グループ OR Logistics)
93030,９３０３０,住友倉庫,住友倉庫 / 住倉 / Sumitomo Warehouse / SWC / 住友倉庫ロジスティクス / 住友倉庫トランスポート / 住友倉庫シッピング / 住友倉庫インターナショナル / 住友倉庫サービス,12,運輸・物流,(住友倉庫 OR 住倉 OR Sumitomo OR Warehouse OR SWC OR 住友倉庫ロジスティクス OR 住友倉庫トランスポート OR 住友倉庫シッピング OR 住友倉庫インターナショナル OR 住友倉庫サービス)
93040,９３０４０,澁澤倉庫,澁澤倉庫 / 澁澤 / 澁澤ロジスティクス / 澁澤物流 / 澁澤トランスポート / 澁澤倉庫グループ / 澁澤ネットワーク / 澁澤サービス / 澁澤ソリューション,12,運輸・物流,(澁澤倉庫 OR 澁澤 OR 澁澤ロジスティクス OR 澁澤物流 OR 澁澤トランスポート OR 澁澤倉庫グループ OR 澁澤ネットワーク OR 澁澤サービス OR 澁澤ソリューション)
93050,９３０５０,ヤマタネ,,13,商社・卸売,
93080,９３０８０,乾汽船,乾汽船 / 乾汽 / 乾汽船株式会社 / Kライン / 乾汽船グループ / 乾汽船株 / 乾汽船株式,12,運輸・物流,(乾汽船 OR 乾汽 OR 乾汽船株式会社 OR Kライン OR 乾汽船グループ OR 乾汽船株 OR 乾汽船株式)
93100,９３１００,日本トランスシティ,NTC / トランスシティ / 日本トランス,12,運輸・物流,(NTC OR トランスシティ OR 日本トランス)
93190,９３１９０,中央倉庫,,12,運輸・物流,
93240,９３２４０,安田倉庫,安田倉庫 / 安田 / YASUDA / YASUDA倉庫 / 安田ロジスティクス / YASUDA LOGISTICS / 安田物流 / YASUDA倉庫サービス / 安田トランスポート,12,運輸・物流,(安田倉庫 OR 安田 OR YASUDA OR YASUDA倉庫 OR 安田ロジスティクス OR LOGISTICS OR 安田物流 OR YASUDA倉庫サービス OR 安田トランスポート)
93320,９３３２０,ＮＩＳＳＯホールディングス,ＮＩＳＳＯ / ＮＩＳＳＯHD,10,情報通信・サービスその他,(ＮＩＳＳＯHD) | (ＮＩＳＳＯ)
93360,９３３６０,大栄環境,,10,情報通信・サービスその他,
93410,９３４１０,ＧＥＮＯＶＡ,,10,情報通信・サービスその他,
93470,９３４７０,日本管財ホールディングス,日本管財 / 日本管財HD,10,情報通信・サービスその他,(日本管財 OR 日本管財HD)
93640,９３６４０,上組,上組 / KAMIGUMI / カミグミ / 上組株式会社 / 上組ロジスティクス / KAMIGUMI LOGISTICS / 上組グループ / KAMIGUMI GROUP / 上組倉庫サービス,12,運輸・物流,(上組 OR KAMIGUMI OR カミグミ OR 上組株式会社 OR 上組ロジスティクス OR LOGISTICS OR 上組グループ OR GROUP OR 上組倉庫サービス)
93690,９３６９０,キユーソー流通システム,キユーソー流通システム / キユーソー / KRS / キユーソー物流 / キユーソーシステム / キユーソーグループ / キユーソーサービス / キユーソー運輸 / キユーソーロジスティクス,12,運輸・物流,(キユーソー流通システム OR キユーソー OR KRS OR キユーソー物流 OR キユーソーシステム OR キユーソーグループ OR キユーソーサービス OR キユーソー運輸 OR キユーソーロジスティクス)
93810,９３８１０,エーアイテイー,エーアイテイー / AIT / AITロジスティクス / AIT物流 / AITトランスポート / AITサービス / AITネットワーク / AITソリューション / AITグローバル,12,運輸・物流,(エーアイテイー OR AIT OR AITロジスティクス OR AIT物流 OR AITトランスポート OR AITサービス OR AITネットワーク OR AITソリューション OR AITグローバル)
93840,９３８４０,内外トランスライン,,12,運輸・物流,
93860,９３８６０,日本コンセプト,,12,運輸・物流,
94010,９４０１０,ＴＢＳホールディングス,ＴＢＳ / 東京放送 / TBSHD / TBSホールディングス / TBSテレビ / TBSラジオ / TBSチャンネル / BS-TBS / TBSオンデマンド / 赤坂サカス / ＴＢＳHD,10,情報通信・サービスその他,(東京放送 OR TBSHD OR TBSホールディングス OR TBSテレビ OR TBSラジオ OR TBSチャンネル OR BS-TBS OR TBSオンデマンド OR 赤坂サカス OR ＴＢＳHD) | (ＴＢＳ)
94040,９４０４０,日本テレビホールディングス,"日本テレビホールディングスに関連する略称やニックネーム、製品名、ブランド名は以下の通りです。

日テレ / NTV / 日本テレビ / 日テレHD / 日本テレビHD / Hulu Japan / 日テレオンデマンド / BS日テレ / 日テレジータス",10,情報通信・サービスその他,(日本テレビホールディングスに関連する略称やニックネーム OR 製品名 OR ブランド名は以下の通りです。 OR 日テレ OR NTV OR 日本テレビ OR 日テレHD OR 日本テレビHD OR Hulu OR Japan OR 日テレオンデマンド OR BS日テレ OR 日テレジータス)
94050,９４０５０,朝日放送グループホールディングス,朝日放送 / 朝日放送グループ / ABCテレビ / ABCラジオ / 朝日放送HD / ABCホールディングス / 朝日放送グループHD / ABCグループ,10,情報通信・サービスその他,(朝日放送 OR 朝日放送グループ OR ABCテレビ OR ABCラジオ OR 朝日放送HD OR ABCホールディングス OR 朝日放送グループHD OR ABCグループ)
94090,９４０９０,テレビ朝日ホールディングス,テレビ朝日ホールディングス / テレ朝 / EX / テレビ朝日 / 朝日 / 9409 / ANN / 六本木ヒルズ / ドラえもん / 報道ステーション / テレビ朝日HD,10,情報通信・サービスその他,(テレビ朝日ホールディングス OR テレ朝 OR EX OR テレビ朝日 OR 朝日 OR ANN OR 六本木ヒルズ OR ドラえもん OR 報道ステーション OR テレビ朝日HD)
94120,９４１２０,スカパーＪＳＡＴホールディングス,スカパーＪＳＡＴホールディングス / スカパー / JSAT / スカパーJSAT / スカパーJSATホールディングス / スカパー！ / スカパー！プレミアムサービス / スカパー！オンデマンド / JCSAT / スカパーＪＳＡＴ / スカパーＪＳＡＴHD,10,情報通信・サービスその他,(スカパーＪＳＡＴホールディングス OR スカパー OR JSAT OR スカパーJSAT OR スカパーJSATホールディングス OR スカパー！ OR スカパー！プレミアムサービス OR スカパー！オンデマンド OR JCSAT OR スカパーＪＳＡＴ OR スカパーＪＳＡＴHD)
94130,９４１３０,テレビ東京ホールディングス,テレビ東京ホールディングス / テレ東 / TXHD / テレビ東京 / テレ東HD / テレビ東京グループ / テレビ東京ネットワーク / テレビ東京ビジネス / テレビ東京メディア / テレビ東京エンタープライズ / テレビ東京HD,10,情報通信・サービスその他,(テレビ東京ホールディングス OR テレ東 OR TXHD OR テレビ東京 OR テレ東HD OR テレビ東京グループ OR テレビ東京ネットワーク OR テレビ東京ビジネス OR テレビ東京メディア OR テレビ東京エンタープライズ OR テレビ東京HD)
94160,９４１６０,ビジョン,,10,情報通信・サービスその他,
94180,９４１８０,Ｕ−ＮＥＸＴ　ＨＯＬＤＩＮＧＳ,Ｕ−ＮＥＸＴ / U-NEXT / U-NEXT HOLDINGS / U-NEXTポイント / U-NEXTカード / U-NEXTストア / U-NEXTアプリ / U-NEXTビデオ / U-NEXTブック,10,情報通信・サービスその他,(U-NEXT OR HOLDINGS OR U-NEXTポイント OR U-NEXTカード OR U-NEXTストア OR U-NEXTアプリ OR U-NEXTビデオ OR U-NEXTブック) | (Ｕ−ＮＥＸＴ)
94240,９４２４０,日本通信,日本通信 / b-mobile / 日本通信SIM / b-mobile S / b-mobile X / b-mobile プリペイド / b-mobile 月額 / b-mobile データ通信 / b-mobile 音声通話,10,情報通信・サービスその他,(日本通信 OR b-mobile OR 日本通信SIM OR プリペイド OR 月額 OR データ通信 OR 音声通話)
94320,９４３２０,日本電信電話,NTT / 日本電信電話 / NTTグループ / NTTドコモ / NTTコミュニケーションズ / NTT東日本 / NTT西日本 / NTTファシリティーズ,10,情報通信・サービスその他,(NTT OR 日本電信電話 OR NTTグループ OR NTTドコモ OR NTTコミュニケーションズ OR NTT東日本 OR NTT西日本 OR NTTファシリティーズ)
94330,９４３３０,ＫＤＤＩ,KDDI / au / UQモバイル / auひかり / au PAY / auじぶん銀行 / auカブコム証券 / auスマートパス / au WALLET,10,情報通信・サービスその他,(KDDI OR au OR UQモバイル OR auひかり OR PAY OR auじぶん銀行 OR auカブコム証券 OR auスマートパス OR WALLET)
94340,９４３４０,ソフトバンク,ソフバン / ソフトバンクモバイル / Y!mobile / LINE,10,情報通信・サービスその他,(ソフバン OR ソフトバンクモバイル OR Y!mobile OR LINE)
94350,９４３５０,光通信,光通信 / Hikari Tsushin / HT / Hikari / Hikari Telecom / 光ネット / Hikari Business / 光サービス,10,情報通信・サービスその他,(光通信 OR Hikari OR Tsushin OR HT OR Telecom OR 光ネット OR Business OR 光サービス)
94380,９４３８０,エムティーアイ,エムティーアイ / MTI / music.jp / ルナルナ / カラダメディカ / 母子モ / dヘルスケア / ヘルスケアパートナー / ルナルナ ベビー,10,情報通信・サービスその他,(エムティーアイ OR MTI OR music.jp OR ルナルナ OR カラダメディカ OR 母子モ OR dヘルスケア OR ヘルスケアパートナー OR ベビー)
94490,９４４９０,ＧＭＯインターネットグループ,GMOクリック証券 / GMOアドパートナーズ / GMOメディア / GMO TECH / GMOコイン / GMOあおぞらネット銀行 / ＧＭＯインターネット / ＧＭＯインターネットG,10,情報通信・サービスその他,(GMOクリック証券 OR GMOアドパートナーズ OR GMOメディア OR GMO OR TECH OR GMOコイン OR GMOあおぞらネット銀行 OR ＧＭＯインターネット OR ＧＭＯインターネットG)
94500,９４５００,ファイバーゲート,ファイバーゲート / ファイバー / ゲート / FG Wi-Fi / ファイバーゲートWi-Fi / FGネットワーク / ファイバーゲートネットワーク / FGソリューション,10,情報通信・サービスその他,(ファイバーゲート OR ファイバー OR ゲート OR FG OR Wi-Fi OR ファイバーゲートWi-Fi OR FGネットワーク OR ファイバーゲートネットワーク OR FGソリューション)
94680,９４６８０,ＫＡＤＯＫＡＷＡ,KADOKAWA / カドカワ / 角川書店 / 角川グループ / 角川文庫 / 角川映画 / ドワンゴ / ニコニコ動画 / ファミ通,10,情報通信・サービスその他,(KADOKAWA OR カドカワ OR 角川書店 OR 角川グループ OR 角川文庫 OR 角川映画 OR ドワンゴ OR ニコニコ動画 OR ファミ通)
94700,９４７００,学研ホールディングス,学研 / 学研ホールディングス / 学研プラス / 学研教育出版 / 学研ステイフル / 学研メディカル秀潤社 / 学研教室 / 学研図書 / 学研の図鑑 / 学研HD,10,情報通信・サービスその他,(学研 OR 学研ホールディングス OR 学研プラス OR 学研教育出版 OR 学研ステイフル OR 学研メディカル秀潤社 OR 学研教室 OR 学研図書 OR 学研の図鑑 OR 学研HD)
94740,９４７４０,ゼンリン,ゼンリン / ZENRIN / ゼンリン地図 / 住宅地図 / ZENRIN DataCom / ZENRIN Store / ZENRIN Map Design / ZENRIN GIS / ZENRIN Navi,10,情報通信・サービスその他,(ゼンリン OR ZENRIN OR ゼンリン地図 OR 住宅地図 OR DataCom OR Store OR Map OR Design OR GIS OR Navi)
95010,９５０１０,東京電力ホールディングス,東京電力 / 東電 / TEPCO / 東京電力ホールディングス / 9501 / TEPCOエナジーパートナー / TEPCOパワーグリッド / TEPCOカスタマーサービス / TEPCOホームテック / TEPCOトレーディング / 東京電力HD,11,電気・ガス,(東京電力 OR 東電 OR TEPCO OR 東京電力ホールディングス OR TEPCOエナジーパートナー OR TEPCOパワーグリッド OR TEPCOカスタマーサービス OR TEPCOホームテック OR TEPCOトレーディング OR 東京電力HD)
95020,９５０２０,中部電力,中部電力 / Chubu Electric / カテエネ / でんきの科学館 / 中部電力ミライズ / 中部電力パワーグリッド / 中部電力エナジーソリューション / 中部電力キャピタル,11,電気・ガス,(中部電力 OR Chubu OR Electric OR カテエネ OR でんきの科学館 OR 中部電力ミライズ OR 中部電力パワーグリッド OR 中部電力エナジーソリューション OR 中部電力キャピタル)
95030,９５０３０,関西電力,関西電力 / 関電 / 9503 / KEPCO / はぴeみる電 / はぴeポイント / はぴeプラン / はぴeライフ / はぴeスマイル / はぴeエコ,11,電気・ガス,(関西電力 OR 関電 OR KEPCO OR はぴeみる電 OR はぴeポイント OR はぴeプラン OR はぴeライフ OR はぴeスマイル OR はぴeエコ)
95040,９５０４０,中国電力,中国電力 / エネルギア / EnerGia / ちゅうでん / 中国電 / 中国電力ネットワーク / エネルギア・コミュニケーションズ / エネルギア・ソリューション・アンド・サービス,11,電気・ガス,(中国電力 OR エネルギア OR EnerGia OR ちゅうでん OR 中国電 OR 中国電力ネットワーク OR コミュニケーションズ OR ソリューション OR アンド)
95050,９５０５０,北陸電力,北陸電力 / 北陸電 / Hokuriku Electric / ほくでん / 北陸電力ネットワーク / ほくリンク / ほくでんエナジー,11,電気・ガス,(北陸電力 OR 北陸電 OR Hokuriku OR Electric OR ほくでん OR 北陸電力ネットワーク OR ほくリンク OR ほくでんエナジー)
95060,９５０６０,東北電力,東北電力 / 東北電 / Tohoku Electric / Tohoku Power / 東北電力ネットワーク / 東北電力エナジーサポート / 東北電力フロンティア / 東北電力ソリューション / 東北電力グリーンエナジー,11,電気・ガス,(東北電力 OR 東北電 OR Tohoku OR Electric OR Power OR 東北電力ネットワーク OR 東北電力エナジーサポート OR 東北電力フロンティア OR 東北電力ソリューション OR 東北電力グリーンエナジー)
95070,９５０７０,四国電力,四国電力 / よんでん / 四国電 / 四国電力株式会社 / よんでんエナジーサービス / よんでんグリーンパワー / よんでんライフサポート / よんでんスマートエナジー,11,電気・ガス,(四国電力 OR よんでん OR 四国電 OR 四国電力株式会社 OR よんでんエナジーサービス OR よんでんグリーンパワー OR よんでんライフサポート OR よんでんスマートエナジー)
95080,９５０８０,九州電力,九州電力 / Kyuden / でんきの九電 / ひまわりでんき / でんきの安心 / 九州エナジー / 九州電力送配電 / 九州電力リビング,11,電気・ガス,(九州電力 OR Kyuden OR でんきの九電 OR ひまわりでんき OR でんきの安心 OR 九州エナジー OR 九州電力送配電 OR 九州電力リビング)
95090,９５０９０,北海道電力,北海道電力 / ほくでん / ほくでんエナジーサービス / ほくでんネットワーク / ほくでんグリーンエナジー / ほくでん電気 / ほくでんスマートメーター,11,電気・ガス,(北海道電力 OR ほくでん OR ほくでんエナジーサービス OR ほくでんネットワーク OR ほくでんグリーンエナジー OR ほくでん電気 OR ほくでんスマートメーター)
95110,９５１１０,沖縄電力,沖縄電力 / 沖電 / OKIDEN / 沖縄電 / 沖縄電力株式会社 / 沖縄電力グループ / 沖縄電力ホールディングス / 沖縄電力エナジーソリューション / 沖縄電力サービス,11,電気・ガス,(沖縄電力 OR 沖電 OR OKIDEN OR 沖縄電 OR 沖縄電力株式会社 OR 沖縄電力グループ OR 沖縄電力ホールディングス OR 沖縄電力エナジーソリューション OR 沖縄電力サービス)
95130,９５１３０,電源開発,J-POWER / 電源開発 / Jパワー / 電開 / J-POWERグループ / J-POWER電力 / J-POWERエナジー / J-POWERプロジェクト / J-POWERインフラ,11,電気・ガス,(J-POWER OR 電源開発 OR Jパワー OR 電開 OR J-POWERグループ OR J-POWER電力 OR J-POWERエナジー OR J-POWERプロジェクト OR J-POWERインフラ)
95140,９５１４０,エフオン,,11,電気・ガス,
95170,９５１７０,イーレックス,イーレックス / eREX / イーレックス株式会社 / eREXグループ / eREX電力 / eREXエネルギー / eREXソリューション / eREXプロジェクト / eREXサービス,11,電気・ガス,(イーレックス OR eREX OR イーレックス株式会社 OR eREXグループ OR eREX電力 OR eREXエネルギー OR eREXソリューション OR eREXプロジェクト OR eREXサービス)
95190,９５１９０,レノバ,レノバ / RENOVA / 9519 / レノバ株式会社 / レノバエナジー / レノバソーラー / レノバウィンド / レノババイオマス / レノバプロジェクト / レノバグリーン,11,電気・ガス,(レノバ OR RENOVA OR レノバ株式会社 OR レノバエナジー OR レノバソーラー OR レノバウィンド OR レノババイオマス OR レノバプロジェクト OR レノバグリーン)
95310,９５３１０,東京瓦斯,東京ガス / 東京瓦斯 / 東ガス / 9531 / myTOKYOGAS / ピピッとコンロ / ガスミュージアム,11,電気・ガス,(東京ガス OR 東京瓦斯 OR 東ガス OR myTOKYOGAS OR ピピッとコンロ OR ガスミュージアム)
95320,９５３２０,大阪瓦斯,大阪瓦斯 / 大ガス / Daigas / Daigasグループ / Daigasエネルギー / Daigasネットワーク / Daigasリビング / Daigasガスアンドパワー / Daigasエンジニアリング,11,電気・ガス,(大阪瓦斯 OR 大ガス OR Daigas OR Daigasグループ OR Daigasエネルギー OR Daigasネットワーク OR Daigasリビング OR Daigasガスアンドパワー OR Daigasエンジニアリング)
95330,９５３３０,東邦瓦斯,東邦瓦斯 / 東邦ガス / Toho Gas / ガスワン / ガスファン / ガスヒートポンプ,11,電気・ガス,(東邦瓦斯 OR 東邦ガス OR Toho OR Gas OR ガスワン OR ガスファン OR ガスヒートポンプ)
95340,９５３４０,北海道瓦斯,北海道瓦斯 / 9534 / 北ガス / Hokkaido Gas / 北海道ガス / 北ガスエナジー / ガスワン / ガスプラス / 北ガス電気 / 北ガス都市ガス,11,電気・ガス,(北海道瓦斯 OR 北ガス OR Hokkaido OR Gas OR 北海道ガス OR 北ガスエナジー OR ガスワン OR ガスプラス OR 北ガス電気 OR 北ガス都市ガス)
95350,９５３５０,広島ガス,広島ガス / HIROGAS / ひろガス / 広ガス / ガスパル / ガスワン / ガスファンヒーター,11,電気・ガス,(広島ガス OR HIROGAS OR ひろガス OR 広ガス OR ガスパル OR ガスワン OR ガスファンヒーター)
95360,９５３６０,西部ガスホールディングス,西部ガスホールディングス / 西部ガス / 西ガス / 西部ガスエナジー / 西部ガス都市開発 / 西部ガスリビング / 西部ガスグループ / 西部ガス電力 / 西部ガスネットワーク / 西部ガスHD,11,電気・ガス,(西部ガスホールディングス OR 西部ガス OR 西ガス OR 西部ガスエナジー OR 西部ガス都市開発 OR 西部ガスリビング OR 西部ガスグループ OR 西部ガス電力 OR 西部ガスネットワーク OR 西部ガスHD)
95430,９５４３０,静岡ガス,静岡ガス / 静ガス / エネリア / ガスパル / 静岡ガスグループ / 静岡ガスエネルギー / 静岡ガスリビング / 静岡ガス都市開発 / 静岡ガスサービス,11,電気・ガス,(静岡ガス OR 静ガス OR エネリア OR ガスパル OR 静岡ガスグループ OR 静岡ガスエネルギー OR 静岡ガスリビング OR 静岡ガス都市開発 OR 静岡ガスサービス)
95510,９５５１０,メタウォーター,,11,電気・ガス,
95520,９５５２０,Ｍ＆Ａ総研ホールディングス,Ｍ＆Ａ総研 / Ｍ＆Ａ総研HD,10,情報通信・サービスその他,(Ｍ＆Ａ総研 OR Ｍ＆Ａ総研HD)
96000,９６０００,アイネット,,10,情報通信・サービスその他,
96010,９６０１０,松竹,,10,情報通信・サービスその他,
96020,９６０２０,東宝,東宝 / ゴジラ / シネマシティ / TOHOシネマズ / 東宝スタジオ / 東宝ミュージカル / 東宝レコード / 東宝アニメーション / 東宝映画,10,情報通信・サービスその他,(東宝 OR ゴジラ OR シネマシティ OR TOHOシネマズ OR 東宝スタジオ OR 東宝ミュージカル OR 東宝レコード OR 東宝アニメーション OR 東宝映画)
96030,９６０３０,エイチ・アイ・エス,HIS / エイチ・アイ・エス / H.I.S. / ハウステンボス / 変なホテル / スカイウォーカー / HISモバイル / HISクーポン,10,情報通信・サービスその他,(HIS OR エイチ OR アイ OR エス OR H.I.S. OR ハウステンボス OR 変なホテル OR スカイウォーカー OR HISモバイル OR HISクーポン)
96050,９６０５０,東映,東映 / 東映アニメーション / スーパー戦隊シリーズ / 仮面ライダーシリーズ / ドラゴンボール / ワンピース / プリキュアシリーズ / 東映チャンネル / 東映ビデオ,10,情報通信・サービスその他,(東映 OR 東映アニメーション OR スーパー戦隊シリーズ OR 仮面ライダーシリーズ OR ドラゴンボール OR ワンピース OR プリキュアシリーズ OR 東映チャンネル OR 東映ビデオ)
96120,９６１２０,ラックランド,ラックランド / 9612 / ラック / LAC / ラックランド株式会社 / ラックランドグループ / LACLAND / ラックランドホールディングス / ラックランドプロジェクト / ラックランドサービス,10,情報通信・サービスその他,(ラックランド OR ラック OR LAC OR ラックランド株式会社 OR ラックランドグループ OR LACLAND OR ラックランドホールディングス OR ラックランドプロジェクト OR ラックランドサービス)
96130,９６１３０,ＮＴＴデータグループ,NTTデータグループ / NTT DATA / NTTデータソリューションズ / BizXaaS / Cotoha / iQuattro / WinActor / NTTデータイントラマート / ＮＴＴデータ / ＮＴＴデータG,10,情報通信・サービスその他,(NTTデータグループ OR NTT OR DATA OR NTTデータソリューションズ OR BizXaaS OR Cotoha OR iQuattro OR WinActor OR NTTデータイントラマート OR ＮＴＴデータ OR ＮＴＴデータG)
96160,９６１６０,共立メンテナンス,共立メンテナンス / ドーミーイン / ドーミー / 共立リゾート / リゾートホテル / 学生会館 / ビジネスホテル / Kyoritsu Maintenance / Dormy Inn,10,情報通信・サービスその他,(共立メンテナンス OR ドーミーイン OR ドーミー OR 共立リゾート OR リゾートホテル OR 学生会館 OR ビジネスホテル OR Kyoritsu OR Maintenance OR Dormy OR Inn)
96190,９６１９０,イチネンホールディングス,イチネンホールディングス / イチネン / イチネンHD / イチネンホールディングス株式会社 / イチネングループ / イチネンリース / イチネンケミカルズ / イチネンオート / イチネンプロダクツ,10,情報通信・サービスその他,(イチネンホールディングス OR イチネン OR イチネンHD OR イチネンホールディングス株式会社 OR イチネングループ OR イチネンリース OR イチネンケミカルズ OR イチネンオート OR イチネンプロダクツ)
96210,９６２１０,建設技術研究所,建設技術研究所 / CTI / 建技 / 建設技研 / CTIグループ / CTIホールディングス / CTIエンジニアリング / CTIソリューション / CTIプロジェクト,10,情報通信・サービスその他,(建設技術研究所 OR CTI OR 建技 OR 建設技研 OR CTIグループ OR CTIホールディングス OR CTIエンジニアリング OR CTIソリューション OR CTIプロジェクト)
96220,９６２２０,スペース,スペース / スペースマーケティング / スペースデザイン / スペースプロジェクト / スペースプランニング / スペースイベント / スペースソリューション / スペースコンサルティング / スペースクリエイティブ,10,情報通信・サービスその他,(スペース OR スペースマーケティング OR スペースデザイン OR スペースプロジェクト OR スペースプランニング OR スペースイベント OR スペースソリューション OR スペースコンサルティング OR スペースクリエイティブ)
96270,９６２７０,アインホールディングス,アインホールディングス / アインファーマシーズ / アイン薬局 / アインズ&トルペ / アインメディオ / アインメディカルシステム / アインヘルスケア / アインライフサポート / アインビューティー / アイン / アインHD,14,小売,(アインホールディングス OR アインファーマシーズ OR アイン薬局 OR アインズ&トルペ OR アインメディオ OR アインメディカルシステム OR アインヘルスケア OR アインライフサポート OR アインビューティー OR アイン OR アインHD)
96280,９６２８０,燦ホールディングス,燦 / 燦HD,10,情報通信・サービスその他,(燦HD)
96290,９６２９０,ピー・シー・エー,PCA / ピー・シー・エー / PCA会計 / PCA給与 / PCA商魂 / PCA商管 / PCAクラウド / PCA医療 / PCA社会保険,10,情報通信・サービスその他,(PCA OR ピー OR シー OR エー OR PCA会計 OR PCA給与 OR PCA商魂 OR PCA商管 OR PCAクラウド OR PCA医療 OR PCA社会保険)
96320,９６３２０,スバル興業,スバル興業 / スバル興 / スバ興 / SUBARU興業 / スバルシネマ / スバル劇場 / スバル道路 / スバルパーキング / スバルサービス,10,情報通信・サービスその他,(スバル興業 OR スバル興 OR スバ興 OR SUBARU興業 OR スバルシネマ OR スバル劇場 OR スバル道路 OR スバルパーキング OR スバルサービス)
96440,９６４４０,タナベコンサルティンググループ,タナベコンサルティンググループ / タナベ / TCG / タナベコンサル / タナベグループ / タナベコンサルティング / タナベコンサルティングG / タナベCG / タナベコンサルティンググループ株式会社,10,情報通信・サービスその他,(タナベコンサルティンググループ OR タナベ OR TCG OR タナベコンサル OR タナベグループ OR タナベコンサルティング OR タナベコンサルティングG OR タナベCG OR タナベコンサルティンググループ株式会社)
96580,９６５８０,ビジネスブレイン太田昭和,ビジネスブレイン太田昭和 / BBS / BBSO / ビジネスブレイン / 太田昭和 / BBSグループ / BBSソリューション / BBSサービス / BBSプロダクト,10,情報通信・サービスその他,(ビジネスブレイン太田昭和 OR BBS OR BBSO OR ビジネスブレイン OR 太田昭和 OR BBSグループ OR BBSソリューション OR BBSサービス OR BBSプロダクト)
96630,９６６３０,ナガワ,,10,情報通信・サービスその他,
96720,９６７２０,東京都競馬,東京都競馬 / 東京シティ競馬 / 大井競馬場 / 東京メガイルミ / トゥインクルレース / 東京トゥインクルファンファーレ / 大井オートレース / 東京シティ競馬場,10,情報通信・サービスその他,(東京都競馬 OR 東京シティ競馬 OR 大井競馬場 OR 東京メガイルミ OR トゥインクルレース OR 東京トゥインクルファンファーレ OR 大井オートレース OR 東京シティ競馬場)
96780,９６７８０,カナモト,カナモト / カナモト株式会社 / Kanamoto / カナモトレンタル / カナモト建機 / カナモトサービス / カナモトグループ / カナモトネットワーク / カナモトソリューション,10,情報通信・サービスその他,(カナモト OR カナモト株式会社 OR Kanamoto OR カナモトレンタル OR カナモト建機 OR カナモトサービス OR カナモトグループ OR カナモトネットワーク OR カナモトソリューション)
96820,９６８２０,ＤＴＳ,,10,情報通信・サービスその他,
96840,９６８４０,スクウェア・エニックス・ホールディングス,スクウェア・エニックス / スクエニ / スクエア / エニックス / SQUARE ENIX / スクウェア・エニックス・ホールディングス / ファイナルファンタジー / ドラゴンクエスト / キングダムハーツ / スクウェア・エニックス・ / スクウェア・エニックス・HD,10,情報通信・サービスその他,(スクウェア OR エニックス OR スクエニ OR スクエア OR SQUARE OR ENIX OR ファイナルファンタジー OR ドラゴンクエスト OR キングダムハーツ OR HD)
96920,９６９２０,シーイーシー,シーイーシー / CECソリューション / CECテクノロジー / CECサービス / CECシステム / CECイノベーション / CECプロダクト / CECネットワーク,10,情報通信・サービスその他,(シーイーシー OR CECソリューション OR CECテクノロジー OR CECサービス OR CECシステム OR CECイノベーション OR CECプロダクト OR CECネットワーク)
96970,９６９７０,カプコン,カプコン / バイオハザード / モンスターハンター / ストリートファイター / ロックマン / デビルメイクライ / 戦国BASARA / 鬼武者 / 逆転裁判,10,情報通信・サービスその他,(カプコン OR バイオハザード OR モンスターハンター OR ストリートファイター OR ロックマン OR デビルメイクライ OR 戦国BASARA OR 鬼武者 OR 逆転裁判)
96990,９６９９０,ニシオホールディングス,ニシオ / ニシオHD,10,情報通信・サービスその他,(ニシオ OR ニシオHD)
97020,９７０２０,アイ・エス・ビー,,10,情報通信・サービスその他,
97060,９７０６０,日本空港ビルデング,,17,不動産,
97150,９７１５０,トランス・コスモス,トランス・コスモス / transcosmos / TC / DECAds / e-Contact / Social Gear / Hataractive / transcosmos analytics / transcosmos online communications,10,情報通信・サービスその他,(トランス OR コスモス OR transcosmos OR TC OR DECAds OR e-Contact OR Social OR Gear OR Hataractive OR analytics OR online OR communications)
97160,９７１６０,乃村工藝社,乃村工藝社 / ノムコー / 乃村 / NOMURA Co. / Ltd. / NOMURA GROUP / ノムラグループ / NOMURA DESIGN,10,情報通信・サービスその他,(乃村工藝社 OR ノムコー OR 乃村 OR NOMURA OR Co. OR Ltd. OR GROUP OR ノムラグループ OR DESIGN)
97190,９７１９０,ＳＣＳＫ,ＳＣＳＫ / 9719 / SCSK株式会社 / Minoriソリューション / ProActive / USiZE / CELF / Biz∫ / PrimeCloud,10,情報通信・サービスその他,(SCSK株式会社 OR Minoriソリューション OR ProActive OR USiZE OR CELF OR Biz∫ OR PrimeCloud) | (ＳＣＳＫ)
97220,９７２２０,藤田観光,,10,情報通信・サービスその他,
97260,９７２６０,ＫＮＴ−ＣＴホールディングス,ＫＮＴ−ＣＴホールディングス / 近ツー / 近畿日本ツーリスト / KNT / KNT-CT / 近鉄観光 / 近鉄旅行 / ＫＮＴ−ＣＴ / ＫＮＴ−ＣＴHD,10,情報通信・サービスその他,(ＫＮＴ−ＣＴホールディングス OR 近ツー OR 近畿日本ツーリスト OR KNT OR KNT-CT OR 近鉄観光 OR 近鉄旅行 OR ＫＮＴ−ＣＴHD) | (ＫＮＴ−ＣＴ)
97290,９７２９０,トーカイ,,10,情報通信・サービスその他,
97350,９７３５０,セコム,セコム / SECOM / セコムホームサービス / セコムショップ / セコムあんしんサービス / セコム医療システム / セコムトラストシステムズ / セコム損害保険,10,情報通信・サービスその他,(セコム OR SECOM OR セコムホームサービス OR セコムショップ OR セコムあんしんサービス OR セコム医療システム OR セコムトラストシステムズ OR セコム損害保険)
97390,９７３９０,ＮＳＷ,,10,情報通信・サービスその他,
97400,９７４００,セントラル警備保障,セントラル警備保障 / 中央警備 / セントラルセキュリティ / セントラルガード / セントラルサービス / セントラルプロテクション / セントラルシステム / セントラルソリューション,10,情報通信・サービスその他,(セントラル警備保障 OR 中央警備 OR セントラルセキュリティ OR セントラルガード OR セントラルサービス OR セントラルプロテクション OR セントラルシステム OR セントラルソリューション)
97420,９７４２０,アイネス,,10,情報通信・サービスその他,
97430,９７４３０,丹青社,丹青社 / Tanseisha / タンセイ / 空間デザイン / 展示会デザイン / 商業施設デザイン / インテリアデザイン / 文化施設デザイン / イベントプロデュース,10,情報通信・サービスその他,(丹青社 OR Tanseisha OR タンセイ OR 空間デザイン OR 展示会デザイン OR 商業施設デザイン OR インテリアデザイン OR 文化施設デザイン OR イベントプロデュース)
97440,９７４４０,メイテックグループホールディングス,メイテックグループ / メイテックグループHD,10,情報通信・サービスその他,(メイテックグループ OR メイテックグループHD)
97460,９７４６０,ＴＫＣ,,10,情報通信・サービスその他,
97490,９７４９０,富士ソフト,富士ソフト / FUJISOFT / PALRO / moreNOTE / moreReception / moreNOTE for Business / moreNOTE for Education / moreNOTE for Medical / moreNOTE for Government,,,(富士ソフト OR FUJISOFT OR PALRO OR moreNOTE OR moreReception OR for OR Business OR Education OR Medical OR Government)
97550,９７５５０,応用地質,応用地質 / Geo-Cloud / Geo-Pit / Geo-Graph / Geo-Map / Geo-Drone / Geo-Scan / Geo-Data,10,情報通信・サービスその他,(応用地質 OR Geo-Cloud OR Geo-Pit OR Geo-Graph OR Geo-Map OR Geo-Drone OR Geo-Scan OR Geo-Data)
97570,９７５７０,船井総研ホールディングス,船井総研ホールディングス / 船井総研 / FSG / 船井 / 総研 / 船井ホールディングス / 船井グループ / 船井コンサルティング / 船井総研HD,10,情報通信・サービスその他,(船井総研ホールディングス OR 船井総研 OR FSG OR 船井 OR 総研 OR 船井ホールディングス OR 船井グループ OR 船井コンサルティング OR 船井総研HD)
97590,９７５９０,ＮＳＤ,,10,情報通信・サービスその他,
97660,９７６６０,コナミグループ,コナミグループ / KONAMI / コナミ / ウイニングイレブン / 遊戯王 / メタルギア / ビートマニア / パワプロ / ときめきメモリアル / コナミG,10,情報通信・サービスその他,(コナミグループ OR KONAMI OR コナミ OR ウイニングイレブン OR 遊戯王 OR メタルギア OR ビートマニア OR パワプロ OR ときめきメモリアル OR コナミG)
97690,９７６９０,学究社,学究社 / さなる / サナル / サナル予備校 / サナル進学塾 / サナル模試 / サナルオンライン / サナル英語 / サナル数学,10,情報通信・サービスその他,(学究社 OR さなる OR サナル OR サナル予備校 OR サナル進学塾 OR サナル模試 OR サナルオンライン OR サナル英語 OR サナル数学)
97870,９７８７０,イオンディライト,イオンディライト / イオンディライト株式会社 / Delight / イオンディライトサービス / イオンディライトプロパティ / イオンディライトセキュリティ / イオンディライトクリーン / イオンディライトファシリティ,10,情報通信・サービスその他,(イオンディライト OR イオンディライト株式会社 OR Delight OR イオンディライトサービス OR イオンディライトプロパティ OR イオンディライトセキュリティ OR イオンディライトクリーン OR イオンディライトファシリティ)
97880,９７８８０,ナック,,10,情報通信・サービスその他,
97900,９７９００,福井コンピュータホールディングス,福井コンピュータホールディングス / 福井コンピュータ / FCHD / TREND-ONE / TREND-CORE / TREND-FIELD / TREND-POINT / TREND-ROAD / TREND-CAD / 福井コンピュータHD,10,情報通信・サービスその他,(福井コンピュータホールディングス OR 福井コンピュータ OR FCHD OR TREND-ONE OR TREND-CORE OR TREND-FIELD OR TREND-POINT OR TREND-ROAD OR TREND-CAD OR 福井コンピュータHD)
97930,９７９３０,ダイセキ,,10,情報通信・サービスその他,
97950,９７９５０,ステップ,,10,情報通信・サービスその他,
98240,９８２４０,泉州電業,泉州電業 / 泉州 / SENSHU / SENSHU ELECTRIC / 泉州ケーブル / SENSHU CABLE / 泉州電線 / 泉州ワイヤー / SENSHU WIRE,13,商社・卸売,(泉州電業 OR 泉州 OR SENSHU OR ELECTRIC OR 泉州ケーブル OR CABLE OR 泉州電線 OR 泉州ワイヤー OR WIRE)
98280,９８２８０,Ｇｅｎｋｉ　Ｇｌｏｂａｌ　Ｄｉｎｉｎｇ　Ｃｏｎｃｅｐｔｓ,,14,小売,
98300,９８３００,トラスコ中山,トラスコ中山 / トラスコ / TRUSCO / トラスコオレンジブック / オレンジブック / トラスコプロツール / プロツール / トラスコブランド / トラスコ製品,13,商社・卸売,(トラスコ中山 OR トラスコ OR TRUSCO OR トラスコオレンジブック OR オレンジブック OR トラスコプロツール OR プロツール OR トラスコブランド OR トラスコ製品)
98310,９８３１０,ヤマダホールディングス,ヤマダホールディングス / ヤマダ電機 / ヤマダ / LABI / テックランド / 家電住まいる館 / ヤマダアウトレット / ヤマダウェブコム / ヤマダモバイル / 9831 / ヤマダHD,14,小売,(ヤマダホールディングス OR ヤマダ電機 OR ヤマダ OR LABI OR テックランド OR 家電住まいる館 OR ヤマダアウトレット OR ヤマダウェブコム OR ヤマダモバイル OR ヤマダHD)
98320,９８３２０,オートバックスセブン,オートバックスセブン / オートバックス / AUTOBACS / スーパーオートバックス / AUTOBACS CARS / AUTOBACS EXPRESS / AUTOBACS QUALITY / AUTOBACS GARAGE / AUTOBACS SEVEN,13,商社・卸売,(オートバックスセブン OR オートバックス OR AUTOBACS OR スーパーオートバックス OR CARS OR EXPRESS OR QUALITY OR GARAGE OR SEVEN)
98370,９８３７０,モリト,,13,商社・卸売,
98420,９８４２０,アークランズ,,14,小売,
98430,９８４３０,ニトリホールディングス,ニトリ / ニトリホールディングス / デコホーム / ニトリネット / Nクール / Nウォーム / ニトリモール / ニトリルーム / ニトリデザイン / ニトリHD,14,小売,(ニトリ OR ニトリホールディングス OR デコホーム OR ニトリネット OR Nクール OR Nウォーム OR ニトリモール OR ニトリルーム OR ニトリデザイン OR ニトリHD)
98500,９８５００,グルメ杵屋,グルメ杵屋 / 杵屋 / 杵屋レストラン / 杵屋製麺所 / そじ坊 / そば処杵屋 / うどんの杵屋 / 杵屋カフェ / グルメ杵屋ホールディングス,14,小売,(グルメ杵屋 OR 杵屋 OR 杵屋レストラン OR 杵屋製麺所 OR そじ坊 OR そば処杵屋 OR うどんの杵屋 OR 杵屋カフェ OR グルメ杵屋ホールディングス)
98560,９８５６０,ケーユーホールディングス,ケーユー / ケーユーHD,14,小売,(ケーユー OR ケーユーHD)
98610,９８６１０,吉野家ホールディングス,吉野家 / 吉野家ホールディングス / 牛丼 / 吉野家の牛丼 / 吉野家HD / 吉野家グループ / 吉野家チェーン / 吉野家の味 / 吉野家のどんぶり,14,小売,(吉野家 OR 吉野家ホールディングス OR 牛丼 OR 吉野家の牛丼 OR 吉野家HD OR 吉野家グループ OR 吉野家チェーン OR 吉野家の味 OR 吉野家のどんぶり)
98690,９８６９０,加藤産業,加藤産業 / カンピー / KATO / 加藤 / KATO SANGYO / カンピージャム / カンピー缶詰 / カンピー食品 / KANPY,13,商社・卸売,(加藤産業 OR カンピー OR KATO OR 加藤 OR SANGYO OR カンピージャム OR カンピー缶詰 OR カンピー食品 OR KANPY)
98800,９８８００,イノテック,,9,電機・精密,
98820,９８８２０,イエローハット,イエローハット / イエローハットグループ / Yellow Hat / イエローハットオートサービス / イエローハットタイヤ / イエローハットオイル / イエローハットバッテリー / イエローハットカー用品 / イエローハットメンテナンス,13,商社・卸売,(イエローハット OR イエローハットグループ OR Yellow OR Hat OR イエローハットオートサービス OR イエローハットタイヤ OR イエローハットオイル OR イエローハットバッテリー OR イエローハットカー用品 OR イエローハットメンテナンス)
98870,９８８７０,松屋フーズホールディングス,松屋フーズホールディングス / 松乃家 / 松八 / 松弁 / マイカリー食堂 / 松屋カフェ / 松屋デリ / 松屋製麺所 / 松屋フーズ / 松屋フーズHD,14,小売,(松屋フーズホールディングス OR 松乃家 OR 松八 OR 松弁 OR マイカリー食堂 OR 松屋カフェ OR 松屋デリ OR 松屋製麺所 OR 松屋フーズ OR 松屋フーズHD)
98890,９８８９０,ＪＢＣＣホールディングス,ＪＢＣＣ / ＪＢＣＣHD,10,情報通信・サービスその他,(ＪＢＣＣHD) | (ＪＢＣＣ)
98960,９８９６０,ＪＫホールディングス,ＪＫ / ＪＫHD,13,商社・卸売,(ＪＫHD) | (ＪＫ)
99000,９９０００,サガミホールディングス,サガミ / サガミHD,14,小売,(サガミ OR サガミHD)
99020,９９０２０,日伝,,13,商社・卸売,
99280,９９２８０,ミロク情報サービス,ミロク情報サービス / MJS / 財務応援 / MJSLINK / MJSLINK NX-Plus / MJSLINK NX-I / MJSLINK NX / MJSLINK NX-ERP / MJSLINK NX-Cloud / ミロク情報,10,情報通信・サービスその他,(ミロク情報サービス OR MJS OR 財務応援 OR MJSLINK OR NX-Plus OR NX-I OR NX OR NX-ERP OR NX-Cloud OR ミロク情報)
99320,９９３２０,杉本商事,杉本,13,商社・卸売,(杉本)
99340,９９３４０,因幡電機産業,因幡電機産業 / 因幡電機 / 因幡 / INABA / INABA DENKI / 因幡電工 / 因幡電産 / 因幡電機産業株式会社 / 因幡電機グループ,13,商社・卸売,(因幡電機産業 OR 因幡電機 OR 因幡 OR INABA OR DENKI OR 因幡電工 OR 因幡電産 OR 因幡電機産業株式会社 OR 因幡電機グループ)
99360,９９３６０,王将フードサービス,王将フードサービス / 餃子の王将 / 王将 / 餃子 / 王将ラーメン / 王将チャーハン / 王将セット / 王将弁当 / 王将定食 / 王将フード,14,小売,(王将フードサービス OR 餃子の王将 OR 王将 OR 餃子 OR 王将ラーメン OR 王将チャーハン OR 王将セット OR 王将弁当 OR 王将定食 OR 王将フード)
99460,９９４６０,ミニストップ,MINISTOP / ソフトクリーム / ハロハロ / Xフライドポテト / おにぎり / パフェ / コーヒー / フィッシュ＆チップス,14,小売,(MINISTOP OR ソフトクリーム OR ハロハロ OR Xフライドポテト OR おにぎり OR パフェ OR コーヒー OR フィッシュ＆チップス)
99480,９９４８０,アークス,アークス / ラルズ / フクハラ / ユニバース / 東光ストア / 道北アークス / 道南ラルズ / スーパーアークス / ビッグハウス,14,小売,(アークス OR ラルズ OR フクハラ OR ユニバース OR 東光ストア OR 道北アークス OR 道南ラルズ OR スーパーアークス OR ビッグハウス)
99560,９９５６０,バローホールディングス,バロー / バローHD,14,小売,(バロー OR バローHD)
99600,９９６００,東テク,,13,商社・卸売,
99620,９９６２０,ミスミグループ本社,ミスミグループ本社 / MISUMI / ミスミ / VONA / Meviy / WOS / QCT / FA工場 / MISUMIブランド,13,商社・卸売,(ミスミグループ本社 OR MISUMI OR ミスミ OR VONA OR Meviy OR WOS OR QCT OR FA工場 OR MISUMIブランド)
99740,９９７４０,ベルク,,14,小売,
99790,９９７９０,大庄,,14,小売,
99830,９９８３０,ファーストリテイリング,ファーストリテイリング / ユニクロ / GU / プリンセス タム・タム / セオリー / コントワー・デ・コトニエ / プラステ / ユニクロU / ユニクロキッズ / ユニクロマタニティ,14,小売,(ファーストリテイリング OR ユニクロ OR GU OR プリンセス OR タム OR セオリー OR コントワー OR コトニエ OR プラステ OR ユニクロU OR ユニクロキッズ OR ユニクロマタニティ)
99840,９９８４０,ソフトバンクグループ,SB / SBG / ソフバン / ソフトバンクビジョンファンド / ペッパー / ソフトバンク / ソフトバンクG,10,情報通信・サービスその他,(SB OR SBG OR ソフバン OR ソフトバンクビジョンファンド OR ペッパー OR ソフトバンク OR ソフトバンクG)
99870,９９８７０,スズケン,,13,商社・卸売,
99890,９９８９０,サンドラッグ,,14,小売,
99900,９９９００,サックスバー　ホールディングス,サックスバー　 / サックスバー　HD,14,小売,(サックスバー OR HD)
99910,９９９１０,ジェコス,,13,商社・卸売,
99970,９９９７０,ベルーナ,ベルーナ / ベルーナネット / ベルーナグルメ / ベルーナワイン / ベルーナカタログ / ベルーナショッピング / ベルーナトラベル / ベルーナファッション / ベルーナホーム,14,小売,(ベルーナ OR ベルーナネット OR ベルーナグルメ OR ベルーナワイン OR ベルーナカタログ OR ベルーナショッピング OR ベルーナトラベル OR ベルーナファッション OR ベルーナホーム)
