Date,Code,CompanyName,CompanyNameEnglish,Sector17Code,Sector17CodeName,Sector33Code,Sector33CodeName,ScaleCategory,MarketCode,MarketCodeName
2025-02-05,13010,極洋,"KYOKUYO CO.,LTD.",1,食品,0050,水産・農林業,TOPIX Small 2,0111,プライム
2025-02-05,13050,大和アセットマネジメント株式会社　ｉＦｒｅｅＥＴＦ　ＴＯＰＩＸ（年１回決算型）,iFreeETF TOPIX (Yearly Dividend Type),99,その他,9999,その他,-,0109,その他
2025-02-05,13060,野村アセットマネジメント株式会社　ＮＥＸＴ　ＦＵＮＤＳ　ＴＯＰＩＸ連動型上場投信,NEXT FUNDS TOPIX Exchange Traded Fund,99,その他,9999,その他,-,0109,その他
2025-02-05,13080,日興アセットマネジメント株式会社　　上場インデックスファンドＴＯＰＩＸ,Listed Index Fund TOPIX,99,その他,9999,その他,-,0109,その他
2025-02-05,13090,野村アセットマネジメント株式会社　ＮＥＸＴ　ＦＵＮＤＳ　ＣｈｉｎａＡＭＣ・中国株式・上証５０連動型上場投信,NEXT FUNDS ChinaAMC SSE50 Index Exchange Traded Fund,99,その他,9999,その他,-,0109,その他
2025-02-05,130A0,Ｖｅｒｉｔａｓ　Ｉｎ　Ｓｉｌｉｃｏ,Veritas In Silico Inc.,5,医薬品,3250,医薬品,-,0113,グロース
2025-02-05,13110,野村アセットマネジメント株式会社　ＮＥＸＴ　ＦＵＮＤＳ　ＴＯＰＩＸ　Ｃｏｒｅ　３０連動型上場投信,NEXT FUNDS TOPIX Core 30 Exchange Traded Fund,99,その他,9999,その他,-,0109,その他
2025-02-05,13190,野村アセットマネジメント株式会社　ＮＥＸＴ　ＦＵＮＤＳ　日経３００株価指数連動型上場投信,NEXT FUNDS Nikkei 300 Index Exchange Traded Fund,99,その他,9999,その他,-,0109,その他
2025-02-05,131A0,ＣＣＮグループ,CCN Group Corporation,10,情報通信・サービスその他,5250,情報･通信業,-,0105,TOKYO PRO MARKET
2025-02-05,13200,大和アセットマネジメント株式会社　ｉＦｒｅｅＥＴＦ　日経２２５（年１回決算型）,iFreeETF Nikkei225 (Yearly Dividend Type),99,その他,9999,その他,-,0109,その他
2025-02-05,13210,野村アセットマネジメント株式会社　ＮＥＸＴ　ＦＵＮＤＳ　日経２２５連動型上場投信,NEXT FUNDS Nikkei 225 Exchange Traded Fund,99,その他,9999,その他,-,0109,その他
2025-02-05,13220,日興アセットマネジメント株式会社　上場インデックスファンド中国Ａ株（パンダ）Ｅ　Ｆｕｎｄ　ＣＳＩ３００,Listed Index Fund China A Share (Panda) E Fund CSI300,99,その他,9999,その他,-,0109,その他
2025-02-05,13250,野村アセットマネジメント株式会社　ＮＥＸＴ　ＦＵＮＤＳ　ブラジル株式指数・ボベスパ連動型上場投信,NEXT FUNDS Ibovespa Linked Exchange Traded Fund,99,その他,9999,その他,-,0109,その他
2025-02-05,13260,ワールド・ゴールド・トラスト・サービシズ・エルエルシー　ＳＰＤＲゴールド・シェア,SPDR Gold Shares,99,その他,9999,その他,-,0109,その他
2025-02-05,13280,野村アセットマネジメント株式会社　ＮＥＸＴ　ＦＵＮＤＳ　金価格連動型上場投信,NEXT FUNDS Gold Price Exchange Traded Fund,99,その他,9999,その他,-,0109,その他
2025-02-05,13290,ブラックロック・ジャパン株式会社　　ｉシェアーズ・コア　日経２２５　ＥＴＦ,iShares Core Nikkei 225 ETF,99,その他,9999,その他,-,0109,その他
2025-02-05,132A0,アイエヌホールディングス,"IN Holdings Co.,LTD.",12,運輸・物流,5050,陸運業,-,0105,TOKYO PRO MARKET
2025-02-05,13300,日興アセットマネジメント株式会社　　上場インデックスファンド２２５,Listed Index Fund 225,99,その他,9999,その他,-,0109,その他
2025-02-05,13320,ニッスイ,Nissui Corporation,1,食品,0050,水産・農林業,TOPIX Mid400,0111,プライム
2025-02-05,13330,マルハニチロ,Maruha Nichiro Corporation,1,食品,0050,水産・農林業,TOPIX Mid400,0111,プライム
2025-02-05,133A0,Ｇｌｏｂａｌ　Ｘ　Ｊａｐａｎ株式会社　グローバルＸ　超短期米国債　ＥＴＦ,Global X Ultra Short-Term T-Bill ETF,99,その他,9999,その他,-,0109,その他
2025-02-05,13430,野村アセットマネジメント株式会社　ＮＥＸＴ　ＦＵＮＤＳ　東証ＲＥＩＴ　指数連動型上場投信,NEXT FUNDS REIT INDEX ETF,99,その他,9999,その他,-,0109,その他
2025-02-05,13450,日興アセットマネジメント株式会社　上場インデックスファンドＪリート（東証ＲＥＩＴ指数）隔月分配型,Listed Index Fund J-REIT (Tokyo Stock Exchange REIT Index)Bi-Monthly Dividend Payment Type,99,その他,9999,その他,-,0109,その他
2025-02-05,13460,三菱ＵＦＪアセットマネジメント株式会社　ＭＡＸＩＳ　日経２２５上場投信,MAXIS NIKKEI 225 ETF,99,その他,9999,その他,-,0109,その他
2025-02-05,13480,三菱ＵＦＪアセットマネジメント株式会社　ＭＡＸＩＳ　トピックス上場投信,MAXIS TOPIX ETF,99,その他,9999,その他,-,0109,その他
2025-02-05,13490,ステート・ストリート・グローバル・アドバイザーズ・シンガポール・リミテッド　ＡＢＦ汎アジア債券インデックス・ファンド,ABF PAN ASIA BOND INDEX FUND,99,その他,9999,その他,-,0109,その他
2025-02-05,134A0,アプライズ,"UPraise,Inc",10,情報通信・サービスその他,9050,サービス業,-,0105,TOKYO PRO MARKET
2025-02-05,13560,シンプレクス・アセット・マネジメント株式会社　ＴＯＰＩＸベア２倍上場投信,TOPIX Bear -2x ETF,99,その他,9999,その他,-,0109,その他
2025-02-05,13570,野村アセットマネジメント株式会社　ＮＥＸＴ　ＦＵＮＤＳ　日経平均ダブルインバース・インデックス連動型上場投信,NEXT FUNDS Nikkei 225 Double Inverse Index Exchange Traded Fund,99,その他,9999,その他,-,0109,その他
2025-02-05,13580,日興アセットマネジメント株式会社　上場インデックスファンド日経レバレッジ指数,Listed Index Fund Nikkei Leveraged Index,99,その他,9999,その他,-,0109,その他
2025-02-05,135A0,ＶＲＡＩＮ　Ｓｏｌｕｔｉｏｎ,"VRAIN Solution,Inc.",10,情報通信・サービスその他,5250,情報･通信業,-,0113,グロース
2025-02-05,13600,シンプレクス・アセット・マネジメント株式会社　日経平均ベア２倍上場投信,Nikkei225 Bear -2x ETF,99,その他,9999,その他,-,0109,その他
2025-02-05,13640,ブラックロック・ジャパン株式会社　ｉシェアーズ　ＪＰＸ日経４００　ＥＴＦ,iShares JPX-Nikkei 400 ETF,99,その他,9999,その他,-,0109,その他
2025-02-05,13650,大和アセットマネジメント株式会社　ｉＦｒｅｅＥＴＦ　日経平均レバレッジ・インデックス,iFreeETF Nikkei225 Leveraged Index,99,その他,9999,その他,-,0109,その他
2025-02-05,13660,大和アセットマネジメント株式会社　ｉＦｒｅｅＥＴＦ　日経平均ダブルインバース・インデックス,iFreeETF Nikkei225 Double Inverse Index,99,その他,9999,その他,-,0109,その他
2025-02-05,13670,大和アセットマネジメント株式会社　ｉＦｒｅｅＥＴＦ　ＴＯＰＩＸレバレッジ（２倍）指数,iFreeETF TOPIX Leveraged (2x) Index,99,その他,9999,その他,-,0109,その他
2025-02-05,13680,大和アセットマネジメント株式会社　ｉＦｒｅｅＥＴＦ　ＴＯＰＩＸダブルインバース（−２倍）指数,iFreeETF TOPIX Double Inverse (-2x) Index,99,その他,9999,その他,-,0109,その他
2025-02-05,13690,アセットマネジメントＯｎｅ株式会社　Ｏｎｅ　ＥＴＦ　日経２２５,One ETF Nikkei225,99,その他,9999,その他,-,0109,その他
2025-02-05,136A0,三興商事,"Sankosyoji Co.,Ltd.",3,建設・資材,2050,建設業,-,0105,TOKYO PRO MARKET
2025-02-05,13750,雪国まいたけ,"YUKIGUNI MAITAKE CO.,LTD.",1,食品,0050,水産・農林業,TOPIX Small 2,0111,プライム
2025-02-05,13760,カネコ種苗,"KANEKO SEEDS CO.,LTD.",1,食品,0050,水産・農林業,TOPIX Small 2,0112,スタンダード
2025-02-05,13770,サカタのタネ,SAKATA SEED CORPORATION,1,食品,0050,水産・農林業,TOPIX Small 1,0111,プライム
2025-02-05,13790,ホクト,HOKUTO CORPORATION,1,食品,0050,水産・農林業,TOPIX Small 2,0111,プライム
2025-02-05,137A0,Ｃｏｃｏｌｉｖｅ,"Cocolive,Inc.",10,情報通信・サービスその他,5250,情報･通信業,-,0113,グロース
2025-02-05,13800,秋川牧園,"AKIKAWA FOODS & FARMS CO.,LTD.",1,食品,0050,水産・農林業,-,0112,スタンダード
2025-02-05,13810,アクシーズ,"AXYZ CO.,Ltd.",1,食品,0050,水産・農林業,-,0112,スタンダード
2025-02-05,13820,ホーブ,"HOB Co.,Ltd.",1,食品,0050,水産・農林業,-,0112,スタンダード
2025-02-05,13830,ベルグアース,"Berg Earth co.,ltd.",1,食品,0050,水産・農林業,-,0112,スタンダード
2025-02-05,13840,ホクリヨウ,"Hokuryo Co.,Ltd.",1,食品,0050,水産・農林業,-,0112,スタンダード
2025-02-05,138A0,光フードサービス,"Hikari Food Service Co.,Ltd.",14,小売,6100,小売業,-,0113,グロース
2025-02-05,13970,三井住友ＤＳアセットマネジメント株式会社　ＳＭＤＡＭ　日経２２５上場投信,SMDAM NIKKEI225 ETF,99,その他,9999,その他,-,0109,その他
2025-02-05,13980,三井住友ＤＳアセットマネジメント株式会社　ＳＭＤＡＭ　東証ＲＥＩＴ指数上場投信,SMDAM REIT Index ETF,99,その他,9999,その他,-,0109,その他
2025-02-05,13990,日興アセットマネジメント株式会社　上場インデックスファンドＭＳＣＩ日本株高配当低ボラティリティ,Listed Index Fund MSCI Japan Equity High Dividend Low Volatility,99,その他,9999,その他,-,0109,その他
2025-02-05,139A0,東日本地所,"Higashinihon Jisho Co.,Ltd.",17,不動産,8050,不動産業,-,0105,TOKYO PRO MARKET
2025-02-05,14010,エムビーエス,"mbs,inc.",3,建設・資材,2050,建設業,-,0113,グロース
2025-02-05,14070,ウエストホールディングス,West Holdings Corporation,3,建設・資材,2050,建設業,-,0112,スタンダード
2025-02-05,140A0,大和アセットマネジメント株式会社　ｉＦｒｅｅＥＴＦ　米国１０年国債先物インバース,iFreeETF 10-Year U.S. Treasury Note Futures Inverse,99,その他,9999,その他,-,0109,その他
2025-02-05,14140,ショーボンドホールディングス,"SHO-BOND Holdings Co.,Ltd.",3,建設・資材,2050,建設業,TOPIX Mid400,0111,プライム
2025-02-05,14170,ミライト・ワン,MIRAIT ONE Corporation,3,建設・資材,2050,建設業,TOPIX Mid400,0111,プライム
2025-02-05,14180,インターライフホールディングス,"INTERLIFE HOLDINGS CO.,LTD.",3,建設・資材,2050,建設業,-,0112,スタンダード
2025-02-05,14190,タマホーム,"Tama Home Co.,Ltd.",3,建設・資材,2050,建設業,TOPIX Small 1,0111,プライム
2025-02-05,141A0,トライアルホールディングス,"TRIAL Holdings,Inc.",14,小売,6100,小売業,-,0113,グロース
2025-02-05,14200,サンヨーホームズ,Sanyo Homes Corporation,3,建設・資材,2050,建設業,-,0112,スタンダード
2025-02-05,14290,日本アクア,"Nippon Aqua Co.,Ltd.",3,建設・資材,2050,建設業,-,0111,プライム
2025-02-05,142A0,ジンジブ,"JINJIB Co.,Ltd.",10,情報通信・サービスその他,9050,サービス業,-,0113,グロース
2025-02-05,14300,ファーストコーポレーション,First-corporation Inc.,3,建設・資材,2050,建設業,-,0112,スタンダード
2025-02-05,14310,Ｌｉｂ　Ｗｏｒｋ,"Lib Work Co.,Ltd.",3,建設・資材,2050,建設業,-,0113,グロース
2025-02-05,14320,動力,"DORYOKU Co.,Ltd.",3,建設・資材,2050,建設業,-,0105,TOKYO PRO MARKET
2025-02-05,14330,ベステラ,"BESTERRA CO.,LTD",3,建設・資材,2050,建設業,-,0111,プライム
2025-02-05,14340,ＪＥＳＣＯホールディングス,"JESCO Holdings,Inc.",3,建設・資材,2050,建設業,-,0112,スタンダード
2025-02-05,14350,ｒｏｂｏｔ　ｈｏｍｅ,robot home Inc.,17,不動産,8050,不動産業,TOPIX Small 2,0112,スタンダード
2025-02-05,14360,グリーンエナジー＆カンパニー,GreenEnergy & Company Inc.,3,建設・資材,2050,建設業,-,0113,グロース
2025-02-05,14380,岐阜造園,"Gifu landscape architect Co.,Ltd.",3,建設・資材,2050,建設業,-,0112,スタンダード
2025-02-05,14390,安江工務店,YASUE CORPORATION,3,建設・資材,2050,建設業,-,0112,スタンダード
2025-02-05,143A0,イシン,"Ishin Co.,Ltd.",10,情報通信・サービスその他,9050,サービス業,-,0113,グロース
2025-02-05,14430,技研ホールディングス,"Giken Holdings Co.,Ltd.",3,建設・資材,2050,建設業,-,0112,スタンダード
2025-02-05,14440,ニッソウ,"Nissou Co.,Ltd.",3,建設・資材,2050,建設業,-,0113,グロース
2025-02-05,14450,ひかりホールディングス,"Hikari Holdings Co.,Ltd.",3,建設・資材,2050,建設業,-,0105,TOKYO PRO MARKET
2025-02-05,14460,キャンディル,"CANDEAL Co.,Ltd.",3,建設・資材,2050,建設業,-,0112,スタンダード
2025-02-05,14470,ＳＡＡＦホールディングス,"SAAF Holdings Co.,Ltd.",3,建設・資材,2050,建設業,-,0113,グロース
2025-02-05,144A0,エネルギーパワー,"ENERGY POWER CO.,Ltd.",3,建設・資材,2050,建設業,-,0105,TOKYO PRO MARKET
2025-02-05,14500,田中建設工業,TANAKEN,3,建設・資材,2050,建設業,-,0112,スタンダード
2025-02-05,14520,横浜ライト工業,"YOKOHAMA WRIGHT Industries Co.,LTD",3,建設・資材,2050,建設業,-,0105,TOKYO PRO MARKET
2025-02-05,14560,大和アセットマネジメント株式会社　ｉＦｒｅｅＥＴＦ　日経平均インバース・インデックス,iFreeETF Nikkei225 Inverse Index,99,その他,9999,その他,-,0109,その他
2025-02-05,14570,大和アセットマネジメント株式会社　ｉＦｒｅｅＥＴＦ　ＴＯＰＩＸインバース（−１倍）指数,iFreeETF TOPIX Inverse (-1x) Index,99,その他,9999,その他,-,0109,その他
2025-02-05,14580,楽天投信投資顧問株式会社　楽天ＥＴＦ‐日経レバレッジ指数連動型,Rakuten ETF - Nikkei 225 Leveraged Index,99,その他,9999,その他,-,0109,その他
2025-02-05,14590,楽天投信投資顧問株式会社　楽天ＥＴＦ‐日経ダブルインバース指数連動型,Rakuten ETF - Nikkei 225 Double Inverse Index,99,その他,9999,その他,-,0109,その他
2025-02-05,145A0,Ｌ　ｉｓ　Ｂ,L is B Corp.,10,情報通信・サービスその他,5250,情報･通信業,-,0113,グロース
2025-02-05,14660,大和アセットマネジメント株式会社　ｉＦｒｅｅＥＴＦ　ＪＰＸ日経４００ダブルインバース・インデックス,iFreeETF JPX-Nikkei400 Double Inverse (-2x) Index,99,その他,9999,その他,-,0109,その他
2025-02-05,14690,シンプレクス・アセット・マネジメント株式会社　ＪＰＸ日経４００ベア２倍上場投信（ダブルインバース）,JPX-Nikkei 400 Bear -2x Double Inverse ETF,99,その他,9999,その他,-,0109,その他
2025-02-05,146A0,コロンビア・ワークス,Columbia Works Inc.,17,不動産,8050,不動産業,-,0112,スタンダード
2025-02-05,14720,野村アセットマネジメント株式会社　ＮＥＸＴ　ＦＵＮＤＳ　ＪＰＸ日経４００ダブルインバース・インデックス連動型上場投信,NEXT FUNDS JPX-Nikkei 400 Double Inverse Index Exchange Traded Fund,99,その他,9999,その他,-,0109,その他
2025-02-05,14730,アセットマネジメントＯｎｅ株式会社　Ｏｎｅ　ＥＴＦ　トピックス,One ETF TOPIX,99,その他,9999,その他,-,0109,その他
2025-02-05,14740,アセットマネジメントＯｎｅ株式会社　Ｏｎｅ　ＥＴＦ　ＪＰＸ日経４００,One ETF JPX-Nikkei 400,99,その他,9999,その他,-,0109,その他
2025-02-05,14750,ブラックロック・ジャパン株式会社　ｉシェアーズ・コア　ＴＯＰＩＸ　ＥＴＦ,iShares Core TOPIX ETF,99,その他,9999,その他,-,0109,その他
2025-02-05,14760,ブラックロック・ジャパン株式会社　ｉシェアーズ・コア　Ｊリート　ＥＴＦ,iShares Core Japan REIT ETF,99,その他,9999,その他,-,0109,その他
2025-02-05,14770,ブラックロック・ジャパン株式会社　ｉシェアーズ　ＭＳＣＩ　日本株最小分散　ＥＴＦ,iShares MSCI Japan Minimum Volatility (ex-REITs) ETF,99,その他,9999,その他,-,0109,その他
2025-02-05,14780,ブラックロック・ジャパン株式会社　ｉシェアーズ　ＭＳＣＩ　ジャパン高配当利回り　ＥＴＦ,iShares MSCI Japan High Dividend ETF,99,その他,9999,その他,-,0109,その他
2025-02-05,14790,大和アセットマネジメント株式会社　ｉＦｒｅｅＥＴＦ　ＭＳＣＩ日本株人材設備投資指数,iFreeETF MSCI Japan Human and Physical Investment Index,99,その他,9999,その他,-,0109,その他
2025-02-05,147A0,ソラコム,"SORACOM,INC.",10,情報通信・サービスその他,5250,情報･通信業,-,0113,グロース
2025-02-05,14800,野村アセットマネジメント株式会社　ＮＥＸＴ　ＦＵＮＤＳ　野村企業価値分配指数連動型上場投信,NEXT FUNDS Nomura Enterprise Value Allocation Index Exchange Traded Fund,99,その他,9999,その他,-,0109,その他
2025-02-05,14810,日興アセットマネジメント株式会社　上場インデックスファンド日本経済貢献株,Listed Index Fund Japanese Economy Contributor Stocks,99,その他,9999,その他,-,0109,その他
2025-02-05,14820,ブラックロック・ジャパン株式会社　ｉシェアーズ・コア　米国債７−１０年　ＥＴＦ（為替ヘッジあり）,iShares Core 7-10 Year US Treasury Bond JPY Hedged ETF,99,その他,9999,その他,-,0109,その他
2025-02-05,14830,ブラックロック・ジャパン株式会社　ｉシェアーズ　ＪＰＸ／Ｓ＆Ｐ設備・人材投資　ＥＴＦ,iShares JPX/S&P CAPEX & Human Capital ETF,99,その他,9999,その他,-,0109,その他
2025-02-05,14840,アセットマネジメントＯｎｅ株式会社　Ｏｎｅ　ＥＴＦ　ＪＰＸ／Ｓ＆Ｐ　設備・人材投資指数,One ETF JPX/S&P CAPEX & Human Capital Index,99,その他,9999,その他,-,0109,その他
2025-02-05,14850,三菱ＵＦＪアセットマネジメント株式会社　ＭＡＸＩＳ　ＪＡＰＡＮ　設備・人材積極投資企業２００上場投信,MAXIS JAPAN Proactive Investment in Physical and Human Capital 200 Index ETF,99,その他,9999,その他,-,0109,その他
2025-02-05,14860,日興アセットマネジメント株式会社　上場インデックスファンド米国債券（為替ヘッジなし）,Listed Index Fund US Bond (No Currency Hedge),99,その他,9999,その他,-,0109,その他
2025-02-05,14870,日興アセットマネジメント株式会社　上場インデックスファンド米国債券（為替ヘッジあり）,Listed Index Fund US Bond (Currency Hedge),99,その他,9999,その他,-,0109,その他
2025-02-05,14880,大和アセットマネジメント株式会社　ｉＦｒｅｅＥＴＦ　東証ＲＥＩＴ指数,iFreeETF Tokyo Stock Exchange REIT Index,99,その他,9999,その他,-,0109,その他
2025-02-05,14890,野村アセットマネジメント株式会社　ＮＥＸＴ　ＦＵＮＤＳ　日経平均高配当株５０指数連動型上場投信,NEXT FUNDS Nikkei 225 High Dividend Yield Stock 50 Index Exchange Traded Fund,99,その他,9999,その他,-,0109,その他
2025-02-05,148A0,ハッチ・ワーク,"HATCH WORK CO.,LTD.",10,情報通信・サービスその他,5250,情報･通信業,-,0113,グロース
2025-02-05,14900,日興アセットマネジメント株式会社　上場インデックスファンドＭＳＣＩ日本株高配当低ボラティリティ（βヘッジ）,Listed Index Fund MSCI Japan Equity High Dividend Low Volatility (Beta Hedged),99,その他,9999,その他,-,0109,その他
2025-02-05,14910,中外鉱業,"Chugai Mining Co.,Ltd.",7,鉄鋼・非鉄,3500,非鉄金属,-,0112,スタンダード
2025-02-05,14930,アセットマネジメントＯｎｅ株式会社　Ｏｎｅ　ＥＴＦ　ＪＰＸ日経中小型,One ETF JPX-Nikkei Mid Small,99,その他,9999,その他,-,0109,その他
2025-02-05,14940,アセットマネジメントＯｎｅ株式会社　Ｏｎｅ　ＥＴＦ　高配当日本株,One ETF High Dividend Japan Equity,99,その他,9999,その他,-,0109,その他
2025-02-05,14950,日興アセットマネジメント株式会社　上場インデックスファンドアジアリート,Listed Index Fund Asian REIT,99,その他,9999,その他,-,0109,その他
2025-02-05,14960,ブラックロック・ジャパン株式会社　ｉシェアーズ　米ドル建て投資適格社債　ＥＴＦ（為替ヘッジあり）,iShares USD Investment Grade Corporate Bond JPY Hedged ETF,99,その他,9999,その他,-,0109,その他
2025-02-05,14970,ブラックロック・ジャパン株式会社　ｉシェアーズ　米ドル建てハイイールド社債　ＥＴＦ（為替ヘッジあり）,iShares USD High Yield Corporate Bond JPY Hedged ETF,99,その他,9999,その他,-,0109,その他
2025-02-05,14980,アセットマネジメントＯｎｅ株式会社　Ｏｎｅ　ＥＴＦ　ＥＳＧ,One ETF ESG,99,その他,9999,その他,-,0109,その他
2025-02-05,14990,三菱ＵＦＪアセットマネジメント株式会社　ＭＡＸＩＳ日本株高配当７０マーケットニュートラル上場投信,MAXIS Japan Equity High Dividend 70 Market Neutral ETF,99,その他,9999,その他,-,0109,その他
2025-02-05,149A0,シンカ,"Thinca Co.,Ltd.",10,情報通信・サービスその他,5250,情報･通信業,-,0113,グロース
2025-02-05,150A0,ＪＳＨ,"JSH Co.,Ltd.",10,情報通信・サービスその他,9050,サービス業,-,0113,グロース
2025-02-05,15140,住石ホールディングス,"Sumiseki Holdings,Inc.",2,エネルギー資源,1050,鉱業,TOPIX Small 1,0112,スタンダード
2025-02-05,15150,日鉄鉱業,"Nittetsu Mining Co.,Ltd.",2,エネルギー資源,1050,鉱業,TOPIX Small 1,0111,プライム
2025-02-05,15180,三井松島ホールディングス,"MITSUI MATSUSHIMA HOLDINGS CO.,LTD.",10,情報通信・サービスその他,3800,その他製品,TOPIX Small 1,0111,プライム
2025-02-05,151A0,ダイブ,Dive Inc.,10,情報通信・サービスその他,9050,サービス業,-,0113,グロース
2025-02-05,152A0,オプティ,"OPTY CO.,LTD.",13,商社・卸売,6050,卸売業,-,0105,TOKYO PRO MARKET
2025-02-05,153A0,カウリス,Caulis Inc.,10,情報通信・サービスその他,5250,情報･通信業,-,0113,グロース
2025-02-05,15400,三菱ＵＦＪ信託銀行株式会社　純金上場信託（現物国内保管型）,Japan Physical Gold ETF,99,その他,9999,その他,-,0109,その他
2025-02-05,15410,三菱ＵＦＪ信託銀行株式会社　純プラチナ上場信託（現物国内保管型）,Japan Physical Platinum ETF,99,その他,9999,その他,-,0109,その他
2025-02-05,15420,三菱ＵＦＪ信託銀行株式会社　純銀上場信託（現物国内保管型）,Japan Physical Silver ETF,99,その他,9999,その他,-,0109,その他
2025-02-05,15430,三菱ＵＦＪ信託銀行株式会社　純パラジウム上場信託（現物国内保管型）,Japan Physical Palladium ETF,99,その他,9999,その他,-,0109,その他
2025-02-05,15450,野村アセットマネジメント株式会社　ＮＥＸＴ　ＦＵＮＤＳ　ＮＡＳＤＡＱ−１００（為替ヘッジなし）連動型上場投信,NEXT FUNDS NASDAQ-100(R) (Unhedged) Exchange Traded Fund,99,その他,9999,その他,-,0109,その他
2025-02-05,15460,野村アセットマネジメント株式会社　ＮＥＸＴ　ＦＵＮＤＳ　ダウ・ジョーンズ工業株３０種平均株価（為替ヘッジなし）連動型上場投信,NEXT FUNDS DJIA (Unhedged) Exchange Traded Fund,99,その他,9999,その他,-,0109,その他
2025-02-05,15470,日興アセットマネジメント株式会社　上場インデックスファンド米国株式（Ｓ＆Ｐ５００）,Listed Index Fund US Equity (S&P500),99,その他,9999,その他,-,0109,その他
2025-02-05,154A0,ＧＡＩＡ,GAIA Inc.,16,金融（除く銀行）,7200,その他金融業,-,0105,TOKYO PRO MARKET
2025-02-05,15500,三菱ＵＦＪアセットマネジメント株式会社　ＭＡＸＩＳ　海外株式（ＭＳＣＩコクサイ）上場投信,MAXIS Global Equity (MSCI Kokusai) ETF,99,その他,9999,その他,-,0109,その他
2025-02-05,15510,シンプレクス・アセット・マネジメント株式会社　東証スタンダードＴＯＰ２０ＥＴＦ,TSE Standard Top 20 ETF,99,その他,9999,その他,-,0109,その他
2025-02-05,15540,日興アセットマネジメント株式会社　上場インデックスファンド世界株式（ＭＳＣＩ　ＡＣＷＩ）除く日本,Listed Index Fund World Equity (MSCI ACWI) ex Japan,99,その他,9999,その他,-,0109,その他
2025-02-05,15550,日興アセットマネジメント株式会社　上場インデックスファンド豪州リート（Ｓ＆Ｐ／ＡＳＸ２００　Ａ−ＲＥＩＴ）,Listed Index Fund Australian REIT (S&P/ASX200 A-REIT),99,その他,9999,その他,-,0109,その他
2025-02-05,15570,ステート・ストリート・グローバル・アドバイザーズ・トラスト・カンパニー　ＳＰＤＲ　Ｓ＆Ｐ５００　ＥＴＦ,SPDR S&P500 ETF Trust,99,その他,9999,その他,-,0109,その他
2025-02-05,15590,野村アセットマネジメント株式会社　ＮＥＸＴ　ＦＵＮＤＳ　タイ株式ＳＥＴ５０指数連動型上場投信,NEXT FUNDS Thai Stock SET50 Exchange Traded Fund,99,その他,9999,その他,-,0109,その他
2025-02-05,155A0,情報戦略テクノロジー,"Information Strategy and Technology Co.,Ltd.",10,情報通信・サービスその他,5250,情報･通信業,-,0113,グロース
2025-02-05,15600,野村アセットマネジメント株式会社　ＮＥＸＴ　ＦＵＮＤＳ　ＦＴＳＥブルサ・マレーシアＫＬＣＩ連動型上場投信,NEXT FUNDS FTSE Bursa Malaysia KLCI Exchange Traded Fund,99,その他,9999,その他,-,0109,その他
2025-02-05,15630,シンプレクス・アセット・マネジメント株式会社　東証グロース・コアＥＴＦ,TSE Growth Core ETF,99,その他,9999,その他,-,0109,その他
2025-02-05,15660,日興アセットマネジメント株式会社　上場インデックスファンド新興国債券,Listed Index Fund Emerging Bond,99,その他,9999,その他,-,0109,その他
2025-02-05,15680,シンプレクス・アセット・マネジメント株式会社　ＴＯＰＩＸブル２倍上場投信,TOPIX Bull 2x ETF,99,その他,9999,その他,-,0109,その他
2025-02-05,15690,シンプレクス・アセット・マネジメント株式会社　ＴＯＰＩＸベア上場投信,TOPIX Bear -1x ETF,99,その他,9999,その他,-,0109,その他
2025-02-05,156A0,マテリアルグループ,Material Group Inc.,10,情報通信・サービスその他,9050,サービス業,-,0113,グロース
2025-02-05,15700,野村アセットマネジメント株式会社　ＮＥＸＴ　ＦＵＮＤＳ日経平均レバレッジ・インデックス連動型上場投信,NEXT FUNDS Nikkei 225 Leveraged Index Exchange Traded Fund,99,その他,9999,その他,-,0109,その他
2025-02-05,15710,野村アセットマネジメント株式会社　ＮＥＸＴ　ＦＵＮＤＳ日経平均インバース・インデックス連動型上場投信,NEXT FUNDS Nikkei 225 Inverse Index Exchange Traded Fund,99,その他,9999,その他,-,0109,その他
2025-02-05,15720,シンプレクス・アセット・マネジメント株式会社　中国Ｈ株ブル２倍上場投信,China Bull 2x HSCEI ETF,99,その他,9999,その他,-,0109,その他
2025-02-05,15730,シンプレクス・アセット・マネジメント株式会社　中国Ｈ株ベア上場投信,China Bear -1x HSCEI ETF,99,その他,9999,その他,-,0109,その他
2025-02-05,15770,野村アセットマネジメント株式会社　ＮＥＸＴ　ＦＵＮＤＳ　野村日本株高配当７０連動型上場投信,NEXT FUNDS Nomura Japan Equity High Dividend 70 Exchange Traded Fund,99,その他,9999,その他,-,0109,その他
2025-02-05,15780,日興アセットマネジメント株式会社　上場インデックスファンド日経２２５（ミニ）,Listed Index Fund Nikkei 225 (Mini),99,その他,9999,その他,-,0109,その他
2025-02-05,15790,シンプレクス・アセット・マネジメント株式会社　日経平均ブル２倍上場投信,Nikkei 225 Bull 2x ETF,99,その他,9999,その他,-,0109,その他
2025-02-05,157A0,グリーンモンスター,Green Monster Inc.,10,情報通信・サービスその他,9050,サービス業,-,0113,グロース
2025-02-05,15800,シンプレクス・アセット・マネジメント株式会社　日経平均ベア上場投信,Nikkei 225 Bear -1x ETF,99,その他,9999,その他,-,0109,その他
2025-02-05,15850,大和アセットマネジメント株式会社　ｉＦｒｅｅＥＴＦ　ＴＯＰＩＸ　Ｅｘ−Ｆｉｎａｎｃｉａｌｓ,iFreeETF TOPIX Ex-Financials,99,その他,9999,その他,-,0109,その他
2025-02-05,15860,日興アセットマネジメント株式会社　上場インデックスファンドＴＯＰＩＸ　Ｅｘ−Ｆｉｎａｎｃｉａｌｓ,Listed Index Fund TOPIX Ex-Financials,99,その他,9999,その他,-,0109,その他
2025-02-05,158A0,エクセリ,"Exseli Co,Ltd.",14,小売,6100,小売業,-,0105,TOKYO PRO MARKET
2025-02-05,15910,野村アセットマネジメント株式会社　ＮＥＸＴ　ＦＵＮＤＳ　ＪＰＸ日経インデックス４００連動型上場投信,NEXT FUNDS JPX-Nikkei Index 400 Exchange Traded Fund,99,その他,9999,その他,-,0109,その他
2025-02-05,15920,日興アセットマネジメント株式会社　上場インデックスファンドＪＰＸ日経インデックス４００,Listed Index Fund JPX-Nikkei Index 400,99,その他,9999,その他,-,0109,その他
2025-02-05,15930,三菱ＵＦＪアセットマネジメント株式会社　ＭＡＸＩＳ　ＪＰＸ日経インデックス４００上場投信,MAXIS JPX-Nikkei Index 400 ETF,99,その他,9999,その他,-,0109,その他
2025-02-05,15950,農林中金全共連アセットマネジメント株式会社　ＮＺＡＭ　上場投信　東証ＲＥＩＴ指数,NZAM ETF J-REIT Index,99,その他,9999,その他,-,0109,その他
2025-02-05,15960,農林中金全共連アセットマネジメント株式会社　ＮＺＡＭ　上場投信　ＴＯＰＩＸ　Ｅｘ−Ｆｉｎａｎｃｉａｌｓ,NZAM ETF TOPIX Ex-Financials,99,その他,9999,その他,-,0109,その他
2025-02-05,15970,三菱ＵＦＪアセットマネジメント株式会社　ＭＡＸＩＳ　Ｊリート上場投信,MAXIS J-REIT ETF,99,その他,9999,その他,-,0109,その他
2025-02-05,15990,大和アセットマネジメント株式会社　ｉＦｒｅｅＥＴＦ　ＪＰＸ日経４００,iFreeETF JPX-Nikkei400,99,その他,9999,その他,-,0109,その他
2025-02-05,159A0,野村アセットマネジメント株式会社　ＮＥＸＴ　ＦＵＮＤＳ　ＪＰＸプライム１５０指数連動型上場投信,NEXT FUNDS JPX Prime 150 Index Exchange Traded Fund,99,その他,9999,その他,-,0109,その他
2025-02-05,16050,ＩＮＰＥＸ,INPEX CORPORATION,2,エネルギー資源,1050,鉱業,TOPIX Mid400,0111,プライム
2025-02-05,160A0,アズパートナーズ,"As Partners CO.,LTD.",10,情報通信・サービスその他,9050,サービス業,-,0112,スタンダード
2025-02-05,16150,野村アセットマネジメント株式会社　ＮＥＸＴ　ＦＵＮＤＳ　東証銀行業株価指数連動型上場投信,NEXT FUNDS TOPIX Banks Exchange Traded Fund,99,その他,9999,その他,-,0109,その他
2025-02-05,16170,野村アセットマネジメント株式会社　ＮＥＸＴ　ＦＵＮＤＳ　食品（ＴＯＰＩＸ−１７）上場投信,NEXT FUNDS TOPIX-17 FOODS ETF,99,その他,9999,その他,-,0109,その他
2025-02-05,16180,野村アセットマネジメント株式会社　ＮＥＸＴ　ＦＵＮＤＳ　エネルギー資源（ＴＯＰＩＸ−１７）上場投信,NEXT FUNDS TOPIX-17 ENERGY RESOURCES ETF,99,その他,9999,その他,-,0109,その他
2025-02-05,16190,野村アセットマネジメント株式会社　ＮＥＸＴ　ＦＵＮＤＳ　建設・資材（ＴＯＰＩＸ−１７）上場投信,NEXT FUNDS TOPIX-17 CONSTRUCTION & MATERIALS ETF,99,その他,9999,その他,-,0109,その他
2025-02-05,161A0,三葉,"Mitsuba Co.,Ltd.",10,情報通信・サービスその他,9050,サービス業,-,0105,TOKYO PRO MARKET
2025-02-05,16200,野村アセットマネジメント株式会社　ＮＥＸＴ　ＦＵＮＤＳ　素材・化学（ＴＯＰＩＸ−１７）上場投信,NEXT FUNDS TOPIX-17 RAW MATERIALS & CHEMICALS ETF,99,その他,9999,その他,-,0109,その他
2025-02-05,16210,野村アセットマネジメント株式会社　ＮＥＸＴ　ＦＵＮＤＳ　医薬品（ＴＯＰＩＸ−１７）上場投信,NEXT FUNDS TOPIX-17 PHARMACEUTICAL ETF,99,その他,9999,その他,-,0109,その他
2025-02-05,16220,野村アセットマネジメント株式会社　ＮＥＸＴ　ＦＵＮＤＳ　自動車・輸送機（ＴＯＰＩＸ−１７）上場投信,NEXT FUNDS TOPIX-17 AUTOMOBILES TRANSPORTATION EQUIPMENT ETF,99,その他,9999,その他,-,0109,その他
2025-02-05,16230,野村アセットマネジメント株式会社　ＮＥＸＴ　ＦＵＮＤＳ　鉄鋼・非鉄（ＴＯＰＩＸ−１７）上場投信,NEXT FUNDS TOPIX-17 STEEL & NONFERROUS ETF,99,その他,9999,その他,-,0109,その他
2025-02-05,16240,野村アセットマネジメント株式会社　ＮＥＸＴ　ＦＵＮＤＳ　機械（ＴＯＰＩＸ−１７）上場投信,NEXT FUNDS TOPIX-17 MACHINERY ETF,99,その他,9999,その他,-,0109,その他
2025-02-05,16250,野村アセットマネジメント株式会社　ＮＥＸＴ　ＦＵＮＤＳ　電機・精密（ＴＯＰＩＸ−１７）上場投信,NEXT FUNDS TOPIX-17 ELECTRIC & PRECISION INSTRUMENTS ETF,99,その他,9999,その他,-,0109,その他
2025-02-05,16260,野村アセットマネジメント株式会社　ＮＥＸＴ　ＦＵＮＤＳ　情報通信・サービスその他（ＴＯＰＩＸ−１７）上場投信,"NEXT FUNDS TOPIX-17 IT & SERVICES,OTHERS ETF",99,その他,9999,その他,-,0109,その他
2025-02-05,16270,野村アセットマネジメント株式会社　ＮＥＸＴ　ＦＵＮＤＳ　電力・ガス（ＴＯＰＩＸ−１７）上場投信,NEXT FUNDS TOPIX-17 ELECTRIC POWER & GAS ETF,99,その他,9999,その他,-,0109,その他
2025-02-05,16280,野村アセットマネジメント株式会社　ＮＥＸＴ　ＦＵＮＤＳ　運輸・物流（ＴＯＰＩＸ−１７）上場投信,NEXT FUNDS TOPIX-17 TRANSPORTATION & LOGISTICS ETF,99,その他,9999,その他,-,0109,その他
2025-02-05,16290,野村アセットマネジメント株式会社　ＮＥＸＴ　ＦＵＮＤＳ　商社・卸売（ＴＯＰＩＸ−１７）上場投信,NEXT FUNDS TOPIX-17 COMMERCIAL & WHOLESALE TRADE ETF,99,その他,9999,その他,-,0109,その他
2025-02-05,162A0,三菱ＵＦＪ証券ホールディングス株式会社　ＡＩセレクトメガトレンド　日本株（ネットリターン）ＥＴＮ,AI Select Megatrend Japan Equity Net Return ETN,99,その他,9999,その他,-,0109,その他
2025-02-05,16300,野村アセットマネジメント株式会社　ＮＥＸＴ　ＦＵＮＤＳ　小売（ＴＯＰＩＸ−１７）上場投信,NEXT FUNDS TOPIX-17 RETAIL TRADE ETF,99,その他,9999,その他,-,0109,その他
2025-02-05,16310,野村アセットマネジメント株式会社　ＮＥＸＴ　ＦＵＮＤＳ　銀行（ＴＯＰＩＸ−１７）上場投信,NEXT FUNDS TOPIX-17 BANKS ETF,99,その他,9999,その他,-,0109,その他
2025-02-05,16320,野村アセットマネジメント株式会社　ＮＥＸＴ　ＦＵＮＤＳ　金融（除く銀行）（ＴＯＰＩＸ−１７）上場投信,NEXT FUNDS TOPIX-17 FINANCIALS (EX BANKS) ETF,99,その他,9999,その他,-,0109,その他
2025-02-05,16330,野村アセットマネジメント株式会社　ＮＥＸＴ　ＦＵＮＤＳ　不動産（ＴＯＰＩＸ−１７）上場投信,NEXT FUNDS TOPIX-17 REAL ESTATE ETF,99,その他,9999,その他,-,0109,その他
2025-02-05,163A0,三菱ＵＦＪ証券ホールディングス株式会社　半導体フォーカス　日本株（ネットリターン）ＥＴＮ,Semiconductor Focus Japan Equity Net Return ETN,99,その他,9999,その他,-,0109,その他
2025-02-05,164A0,アップルパーク,"Applepark.CO.,LTD.",17,不動産,8050,不動産業,-,0105,TOKYO PRO MARKET
2025-02-05,16510,大和アセットマネジメント株式会社　ｉＦｒｅｅＥＴＦ　ＴＯＰＩＸ高配当４０指数,iFreeETF TOPIX High Dividend Yield 40 Index,99,その他,9999,その他,-,0109,その他
2025-02-05,16520,大和アセットマネジメント株式会社　ｉＦｒｅｅＥＴＦ　ＭＳＣＩ日本株女性活躍指数（ＷＩＮ）,iFreeETF MSCI Japan Empowering Women Index (WIN),99,その他,9999,その他,-,0109,その他
2025-02-05,16530,大和アセットマネジメント株式会社　ｉＦｒｅｅＥＴＦ　ＭＳＣＩジャパンＥＳＧセレクト・リーダーズ指数,iFreeETF MSCI Japan ESG Select Leaders Index,99,その他,9999,その他,-,0109,その他
2025-02-05,16540,大和アセットマネジメント株式会社　ｉＦｒｅｅＥＴＦ　ＦＴＳＥ　Ｂｌｏｓｓｏｍ　Ｊａｐａｎ　Ｉｎｄｅｘ,iFreeETF FTSE Blossom Japan Index,99,その他,9999,その他,-,0109,その他
2025-02-05,16550,ブラックロック・ジャパン株式会社　ｉシェアーズ　Ｓ＆Ｐ　５００　米国株　ＥＴＦ,iShares S&P 500 ETF,99,その他,9999,その他,-,0109,その他
2025-02-05,16560,ブラックロック・ジャパン株式会社　ｉシェアーズ・コア　米国債７−１０年　ＥＴＦ,iShares Core 7-10 Year US Treasury Bond ETF,99,その他,9999,その他,-,0109,その他
2025-02-05,16570,ブラックロック・ジャパン株式会社　ｉシェアーズ・コア　ＭＳＣＩ　先進国株（除く日本）ＥＴＦ,iShares Core MSCI Kokusai ETF,99,その他,9999,その他,-,0109,その他
2025-02-05,16580,ブラックロック・ジャパン株式会社　ｉシェアーズ・コア　ＭＳＣＩ　新興国株　ＥＴＦ,iShares Core MSCI Emerging Markets IMI ETF,99,その他,9999,その他,-,0109,その他
2025-02-05,16590,ブラックロック・ジャパン株式会社　ｉシェアーズ　米国リート　ＥＴＦ,iShares US REIT ETF,99,その他,9999,その他,-,0109,その他
2025-02-05,165A0,ＳＢＩレオスひふみ,SBI RHEOS HIFUMI Inc.,16,金融（除く銀行）,7100,証券･商品先物取引業,-,0113,グロース
2025-02-05,16600,三菱ＵＦＪアセットマネジメント株式会社　ＭＡＸＩＳ高利回りＪリート上場投信,MAXIS High Yield J-REIT ETF,99,その他,9999,その他,-,0109,その他
2025-02-05,16620,石油資源開発,"Japan Petroleum Exploration Co.,Ltd.",2,エネルギー資源,1050,鉱業,TOPIX Small 1,0111,プライム
2025-02-05,16630,Ｋ＆Ｏエナジーグループ,K&O Energy Group Inc.,2,エネルギー資源,1050,鉱業,TOPIX Small 1,0111,プライム
2025-02-05,166A0,タスキホールディングス,TASUKI Holdings Inc.,17,不動産,8050,不動産業,-,0113,グロース
2025-02-05,16710,シンプレクス・アセット・マネジメント株式会社　ＷＴＩ原油価格連動型上場投信,Simplex WTI ETF,99,その他,9999,その他,-,0109,その他
2025-02-05,16720,ウィズダムツリー・メタル・セキュリティーズ・リミテッド　ＷｉｓｄｏｍＴｒｅｅ　金上場投資信託,WisdomTree Physical Gold Individual Securities,99,その他,9999,その他,-,0109,その他
2025-02-05,16730,ウィズダムツリー・メタル・セキュリティーズ・リミテッド　ＷｉｓｄｏｍＴｒｅｅ　銀上場投資信託,WisdomTree Physical Silver Individual Securities,99,その他,9999,その他,-,0109,その他
2025-02-05,16740,ウィズダムツリー・メタル・セキュリティーズ・リミテッド　ＷｉｓｄｏｍＴｒｅｅ　白金上場投資信託,WisdomTree Physical Platinum Individual Securities,99,その他,9999,その他,-,0109,その他
2025-02-05,16750,ウィズダムツリー・メタル・セキュリティーズ・リミテッド　ＷｉｓｄｏｍＴｒｅｅ　パラジウム上場投資信託,WisdomTree Physical Palladium Individual Securities,99,その他,9999,その他,-,0109,その他
2025-02-05,16760,ウィズダムツリー・メタル・セキュリティーズ・リミテッド　ＷｉｓｄｏｍＴｒｅｅ　貴金属バスケット上場投資信託,WisdomTree Physical Precious Metals Basket Securities,99,その他,9999,その他,-,0109,その他
2025-02-05,16770,日興アセットマネジメント株式会社　上場インデックスファンド海外債券（ＦＴＳＥ　ＷＧＢＩ）毎月分配型,Listed Index Fund International Bond (FTSE WGBI) Monthly Dividend Payment Type,99,その他,9999,その他,-,0109,その他
2025-02-05,16780,野村アセットマネジメント株式会社　ＮＥＸＴ　ＦＵＮＤＳ　インド株式指数・Ｎｉｆｔｙ　５０　連動型上場投信,NEXT FUNDS Nifty 50 Linked Exchange Traded Fund,99,その他,9999,その他,-,0109,その他
2025-02-05,16790,シンプレクス・アセット・マネジメント株式会社　Ｓｉｍｐｌｅ−Ｘ　ＮＹ　ダウ・ジョーンズ・インデックス上場投信,Simple-X NY Dow Jones Index ETF,99,その他,9999,その他,-,0109,その他
2025-02-05,167A0,リョーサン菱洋ホールディングス,"Ryoyo Ryosan Holdings,Inc.",13,商社・卸売,6050,卸売業,TOPIX Small 1,0111,プライム
2025-02-05,16800,日興アセットマネジメント株式会社　上場インデックスファンド海外先進国株式（ＭＳＣＩ−ＫＯＫＵＳＡＩ）,Listed Index Fund International Developed Countries Equity (MSCI-KOKUSAI),99,その他,9999,その他,-,0109,その他
2025-02-05,16810,日興アセットマネジメント株式会社　上場インデックスファンド海外新興国株式（ＭＳＣＩ　エマージング）,Listed Index Fund International Emerging Countries Equity (MSCI EMERGING),99,その他,9999,その他,-,0109,その他
2025-02-05,16840,ウィズダムツリー・コモディティ・セキュリティーズ・リミテッド　ＷｉｓｄｏｍＴｒｅｅ　ブロード上場投資信託,WisdomTree Broad Commodities,99,その他,9999,その他,-,0109,その他
2025-02-05,16850,ウィズダムツリー・コモディティ・セキュリティーズ・リミテッド　ＷｉｓｄｏｍＴｒｅｅ　エネルギー上場投資信託,WisdomTree Energy,99,その他,9999,その他,-,0109,その他
2025-02-05,16860,ウィズダムツリー・コモディティ・セキュリティーズ・リミテッド　ＷｉｓｄｏｍＴｒｅｅ　産業用金属上場投資信託,WisdomTree Industrial Metals,99,その他,9999,その他,-,0109,その他
2025-02-05,16870,ウィズダムツリー・コモディティ・セキュリティーズ・リミテッド　ＷｉｓｄｏｍＴｒｅｅ　農産物上場投資信託,WisdomTree Agriculture,99,その他,9999,その他,-,0109,その他
2025-02-05,16880,ウィズダムツリー・コモディティ・セキュリティーズ・リミテッド　ＷｉｓｄｏｍＴｒｅｅ　穀物上場投資信託,WisdomTree Grains,99,その他,9999,その他,-,0109,その他
2025-02-05,16890,ウィズダムツリー・コモディティ・セキュリティーズ・リミテッド　ＷｉｓｄｏｍＴｒｅｅ　天然ガス上場投資信託,WisdomTree Natural Gas,99,その他,9999,その他,-,0109,その他
2025-02-05,168A0,イタミアート,itamiarts inc.,10,情報通信・サービスその他,3800,その他製品,-,0113,グロース
2025-02-05,16900,ウィズダムツリー・コモディティ・セキュリティーズ・リミテッド　ＷｉｓｄｏｍＴｒｅｅ　ＷＴＩ　原油上場投資信託,WisdomTree WTI Crude Oil,99,その他,9999,その他,-,0109,その他
2025-02-05,16910,ウィズダムツリー・コモディティ・セキュリティーズ・リミテッド　ＷｉｓｄｏｍＴｒｅｅ　ガソリン上場投資信託,WisdomTree Gasoline,99,その他,9999,その他,-,0109,その他
2025-02-05,16920,ウィズダムツリー・コモディティ・セキュリティーズ・リミテッド　ＷｉｓｄｏｍＴｒｅｅ　アルミニウム上場投資信託,WisdomTree Aluminium,99,その他,9999,その他,-,0109,その他
2025-02-05,16930,ウィズダムツリー・コモディティ・セキュリティーズ・リミテッド　ＷｉｓｄｏｍＴｒｅｅ　銅上場投資信託,WisdomTree Copper,99,その他,9999,その他,-,0109,その他
2025-02-05,16940,ウィズダムツリー・コモディティ・セキュリティーズ・リミテッド　ＷｉｓｄｏｍＴｒｅｅ　ニッケル上場投資信託,WisdomTree Nickel,99,その他,9999,その他,-,0109,その他
2025-02-05,16950,ウィズダムツリー・コモディティ・セキュリティーズ・リミテッド　ＷｉｓｄｏｍＴｒｅｅ　小麦上場投資信託,WisdomTree Wheat,99,その他,9999,その他,-,0109,その他
2025-02-05,16960,ウィズダムツリー・コモディティ・セキュリティーズ・リミテッド　ＷｉｓｄｏｍＴｒｅｅ　とうもろこし上場投資信託,WisdomTree Corn,99,その他,9999,その他,-,0109,その他
2025-02-05,16970,ウィズダムツリー・コモディティ・セキュリティーズ・リミテッド　ＷｉｓｄｏｍＴｒｅｅ　大豆上場投資信託,WisdomTree Soybeans,99,その他,9999,その他,-,0109,その他
2025-02-05,16980,日興アセットマネジメント株式会社　上場インデックスファンド日本高配当（東証配当フォーカス１００）,Listed Index Fund Japan High Dividend (TSE Dividend Focus 100),99,その他,9999,その他,-,0109,その他
2025-02-05,16990,野村アセットマネジメント株式会社　ＮＥＸＴ　ＦＵＮＤＳ　ＮＯＭＵＲＡ　原油インデックス連動型上場投信,NEXT FUNDS NOMURA Crude Oil Long Index Linked Exchange Traded Fund,99,その他,9999,その他,-,0109,その他
2025-02-05,170A0,三井住友トラスト・アセットマネジメント株式会社　ＳＭＴ　ＥＴＦ日本好配当株アクティブ,SMT ETF Japan Equity Income Strategy Active,99,その他,9999,その他,-,0109,その他
2025-02-05,17110,ＳＤＳホールディングス,"SDS HOLDINGS Co.,Ltd.",3,建設・資材,2050,建設業,-,0112,スタンダード
2025-02-05,17120,ダイセキ環境ソリューション,"Daiseki Eco.Solution Co.,Ltd.",3,建設・資材,2050,建設業,-,0112,スタンダード
2025-02-05,17160,第一カッター興業,DAI-ICHI CUTTER KOGYO K.K.,3,建設・資材,2050,建設業,TOPIX Small 2,0112,スタンダード
2025-02-05,17170,明豊ファシリティワークス,Meiho Facility Works Ltd.,10,情報通信・サービスその他,9050,サービス業,-,0112,スタンダード
2025-02-05,17180,美樹工業,"MIKIKOGYO CO.,LTD.",3,建設・資材,2050,建設業,-,0112,スタンダード
2025-02-05,17190,安藤・間,HAZAMA ANDO CORPORATION,3,建設・資材,2050,建設業,TOPIX Small 1,0111,プライム
2025-02-05,171A0,ゼロジャパン,"ZEROJAPAN.Co.,Ltd",13,商社・卸売,6050,卸売業,-,0105,TOKYO PRO MARKET
2025-02-05,17200,東急建設,"TOKYU CONSTRUCTION CO., LTD.",3,建設・資材,2050,建設業,TOPIX Small 1,0111,プライム
2025-02-05,17210,コムシスホールディングス,COMSYS Holdings Corporation,3,建設・資材,2050,建設業,TOPIX Mid400,0111,プライム
2025-02-05,17230,日本電技,"NIHON DENGI CO.,LTD.",3,建設・資材,2050,建設業,-,0112,スタンダード
2025-02-05,17240,シンクレイヤ,SYNCLAYER INC.,3,建設・資材,2050,建設業,-,0112,スタンダード
2025-02-05,17260,ビーアールホールディングス,Br.Holdings Corporation,3,建設・資材,2050,建設業,TOPIX Small 2,0111,プライム
2025-02-05,172A0,ネオホーム,"NEO HOME Co.,Ltd.",17,不動産,8050,不動産業,-,0105,TOKYO PRO MARKET
2025-02-05,17300,麻生フオームクリート,"ASO FOAM CRETE Co.,Ltd.",3,建設・資材,2050,建設業,-,0112,スタンダード
2025-02-05,17360,オーテック,OTEC CORPORATION,3,建設・資材,2050,建設業,-,0112,スタンダード
2025-02-05,173A0,ハンモック,Hammock Inc.,10,情報通信・サービスその他,5250,情報･通信業,-,0113,グロース
2025-02-05,17430,コーアツ工業,"KOATSU KOGYO CO.,LTD.",3,建設・資材,2050,建設業,-,0112,スタンダード
2025-02-05,174A0,エージェンテック,"AGENTEC Co.,Ltd.",10,情報通信・サービスその他,5250,情報･通信業,-,0105,TOKYO PRO MARKET
2025-02-05,17570,創建エース,"Souken Ace Co.,Ltd.",3,建設・資材,2050,建設業,-,0112,スタンダード
2025-02-05,17580,太洋基礎工業,"Taiyo Kisokogyo Co.,Ltd.",3,建設・資材,2050,建設業,-,0112,スタンダード
2025-02-05,175A0,Ｗｉｌｌ　Ｓｍａｒｔ,"Will Smart Co.,LTD.",10,情報通信・サービスその他,5250,情報･通信業,-,0113,グロース
2025-02-05,17620,高松コンストラクショングループ,"TAKAMATSU CONSTRUCTION GROUP CO.,LTD.",3,建設・資材,2050,建設業,TOPIX Small 2,0111,プライム
2025-02-05,17640,工藤建設,KUDO CORPORATION,3,建設・資材,2050,建設業,-,0112,スタンダード
2025-02-05,17660,東建コーポレーション,TOKEN CORPORATION,3,建設・資材,2050,建設業,TOPIX Small 1,0111,プライム
2025-02-05,17680,ソネック,SONEC CORPORATION,3,建設・資材,2050,建設業,-,0112,スタンダード
2025-02-05,176A0,レジル,Rezil Inc.,11,電気・ガス,4050,電気･ガス業,-,0113,グロース
2025-02-05,17700,藤田エンジニアリング,"FUJITA ENGINEERING CO.,LTD.",3,建設・資材,2050,建設業,-,0112,スタンダード
2025-02-05,17730,ワイ・ティー・エル・コーポレーション・バーハッド,YTL Corporation Berhad,3,建設・資材,2050,建設業,-,0111,プライム
2025-02-05,17760,三井住建道路,"SUMIKEN MITSUI ROAD CO., LTD.",3,建設・資材,2050,建設業,-,0112,スタンダード
2025-02-05,177A0,コージンバイオ,"Kohjin Bio Co.,Ltd.",4,素材・化学,3200,化学,-,0113,グロース
2025-02-05,17800,ヤマウラ,YAMAURA CORPORATION,3,建設・資材,2050,建設業,TOPIX Small 2,0111,プライム
2025-02-05,17830,ｆａｎｔａｓｉｓｔａ,"Fantasista Co.,Ltd.",17,不動産,8050,不動産業,-,0112,スタンダード
2025-02-05,17860,オリエンタル白石,Oriental Shiraishi Corporation,3,建設・資材,2050,建設業,TOPIX Small 2,0111,プライム
2025-02-05,17870,ナカボーテック,"Nakabohtec Corrosion Protecting Co.,Ltd.",3,建設・資材,2050,建設業,-,0112,スタンダード
2025-02-05,17880,三東工業社,SANTO CORPORATION,3,建設・資材,2050,建設業,-,0112,スタンダード
2025-02-05,178A0,Ｇｌｏｂａｌ　Ｘ　Ｊａｐａｎ株式会社　グローバルＸ　革新的優良企業　ＥＴＦ,Global X Innovative Bluechip Top 10+ ETF,99,その他,9999,その他,-,0109,その他
2025-02-05,17930,大本組,"OHMOTO GUMI CO.,LTD.",3,建設・資材,2050,建設業,-,0112,スタンダード
2025-02-05,17950,マサル,MASARU CORPORATION,3,建設・資材,2050,建設業,-,0112,スタンダード
2025-02-05,17980,守谷商会,MORIYA CORPORATION,3,建設・資材,2050,建設業,-,0112,スタンダード
2025-02-05,17990,第一建設工業,DAIICHI KENSETSU CORPORATION,3,建設・資材,2050,建設業,-,0112,スタンダード
2025-02-05,179A0,Ｇｌｏｂａｌ　Ｘ　Ｊａｐａｎ株式会社　グローバルＸ　超長期米国債　ＥＴＦ（為替ヘッジあり）,Global X 25+ Year T-Bond ETF (JPY Hedged),99,その他,9999,その他,-,0109,その他
2025-02-05,18010,大成建設,TAISEI CORPORATION,3,建設・資材,2050,建設業,TOPIX Mid400,0111,プライム
2025-02-05,18020,大林組,OBAYASHI CORPORATION,3,建設・資材,2050,建設業,TOPIX Mid400,0111,プライム
2025-02-05,18030,清水建設,SHIMIZU CORPORATION,3,建設・資材,2050,建設業,TOPIX Mid400,0111,プライム
2025-02-05,18070,佐藤渡辺,"WATANABE SATO CO.,LTD.",3,建設・資材,2050,建設業,-,0112,スタンダード
2025-02-05,18080,長谷工コーポレーション,HASEKO Corporation,3,建設・資材,2050,建設業,TOPIX Mid400,0111,プライム
2025-02-05,180A0,Ｇｌｏｂａｌ　Ｘ　Ｊａｐａｎ株式会社　グローバルＸ　超長期米国債　ＥＴＦ,Global X 25+ Year T-Bond ETF,99,その他,9999,その他,-,0109,その他
2025-02-05,18100,松井建設,"MATSUI CONSTRUCTION CO.,LTD.",3,建設・資材,2050,建設業,TOPIX Small 2,0112,スタンダード
2025-02-05,18110,錢高組,THE ZENITAKA CORPORATION,3,建設・資材,2050,建設業,-,0112,スタンダード
2025-02-05,18120,鹿島建設,KAJIMA CORPORATION,3,建設・資材,2050,建設業,TOPIX Mid400,0111,プライム
2025-02-05,18130,不動テトラ,Fudo Tetra Corporation,3,建設・資材,2050,建設業,TOPIX Small 2,0111,プライム
2025-02-05,18140,大末建設,"DAISUE CONSTRUCTION CO.,LTD.",3,建設・資材,2050,建設業,-,0111,プライム
2025-02-05,18150,鉄建建設,TEKKEN CORPORATION,3,建設・資材,2050,建設業,TOPIX Small 2,0111,プライム
2025-02-05,181A0,三菱ＵＦＪアセットマネジメント株式会社　ＭＡＸＩＳ米国国債１−３年上場投信（為替ヘッジなし）,MAXIS US Treasury Bond 1-3 Year ETF (Unhedged),99,その他,9999,その他,-,0109,その他
2025-02-05,18200,西松建設,"Nishimatsu Construction Co.,Ltd.",3,建設・資材,2050,建設業,TOPIX Mid400,0111,プライム
2025-02-05,18210,三井住友建設,"Sumitomo Mitsui Construction Co., Ltd.",3,建設・資材,2050,建設業,TOPIX Small 1,0111,プライム
2025-02-05,18220,大豊建設,DAIHO CORPORATION,3,建設・資材,2050,建設業,TOPIX Small 2,0112,スタンダード
2025-02-05,18260,佐田建設,"Sata Construction Co.,Ltd.",3,建設・資材,2050,建設業,-,0112,スタンダード
2025-02-05,18270,ナカノフドー建設,NAKANO CORPORATION,3,建設・資材,2050,建設業,-,0112,スタンダード
2025-02-05,18280,田辺工業,TANABE ENGINEERING CORPORATION,3,建設・資材,2050,建設業,-,0112,スタンダード
2025-02-05,182A0,三菱ＵＦＪアセットマネジメント株式会社　ＭＡＸＩＳ米国国債２０年超上場投信（為替ヘッジなし）,MAXIS US Treasury Bond 20+ Year ETF (Unhedged),99,その他,9999,その他,-,0109,その他
2025-02-05,18330,奥村組,OKUMURA CORPORATION,3,建設・資材,2050,建設業,TOPIX Small 1,0111,プライム
2025-02-05,18350,東鉄工業,"TOTETSU KOGYO CO.,LTD.",3,建設・資材,2050,建設業,TOPIX Small 1,0111,プライム
2025-02-05,183A0,三菱ＵＦＪアセットマネジメント株式会社　ＭＡＸＩＳ米国国債２０年超上場投信（為替ヘッジあり）,MAXIS US Treasury Bond 20+ Year ETF (JPY Hedged),99,その他,9999,その他,-,0109,その他
2025-02-05,18400,土屋ホールディングス,"TSUCHIYA HOLDINGS CO.,LTD.",3,建設・資材,2050,建設業,-,0112,スタンダード
2025-02-05,18410,サンユー建設,"SANYU CONSTRUCTION CO.,LTD.",3,建設・資材,2050,建設業,-,0112,スタンダード
2025-02-05,18440,大盛工業,"OHMORI CO.,LTD.",3,建設・資材,2050,建設業,-,0112,スタンダード
2025-02-05,18470,イチケン,"ICHIKEN Co.,Ltd.",3,建設・資材,2050,建設業,-,0112,スタンダード
2025-02-05,18480,富士ピー・エス,FUJI P.S CORPORATION,3,建設・資材,2050,建設業,-,0112,スタンダード
2025-02-05,184A0,学びエイド,"Manabi-aid Co.,Ltd.",10,情報通信・サービスその他,5250,情報･通信業,-,0113,グロース
2025-02-05,18500,南海辰村建設,"Nankai Tatsumura Construction Co.,Ltd.",3,建設・資材,2050,建設業,-,0112,スタンダード
2025-02-05,18520,淺沼組,ASANUMA CORPORATION,3,建設・資材,2050,建設業,TOPIX Small 1,0111,プライム
2025-02-05,18530,森組,"Mori-Gumi Co.,Ltd.",3,建設・資材,2050,建設業,-,0112,スタンダード
2025-02-05,185A0,リサイクルテック・ジャパン,Recycle Tech Japan CORPORATION,10,情報通信・サービスその他,9050,サービス業,-,0105,TOKYO PRO MARKET
2025-02-05,18600,戸田建設,TODA CORPORATION,3,建設・資材,2050,建設業,TOPIX Mid400,0111,プライム
2025-02-05,18610,熊谷組,"Kumagai Gumi Co.,Ltd.",3,建設・資材,2050,建設業,TOPIX Small 1,0111,プライム
2025-02-05,18660,北野建設,KITANO CONSTRUCTION CORP.,3,建設・資材,2050,建設業,-,0112,スタンダード
2025-02-05,18670,植木組,UEKI CORPORATION,3,建設・資材,2050,建設業,-,0112,スタンダード
2025-02-05,186A0,アストロスケールホールディングス,Astroscale Holdings Inc.,10,情報通信・サービスその他,9050,サービス業,-,0113,グロース
2025-02-05,18700,矢作建設工業,"YAHAGI CONSTRUCTION CO.,LTD.",3,建設・資材,2050,建設業,TOPIX Small 2,0111,プライム
2025-02-05,18710,ピーエス・コンストラクション,"PS Construction Co.,Ltd.",3,建設・資材,2050,建設業,TOPIX Small 2,0111,プライム
2025-02-05,18730,日本ハウスホールディングス,"NIHON HOUSE HOLDINGS CO.,LTD.",3,建設・資材,2050,建設業,TOPIX Small 2,0111,プライム
2025-02-05,18780,大東建託,"DAITO TRUST CONSTRUCTION CO.,LTD.",17,不動産,8050,不動産業,TOPIX Mid400,0111,プライム
2025-02-05,18790,新日本建設,SHINNIHON CORPORATION,3,建設・資材,2050,建設業,TOPIX Small 2,0111,プライム
2025-02-05,18820,東亜道路工業,TOA ROAD CORPORATION,3,建設・資材,2050,建設業,TOPIX Small 2,0111,プライム
2025-02-05,18840,日本道路,"THE NIPPON ROAD CO.,LTD.",3,建設・資材,2050,建設業,TOPIX Small 1,0111,プライム
2025-02-05,18850,東亜建設工業,TOA CORPORATION,3,建設・資材,2050,建設業,TOPIX Small 1,0111,プライム
2025-02-05,18870,日本国土開発,JDC CORPORATION,3,建設・資材,2050,建設業,TOPIX Small 2,0111,プライム
2025-02-05,18880,若築建設,"WAKACHIKU CONSTRUCTION CO.,LTD.",3,建設・資材,2050,建設業,TOPIX Small 2,0111,プライム
2025-02-05,188A0,Ｇｌｏｂａｌ　Ｘ　Ｊａｐａｎ株式会社　グローバルＸ　インド・トップ１０＋　ＥＴＦ,Global X India Top 10+ ETF,99,その他,9999,その他,-,0109,その他
2025-02-05,18900,東洋建設,"TOYO CONSTRUCTION CO.,LTD.",3,建設・資材,2050,建設業,TOPIX Small 1,0111,プライム
2025-02-05,18930,五洋建設,"PENTA-OCEAN CONSTRUCTION CO.,LTD.",3,建設・資材,2050,建設業,TOPIX Mid400,0111,プライム
2025-02-05,18970,金下建設,"The Kaneshita Construction Co.,Ltd.",3,建設・資材,2050,建設業,-,0112,スタンダード
2025-02-05,18980,世紀東急工業,"SEIKITOKYU KOGYO CO.,LTD.",3,建設・資材,2050,建設業,TOPIX Small 1,0111,プライム
2025-02-05,18990,福田組,FUKUDA CORPORATION,3,建設・資材,2050,建設業,TOPIX Small 2,0111,プライム
2025-02-05,189A0,Ｄ＆Ｍカンパニー,"D&M COMPANY CO.,LTD",10,情報通信・サービスその他,9050,サービス業,-,0113,グロース
2025-02-05,19040,大成温調,"TAISEI ONCHO CO.,LTD.",3,建設・資材,2050,建設業,-,0112,スタンダード
2025-02-05,19050,テノックス,TENOX CORPORATION,3,建設・資材,2050,建設業,-,0112,スタンダード
2025-02-05,19090,日本ドライケミカル,"Nippon Dry-Chemical CO.,LTD.",8,機械,3600,機械,-,0112,スタンダード
2025-02-05,190A0,Ｃｈｏｒｄｉａ　Ｔｈｅｒａｐｅｕｔｉｃｓ,Chordia Therapeutics Inc.,5,医薬品,3250,医薬品,-,0113,グロース
2025-02-05,19110,住友林業,"Sumitomo Forestry Co.,Ltd.",3,建設・資材,2050,建設業,TOPIX Mid400,0111,プライム
2025-02-05,19140,日本基礎技術,"JAPAN FOUNDATION ENGINEERING CO.,LTD.",3,建設・資材,2050,建設業,-,0112,スタンダード
2025-02-05,191A0,ミモザ,"MIMOSA CO.,LTD.",10,情報通信・サービスその他,9050,サービス業,-,0105,TOKYO PRO MARKET
2025-02-05,19210,巴コーポレーション,TOMOE CORPORATION,3,建設・資材,2050,建設業,-,0112,スタンダード
2025-02-05,19250,大和ハウス工業,"DAIWA HOUSE INDUSTRY CO.,LTD.",3,建設・資材,2050,建設業,TOPIX Large70,0111,プライム
2025-02-05,19260,ライト工業,"RAITO KOGYO CO.,LTD.",3,建設・資材,2050,建設業,TOPIX Small 1,0111,プライム
2025-02-05,19280,積水ハウス,"Sekisui House,Ltd.",3,建設・資材,2050,建設業,TOPIX Large70,0111,プライム
2025-02-05,19290,日特建設,"NITTOC CONSTRUCTION CO.,LTD.",3,建設・資材,2050,建設業,TOPIX Small 2,0111,プライム
2025-02-05,192A0,インテグループ,Integroup Inc.,10,情報通信・サービスその他,9050,サービス業,-,0113,グロース
2025-02-05,19300,北陸電気工事,"HOKURIKU ELECTRICAL CONSTRUCTION CO.,LTD.",3,建設・資材,2050,建設業,TOPIX Small 2,0111,プライム
2025-02-05,19340,ユアテック,YURTEC CORPORATION,3,建設・資材,2050,建設業,TOPIX Small 2,0111,プライム
2025-02-05,19380,日本リーテック,"NIPPON RIETEC CO.,LTD.",3,建設・資材,2050,建設業,TOPIX Small 2,0111,プライム
2025-02-05,19390,四電工,YONDENKO CORPORATION,3,建設・資材,2050,建設業,TOPIX Small 2,0111,プライム
2025-02-05,193A0,グローベルス,"Gro-Bels Co.,Ltd.",17,不動産,8050,不動産業,-,0105,TOKYO PRO MARKET
2025-02-05,19410,中電工,CHUDENKO CORPORATION,3,建設・資材,2050,建設業,TOPIX Small 1,0111,プライム
2025-02-05,19420,関電工,"KANDENKO CO.,LTD.",3,建設・資材,2050,建設業,TOPIX Mid400,0111,プライム
2025-02-05,19440,きんでん,KINDEN CORPORATION,3,建設・資材,2050,建設業,TOPIX Mid400,0111,プライム
2025-02-05,19450,東京エネシス,TOKYO ENERGY & SYSTEMS INC.,3,建設・資材,2050,建設業,TOPIX Small 2,0111,プライム
2025-02-05,19460,トーエネック,TOENEC CORPORATION,3,建設・資材,2050,建設業,TOPIX Small 2,0111,プライム
2025-02-05,19480,弘電社,"The Kodensha,Co.,Ltd.",3,建設・資材,2050,建設業,-,0112,スタンダード
2025-02-05,19490,住友電設,"SUMITOMO DENSETSU CO.,LTD.",3,建設・資材,2050,建設業,TOPIX Small 1,0111,プライム
2025-02-05,194A0,ＷＯＬＶＥＳ　ＨＡＮＤ,"WOLVES HAND Co.,Ltd.",10,情報通信・サービスその他,9050,サービス業,-,0113,グロース
2025-02-05,19500,日本電設工業,"NIPPON DENSETSU KOGYO CO.,LTD.",3,建設・資材,2050,建設業,TOPIX Small 2,0111,プライム
2025-02-05,19510,エクシオグループ,"EXEO Group,Inc.",3,建設・資材,2050,建設業,TOPIX Mid400,0111,プライム
2025-02-05,19520,新日本空調,"Shin Nippon Air Technologies Co.,Ltd.",3,建設・資材,2050,建設業,TOPIX Small 2,0111,プライム
2025-02-05,19590,九電工,KYUDENKO CORPORATION,3,建設・資材,2050,建設業,TOPIX Mid400,0111,プライム
2025-02-05,195A0,ライスカレー,Ricecurry Inc.,10,情報通信・サービスその他,9050,サービス業,-,0113,グロース
2025-02-05,19600,サンテック,Sanyo Engineering & Construction Inc.,3,建設・資材,2050,建設業,-,0112,スタンダード
2025-02-05,19610,三機工業,"SANKI ENGINEERING CO.,LTD.",3,建設・資材,2050,建設業,TOPIX Small 1,0111,プライム
2025-02-05,19630,日揮ホールディングス,JGC HOLDINGS CORPORATION,3,建設・資材,2050,建設業,TOPIX Mid400,0111,プライム
2025-02-05,19640,中外炉工業,"Chugai Ro Co.,Ltd.",3,建設・資材,2050,建設業,TOPIX Small 2,0111,プライム
2025-02-05,19650,テクノ菱和,TECHNO RYOWA LTD.,3,建設・資材,2050,建設業,-,0112,スタンダード
2025-02-05,19660,高田工業所,TAKADA CORPORATION,3,建設・資材,2050,建設業,-,0112,スタンダード
2025-02-05,19670,ヤマト,YAMATO CORPORATION,3,建設・資材,2050,建設業,-,0112,スタンダード
2025-02-05,19680,太平電業,"TAIHEI DENGYO KAISHA,LTD.",3,建設・資材,2050,建設業,TOPIX Small 2,0111,プライム
2025-02-05,19690,高砂熱学工業,"Takasago Thermal Engineering Co.,Ltd.",3,建設・資材,2050,建設業,TOPIX Mid400,0111,プライム
2025-02-05,196A0,ＭＦＳ,"MFS,Inc.",16,金融（除く銀行）,7200,その他金融業,-,0113,グロース
2025-02-05,19720,三晃金属工業,"SANKO METAL INDUSTRIAL CO.,LTD.",3,建設・資材,2050,建設業,-,0112,スタンダード
2025-02-05,19730,ＮＥＣネッツエスアイ,NEC Networks & System Integration Corporation,10,情報通信・サービスその他,5250,情報･通信業,TOPIX Small 1,0111,プライム
2025-02-05,19750,朝日工業社,"ASAHI KOGYOSHA CO.,LTD.",3,建設・資材,2050,建設業,TOPIX Small 2,0111,プライム
2025-02-05,19760,明星工業,"MEISEI INDUSTRIAL Co.,Ltd.",3,建設・資材,2050,建設業,TOPIX Small 2,0111,プライム
2025-02-05,19790,大氣社,Taikisha Ltd.,3,建設・資材,2050,建設業,TOPIX Small 1,0111,プライム
2025-02-05,197A0,タウンズ,"TAUNS Laboratories,Inc.",5,医薬品,3250,医薬品,-,0112,スタンダード
2025-02-05,19800,ダイダン,"DAI-DAN CO.,LTD.",3,建設・資材,2050,建設業,TOPIX Small 1,0111,プライム
2025-02-05,19810,協和日成,"KYOWANISSEI CO.,LTD.",3,建設・資材,2050,建設業,-,0112,スタンダード
2025-02-05,19820,日比谷総合設備,"Hibiya Engineering,Ltd.",3,建設・資材,2050,建設業,TOPIX Small 2,0111,プライム
2025-02-05,198A0,ＰｏｓｔＰｒｉｍｅ,PostPrime Inc.,10,情報通信・サービスその他,5250,情報･通信業,-,0113,グロース
2025-02-05,19920,神田通信機,"KANDA TSUSHINKI CO.,LTD.",3,建設・資材,2050,建設業,-,0112,スタンダード
2025-02-05,19940,高橋カーテンウォール工業,TAKAHASHI CURTAIN WALL CORPORATION,3,建設・資材,2050,建設業,-,0112,スタンダード
2025-02-05,19970,暁飯島工業,"AKATSUKI EAZIMA CO.,LTD.",3,建設・資材,2050,建設業,-,0112,スタンダード
2025-02-05,199A0,メディエア,Mediair corporation,10,情報通信・サービスその他,5250,情報･通信業,-,0105,TOKYO PRO MARKET
2025-02-05,20010,ニップン,NIPPN CORPORATION,1,食品,3050,食料品,TOPIX Small 1,0111,プライム
2025-02-05,20020,日清製粉グループ本社,NISSHIN SEIFUN GROUP INC.,1,食品,3050,食料品,TOPIX Mid400,0111,プライム
2025-02-05,20030,日東富士製粉,"NITTO FUJI FLOUR MILLING CO.,LTD.",1,食品,3050,食料品,TOPIX Small 2,0112,スタンダード
2025-02-05,20040,昭和産業,"Showa Sangyo Co.,Ltd.",1,食品,3050,食料品,TOPIX Small 2,0111,プライム
2025-02-05,20090,鳥越製粉,"THE TORIGOE CO.,LTD.",1,食品,3050,食料品,-,0112,スタンダード
2025-02-05,200A0,野村アセットマネジメント株式会社　ＮＥＸＴ　ＦＵＮＤＳ　日経半導体株指数連動型上場投信,NEXT FUNDS Nikkei Semiconductor Stock Index Exchange Traded Fund,99,その他,9999,その他,-,0109,その他
2025-02-05,20110,三井住友ＤＳアセットマネジメント株式会社　ＳＭＤＡＭ　Ａｃｔｉｖｅ　ＥＴＦ　日本高配当株式,SMDAM Active ETF Japan High Dividend Equity,99,その他,9999,その他,-,0109,その他
2025-02-05,20120,ブラックロック・ジャパン株式会社　ｉシェアーズ　米国債０−３ヶ月　ＥＴＦ,iShares 0-3 Month US Treasury Bond ETF,99,その他,9999,その他,-,0109,その他
2025-02-05,20130,ブラックロック・ジャパン株式会社　ｉシェアーズ　米国高配当株　ＥＴＦ,iShares US High Dividend ETF,99,その他,9999,その他,-,0109,その他
2025-02-05,20140,ブラックロック・ジャパン株式会社　ｉシェアーズ　米国連続増配株　ＥＴＦ,iShares US Dividend Growth ETF,99,その他,9999,その他,-,0109,その他
2025-02-05,20150,大和アセットマネジメント株式会社　ｉＦｒｅｅＥＴＦ　米国国債７−１０年（為替ヘッジなし）,iFreeETF US Treasury Bond 7-10 Year (NON HEDGED),99,その他,9999,その他,-,0109,その他
2025-02-05,20160,大和アセットマネジメント株式会社　ｉＦｒｅｅＥＴＦ　米国国債７−１０年（為替ヘッジあり）,iFreeETF US Treasury Bond 7-10 Year (JPY HEDGED),99,その他,9999,その他,-,0109,その他
2025-02-05,20170,大和アセットマネジメント株式会社　ｉＦｒｅｅＥＴＦ　ＪＰＸプライム１５０,iFreeETF JPX Prime 150,99,その他,9999,その他,-,0109,その他
2025-02-05,20180,Ｇｌｏｂａｌ　Ｘ　Ｊａｐａｎ株式会社　グローバルＸ　ＵＳ　ＲＥＩＴ・トップ２０　ＥＴＦ,Global X US REIT Top 20 ETF,99,その他,9999,その他,-,0109,その他
2025-02-05,20190,Ｇｌｏｂａｌ　Ｘ　Ｊａｐａｎ株式会社　グローバルＸ　米国優先証券　ＥＴＦ（隔月分配型）,Global X U.S. Preferred Security ETF (Bi-monthly dividend type),99,その他,9999,その他,-,0109,その他
2025-02-05,201A0,ブラックロック・ジャパン株式会社　ｉシェアーズ　Ｎｉｆｔｙ　５０　インド株　ＥＴＦ,iShares Nifty 50 ETF,99,その他,9999,その他,-,0109,その他
2025-02-05,202A0,豆蔵デジタルホールディングス,"MAMEZO DIGITAL HOLDINGS CO.,LTD.",10,情報通信・サービスその他,5250,情報･通信業,-,0113,グロース
2025-02-05,20310,ノムラ・ヨーロッパ・ファイナンス・エヌ・ブイ　ＮＥＸＴ　ＮＯＴＥＳ　香港ハンセン・ダブル・ブル　ＥＴＮ,NEXT NOTES HSI Leveraged ETN,99,その他,9999,その他,-,0109,その他
2025-02-05,20320,ノムラ・ヨーロッパ・ファイナンス・エヌ・ブイ　ＮＥＸＴ　ＮＯＴＥＳ　香港ハンセン・ベア　ＥＴＮ,NEXT NOTES HSI Short ETN,99,その他,9999,その他,-,0109,その他
2025-02-05,20330,ノムラ・ヨーロッパ・ファイナンス・エヌ・ブイ　ＮＥＸＴ　ＮＯＴＥＳ　韓国ＫＯＳＰＩ・ダブル・ブル　ＥＴＮ,NEXT NOTES KOSPI200 Leverage ETN,99,その他,9999,その他,-,0109,その他
2025-02-05,20340,ノムラ・ヨーロッパ・ファイナンス・エヌ・ブイ　ＮＥＸＴ　ＮＯＴＥＳ　韓国ＫＯＳＰＩ・ベア　ＥＴＮ,NEXT NOTES F-KOSPI200 Inverse ETN,99,その他,9999,その他,-,0109,その他
2025-02-05,20360,ノムラ・ヨーロッパ・ファイナンス・エヌ・ブイ　ＮＥＸＴ　ＮＯＴＥＳ　金先物　ダブル・ブル　ＥＴＮ,NEXT NOTES Gold Futures Double Bull ETN,99,その他,9999,その他,-,0109,その他
2025-02-05,20370,ノムラ・ヨーロッパ・ファイナンス・エヌ・ブイ　ＮＥＸＴ　ＮＯＴＥＳ　金先物　ベア　ＥＴＮ,NEXT NOTES Gold Futures Bear ETN,99,その他,9999,その他,-,0109,その他
2025-02-05,20380,ノムラ・ヨーロッパ・ファイナンス・エヌ・ブイ　ＮＥＸＴ　ＮＯＴＥＳ　ドバイ原油先物　ダブル・ブル　ＥＴＮ,NEXT NOTES Dubai Crude Oil Futures Double Bull ETN,99,その他,9999,その他,-,0109,その他
2025-02-05,20390,ノムラ・ヨーロッパ・ファイナンス・エヌ・ブイ　ＮＥＸＴ　ＮＯＴＥＳ　ドバイ原油先物　ベア　ＥＴＮ,NEXT NOTES Dubai Crude Oil Futures Bear ETN,99,その他,9999,その他,-,0109,その他
2025-02-05,203A0,シュンビン,"Shunbin Co.,Ltd.",10,情報通信・サービスその他,9050,サービス業,-,0105,TOKYO PRO MARKET
2025-02-05,20400,ノムラ・ヨーロッパ・ファイナンス・エヌ・ブイ　ＮＥＸＴ　ＮＯＴＥＳ　ＮＹダウ・ダブル・ブル・ドルヘッジ　ＥＴＮ,NEXT NOTES DJIA PR JPY-Monthly Hedged Leveraged (x2) ETN,99,その他,9999,その他,-,0109,その他
2025-02-05,20410,ノムラ・ヨーロッパ・ファイナンス・エヌ・ブイ　ＮＥＸＴ　ＮＯＴＥＳ　ＮＹダウ・ベア・ドルヘッジ　ＥＴＮ,NEXT NOTES DJIA TR JPY-Monthly Hedged Inverse (x1) ETN,99,その他,9999,その他,-,0109,その他
2025-02-05,20420,ノムラ・ヨーロッパ・ファイナンス・エヌ・ブイ　ＮＥＸＴ　ＮＯＴＥＳ　東証グロース市場２５０　ＥＴＮ,NEXT NOTES Tokyo Stock Exchange Growth Market 250 Index ETN,99,その他,9999,その他,-,0109,その他
2025-02-05,20430,ノムラ・ヨーロッパ　ＮＥＸＴ　ＮＯＴＥＳ　ＳＴＯＸＸ　アセアン好配当５０（円、ネットリターン）ＥＴＮ,NEXT NOTES STOXX ASEAN-Five Select Dividend 50(NR-JPY) ETN,99,その他,9999,その他,-,0109,その他
2025-02-05,20440,ノムラ・ヨーロッパ・ファイナンス・エヌ・ブイ　ＮＥＸＴ　ＮＯＴＥＳ　Ｓ＆Ｐ５００　配当貴族（ネットリターン）　ＥＴＮ,NEXT NOTES S&P 500 Dividend Aristocrats Net Total Return Index ETN,99,その他,9999,その他,-,0109,その他
2025-02-05,20450,ノムラ・ヨーロッパ・ファイナンス・エヌ・ブイ　ＮＥＸＴ　ＮＯＴＥＳ　Ｓ＆Ｐ　シンガポール　リート（ネットリターン）　ＥＴＮ,NEXT NOTES S&P Singapore REIT Net Total Return Index ETN,99,その他,9999,その他,-,0109,その他
2025-02-05,20460,ノムラ・ヨーロッパ・ファイナンス・エヌ・ブイ　ＮＥＸＴ　ＮＯＴＥＳ　インドＮｉｆｔｙ・ダブル・ブル　ＥＴＮ,NEXT NOTES Nifty PR 2x Leverage Index ETN,99,その他,9999,その他,-,0109,その他
2025-02-05,20470,ノムラ・ヨーロッパ・ファイナンス・エヌ・ブイ　ＮＥＸＴ　ＮＯＴＥＳ　インドＮｉｆｔｙ・ベア　ＥＴＮ,NEXT NOTES Nifty Total Returns(TR) Daily Inverse Index ETN,99,その他,9999,その他,-,0109,その他
2025-02-05,20480,ノムラ・ヨーロッパ・ファイナンス・エヌ・ブイ　ＮＥＸＴ　ＮＯＴＥＳ　野村日本株高配当７０（ドルヘッジ、ネットリターン）ＥＴＮ,"NEXT NOTES Nomura Japan Equity High Dividend 70,Net Total Return US Dollar Hedged Index ETN",99,その他,9999,その他,-,0109,その他
2025-02-05,204A0,タイヨーパッケージ,"TaiyoPackage Co.,Ltd.",4,素材・化学,3150,パルプ・紙,-,0105,TOKYO PRO MARKET
2025-02-05,20500,ノムラ・ヨーロッパ・ファイナンス・エヌ・ブイ　ＮＥＸＴ　ＮＯＴＥＳ　ニッチトップ　中小型日本株（ネットリターン）ＥＴＮ,"NEXT NOTES Niche Top Mid Small Cap Japan Equity, Net Total Return ETN",99,その他,9999,その他,-,0109,その他
2025-02-05,20530,中部飼料,"CHUBU SHIRYO CO.,LTD.",1,食品,3050,食料品,TOPIX Small 2,0111,プライム
2025-02-05,20550,日和産業,"NICHIWA SANGYO CO.,LTD.",1,食品,3050,食料品,-,0112,スタンダード
2025-02-05,205A0,ロゴスホールディングス,LOGOS HOLDINGS INC.,3,建設・資材,2050,建設業,-,0113,グロース
2025-02-05,20600,フィード・ワン,"FEED ONE CO.,LTD.",1,食品,3050,食料品,TOPIX Small 2,0111,プライム
2025-02-05,20650,ノムラ・ヨーロッパ・ファイナンス・エヌ・ブイ　ＮＥＸＴ　ＮＯＴＥＳ　日本株配当貴族（ドルヘッジ、ネットリターン）ＥＴＮ,NEXT NOTES S&P/JPX Dividend Aristocrats Index USD Hedged NTR ETN,99,その他,9999,その他,-,0109,その他
2025-02-05,20660,ノムラ・ヨーロッパ・ファイナンス・エヌ・ブイ　ＮＥＸＴ　ＮＯＴＥＳ　東証ＲＥＩＴ（ドルヘッジ、ネットリターン）ＥＴＮ,NEXT NOTES Tokyo Stock Exchange REIT Net Total Return US Dollar Hedged Index ETN,99,その他,9999,その他,-,0109,その他
2025-02-05,20670,ノムラ・ヨーロッパ・ファイナンス・エヌ・ブイ　ＮＥＸＴ　ＮＯＴＥＳ　野村ＡＩビジネス７０（ネットリターン）ＥＴＮ,"NEXT NOTES AI Companies 70,Net Total Return ETN",99,その他,9999,その他,-,0109,その他
2025-02-05,20680,ノムラ・ヨーロッパ・ファイナンス・エヌ・ブイ　ＮＥＸＴ　ＮＯＴＥＳ　高ベータ３０（ネットリターン）ＥＴＮ,"NEXT NOTES Japan Equity High Beta Select 30,Net Total Return ETN",99,その他,9999,その他,-,0109,その他
2025-02-05,20690,ノムラ・ヨーロッパ・ファイナンス・エヌ・ブイ　ＮＥＸＴ　ＮＯＴＥＳ　低ベータ５０（ネットリターン）ＥＴＮ,"NEXT NOTES Japan Equity Low Beta Select 50,Net Total Return ETN",99,その他,9999,その他,-,0109,その他
2025-02-05,206A0,ＰＲＩＳＭ　ＢｉｏＬａｂ,"PRISM BioLab Co.,LTD",5,医薬品,3250,医薬品,-,0113,グロース
2025-02-05,20700,三菱ＵＦＪ証券ホールディングス株式会社　スマートＥＳＧ３０女性活躍（ネットリターン）ＥＴＮ,Smart ESG 30 Empowering Women Net Return ETN,99,その他,9999,その他,-,0109,その他
2025-02-05,20710,三菱ＵＦＪ証券ホールディングス株式会社　スマートＥＳＧ３０総合（ネットリターン）ＥＴＮ,Smart ESG 30 Net Return ETN,99,その他,9999,その他,-,0109,その他
2025-02-05,20720,三菱ＵＦＪ証券ホールディングス株式会社　トップシェアインデックス（ネットリターン）ＥＴＮ,Market Share Leaders Net Return ETN,99,その他,9999,その他,-,0109,その他
2025-02-05,20730,三菱ＵＦＪ証券ホールディングス株式会社　スマートＥＳＧ３０低カーボンリスク（ネットリターン）ＥＴＮ,Smart ESG 30 Low Carbon Risk Net Return ETN,99,その他,9999,その他,-,0109,その他
2025-02-05,207A0,ライジングコーポレーション,Rising Corporation Inc.,3,建設・資材,2050,建設業,-,0105,TOKYO PRO MARKET
2025-02-05,20800,シンプレクス・アセット・マネジメント株式会社　ＰＢＲ１倍割れ解消推進ＥＴＦ,PBR Improvement over 1x ETF,99,その他,9999,その他,-,0109,その他
2025-02-05,20810,シンプレクス・アセット・マネジメント株式会社　政策保有解消推進ＥＴＦ,Strategic Shareholding Disposal Promotion ETF,99,その他,9999,その他,-,0109,その他
2025-02-05,20820,シンプレクス・アセット・マネジメント株式会社　投資家経営者一心同体ＥＴＦ,Investor-Management Unite as One ETF,99,その他,9999,その他,-,0109,その他
2025-02-05,20830,野村アセットマネジメント株式会社　ＮＥＸＴ　ＦＵＮＤＳ　日本成長株アクティブ上場投信,NEXT FUNDS Japan Growth Equity Active Exchange Traded Fund,99,その他,9999,その他,-,0109,その他
2025-02-05,20840,野村アセットマネジメント株式会社　ＮＥＸＴ　ＦＵＮＤＳ　日本高配当株アクティブ上場投信,NEXT FUNDS Japan High Dividend Equity Active Exchange Traded Fund,99,その他,9999,その他,-,0109,その他
2025-02-05,20850,三菱ＵＦＪアセットマネジメント株式会社　ＭＡＸＩＳ高配当日本株アクティブ上場投信,MAXIS High Dividend Japan Equity Actively Managed ETF,99,その他,9999,その他,-,0109,その他
2025-02-05,20860,農林中金全共連アセットマネジメント株式会社　ＮＺＡＭ　上場投信　Ｓ＆Ｐ５００（為替ヘッジあり）,NZAM ETF S&P500 (JPY Hedged),99,その他,9999,その他,-,0109,その他
2025-02-05,20870,農林中金全共連アセットマネジメント株式会社　ＮＺＡＭ　上場投信　ＮＡＳＤＡＱ１００（為替ヘッジあり）,NZAM ETF NASDAQ100 (JPY Hedged),99,その他,9999,その他,-,0109,その他
2025-02-05,20880,農林中金全共連アセットマネジメント株式会社　ＮＺＡＭ　上場投信　ＮＹダウ３０（為替ヘッジあり）,NZAM ETF NY Dow30 (JPY Hedged),99,その他,9999,その他,-,0109,その他
2025-02-05,20890,農林中金全共連アセットマネジメント株式会社　ＮＺＡＭ　上場投信　ＤＡＸ（為替ヘッジあり）,NZAM ETF DAX (JPY Hedged),99,その他,9999,その他,-,0109,その他
2025-02-05,208A0,構造計画研究所ホールディングス,KOZO KEIKAKU ENGINEERING HOLDINGS Inc.,10,情報通信・サービスその他,5250,情報･通信業,-,0112,スタンダード
2025-02-05,20900,農林中金全共連アセットマネジメント株式会社　ＮＺＡＭ　上場投信　米国国債７−１０年（為替ヘッジあり）,NZAM ETF US Treasury 7-10Y (JPY Hedged),99,その他,9999,その他,-,0109,その他
2025-02-05,20910,農林中金全共連アセットマネジメント株式会社　ＮＺＡＭ　上場投信　ドイツ国債７−１０年（為替ヘッジあり）,NZAM ETF German Government Bond 7-10Y (JPY Hedged),99,その他,9999,その他,-,0109,その他
2025-02-05,20920,農林中金全共連アセットマネジメント株式会社　ＮＺＡＭ　上場投信　フランス国債７−１０年（為替ヘッジあり）,NZAM ETF France Government Bond 7-10Y (JPY Hedged),99,その他,9999,その他,-,0109,その他
2025-02-05,20930,日興アセットマネジメント株式会社　上場Ｔｒａｃｅｒｓ　米国債０−２年ラダー（為替ヘッジなし）,Listed Tracers US Government Bond 0-2years Ladder (No Currency Hedge),99,その他,9999,その他,-,0109,その他
2025-02-05,20940,シンプレクス・アセット・マネジメント株式会社　東証ＲＥＩＴインバースＥＴＦ,TSE REIT Inverse ETF,99,その他,9999,その他,-,0109,その他
2025-02-05,20950,Ｇｌｏｂａｌ　Ｘ　Ｊａｐａｎ株式会社　グローバルＸ　Ｓ＆Ｐ５００配当貴族　ＥＴＦ（為替ヘッジあり）,Global X S&P 500 Dividend Aristocrats ETF (JPY Hedged),99,その他,9999,その他,-,0109,その他
2025-02-05,20960,Ｇｌｏｂａｌ　Ｘ　Ｊａｐａｎ株式会社　グローバルＸ　オフィス・Ｊ−ＲＥＩＴ　ＥＴＦ,Global X Office J-REIT ETF,99,その他,9999,その他,-,0109,その他
2025-02-05,20970,Ｇｌｏｂａｌ　Ｘ　Ｊａｐａｎ株式会社　グローバルＸ　レジデンシャル・Ｊ−ＲＥＩＴ　ＥＴＦ,Global X Residential J-REIT ETF,99,その他,9999,その他,-,0109,その他
2025-02-05,20980,Ｇｌｏｂａｌ　Ｘ　Ｊａｐａｎ株式会社　グローバルＸ　ホテル＆リテール・Ｊ−ＲＥＩＴ　ＥＴＦ,Global X Hotel & Retail J-REIT ETF,99,その他,9999,その他,-,0109,その他
2025-02-05,209A0,小野谷機工,Onodani Machine Co.Ltd,8,機械,3600,機械,-,0105,TOKYO PRO MARKET
2025-02-05,21070,東洋精糖,"Toyo Sugar Refining Co.,Ltd.",1,食品,3050,食料品,-,0112,スタンダード
2025-02-05,21080,日本甜菜製糖,"Nippon Beet Sugar Manufacturing Co.,Ltd.",1,食品,3050,食料品,TOPIX Small 2,0111,プライム
2025-02-05,21090,ＤＭ三井製糖ホールディングス,"Mitsui DM Sugar Holdings Co.,Ltd.",1,食品,3050,食料品,TOPIX Small 2,0111,プライム
2025-02-05,210A0,大和アセットマネジメント株式会社　ｉＦｒｅｅＥＴＦ　日経高利回りＲＥＩＴ指数,iFreeETF Nikkei High Yield REIT Index,99,その他,9999,その他,-,0109,その他
2025-02-05,21120,塩水港精糖,"Ensuiko Sugar Refining Co.,Ltd.",1,食品,3050,食料品,-,0112,スタンダード
2025-02-05,21140,フジ日本,Fuji Nihon Corporation,1,食品,3050,食料品,-,0112,スタンダード
2025-02-05,21170,ウェルネオシュガー,"WELLNEO SUGAR Co.,Ltd.",1,食品,3050,食料品,TOPIX Small 2,0111,プライム
2025-02-05,211A0,カドス・コーポレーション,Cados Corporation,3,建設・資材,2050,建設業,-,0112,スタンダード
2025-02-05,21200,ＬＩＦＵＬＬ,"LIFULL Co.,Ltd.",10,情報通信・サービスその他,9050,サービス業,TOPIX Small 2,0111,プライム
2025-02-05,21210,ＭＩＸＩ,"MIXI,Inc.",10,情報通信・サービスその他,9050,サービス業,TOPIX Small 1,0111,プライム
2025-02-05,21220,インタースペース,"Interspace Co.,Ltd.",10,情報通信・サービスその他,9050,サービス業,-,0112,スタンダード
2025-02-05,21240,ジェイエイシーリクルートメント,"JAC Recruitment Co.,Ltd.",10,情報通信・サービスその他,9050,サービス業,TOPIX Small 1,0111,プライム
2025-02-05,21270,日本Ｍ＆Ａセンターホールディングス,Nihon M&A Center Holdings Inc.,10,情報通信・サービスその他,9050,サービス業,TOPIX Mid400,0111,プライム
2025-02-05,212A0,フィットイージー,FIT EASY Inc.,10,情報通信・サービスその他,9050,サービス業,-,0112,スタンダード
2025-02-05,21300,メンバーズ,"Members Co.,Ltd.",10,情報通信・サービスその他,9050,サービス業,TOPIX Small 2,0111,プライム
2025-02-05,21340,北浜キャピタルパートナーズ,"Kitahama Capital Partners Co.,Ltd.",10,情報通信・サービスその他,9050,サービス業,-,0112,スタンダード
2025-02-05,21360,ヒップ,HIP CORPORATION,10,情報通信・サービスその他,9050,サービス業,-,0112,スタンダード
2025-02-05,21380,クルーズ,"CROOZ,Inc.",10,情報通信・サービスその他,5250,情報･通信業,-,0112,スタンダード
2025-02-05,21390,中広,"CHUCO CO.,LTD.",10,情報通信・サービスその他,9050,サービス業,-,0112,スタンダード
2025-02-05,213A0,日興アセットマネジメント株式会社　上場インデックスファンド日経半導体株,Listed Index Fund Nikkei Semiconductor Stock,99,その他,9999,その他,-,0109,その他
2025-02-05,21460,ＵＴグループ,"UT Group Co.,Ltd.",10,情報通信・サービスその他,9050,サービス業,TOPIX Small 1,0111,プライム
2025-02-05,21480,アイティメディア,ITmedia Inc.,10,情報通信・サービスその他,9050,サービス業,TOPIX Small 2,0111,プライム
2025-02-05,21500,ケアネット,"CareNet,Inc.",10,情報通信・サービスその他,9050,サービス業,TOPIX Small 2,0111,プライム
2025-02-05,21520,幼児活動研究会,Youji Corporation,10,情報通信・サービスその他,9050,サービス業,-,0112,スタンダード
2025-02-05,21530,Ｅ・Ｊホールディングス,E・J Holdings Inc.,10,情報通信・サービスその他,9050,サービス業,TOPIX Small 2,0111,プライム
2025-02-05,21540,オープンアップグループ,Open Up Group Inc.,10,情報通信・サービスその他,9050,サービス業,TOPIX Small 1,0111,プライム
2025-02-05,21560,セーラー広告,SAYLOR ADVERTISING INC.,10,情報通信・サービスその他,9050,サービス業,-,0112,スタンダード
2025-02-05,21570,コシダカホールディングス,"KOSHIDAKA HOLDINGS Co.,LTD.",10,情報通信・サービスその他,9050,サービス業,TOPIX Small 1,0111,プライム
2025-02-05,21580,ＦＲＯＮＴＥＯ,"FRONTEO,Inc.",10,情報通信・サービスその他,9050,サービス業,-,0113,グロース
2025-02-05,215A0,タイミー,"Timee,Inc.",10,情報通信・サービスその他,9050,サービス業,-,0113,グロース
2025-02-05,21600,ジーエヌアイグループ,GNI Group Ltd.,5,医薬品,3250,医薬品,-,0113,グロース
2025-02-05,21620,ｎｍｓ　ホールディングス,nms Holdings Corporation,10,情報通信・サービスその他,9050,サービス業,-,0112,スタンダード
2025-02-05,21630,アルトナー,"ARTNER CO.,LTD.",10,情報通信・サービスその他,9050,サービス業,-,0111,プライム
2025-02-05,21640,地域新聞社,"CHIIKISHINBUNSHA CO.,LTD.",10,情報通信・サービスその他,9050,サービス業,-,0113,グロース
2025-02-05,21680,パソナグループ,Pasona Group Inc.,10,情報通信・サービスその他,9050,サービス業,TOPIX Small 1,0111,プライム
2025-02-05,21690,ＣＤＳ,"CDS Co.,Ltd.",10,情報通信・サービスその他,9050,サービス業,-,0112,スタンダード
2025-02-05,216A0,ライフクリエイト,"Life create Co.,Ltd",14,小売,6100,小売業,-,0105,TOKYO PRO MARKET
2025-02-05,21700,リンクアンドモチベーション,Link and Motivation Inc.,10,情報通信・サービスその他,9050,サービス業,TOPIX Small 1,0111,プライム
2025-02-05,21730,博展,Hakuten Corporation,10,情報通信・サービスその他,9050,サービス業,-,0113,グロース
2025-02-05,21750,エス・エム・エス,"SMS CO.,LTD.",10,情報通信・サービスその他,9050,サービス業,TOPIX Mid400,0111,プライム
2025-02-05,21790,成学社,"SEIGAKUSHA CO.,LTD.",10,情報通信・サービスその他,9050,サービス業,-,0112,スタンダード
2025-02-05,217A0,サポート,"SUPPORT Co.,Ltd.",10,情報通信・サービスその他,9050,サービス業,-,0105,TOKYO PRO MARKET
2025-02-05,21800,サニーサイドアップグループ,SUNNY SIDE UP GROUP Inc.,10,情報通信・サービスその他,9050,サービス業,-,0112,スタンダード
2025-02-05,21810,パーソルホールディングス,"PERSOL HOLDINGS CO.,LTD.",10,情報通信・サービスその他,9050,サービス業,TOPIX Mid400,0111,プライム
2025-02-05,21830,リニカル,"Linical Co.,Ltd.",10,情報通信・サービスその他,9050,サービス業,-,0112,スタンダード
2025-02-05,21850,シイエム・シイ,CMC CORPORATION,10,情報通信・サービスその他,9050,サービス業,-,0112,スタンダード
2025-02-05,21860,ソーバル,Sobal Corporation,10,情報通信・サービスその他,9050,サービス業,-,0112,スタンダード
2025-02-05,218A0,Ｌｉｂｅｒａｗａｒｅ,"Liberaware Co.,Ltd.",9,電機・精密,3750,精密機器,-,0113,グロース
2025-02-05,21930,クックパッド,Cookpad Inc.,10,情報通信・サービスその他,9050,サービス業,TOPIX Small 2,0112,スタンダード
2025-02-05,21950,アミタホールディングス,"AMITA HOLDINGS CO.,LTD.",10,情報通信・サービスその他,9050,サービス業,-,0113,グロース
2025-02-05,21960,エスクリ,ESCRIT INC.,10,情報通信・サービスその他,9050,サービス業,-,0112,スタンダード
2025-02-05,21980,アイ・ケイ・ケイホールディングス,IKK Holdings Inc.,10,情報通信・サービスその他,9050,サービス業,-,0111,プライム
2025-02-05,219A0,Ｈｅａｒｔｓｅｅｄ,Heartseed Inc.,5,医薬品,3250,医薬品,-,0113,グロース
2025-02-05,22010,森永製菓,"Morinaga & Co.,Ltd.",1,食品,3050,食料品,TOPIX Mid400,0111,プライム
2025-02-05,22040,中村屋,"NAKAMURAYA CO.,LTD.",1,食品,3050,食料品,TOPIX Small 2,0112,スタンダード
2025-02-05,22060,江崎グリコ,"Ezaki Glico Co.,Ltd.",1,食品,3050,食料品,TOPIX Mid400,0111,プライム
2025-02-05,22070,名糖産業,"Meito Sangyo Co.,Ltd.",1,食品,3050,食料品,TOPIX Small 2,0111,プライム
2025-02-05,22080,ブルボン,BOURBON CORPORATION,1,食品,3050,食料品,-,0112,スタンダード
2025-02-05,22090,井村屋グループ,"IMURAYA GROUP CO.,LTD.",1,食品,3050,食料品,TOPIX Small 2,0111,プライム
2025-02-05,220A0,Ｆａｂｅｒ　Ｃｏｍｐａｎｙ,Faber Company Inc.,10,情報通信・サービスその他,5250,情報･通信業,-,0112,スタンダード
2025-02-05,22110,不二家,"Fujiya Co.,Ltd.",1,食品,3050,食料品,TOPIX Small 2,0111,プライム
2025-02-05,22120,山崎製パン,"YAMAZAKI BAKING CO.,LTD.",1,食品,3050,食料品,TOPIX Mid400,0111,プライム
2025-02-05,22150,第一屋製パン,"FIRST BAKING CO.,LTD.",1,食品,3050,食料品,-,0112,スタンダード
2025-02-05,22160,カンロ,Kanro Inc.,1,食品,3050,食料品,-,0112,スタンダード
2025-02-05,22170,モロゾフ,Morozoff Limited,1,食品,3050,食料品,TOPIX Small 2,0111,プライム
2025-02-05,221A0,三菱ＵＦＪアセットマネジメント株式会社　ＭＡＸＩＳ日経半導体株上場投信,MAXIS Nikkei Semiconductor Stock (Japan) ETF,99,その他,9999,その他,-,0109,その他
2025-02-05,22200,亀田製菓,"KAMEDA SEIKA CO.,LTD.",1,食品,3050,食料品,TOPIX Small 1,0111,プライム
2025-02-05,22210,岩塚製菓,"IWATSUKA CONFECTIONERY CO.,LTD.",1,食品,3050,食料品,-,0112,スタンダード
2025-02-05,22220,寿スピリッツ,"Kotobuki Spirits Co.,Ltd.",1,食品,3050,食料品,TOPIX Mid400,0111,プライム
2025-02-05,22240,コモ,"COMO CO.,LTD.",1,食品,3050,食料品,-,0112,スタンダード
2025-02-05,22260,湖池屋,KOIKE-YA Inc.,1,食品,3050,食料品,-,0112,スタンダード
2025-02-05,22290,カルビー,"CALBEE,Inc.",1,食品,3050,食料品,TOPIX Mid400,0111,プライム
2025-02-05,222A0,ＮＩＣＳ,Nippon Information Control System Inc.,10,情報通信・サービスその他,5250,情報･通信業,-,0105,TOKYO PRO MARKET
2025-02-05,22350,日興アセットマネジメント株式会社　上場インデックスファンド米国株式（ダウ平均）為替ヘッジなし,Listed Index Fund US Equity (Dow Average) No Currency Hedge,99,その他,9999,その他,-,0109,その他
2025-02-05,22360,Ｇｌｏｂａｌ　Ｘ　Ｊａｐａｎ株式会社　グローバルＸ　Ｓ＆Ｐ５００配当貴族ＥＴＦ,Global X S&P 500 Dividend Aristocrats ETF,99,その他,9999,その他,-,0109,その他
2025-02-05,22370,大和アセットマネジメント株式会社　ｉＦｒｅｅＥＴＦ　Ｓ＆Ｐ５００レバレッジ,iFreeETF S&P500 Leveraged (2x),99,その他,9999,その他,-,0109,その他
2025-02-05,22380,大和アセットマネジメント株式会社　ｉＦｒｅｅＥＴＦ　Ｓ＆Ｐ５００インバース,iFreeETF S&P500 Inverse,99,その他,9999,その他,-,0109,その他
2025-02-05,22390,日興アセットマネジメント株式会社　上場インデックスファンドＳ＆Ｐ５００先物レバレッジ２倍,Listed Index Fund S&P500 Futures Leveraged Two Times,99,その他,9999,その他,-,0109,その他
2025-02-05,223A0,Ｇｌｏｂａｌ　Ｘ　Ｊａｐａｎ株式会社　グローバルＸ　ＡＩ＆ビッグデータ　ＥＴＦ,Global X Artificial Intelligence & Technology ETF,99,その他,9999,その他,-,0109,その他
2025-02-05,22400,日興アセットマネジメント株式会社　上場インデックスファンドＳ＆Ｐ５００先物インバース,Listed Index Fund S&P500 Futures Inverse,99,その他,9999,その他,-,0109,その他
2025-02-05,22410,三菱ＵＦＪアセットマネジメント株式会社　ＭＡＸＩＳ　ＮＹダウ上場投信,MAXIS NY Dow Industrial Average ETF,99,その他,9999,その他,-,0109,その他
2025-02-05,22420,三菱ＵＦＪアセットマネジメント株式会社　ＭＡＸＩＳ　ＮＹダウ上場投信（為替ヘッジあり）,MAXIS NY Dow Industrial Average ETF (JPY Hedged),99,その他,9999,その他,-,0109,その他
2025-02-05,22430,Ｇｌｏｂａｌ　Ｘ　Ｊａｐａｎ株式会社　グローバルＸ　半導体　ＥＴＦ,Global X Semiconductor ETF,99,その他,9999,その他,-,0109,その他
2025-02-05,22440,Ｇｌｏｂａｌ　Ｘ　Ｊａｐａｎ株式会社　グローバルＸ　ＵＳ　テック・トップ２０　ＥＴＦ,Global X US Tech Top 20 ETF,99,その他,9999,その他,-,0109,その他
2025-02-05,22450,野村アセットマネジメント株式会社　ＮＥＸＴ　ＦＵＮＤＳ　ブルームバーグ・ドイツ国債（７−１０年）インデックス（為替ヘッジあり）連動型上場投信,NEXT FUNDS Bloomberg Germany Treasury Bond (7-10 year) Index (Yen-Hedged) Exchange Traded Fund,99,その他,9999,その他,-,0109,その他
2025-02-05,22460,野村アセットマネジメント株式会社　ＮＥＸＴ　ＦＵＮＤＳ　ブルームバーグ・フランス国債（７−１０年）インデックス（為替ヘッジあり）連動型上場投信,NEXT FUNDS Bloomberg France Treasury Bond (7-10 year) Index (Yen-Hedged) Exchange Traded Fund,99,その他,9999,その他,-,0109,その他
2025-02-05,22470,大和アセットマネジメント株式会社　ｉＦｒｅｅＥＴＦ　Ｓ＆Ｐ５００（為替ヘッジなし）,iFreeETF S&P500 (NON HEDGED),99,その他,9999,その他,-,0109,その他
2025-02-05,22480,大和アセットマネジメント株式会社　ｉＦｒｅｅＥＴＦ　Ｓ＆Ｐ５００（為替ヘッジあり）,iFreeETF S&P500 (JPY HEDGED),99,その他,9999,その他,-,0109,その他
2025-02-05,22490,大和アセットマネジメント株式会社　ｉＦｒｅｅＥＴＦ　Ｓ＆Ｐ５００ダブルインバース,iFreeETF S&P500 Double Inverse (-2x),99,その他,9999,その他,-,0109,その他
2025-02-05,224A0,Ｇｌｏｂａｌ　Ｘ　Ｊａｐａｎ株式会社　グローバルＸ　ウラニウムビジネス　ＥＴＦ,Global X Uranium ETF,99,その他,9999,その他,-,0109,その他
2025-02-05,22500,ブラックロック・ジャパン株式会社　ｉシェアーズ　ＭＳＣＩ　ジャパン気候変動アクション　ＥＴＦ,iShares MSCI Japan Climate Action ETF,99,その他,9999,その他,-,0109,その他
2025-02-05,22510,野村アセットマネジメント株式会社　ＮＥＸＴ　ＦＵＮＤＳ　ＪＰＸ国債先物ダブルインバース指数連動型上場投信,NEXT FUNDS JPX JGB Futures Double Inverse Index Exchange Traded Fund,99,その他,9999,その他,-,0109,その他
2025-02-05,22520,Ｇｌｏｂａｌ　Ｘ　Ｊａｐａｎ株式会社　グローバルＸ　Ｍｏｒｎｉｎｇｓｔａｒ　米国中小型　Ｍｏａｔ　ＥＴＦ,Global X Morningstar US Small Mid Moat ETF,99,その他,9999,その他,-,0109,その他
2025-02-05,22530,Ｇｌｏｂａｌ　Ｘ　Ｊａｐａｎ株式会社　グローバルＸ　スーパーディビィデンド−ＵＳ　ＥＴＦ,Global X SuperDividend U.S. ETF,99,その他,9999,その他,-,0109,その他
2025-02-05,22540,Ｇｌｏｂａｌ　Ｘ　Ｊａｐａｎ株式会社　グローバルＸ　チャイナＥＶ＆バッテリー　ＥＴＦ,Global X China Electric Vehicle and Battery ETF,99,その他,9999,その他,-,0109,その他
2025-02-05,22550,ブラックロック・ジャパン株式会社　ｉシェアーズ　米国債２０年超　ＥＴＦ,iShares 20+ Year US Treasury Bond ETF,99,その他,9999,その他,-,0109,その他
2025-02-05,22560,ブラックロック・ジャパン株式会社　ｉシェアーズ　米国総合債券　ＥＴＦ,iShares US Aggregate Bond ETF,99,その他,9999,その他,-,0109,その他
2025-02-05,22570,ブラックロック・ジャパン株式会社　ｉシェアーズ　米ドル建て投資適格社債　ＥＴＦ,iShares USD Investment Grade Corporate Bond ETF,99,その他,9999,その他,-,0109,その他
2025-02-05,22580,ブラックロック・ジャパン株式会社　ｉシェアーズ　米ドル建てハイイールド社債　ＥＴＦ,iShares USD High Yield Corporate Bond ETF,99,その他,9999,その他,-,0109,その他
2025-02-05,22590,ブラックロック・ジャパン株式会社　ｉシェアーズ　フランス国債７−１０年　ＥＴＦ（為替ヘッジあり）,iShares 7-10 Year France Government Bond JPY Hedged ETF,99,その他,9999,その他,-,0109,その他
2025-02-05,22640,森永乳業,"MORINAGA MILK INDUSTRY CO.,LTD.",1,食品,3050,食料品,TOPIX Mid400,0111,プライム
2025-02-05,22660,六甲バター,"ROKKO BUTTER CO.,LTD.",1,食品,3050,食料品,TOPIX Small 2,0111,プライム
2025-02-05,22670,ヤクルト本社,"YAKULT HONSHA CO.,LTD.",1,食品,3050,食料品,TOPIX Mid400,0111,プライム
2025-02-05,22680,Ｂ−Ｒ　サーティワン　アイスクリーム,"B-R 31 ICE CREAM CO.,LTD.",1,食品,3050,食料品,-,0112,スタンダード
2025-02-05,22690,明治ホールディングス,"Meiji Holdings Co.,Ltd.",1,食品,3050,食料品,TOPIX Mid400,0111,プライム
2025-02-05,226A0,勝美ジャパン,Katsu Mi Japan Inc.,1,食品,3050,食料品,-,0105,TOKYO PRO MARKET
2025-02-05,22700,雪印メグミルク,"MEGMILK SNOW BRAND Co.,Ltd.",1,食品,3050,食料品,TOPIX Small 1,0111,プライム
2025-02-05,227A0,ＩＮＳＩＧＨＴ　ＬＡＢ,"INSIGHT LAB,Inc.",10,情報通信・サービスその他,5250,情報･通信業,-,0105,TOKYO PRO MARKET
2025-02-05,22810,プリマハム,"Prima Meat Packers,Ltd.",1,食品,3050,食料品,TOPIX Small 1,0111,プライム
2025-02-05,22820,日本ハム,NH Foods Ltd.,1,食品,3050,食料品,TOPIX Mid400,0111,プライム
2025-02-05,22860,林兼産業,"Hayashikane Sangyo Co.,Ltd.",1,食品,3050,食料品,-,0112,スタンダード
2025-02-05,22880,丸大食品,"MARUDAI FOOD CO.,LTD.",1,食品,3050,食料品,TOPIX Small 2,0111,プライム
2025-02-05,228A0,オプロ,"OPRO Co.,Ltd.",10,情報通信・サービスその他,5250,情報･通信業,-,0113,グロース
2025-02-05,22910,福留ハム,"FUKUTOME MEAT PACKERS,LTD.",1,食品,3050,食料品,-,0112,スタンダード
2025-02-05,22920,Ｓ　Ｆｏｏｄｓ,S Foods Inc.,1,食品,3050,食料品,TOPIX Small 1,0111,プライム
2025-02-05,22930,滝沢ハム,"TAKIZAWA HAM CO.,LTD.",1,食品,3050,食料品,-,0112,スタンダード
2025-02-05,22940,柿安本店,"Kakiyasu Honten Co.,Ltd.",1,食品,3050,食料品,TOPIX Small 2,0111,プライム
2025-02-05,22960,伊藤ハム米久ホールディングス,ITOHAM YONEKYU HOLDINGS INC.,1,食品,3050,食料品,TOPIX Small 1,0111,プライム
2025-02-05,229A0,アスミホールディングス,Asumi HD Inc.,3,建設・資材,2050,建設業,-,0105,TOKYO PRO MARKET
2025-02-05,23000,きょくとう,"Kyokuto Co.,Ltd.",10,情報通信・サービスその他,9050,サービス業,-,0112,スタンダード
2025-02-05,23010,学情,"GAKUJO CO.,Ltd.",10,情報通信・サービスその他,9050,サービス業,TOPIX Small 2,0111,プライム
2025-02-05,23030,ドーン,Dawn Corporation,10,情報通信・サービスその他,5250,情報･通信業,-,0112,スタンダード
2025-02-05,23040,ＣＳＳホールディングス,"CSS HOLDINGS,LTD.",10,情報通信・サービスその他,9050,サービス業,-,0112,スタンダード
2025-02-05,23050,スタジオアリス,"STUDIO ALICE Co.,Ltd.",10,情報通信・サービスその他,9050,サービス業,TOPIX Small 2,0111,プライム
2025-02-05,23070,クロスキャット,"CROSS CAT CO.,LTD.",10,情報通信・サービスその他,5250,情報･通信業,TOPIX Small 2,0111,プライム
2025-02-05,23110,エプコ,"EPCO Co.,Ltd.",10,情報通信・サービスその他,9050,サービス業,-,0112,スタンダード
2025-02-05,23150,ＣＡＩＣＡ　ＤＩＧＩＴＡＬ,CAICA DIGITAL Inc.,10,情報通信・サービスその他,5250,情報･通信業,-,0112,スタンダード
2025-02-05,23170,システナ,Systena Corporation,10,情報通信・サービスその他,5250,情報･通信業,TOPIX Small 1,0111,プライム
2025-02-05,23210,ソフトフロントホールディングス,Softfront Holdings,10,情報通信・サービスその他,5250,情報･通信業,-,0113,グロース
2025-02-05,23230,ｆｏｎｆｕｎ,fonfun corporation,10,情報通信・サービスその他,5250,情報･通信業,-,0112,スタンダード
2025-02-05,23250,ＮＪＳ,"NJS Co.,Ltd.",10,情報通信・サービスその他,9050,サービス業,TOPIX Small 2,0111,プライム
2025-02-05,23260,デジタルアーツ,Digital Arts Inc.,10,情報通信・サービスその他,5250,情報･通信業,TOPIX Small 1,0111,プライム
2025-02-05,23270,日鉄ソリューションズ,NS Solutions Corporation,10,情報通信・サービスその他,5250,情報･通信業,TOPIX Mid400,0111,プライム
2025-02-05,23290,東北新社,TOHOKUSHINSHA FILM CORPORATION,10,情報通信・サービスその他,5250,情報･通信業,-,0112,スタンダード
2025-02-05,232A0,ヒルストン,Hillstone Inc.,10,情報通信・サービスその他,9050,サービス業,-,0105,TOKYO PRO MARKET
2025-02-05,23300,フォーサイド,"Forside Co.,Ltd.",10,情報通信・サービスその他,5250,情報･通信業,-,0112,スタンダード
2025-02-05,23310,綜合警備保障,"SOHGO SECURITY SERVICES CO.,LTD.",10,情報通信・サービスその他,9050,サービス業,TOPIX Mid400,0111,プライム
2025-02-05,23320,クエスト,"Quest Co.,Ltd.",10,情報通信・サービスその他,5250,情報･通信業,-,0112,スタンダード
2025-02-05,23340,イオレ,eole Inc.,10,情報通信・サービスその他,9050,サービス業,-,0113,グロース
2025-02-05,23350,キューブシステム,CUBE SYSTEM INC.,10,情報通信・サービスその他,5250,情報･通信業,TOPIX Small 2,0111,プライム
2025-02-05,23370,いちご,Ichigo Inc.,17,不動産,8050,不動産業,TOPIX Small 1,0111,プライム
2025-02-05,23380,クオンタムソリューションズ,"Quantum Solutions Co.,Ltd.",10,情報通信・サービスその他,5250,情報･通信業,-,0112,スタンダード
2025-02-05,233A0,大和アセットマネジメント株式会社　ｉＦｒｅｅＥＴＦ　インドＮｉｆｔｙ５０,iFreeETF Nifty50,99,その他,9999,その他,-,0109,その他
2025-02-05,23400,極楽湯ホールディングス,"GOKURAKUYU HOLDINGS CO.,LTD.",10,情報通信・サービスその他,9050,サービス業,-,0112,スタンダード
2025-02-05,23410,アルバイトタイムス,"ARBEIT-TIMES CO.,LTD.",10,情報通信・サービスその他,9050,サービス業,-,0112,スタンダード
2025-02-05,23420,トランスジェニックグループ,TRANSGENIC GROUP INC.,10,情報通信・サービスその他,9050,サービス業,-,0113,グロース
2025-02-05,23440,平安レイサービス,"HEIAN CEREMONY SERVICE CO.,LTD.",10,情報通信・サービスその他,9050,サービス業,-,0112,スタンダード
2025-02-05,23450,クシム,"Kushim,Inc.",10,情報通信・サービスその他,5250,情報･通信業,-,0112,スタンダード
2025-02-05,23490,エヌアイデイ,"Nippon Information Development Co.,Ltd.",10,情報通信・サービスその他,5250,情報･通信業,-,0112,スタンダード
2025-02-05,234A0,Ｇｌｏｂａｌ　Ｘ　Ｊａｐａｎ株式会社　グローバルＸ　ＭＳＣＩ　キャッシュフローキング−日本株式　ＥＴＦ,Global X MSCI Japan Cash Flow Kings ETF,99,その他,9999,その他,-,0109,その他
2025-02-05,23510,ＡＳＪ,ASJ INC.,10,情報通信・サービスその他,5250,情報･通信業,-,0113,グロース
2025-02-05,23530,日本駐車場開発,"NIPPON PARKING DEVELOPMENT Co.,Ltd.",17,不動産,8050,不動産業,TOPIX Small 1,0111,プライム
2025-02-05,23540,ＹＥ　ＤＩＧＩＴＡＬ,YE DIGITAL Corporation,10,情報通信・サービスその他,5250,情報･通信業,-,0112,スタンダード
2025-02-05,23590,コア,CORE CORPORATION,10,情報通信・サービスその他,5250,情報･通信業,TOPIX Small 2,0111,プライム
2025-02-05,235A0,Ｇｌｏｂａｌ　Ｘ　Ｊａｐａｎ株式会社　グローバルＸ　高配当３０−日本株式　ＥＴＦ,Global X Japan High Dividend 30 ETF,99,その他,9999,その他,-,0109,その他
2025-02-05,236A0,ブラックロック・ジャパン株式会社　ｉシェアーズ　日本国債７−１０年　ＥＴＦ,iShares 7-10 Year Japan Government Bond ETF,99,その他,9999,その他,-,0109,その他
2025-02-05,23700,メディネット,"MEDINET Co.,Ltd.",10,情報通信・サービスその他,9050,サービス業,-,0113,グロース
2025-02-05,23710,カカクコム,"Kakaku.com,Inc.",10,情報通信・サービスその他,9050,サービス業,TOPIX Mid400,0111,プライム
2025-02-05,23720,アイロムグループ,"I'rom Group Co.,Ltd.",10,情報通信・サービスその他,9050,サービス業,TOPIX Small 2,0111,プライム
2025-02-05,23730,ケア２１,CARE TWENTYONE CORPORATION,10,情報通信・サービスその他,9050,サービス業,-,0112,スタンダード
2025-02-05,23740,セントケア・ホールディング,SAINT-CARE HOLDING CORPORATION,10,情報通信・サービスその他,9050,サービス業,TOPIX Small 2,0111,プライム
2025-02-05,23750,ギグワークス,GiG Works Inc.,10,情報通信・サービスその他,9050,サービス業,-,0112,スタンダード
2025-02-05,23760,サイネックス,SCINEX CORPORATION,10,情報通信・サービスその他,9050,サービス業,-,0112,スタンダード
2025-02-05,23780,ルネサンス,"RENAISSANCE,INCORPORATED",10,情報通信・サービスその他,9050,サービス業,TOPIX Small 2,0111,プライム
2025-02-05,23790,ディップ,dip Corporation,10,情報通信・サービスその他,9050,サービス業,TOPIX Small 1,0111,プライム
2025-02-05,237A0,ブラックロック・ジャパン株式会社　ｉシェアーズ　米国債２５年超　ロングデュレーション　ＥＴＦ,iShares 25+ Year US Treasury Bond Long Duration ETF,99,その他,9999,その他,-,0109,その他
2025-02-05,23840,ＳＢＳホールディングス,"SBS Holdings,Inc.",12,運輸・物流,5050,陸運業,TOPIX Small 1,0111,プライム
2025-02-05,23850,総医研ホールディングス,Soiken Holdings Inc.,10,情報通信・サービスその他,9050,サービス業,-,0113,グロース
2025-02-05,23880,ウェッジホールディングス,"Wedge Holdings CO.,LTD.",16,金融（除く銀行）,7200,その他金融業,-,0113,グロース
2025-02-05,23890,デジタルホールディングス,"DIGITAL HOLDINGS,INC.",10,情報通信・サービスその他,9050,サービス業,TOPIX Small 2,0111,プライム
2025-02-05,238A0,ブラックロック・ジャパン株式会社　ｉシェアーズ　米国債２５年超　ロングデュレーション　ＥＴＦ（為替ヘッジあり）,iShares 25+ Year US Treasury Bond Long Duration JPY Hedged ETF,99,その他,9999,その他,-,0109,その他
2025-02-05,23910,プラネット,"PLANET,INC.",10,情報通信・サービスその他,9050,サービス業,-,0112,スタンダード
2025-02-05,23930,日本ケアサプライ,"Nippon Care Supply Co.,Ltd.",10,情報通信・サービスその他,9050,サービス業,-,0112,スタンダード
2025-02-05,23950,新日本科学,"SHIN NIPPON BIOMEDICAL LABORATORIES,LTD.",10,情報通信・サービスその他,9050,サービス業,TOPIX Small 2,0111,プライム
2025-02-05,23970,ＤＮＡチップ研究所,DNA Chip Research Inc.,10,情報通信・サービスその他,9050,サービス業,-,0112,スタンダード
2025-02-05,239A0,バレッグス,"Balleggs Co.,Ltd.",17,不動産,8050,不動産業,-,0105,TOKYO PRO MARKET
2025-02-05,24040,鉄人化ホールディングス,"TETSUJIN Holdings,Inc.",10,情報通信・サービスその他,9050,サービス業,-,0112,スタンダード
2025-02-05,24080,ＫＧ情報,"KG Intelligence CO.,LTD.",10,情報通信・サービスその他,9050,サービス業,-,0112,スタンダード
2025-02-05,24100,キャリアデザインセンター,"CAREER DESIGN CENTER CO.,LTD.",10,情報通信・サービスその他,9050,サービス業,-,0111,プライム
2025-02-05,24110,ゲンダイエージェンシー,GENDAI AGENCY INC.,10,情報通信・サービスその他,5250,情報･通信業,-,0112,スタンダード
2025-02-05,24130,エムスリー,"M3,Inc.",10,情報通信・サービスその他,9050,サービス業,TOPIX Mid400,0111,プライム
2025-02-05,24150,ヒューマンホールディングス,"Human Holdings Co.,Ltd.",10,情報通信・サービスその他,9050,サービス業,-,0112,スタンダード
2025-02-05,24180,ツカダ・グローバルホールディング,TSUKADA GLOBAL HOLDINGS Inc.,10,情報通信・サービスその他,9050,サービス業,-,0112,スタンダード
2025-02-05,241A0,ＲＯＸＸ,"ROXX,inc.",10,情報通信・サービスその他,5250,情報･通信業,-,0113,グロース
2025-02-05,24240,ブラス,Brass Corporation,10,情報通信・サービスその他,9050,サービス業,-,0112,スタンダード
2025-02-05,24250,ケアサービス,"Care Service Co.,Ltd.",10,情報通信・サービスその他,9050,サービス業,-,0112,スタンダード
2025-02-05,24280,ウェルネット,WELLNET CORPORATION,10,情報通信・サービスその他,9050,サービス業,-,0112,スタンダード
2025-02-05,24290,ワールドホールディングス,"WORLD HOLDINGS CO.,LTD.",10,情報通信・サービスその他,9050,サービス業,TOPIX Small 2,0111,プライム
2025-02-05,24320,ディー・エヌ・エー,"DeNA Co.,Ltd.",10,情報通信・サービスその他,9050,サービス業,TOPIX Mid400,0111,プライム
2025-02-05,24330,博報堂ＤＹホールディングス,HAKUHODO DY HOLDINGS INCORPORATED,10,情報通信・サービスその他,9050,サービス業,TOPIX Mid400,0111,プライム
2025-02-05,24350,シダー,"CEDAR.Co.,Ltd",10,情報通信・サービスその他,9050,サービス業,-,0112,スタンダード
2025-02-05,24360,共同ピーアール,"KYODO PUBLIC RELATIONS CO.,LTD.",10,情報通信・サービスその他,9050,サービス業,-,0112,スタンダード
2025-02-05,24370,Ｓｈｉｎｗａ　Ｗｉｓｅ　Ｈｏｌｄｉｎｇｓ,"SHINWA WISE HOLDINGS CO.,LTD.",10,情報通信・サービスその他,9050,サービス業,-,0112,スタンダード
2025-02-05,24380,アスカネット,"Asukanet Company,Limited",10,情報通信・サービスその他,9050,サービス業,-,0113,グロース
2025-02-05,243A0,トップス,Top's Inc.,1,食品,3050,食料品,-,0105,TOKYO PRO MARKET
2025-02-05,24400,ぐるなび,"Gurunavi,Inc.",10,情報通信・サービスその他,9050,サービス業,TOPIX Small 2,0111,プライム
2025-02-05,24450,タカミヤ,"Takamiya Co.,Ltd.",10,情報通信・サービスその他,9050,サービス業,TOPIX Small 2,0111,プライム
2025-02-05,24490,プラップジャパン,"PRAP Japan,Inc.",10,情報通信・サービスその他,9050,サービス業,-,0112,スタンダード
2025-02-05,244A0,グロースエクスパートナーズ,"Growth xPartners,Inc.",10,情報通信・サービスその他,5250,情報･通信業,-,0113,グロース
2025-02-05,24520,コンピュータマインド,"Computer Mind Co.,Ltd.",10,情報通信・サービスその他,5250,情報･通信業,-,0105,TOKYO PRO MARKET
2025-02-05,24540,オールアバウト,"All About,Inc.",10,情報通信・サービスその他,9050,サービス業,-,0112,スタンダード
2025-02-05,24590,アウンコンサルティング,"AUN CONSULTING,Inc.",10,情報通信・サービスその他,9050,サービス業,-,0112,スタンダード
2025-02-05,245A0,ＩＮＧＳ,INGS inc.,14,小売,6100,小売業,-,0113,グロース
2025-02-05,24610,ファンコミュニケーションズ,"FAN Communications,Inc.",10,情報通信・サービスその他,9050,サービス業,TOPIX Small 2,0111,プライム
2025-02-05,24620,ライク,"LIKE,Inc.",10,情報通信・サービスその他,9050,サービス業,TOPIX Small 2,0111,プライム
2025-02-05,24640,Ａｏｂａ‐ＢＢＴ,"Aoba-BBT,Inc.",10,情報通信・サービスその他,9050,サービス業,-,0112,スタンダード
2025-02-05,24690,ヒビノ,Hibino Corporation,10,情報通信・サービスその他,9050,サービス業,-,0112,スタンダード
2025-02-05,246A0,アスア,ASUA Inc.,10,情報通信・サービスその他,9050,サービス業,-,0113,グロース
2025-02-05,24710,エスプール,"S-Pool,Inc.",10,情報通信・サービスその他,9050,サービス業,TOPIX Small 2,0111,プライム
2025-02-05,24750,ＷＤＢホールディングス,"WDB HOLDINGS CO.,LTD.",10,情報通信・サービスその他,9050,サービス業,TOPIX Small 2,0111,プライム
2025-02-05,24770,手間いらず,"Temairazu,Inc.",10,情報通信・サービスその他,5250,情報･通信業,TOPIX Small 2,0112,スタンダード
2025-02-05,24790,ジェイテック,JTEC CORPORATION,10,情報通信・サービスその他,9050,サービス業,-,0113,グロース
2025-02-05,247A0,Ａｉロボティクス,Ai ROBOTICS INC.,4,素材・化学,3200,化学,-,0113,グロース
2025-02-05,24800,システム・ロケーション,"System Location Co.,Ltd.",10,情報通信・サービスその他,5250,情報･通信業,-,0112,スタンダード
2025-02-05,24810,タウンニュース社,"TOWNNEWS-SHA CO.,LTD.",10,情報通信・サービスその他,9050,サービス業,-,0112,スタンダード
2025-02-05,24830,翻訳センター,HONYAKU Center Inc.,10,情報通信・サービスその他,9050,サービス業,-,0112,スタンダード
2025-02-05,24840,出前館,"DEMAE-CAN CO.,LTD",10,情報通信・サービスその他,5250,情報･通信業,-,0112,スタンダード
2025-02-05,24850,ティア,TEAR Corporation,10,情報通信・サービスその他,9050,サービス業,-,0112,スタンダード
2025-02-05,24880,ＪＴＰ,"JTP CO.,LTD.",10,情報通信・サービスその他,9050,サービス業,-,0112,スタンダード
2025-02-05,24890,アドウェイズ,Adways Inc.,10,情報通信・サービスその他,9050,サービス業,TOPIX Small 2,0111,プライム
2025-02-05,248A0,キッズスター,KIDS STAR Inc.,10,情報通信・サービスその他,5250,情報･通信業,-,0113,グロース
2025-02-05,24910,バリューコマース,"ValueCommerce Co.,Ltd.",10,情報通信・サービスその他,9050,サービス業,TOPIX Small 2,0111,プライム
2025-02-05,24920,インフォマート,Infomart Corporation,10,情報通信・サービスその他,9050,サービス業,TOPIX Small 1,0111,プライム
2025-02-05,24930,イーサポートリンク,"E-SUPPORTLINK,Ltd.",10,情報通信・サービスその他,9050,サービス業,-,0112,スタンダード
2025-02-05,24970,ユナイテッド,"UNITED,Inc.",10,情報通信・サービスその他,9050,サービス業,-,0113,グロース
2025-02-05,24980,オリエンタルコンサルタンツホールディングス,Oriental Consultants Holdings Company Limited,10,情報通信・サービスその他,9050,サービス業,-,0112,スタンダード
2025-02-05,24990,日本和装ホールディングス,"NIHONWASOU HOLDINGS,INC.",10,情報通信・サービスその他,9050,サービス業,-,0112,スタンダード
2025-02-05,249A0,ヒューマンアジャスト,"HUMAN ADJUST Co.,Ltd.",10,情報通信・サービスその他,9050,サービス業,-,0105,TOKYO PRO MARKET
2025-02-05,25010,サッポロホールディングス,SAPPORO HOLDINGS LIMITED,1,食品,3050,食料品,TOPIX Mid400,0111,プライム
2025-02-05,25020,アサヒグループホールディングス,"Asahi Group Holdings,Ltd.",1,食品,3050,食料品,TOPIX Large70,0111,プライム
2025-02-05,25030,キリンホールディングス,"Kirin Holdings Company,Limited",1,食品,3050,食料品,TOPIX Large70,0111,プライム
2025-02-05,250A0,シマダヤ,Shimadaya Corporation,1,食品,3050,食料品,TOPIX Small 2,0112,スタンダード
2025-02-05,25100,野村アセットマネジメント株式会社　ＮＥＸＴ　ＦＵＮＤＳ　国内債券・ＮＯＭＵＲＡ−ＢＰＩ総合連動型上場投信,NEXT FUNDS Japan Bond NOMURA-BPI Exchange Traded Fund,99,その他,9999,その他,-,0109,その他
2025-02-05,25110,野村アセットマネジメント株式会社　ＮＥＸＴ　ＦＵＮＤＳ　外国債券・ＦＴＳＥ世界国債インデックス（除く日本・為替ヘッジなし）連動型上場投信,NEXT FUNDS International Bond FTSE World Government Bond Index (ex Japan Unhedged) Exchange Traded Fund,99,その他,9999,その他,-,0109,その他
2025-02-05,25120,野村アセットマネジメント株式会社　ＮＥＸＴ　ＦＵＮＤＳ　外国債券・ＦＴＳＥ世界国債インデックス（除く日本・為替ヘッジあり）連動型上場投信,NEXT FUNDS International Bond FTSE World Government Bond Index (ex Japan Yen-Hedged) Exchange Traded Fund,99,その他,9999,その他,-,0109,その他
2025-02-05,25130,野村アセットマネジメント株式会社　ＮＥＸＴ　ＦＵＮＤＳ　外国株式・ＭＳＣＩ−ＫＯＫＵＳＡＩ指数（為替ヘッジなし）連動型上場投信,NEXT FUNDS International Equity MSCI-KOKUSAI (Unhedged) Exchange Traded Fund,99,その他,9999,その他,-,0109,その他
2025-02-05,25140,野村アセットマネジメント株式会社　ＮＥＸＴ　ＦＵＮＤＳ　外国株式・ＭＳＣＩ−ＫＯＫＵＳＡＩ指数（為替ヘッジあり）連動型上場投信,NEXT FUNDS International Equity MSCI-KOKUSAI (Yen-Hedged) Exchange Traded Fund,99,その他,9999,その他,-,0109,その他
2025-02-05,25150,野村アセットマネジメント株式会社　ＮＥＸＴ　ＦＵＮＤＳ　外国ＲＥＩＴ・Ｓ＆Ｐ先進国ＲＥＩＴ指数（除く日本・為替ヘッジなし）連動型上場投信,NEXT FUNDS International REIT S&P Developed REIT Index (ex Japan Unhedged) Exchange Traded Fund,99,その他,9999,その他,-,0109,その他
2025-02-05,25160,シンプレクス・アセット・マネジメント株式会社　東証グロース２５０ＥＴＦ,TSE Growth 250 ETF,99,その他,9999,その他,-,0109,その他
2025-02-05,25170,三菱ＵＦＪアセットマネジメント株式会社　ＭＡＸＩＳ　Ｊリート・コア上場投信,MAXIS J-REIT Core ETF,99,その他,9999,その他,-,0109,その他
2025-02-05,25180,野村アセットマネジメント株式会社　ＮＥＸＴ　ＦＵＮＤＳ　ＭＳＣＩ日本株女性活躍指数（セレクト）連動型上場投信,NEXT FUNDS MSCI Japan Empowering Women Select Index Exchange Traded Fund,99,その他,9999,その他,-,0109,その他
2025-02-05,25190,野村アセットマネジメント株式会社　ＮＥＸＴ　ＦＵＮＤＳ　新興国債券・Ｊ．Ｐ．モルガン・エマージング・マーケット・ボンド・インデックス・プラス（為替ヘッジなし）連動型上場投信,NEXT FUNDS Emerging Market Bond J.P. Morgan EMBI Plus (Unhedged) Exchange Traded Fund,99,その他,9999,その他,-,0109,その他
2025-02-05,251A0,ニューロマジック,"Neuromagic Co.,Ltd.",10,情報通信・サービスその他,9050,サービス業,-,0105,TOKYO PRO MARKET
2025-02-05,25200,野村アセットマネジメント株式会社　ＮＥＸＴ　ＦＵＮＤＳ　新興国株式・ＭＳＣＩエマージング・マーケット・インデックス（為替ヘッジなし）連動型上場投信,NEXT FUNDS Emerging Market Equity MSCI-EM (Unhedged) Exchange Traded Fund,99,その他,9999,その他,-,0109,その他
2025-02-05,25210,日興アセットマネジメント株式会社　上場インデックスファンド米国株式（Ｓ＆Ｐ５００）為替ヘッジあり,Listed Index Fund US Equity (S&P500) Currency Hedge,99,その他,9999,その他,-,0109,その他
2025-02-05,25220,ブラックロック・ジャパン株式会社　ｉシェアーズ　オートメーション　＆　ロボット　ＥＴＦ,iShares Automation & Robot ETF,99,その他,9999,その他,-,0109,その他
2025-02-05,25230,三菱ＵＦＪアセットマネジメント株式会社　ＭＡＸＩＳトピックス（除く金融）上場投信,MAXIS TOPIX Ex-Financials ETF,99,その他,9999,その他,-,0109,その他
2025-02-05,25240,農林中金全共連アセットマネジメント株式会社　ＮＺＡＭ　上場投信　ＴＯＰＩＸ,NZAM ETF TOPIX,99,その他,9999,その他,-,0109,その他
2025-02-05,25250,農林中金全共連アセットマネジメント株式会社　ＮＺＡＭ　上場投信　日経２２５,NZAM ETF Nikkei 225,99,その他,9999,その他,-,0109,その他
2025-02-05,25260,農林中金全共連アセットマネジメント株式会社　ＮＺＡＭ　上場投信　ＪＰＸ日経４００,NZAM ETF JPX-Nikkei400,99,その他,9999,その他,-,0109,その他
2025-02-05,25270,農林中金全共連アセットマネジメント株式会社　ＮＺＡＭ　上場投信　東証ＲＥＩＴ　Ｃｏｒｅ指数,NZAM ETF J-REIT Core Index,99,その他,9999,その他,-,0109,その他
2025-02-05,25280,大和アセットマネジメント株式会社　ｉＦｒｅｅＥＴＦ　東証ＲＥＩＴ　Ｃｏｒｅ指数,iFreeETF Tokyo Stock Exchange REIT Core Index,99,その他,9999,その他,-,0109,その他
2025-02-05,25290,野村アセットマネジメント株式会社　ＮＥＸＴ　ＦＵＮＤＳ　野村株主還元７０連動型上場投信,NEXT FUNDS Nomura Shareholder Yield 70 Exchange Traded Fund,99,その他,9999,その他,-,0109,その他
2025-02-05,252A0,ウェッジ,"Wedge Co.,Ltd.",14,小売,6100,小売業,-,0105,TOKYO PRO MARKET
2025-02-05,25300,三菱ＵＦＪアセットマネジメント株式会社　ＭＡＸＩＳ　ＨｕａＡｎ中国株式（上海１８０Ａ株）上場投信,MAXIS HuaAn China Equity (SSE 180 index) ETF,99,その他,9999,その他,-,0109,その他
2025-02-05,25310,宝ホールディングス,TAKARA HOLDINGS INC.,1,食品,3050,食料品,TOPIX Mid400,0111,プライム
2025-02-05,25330,オエノンホールディングス,"Oenon Holdings,Inc.",1,食品,3050,食料品,TOPIX Small 2,0111,プライム
2025-02-05,253A0,ＥＴＳグループ,"ETS Group Co.,Ltd.",3,建設・資材,2050,建設業,-,0112,スタンダード
2025-02-05,25400,養命酒製造,"YOMEISHU SEIZO CO.,LTD.",1,食品,3050,食料品,TOPIX Small 2,0111,プライム
2025-02-05,254A0,ＡＩフュージョンキャピタルグループ,AI FUSION CAPITAL GROUP CORP.,16,金融（除く銀行）,7100,証券･商品先物取引業,-,0112,スタンダード
2025-02-05,25520,日興アセットマネジメント株式会社　上場インデックスファンドＪリート（東証ＲＥＩＴ指数）隔月分配型（ミニ）,Listed Index Fund J-REIT (Tokyo Stock Exchange REIT Index) Bi-Monthly Dividend Payment Type (Mini),99,その他,9999,その他,-,0109,その他
2025-02-05,25530,アセットマネジメントＯｎｅ株式会社　Ｏｎｅ　ＥＴＦ　南方　中国Ａ株　ＣＳＩ５００,One ETF Southern China A-Share CSI 500,99,その他,9999,その他,-,0109,その他
2025-02-05,25540,野村アセットマネジメント株式会社　ＮＥＸＴ　ＦＵＮＤＳ　ブルームバーグ米国投資適格社債（１−１０年）インデックス（為替ヘッジあり）連動型上場投信,NEXT FUNDS Bloomberg US Intermediate Corporate Index (JPY Hedged) Exchange Traded Fund,99,その他,9999,その他,-,0109,その他
2025-02-05,25550,シンプレクス・アセット・マネジメント株式会社　東証ＲＥＩＴ　ＥＴＦ,TSE REIT ETF,99,その他,9999,その他,-,0109,その他
2025-02-05,25560,アセットマネジメントＯｎｅ株式会社　Ｏｎｅ　ＥＴＦ　東証ＲＥＩＴ指数,One ETF Tokyo Stock Exchange REIT Index,99,その他,9999,その他,-,0109,その他
2025-02-05,25570,三井住友ＤＳアセットマネジメント株式会社　ＳＭＤＡＭ　トピックス上場投信,SMDAM TOPIX ETF,99,その他,9999,その他,-,0109,その他
2025-02-05,25580,三菱ＵＦＪアセットマネジメント株式会社　ＭＡＸＩＳ米国株式（Ｓ＆Ｐ５００）上場投信,MAXIS S&P500 US Equity ETF,99,その他,9999,その他,-,0109,その他
2025-02-05,25590,三菱ＵＦＪアセットマネジメント株式会社　ＭＡＸＩＳ全世界株式（オール・カントリー）上場投信,MAXIS World Equity (MSCI ACWI) ETF,99,その他,9999,その他,-,0109,その他
2025-02-05,255A0,ジーエルテクノホールディングス,"GLTECHNO HOLDINGS,INC.",9,電機・精密,3750,精密機器,-,0112,スタンダード
2025-02-05,25600,三菱ＵＦＪアセットマネジメント株式会社　ＭＡＸＩＳカーボン・エフィシェント日本株上場投信,MAXIS Carbon Efficient Japan Equity ETF,99,その他,9999,その他,-,0109,その他
2025-02-05,25610,ブラックロック・ジャパン株式会社　ｉシェアーズ・コア　日本国債　ＥＴＦ,iShares Core Japan Government Bond ETF,99,その他,9999,その他,-,0109,その他
2025-02-05,25620,日興アセットマネジメント株式会社　上場インデックスファンド米国株式（ダウ平均）為替ヘッジあり,Listed Index Fund US Equity (Dow Average) Currency Hedge,99,その他,9999,その他,-,0109,その他
2025-02-05,25630,ブラックロック・ジャパン株式会社　ｉシェアーズ　Ｓ＆Ｐ　５００　米国株　ＥＴＦ（為替ヘッジあり）,iShares S&P 500 JPY Hedged ETF,99,その他,9999,その他,-,0109,その他
2025-02-05,25640,Ｇｌｏｂａｌ　Ｘ　Ｊａｐａｎ株式会社　グローバルＸ　ＭＳＣＩスーパーディビィデンド−日本株式　ＥＴＦ,Global X MSCI SuperDividend Japan ETF,99,その他,9999,その他,-,0109,その他
2025-02-05,25650,Ｇｌｏｂａｌ　Ｘ　Ｊａｐａｎ株式会社　グローバルＸ　ロジスティクス・Ｊ−ＲＥＩＴ　ＥＴＦ,Global X Logistics J-REIT ETF,99,その他,9999,その他,-,0109,その他
2025-02-05,25660,日興アセットマネジメント株式会社　上場インデックスファンド日経ＥＳＧリート,Listed Index Fund Nikkei ESG REIT,99,その他,9999,その他,-,0109,その他
2025-02-05,25670,農林中金全共連アセットマネジメント株式会社　ＮＺＡＭ　上場投信　Ｓ＆Ｐ／ＪＰＸカーボン・エフィシェント指数,NZAM ETF S&P/JPX Carbon Efficient Index,99,その他,9999,その他,-,0109,その他
2025-02-05,25680,日興アセットマネジメント株式会社　上場インデックスファンド米国株式（ＮＡＳＤＡＱ１００）為替ヘッジなし,Listed Index Fund US Equity (NASDAQ100) No Currency Hedge,99,その他,9999,その他,-,0109,その他
2025-02-05,25690,日興アセットマネジメント株式会社　上場インデックスファンド米国株式（ＮＡＳＤＡＱ１００）為替ヘッジあり,Listed Index Fund US Equity (NASDAQ100) Currency Hedge,99,その他,9999,その他,-,0109,その他
2025-02-05,256A0,飛島ホールディングス,TOBISHIMA HOLDINGS Inc.,3,建設・資材,2050,建設業,TOPIX Small 2,0111,プライム
2025-02-05,25730,北海道コカ・コーラボトリング,"HOKKAIDO COCA-COLA BOTTLING CO.,LTD.",1,食品,3050,食料品,-,0112,スタンダード
2025-02-05,25790,コカ・コーラ　ボトラーズジャパンホールディングス,Coca-Cola Bottlers Japan Holdings Inc.,1,食品,3050,食料品,TOPIX Mid400,0111,プライム
2025-02-05,257A0,三井住友トラスト・アセットマネジメント株式会社　ＳＭＴ　ＥＴＦ日本株厳選投資アクティブ,SMT ETF Selected Japan Equity Active,99,その他,9999,その他,-,0109,その他
2025-02-05,25850,ライフドリンク　カンパニー,"LIFEDRINK COMPANY,INC.",1,食品,3050,食料品,TOPIX Small 2,0111,プライム
2025-02-05,25860,フルッタフルッタ,FRUTA FRUTA INC.,1,食品,3050,食料品,-,0113,グロース
2025-02-05,25870,サントリー食品インターナショナル,Suntory Beverage & Food Limited,1,食品,3050,食料品,TOPIX Mid400,0111,プライム
2025-02-05,25880,プレミアムウォーターホールディングス,"Premium Water Holdings,Inc.",1,食品,3050,食料品,-,0112,スタンダード
2025-02-05,258A0,三井住友トラスト・アセットマネジメント株式会社　ＳＭＴ　ＥＴＦ国内リート厳選投資アクティブ,SMT ETF Selected J-REIT Active,99,その他,9999,その他,-,0109,その他
2025-02-05,25900,ダイドーグループホールディングス,"DyDo GROUP HOLDINGS,INC.",1,食品,3050,食料品,TOPIX Small 1,0111,プライム
2025-02-05,25930,伊藤園,"ITO EN,LTD.",1,食品,3050,食料品,TOPIX Mid400,0111,プライム
2025-02-05,25935,伊藤園（優先株式）,"ITO EN,LTD. (shares of preferred stock)",1,食品,3050,食料品,-,0111,プライム
2025-02-05,25940,キーコーヒー,KEY COFFEE INC,1,食品,3050,食料品,TOPIX Small 2,0111,プライム
2025-02-05,25970,ユニカフェ,UNICAFE INC.,1,食品,3050,食料品,-,0112,スタンダード
2025-02-05,26020,日清オイリオグループ,"The Nisshin OilliO Group,Ltd.",1,食品,3050,食料品,TOPIX Small 1,0111,プライム
2025-02-05,26070,不二製油グループ本社,FUJI OIL HOLDINGS INC.,1,食品,3050,食料品,TOPIX Mid400,0111,プライム
2025-02-05,260A0,オルツ,alt Inc.,10,情報通信・サービスその他,5250,情報･通信業,-,0113,グロース
2025-02-05,26120,かどや製油,KADOYA SESAME MILLS INCORPORATED,1,食品,3050,食料品,-,0112,スタンダード
2025-02-05,26130,Ｊ−オイルミルズ,"J-OIL MILLS, INC.",1,食品,3050,食料品,TOPIX Small 2,0111,プライム
2025-02-05,261A0,日水コン,"Nihon Suido Consultants Co.,Ltd.",10,情報通信・サービスその他,9050,サービス業,-,0112,スタンダード
2025-02-05,26200,ブラックロック・ジャパン株式会社　ｉシェアーズ　米国債１−３年　ＥＴＦ,iShares 1-3 Year US Treasury Bond ETF,99,その他,9999,その他,-,0109,その他
2025-02-05,26210,ブラックロック・ジャパン株式会社　ｉシェアーズ　米国債２０年超　ＥＴＦ（為替ヘッジあり）,iShares 20+ Year US Treasury Bond JPY Hedged ETF,99,その他,9999,その他,-,0109,その他
2025-02-05,26220,ブラックロック・ジャパン株式会社　ｉシェアーズ　米ドル建て新興国債券　ＥＴＦ（為替ヘッジあり）,iShares USD Emerging Markets Bond JPY Hedged ETF,99,その他,9999,その他,-,0109,その他
2025-02-05,26230,ブラックロック・ジャパン株式会社　ｉシェアーズ　ユーロ建て投資適格社債　ＥＴＦ（為替ヘッジあり）,iShares Euro Investment Grade Corporate Bond JPY Hedged ETF,99,その他,9999,その他,-,0109,その他
2025-02-05,26240,大和アセットマネジメント株式会社　ｉＦｒｅｅＥＴＦ　日経２２５（年４回決算型）,iFreeETF Nikkei225 (Quarterly Dividend Type),99,その他,9999,その他,-,0109,その他
2025-02-05,26250,大和アセットマネジメント株式会社　ｉＦｒｅｅＥＴＦ　ＴＯＰＩＸ（年４回決算型）,iFreeETF TOPIX (Quarterly Dividend Type),99,その他,9999,その他,-,0109,その他
2025-02-05,26260,Ｇｌｏｂａｌ　Ｘ　Ｊａｐａｎ株式会社　グローバルＸ　デジタル・イノベーション−日本株式　ＥＴＦ,Global X Digital Innovation Japan ETF,99,その他,9999,その他,-,0109,その他
2025-02-05,26270,Ｇｌｏｂａｌ　Ｘ　Ｊａｐａｎ株式会社　グローバルＸ　ｅコマース−日本株式　ＥＴＦ,Global X E-Commerce Japan ETF,99,その他,9999,その他,-,0109,その他
2025-02-05,26280,大和アセットマネジメント株式会社　ｉＦｒｅｅＥＴＦ　中国科創板５０（ＳＴＡＲ５０）,iFreeETF China STAR50,99,その他,9999,その他,-,0109,その他
2025-02-05,26290,大和アセットマネジメント株式会社　ｉＦｒｅｅＥＴＦ　中国グレーターベイエリア・イノベーション１００（ＧＢＡ１００）,iFreeETF China GBA100,99,その他,9999,その他,-,0109,その他
2025-02-05,262A0,インターメスティック,INTERMESTIC INC.,14,小売,6100,小売業,TOPIX Small 2,0111,プライム
2025-02-05,26300,三菱ＵＦＪアセットマネジメント株式会社　ＭＡＸＩＳ米国株式（Ｓ＆Ｐ５００）上場投信（為替ヘッジあり）,MAXIS S&P500 US Equity ETF (JPY Hedged),99,その他,9999,その他,-,0109,その他
2025-02-05,26310,三菱ＵＦＪアセットマネジメント株式会社　ＭＡＸＩＳナスダック１００上場投信,MAXIS NASDAQ100 ETF,99,その他,9999,その他,-,0109,その他
2025-02-05,26320,三菱ＵＦＪアセットマネジメント株式会社　ＭＡＸＩＳナスダック１００上場投信（為替ヘッジあり）,MAXIS NASDAQ100 ETF (JPY Hedged),99,その他,9999,その他,-,0109,その他
2025-02-05,26330,野村アセットマネジメント株式会社　ＮＥＸＴ　ＦＵＮＤＳ　Ｓ＆Ｐ　５００　指数（為替ヘッジなし）連動型上場投信,NEXT FUNDS S&P 500 (Unhedged) Exchange Traded Fund,99,その他,9999,その他,-,0109,その他
2025-02-05,26340,野村アセットマネジメント株式会社　ＮＥＸＴ　ＦＵＮＤＳ　Ｓ＆Ｐ　５００　指数（為替ヘッジあり）連動型上場投信,NEXT FUNDS S&P 500 (Yen-Hedged) Exchange Traded Fund,99,その他,9999,その他,-,0109,その他
2025-02-05,26350,野村アセットマネジメント株式会社　ＮＥＸＴ　ＦＵＮＤＳ　Ｓ＆Ｐ　５００　ＥＳＧ指数連動型上場投信,NEXT FUNDS S&P 500 ESG Index Exchange Traded Fund,99,その他,9999,その他,-,0109,その他
2025-02-05,26360,Ｇｌｏｂａｌ　Ｘ　Ｊａｐａｎ株式会社　グローバルＸ　ＭＳＣＩ　ガバナンス・クオリティ−日本株式　ＥＴＦ,Global X MSCI Governance-Quality Japan ETF,99,その他,9999,その他,-,0109,その他
2025-02-05,26370,Ｇｌｏｂａｌ　Ｘ　Ｊａｐａｎ株式会社　グローバルＸ　クリーンテック−日本株式　ＥＴＦ,Global X CleanTech Japan ETF,99,その他,9999,その他,-,0109,その他
2025-02-05,26380,Ｇｌｏｂａｌ　Ｘ　Ｊａｐａｎ株式会社　グローバルＸ　ロボティクス＆ＡＩ−日本株式　ＥＴＦ,Global X Japan Robotics & AI ETF,99,その他,9999,その他,-,0109,その他
2025-02-05,26390,Ｇｌｏｂａｌ　Ｘ　Ｊａｐａｎ株式会社　グローバルＸ　バイオ＆メドテック−日本株式　ＥＴＦ,Global X Japan Bio & Med Tech ETF,99,その他,9999,その他,-,0109,その他
2025-02-05,263A0,デジタルキューブ,DigitalCube Co.Ltd.,10,情報通信・サービスその他,5250,情報･通信業,-,0105,TOKYO PRO MARKET
2025-02-05,26400,Ｇｌｏｂａｌ　Ｘ　Ｊａｐａｎ株式会社　グローバルＸ　ゲーム＆アニメ−日本株式　ＥＴＦ,Global X Japan Games & Animation ETF,99,その他,9999,その他,-,0109,その他
2025-02-05,26410,Ｇｌｏｂａｌ　Ｘ　Ｊａｐａｎ株式会社　グローバルＸ　グローバルリーダーズ−日本株式　ＥＴＦ,Global X Japan Global Leaders ETF,99,その他,9999,その他,-,0109,その他
2025-02-05,26420,三井住友トラスト・アセットマネジメント株式会社　ＳＭＴ　ＥＴＦカーボン・エフィシェント日本株,SMT ETF Carbon Efficient Index Japan Equity,99,その他,9999,その他,-,0109,その他
2025-02-05,26430,野村アセットマネジメント株式会社　ＮＥＸＴ　ＦＵＮＤＳ　ＭＳＣＩジャパンカントリー指数（セレクト）連動型上場投信,NEXT FUNDS MSCI Japan Country Selection Index Exchange Traded Fund,99,その他,9999,その他,-,0109,その他
2025-02-05,26440,Ｇｌｏｂａｌ　Ｘ　Ｊａｐａｎ株式会社　グローバルＸ　半導体関連−日本株式　ＥＴＦ,Global X Japan Semiconductor ETF,99,その他,9999,その他,-,0109,その他
2025-02-05,26450,Ｇｌｏｂａｌ　Ｘ　Ｊａｐａｎ株式会社　グローバルＸ　レジャー＆エンターテインメント−日本株式　ＥＴＦ,Global X Japan Leisure & Entertainment ETF,99,その他,9999,その他,-,0109,その他
2025-02-05,26460,Ｇｌｏｂａｌ　Ｘ　Ｊａｐａｎ株式会社　グローバルＸ　メタルビジネス−日本株式　ＥＴＦ,Global X Japan Metal Business ETF,99,その他,9999,その他,-,0109,その他
2025-02-05,26470,野村アセットマネジメント株式会社　ＮＥＸＴ　ＦＵＮＤＳ　ブルームバーグ米国国債（７−１０年）インデックス（為替ヘッジなし）連動型上場投信,NEXT FUNDS Bloomberg US Treasury Bond (7-10 year) Index (Unhedged) Exchange Traded Fund,99,その他,9999,その他,-,0109,その他
2025-02-05,26480,野村アセットマネジメント株式会社　ＮＥＸＴ　ＦＵＮＤＳ　ブルームバーグ米国国債（７−１０年）インデックス（為替ヘッジあり）連動型上場投信,NEXT FUNDS Bloomberg US Treasury Bond (7-10 year) Index (Yen-Hedged) Exchange Traded Fund,99,その他,9999,その他,-,0109,その他
2025-02-05,26490,ブラックロック・ジャパン株式会社　ｉシェアーズ　米国政府系機関ジニーメイＭＢＳ　ＥＴＦ（為替ヘッジあり）,iShares Ginnie Mae MBS JPY Hedged ETF,99,その他,9999,その他,-,0109,その他
2025-02-05,264A0,Ｓｃｈｏｏ,"Schoo,inc.",10,情報通信・サービスその他,9050,サービス業,-,0113,グロース
2025-02-05,26520,まんだらけ,MANDARAKE INC.,14,小売,6100,小売業,-,0112,スタンダード
2025-02-05,26530,イオン九州,"AEON KYUSHU CO.,LTD.",14,小売,6100,小売業,-,0112,スタンダード
2025-02-05,26540,アスモ,ASMO CORPORATION,14,小売,6100,小売業,-,0112,スタンダード
2025-02-05,26560,ベクターホールディングス,Vector HOLDINGS Inc.,14,小売,6100,小売業,-,0112,スタンダード
2025-02-05,26590,サンエー,"SAN-A CO.,LTD.",14,小売,6100,小売業,TOPIX Small 1,0111,プライム
2025-02-05,265A0,Ｈｍｃｏｍｍ,Hmcomm Inc.,10,情報通信・サービスその他,5250,情報･通信業,-,0113,グロース
2025-02-05,26640,カワチ薬品,CAWACHI LIMITED,14,小売,6100,小売業,TOPIX Small 1,0111,プライム
2025-02-05,26660,オートウェーブ,"AUTOWAVE Co.,Ltd.",14,小売,6100,小売業,-,0112,スタンダード
2025-02-05,26670,イメージ　ワン,"ImageONE Co.,Ltd.",13,商社・卸売,6050,卸売業,-,0112,スタンダード
2025-02-05,26680,タビオ,Tabio Corporation,13,商社・卸売,6050,卸売業,-,0112,スタンダード
2025-02-05,26690,カネ美食品,"Kanemi Co.,Ltd.",14,小売,6100,小売業,-,0112,スタンダード
2025-02-05,266A0,グローカルマーケティング,"Glocal Marketing Co.,Ltd.",10,情報通信・サービスその他,9050,サービス業,-,0105,TOKYO PRO MARKET
2025-02-05,26700,エービーシー・マート,"ABC-MART,INC.",14,小売,6100,小売業,TOPIX Mid400,0111,プライム
2025-02-05,26730,夢みつけ隊,"YUMEMITSUKETAI Co.,Ltd.",14,小売,6100,小売業,-,0112,スタンダード
2025-02-05,26740,ハードオフコーポレーション,"HARD OFF CORPORATION Co.,Ltd.",14,小売,6100,小売業,TOPIX Small 2,0111,プライム
2025-02-05,26760,高千穂交易,"TAKACHIHO KOHEKI CO.,LTD.",13,商社・卸売,6050,卸売業,TOPIX Small 2,0111,プライム
2025-02-05,26780,アスクル,ASKUL Corporation,14,小売,6100,小売業,TOPIX Small 1,0111,プライム
2025-02-05,267A0,トワライズ,TOWARISE CORPORATION,16,金融（除く銀行）,7200,その他金融業,-,0105,TOKYO PRO MARKET
2025-02-05,26810,ゲオホールディングス,GEO HOLDINGS CORPORATION,14,小売,6100,小売業,TOPIX Small 1,0111,プライム
2025-02-05,26830,魚喜,"UOKI CO.,LTD.",14,小売,6100,小売業,-,0112,スタンダード
2025-02-05,26850,アダストリア,"Adastria Co.,Ltd.",14,小売,6100,小売業,TOPIX Small 1,0111,プライム
2025-02-05,26860,ジーフット,"GFOOT CO.,LTD.",14,小売,6100,小売業,-,0112,スタンダード
2025-02-05,26870,シー・ヴイ・エス・ベイエリア,CVS Bay Area Inc.,14,小売,6100,小売業,-,0112,スタンダード
2025-02-05,26890,オルバヘルスケアホールディングス,"OLBA HEALTHCARE HOLDINGS,Inc.",13,商社・卸売,6050,卸売業,-,0112,スタンダード
2025-02-05,268A0,リガク・ホールディングス,Rigaku Holdings Corporation,9,電機・精密,3750,精密機器,TOPIX Small 2,0111,プライム
2025-02-05,26920,伊藤忠食品,"ITOCHU-SHOKUHIN Co.,Ltd.",13,商社・卸売,6050,卸売業,TOPIX Small 2,0111,プライム
2025-02-05,26930,ＹＫＴ,YKT CORPORATION,13,商社・卸売,6050,卸売業,-,0112,スタンダード
2025-02-05,26940,焼肉坂井ホールディングス,Yakiniku Sakai Holdings Inc.,14,小売,6100,小売業,-,0112,スタンダード
2025-02-05,26950,くら寿司,"Kura Sushi,Inc.",14,小売,6100,小売業,TOPIX Small 1,0111,プライム
2025-02-05,26980,キャンドゥ,"CAN DO CO.,LTD.",14,小売,6100,小売業,TOPIX Small 2,0112,スタンダード
2025-02-05,269A0,Ｓａｐｅｅｔ,Sapeet Inc.,10,情報通信・サービスその他,5250,情報･通信業,-,0113,グロース
2025-02-05,27000,木徳神糧,"KITOKU SHINRYO CO.,LTD.",13,商社・卸売,6050,卸売業,-,0112,スタンダード
2025-02-05,27020,日本マクドナルドホールディングス,"McDonald's Holdings Company(Japan),Ltd.",14,小売,6100,小売業,-,0112,スタンダード
2025-02-05,27050,大戸屋ホールディングス,"OOTOYA Holdings Co.,Ltd.",14,小売,6100,小売業,-,0112,スタンダード
2025-02-05,27080,久世,"KUZE CO.,LTD.",13,商社・卸売,6050,卸売業,-,0112,スタンダード
2025-02-05,271A0,アクセリア,"Accelia,Inc.",10,情報通信・サービスその他,5250,情報･通信業,-,0105,TOKYO PRO MARKET
2025-02-05,27210,ジェイホールディングス,J-Holdings Corp.,13,商社・卸売,6050,卸売業,-,0112,スタンダード
2025-02-05,27220,ＩＫホールディングス,"IK HOLDINGS Co.,Ltd.",14,小売,6100,小売業,-,0112,スタンダード
2025-02-05,27260,パルグループホールディングス,"PAL GROUP Holdings CO.,LTD",14,小売,6100,小売業,TOPIX Small 1,0111,プライム
2025-02-05,27300,エディオン,EDION Corporation,14,小売,6100,小売業,TOPIX Small 1,0111,プライム
2025-02-05,27330,あらた,ARATA CORPORATION,13,商社・卸売,6050,卸売業,TOPIX Small 1,0111,プライム
2025-02-05,27340,サーラコーポレーション,SALA CORPORATION,14,小売,6100,小売業,TOPIX Small 2,0111,プライム
2025-02-05,27350,ワッツ,"WATTS CO.,LTD.",14,小売,6100,小売業,-,0112,スタンダード
2025-02-05,27360,フェスタリアホールディングス,"Festaria Holdings Co.,Ltd.",14,小売,6100,小売業,-,0112,スタンダード
2025-02-05,27370,トーメンデバイス,TOMEN DEVICES CORPORATION,13,商社・卸売,6050,卸売業,TOPIX Small 2,0111,プライム
2025-02-05,273A0,ＳＢＩアセットマネジメント株式会社　ＳＢＩ　サウジアラビア株式上場投信,SBI Saudi Arabia Equity Exchange Traded Fund,99,その他,9999,その他,-,0109,その他
2025-02-05,27420,ハローズ,"HALOWS CO.,LTD.",14,小売,6100,小売業,TOPIX Small 2,0111,プライム
2025-02-05,27430,ピクセルカンパニーズ,PIXEL COMPANYZ INC.,13,商社・卸売,6050,卸売業,-,0112,スタンダード
2025-02-05,27470,北雄ラッキー,"Hokuyu Lucky Co.,Ltd.",14,小売,6100,小売業,-,0112,スタンダード
2025-02-05,27490,ＪＰホールディングス,"JP-HOLDINGS,INC.",10,情報通信・サービスその他,9050,サービス業,TOPIX Small 1,0111,プライム
2025-02-05,274A0,ガーデン,"Garden Co.,Ltd.",14,小売,6100,小売業,-,0112,スタンダード
2025-02-05,27500,石光商事,"S.ISHIMITSU&CO.,LTD.",13,商社・卸売,6050,卸売業,-,0112,スタンダード
2025-02-05,27510,テンポスホールディングス,"TENPOS HOLDINGS Co.,Ltd.",13,商社・卸売,6050,卸売業,-,0112,スタンダード
2025-02-05,27520,フジオフードグループ本社,FUJIO FOOD GROUP INC.,14,小売,6100,小売業,TOPIX Small 1,0111,プライム
2025-02-05,27530,あみやき亭,"AMIYAKI TEI CO.,LTD.",14,小売,6100,小売業,TOPIX Small 2,0111,プライム
2025-02-05,275A0,ハンワホームズ,"Hanwa Home's Co.,Ltd.",3,建設・資材,2050,建設業,-,0105,TOKYO PRO MARKET
2025-02-05,27600,東京エレクトロン　デバイス,TOKYO ELECTRON DEVICE LIMITED,13,商社・卸売,6050,卸売業,TOPIX Small 1,0111,プライム
2025-02-05,27620,ＳＡＮＫＯ　ＭＡＲＫＥＴＩＮＧ　ＦＯＯＤＳ,"SANKO MARKETING FOODS CO.,LTD.",14,小売,6100,小売業,-,0112,スタンダード
2025-02-05,27630,エフティグループ,"FTGroup CO.,LTD.",13,商社・卸売,6050,卸売業,-,0112,スタンダード
2025-02-05,27640,ひらまつ,Hiramatsu Inc.,14,小売,6100,小売業,-,0112,スタンダード
2025-02-05,27670,円谷フィールズホールディングス,TSUBURAYA FIELDS HOLDINGS INC.,13,商社・卸売,6050,卸売業,TOPIX Small 1,0111,プライム
2025-02-05,27680,双日,Sojitz Corporation,13,商社・卸売,6050,卸売業,TOPIX Mid400,0111,プライム
2025-02-05,27690,ヴィレッジヴァンガードコーポレーション,"Village Vanguard CO.,LTD.",14,小売,6100,小売業,-,0112,スタンダード
2025-02-05,276A0,ククレブ・アドバイザーズ,CCReB Advisors Inc.,17,不動産,8050,不動産業,-,0113,グロース
2025-02-05,27760,新都ホールディングス,"SHINTO Holdings,Inc.",13,商社・卸売,6050,卸売業,-,0112,スタンダード
2025-02-05,27780,パレモ・ホールディングス,"PALEMO HOLDINGS CO.,LTD.",14,小売,6100,小売業,-,0112,スタンダード
2025-02-05,277A0,グロービング,Globe-ing Inc.,10,情報通信・サービスその他,9050,サービス業,-,0113,グロース
2025-02-05,27800,コメ兵ホールディングス,"Komehyo Holdings Co.,Ltd.",14,小売,6100,小売業,-,0112,スタンダード
2025-02-05,27820,セリア,"Seria Co.,Ltd.",14,小売,6100,小売業,-,0112,スタンダード
2025-02-05,27840,アルフレッサ　ホールディングス,Alfresa Holdings Corporation,13,商社・卸売,6050,卸売業,TOPIX Mid400,0111,プライム
2025-02-05,27880,アップルインターナショナル,"APPLE INTERNATIONAL CO.,LTD.",13,商社・卸売,6050,卸売業,-,0112,スタンダード
2025-02-05,27890,カルラ,"Karula Co.,LTD.",14,小売,6100,小売業,-,0112,スタンダード
2025-02-05,278A0,Ｔｅｒｒａ　Ｄｒｏｎｅ,Terra Drone Corporation,9,電機・精密,3750,精密機器,-,0113,グロース
2025-02-05,27900,ナフコ,"NAFCO Co.,Ltd.",14,小売,6100,小売業,-,0112,スタンダード
2025-02-05,27910,大黒天物産,"DAIKOKUTENBUSSAN CO.,LTD.",14,小売,6100,小売業,TOPIX Small 1,0111,プライム
2025-02-05,27920,ハニーズホールディングス,"HONEYS HOLDINGS CO.,LTD.",14,小売,6100,小売業,TOPIX Small 2,0111,プライム
2025-02-05,27950,日本プリメックス,NIPPON PRIMEX INC.,13,商社・卸売,6050,卸売業,-,0112,スタンダード
2025-02-05,27960,ファーマライズホールディングス,Pharmarise Holdings Corporation,14,小売,6100,小売業,-,0112,スタンダード
2025-02-05,27980,ワイズテーブルコーポレーション,Y's table corporation,14,小売,6100,小売業,-,0112,スタンダード
2025-02-05,279A0,インターグ,Interg Inc.,10,情報通信・サービスその他,9050,サービス業,-,0105,TOKYO PRO MARKET
2025-02-05,28010,キッコーマン,KIKKOMAN CORPORATION,1,食品,3050,食料品,TOPIX Mid400,0111,プライム
2025-02-05,28020,味の素,"Ajinomoto Co.,Inc.",1,食品,3050,食料品,TOPIX Large70,0111,プライム
2025-02-05,28040,ブルドックソース,"BULL-DOG SAUCE CO.,LTD.",1,食品,3050,食料品,TOPIX Small 2,0111,プライム
2025-02-05,28050,ヱスビー食品,S&B FOODS INC.,1,食品,3050,食料品,-,0112,スタンダード
2025-02-05,28060,ユタカフーズ,YUTAKA FOODS CORPORATION,1,食品,3050,食料品,-,0112,スタンダード
2025-02-05,28090,キユーピー,Kewpie Corporation,1,食品,3050,食料品,TOPIX Mid400,0111,プライム
2025-02-05,280A0,ＴＭＨ,TMH Inc.,13,商社・卸売,6050,卸売業,-,0113,グロース
2025-02-05,28100,ハウス食品グループ本社,House Foods Group Inc.,1,食品,3050,食料品,TOPIX Mid400,0111,プライム
2025-02-05,28110,カゴメ,"KAGOME CO.,LTD.",1,食品,3050,食料品,TOPIX Mid400,0111,プライム
2025-02-05,28130,和弘食品,"Wakou Shokuhin Co.,Ltd.",1,食品,3050,食料品,-,0112,スタンダード
2025-02-05,28140,佐藤食品工業,"SATO FOODS INDUSTRIES CO.,LTD.",1,食品,3050,食料品,-,0112,スタンダード
2025-02-05,28150,アリアケジャパン,"ARIAKE JAPAN Co.,Ltd.",1,食品,3050,食料品,TOPIX Small 1,0111,プライム
2025-02-05,28160,ダイショー,"DAISHO CO.,LTD.",1,食品,3050,食料品,-,0112,スタンダード
2025-02-05,28180,ピエトロ,"PIETRO Co.,Ltd.",1,食品,3050,食料品,-,0112,スタンダード
2025-02-05,28190,エバラ食品工業,"EBARA Foods Industry,Inc.",1,食品,3050,食料品,TOPIX Small 2,0112,スタンダード
2025-02-05,281A0,インフォメティス,"Informetis Co.,Ltd.",10,情報通信・サービスその他,5250,情報･通信業,-,0113,グロース
2025-02-05,28200,やまみ,Yamami Company,1,食品,3050,食料品,-,0112,スタンダード
2025-02-05,282A0,Ｇｌｏｂａｌ　Ｘ　Ｊａｐａｎ株式会社　グローバルＸ　半導体・トップ１０−日本株式　ＥＴＦ,Global X Japan Semiconductor Top 10 ETF,99,その他,9999,その他,-,0109,その他
2025-02-05,28300,アヲハタ,AOHATA Corporation,1,食品,3050,食料品,-,0112,スタンダード
2025-02-05,28310,はごろもフーズ,HAGOROMO FOODS CORPORATION,1,食品,3050,食料品,-,0112,スタンダード
2025-02-05,28360,Ｇｌｏｂａｌ　Ｘ　Ｊａｐａｎ株式会社　グローバルＸ　フィンテック−日本株式　ＥＴＦ,Global X Japan Fintech ETF,99,その他,9999,その他,-,0109,その他
2025-02-05,28370,Ｇｌｏｂａｌ　Ｘ　Ｊａｐａｎ株式会社　グローバルＸ　中小型リーダーズ−日本株式　ＥＴＦ,Global X Japan Mid & Small Cap Leaders ETF,99,その他,9999,その他,-,0109,その他
2025-02-05,28380,三菱ＵＦＪアセットマネジメント株式会社　ＭＡＸＩＳ米国国債７−１０年上場投信（為替ヘッジなし）,MAXIS US Treasury Bond 7-10 Year ETF (Unhedged),99,その他,9999,その他,-,0109,その他
2025-02-05,28390,三菱ＵＦＪアセットマネジメント株式会社　ＭＡＸＩＳ米国国債７−１０年上場投信（為替ヘッジあり）,MAXIS US Treasury Bond 7-10 Year ETF (JPY Hedged),99,その他,9999,その他,-,0109,その他
2025-02-05,283A0,Ｇｌｏｂａｌ　Ｘ　Ｊａｐａｎ株式会社　グローバルＸ　ＵＳ　テック・配当貴族　ＥＴＦ,Global X US Tech Dividend Aristocrats ETF,99,その他,9999,その他,-,0109,その他
2025-02-05,28400,大和アセットマネジメント株式会社　ｉＦｒｅｅＥＴＦ　ＮＡＳＤＡＱ１００（為替ヘッジなし）,iFreeETF NASDAQ100 (NON HEDGED),99,その他,9999,その他,-,0109,その他
2025-02-05,28410,大和アセットマネジメント株式会社　ｉＦｒｅｅＥＴＦ　ＮＡＳＤＡＱ１００（為替ヘッジあり）,iFreeETF NASDAQ100 (JPY HEDGED),99,その他,9999,その他,-,0109,その他
2025-02-05,28420,大和アセットマネジメント株式会社　ｉＦｒｅｅＥＴＦ　ＮＡＳＤＡＱ１００インバース,iFreeETF NASDAQ100 Inverse,99,その他,9999,その他,-,0109,その他
2025-02-05,28430,日興アセットマネジメント株式会社　上場インデックスファンド豪州国債（為替ヘッジあり）,Listed Index Fund Australian Government Bond (Currency Hedge),99,その他,9999,その他,-,0109,その他
2025-02-05,28440,日興アセットマネジメント株式会社　上場インデックスファンド豪州国債（為替ヘッジなし）,Listed Index Fund Australian Government Bond (No Currency Hedge),99,その他,9999,その他,-,0109,その他
2025-02-05,28450,野村アセットマネジメント株式会社　ＮＥＸＴ　ＦＵＮＤＳ　ＮＡＳＤＡＱ−１００（為替ヘッジあり）連動型上場投信,NEXT FUNDS NASDAQ-100(R) (Yen-Hedged) Exchange Traded Fund,99,その他,9999,その他,-,0109,その他
2025-02-05,28460,野村アセットマネジメント株式会社　ＮＥＸＴ　ＦＵＮＤＳ　ダウ・ジョーンズ工業株３０種平均株価（為替ヘッジあり）連動型上場投信,NEXT FUNDS DJIA (Yen-Hedged) Exchange Traded Fund,99,その他,9999,その他,-,0109,その他
2025-02-05,28470,Ｇｌｏｂａｌ　Ｘ　Ｊａｐａｎ株式会社　グローバルＸ　新成長インフラ−日本株式　ＥＴＦ,Global X Japan New Growth Infrastructure ETF,99,その他,9999,その他,-,0109,その他
2025-02-05,28480,Ｇｌｏｂａｌ　Ｘ　Ｊａｐａｎ株式会社　グローバルＸ　ＭＳＣＩ　気候変動対応−日本株式　ＥＴＦ,Global X MSCI Japan Climate Change ETF,99,その他,9999,その他,-,0109,その他
2025-02-05,28490,Ｇｌｏｂａｌ　Ｘ　Ｊａｐａｎ株式会社　グローバルＸ　Ｍｏｒｎｉｎｇｓｔａｒ　高配当　ＥＳＧ−日本株式　ＥＴＦ,Global X Morningstar Japan High Dividend ESG ETF,99,その他,9999,その他,-,0109,その他
2025-02-05,284A0,フクヤ建設,"FUKUYA Construction Co.,Ltd.",3,建設・資材,2050,建設業,-,0105,TOKYO PRO MARKET
2025-02-05,28500,野村アセットマネジメント株式会社　ＮＥＸＴ　ＦＵＮＤＳ　ＳｏｌａｃｔｉｖｅジャパンＥＳＧコア指数連動型上場投信,NEXT FUNDS Solactive Japan ESG Core Index Exchange Traded Fund,99,その他,9999,その他,-,0109,その他
2025-02-05,28510,ブラックロック・ジャパン株式会社　ｉシェアーズ　ＭＳＣＩ　ジャパンＳＲＩ　ＥＴＦ,iShares MSCI Japan SRI ETF,99,その他,9999,その他,-,0109,その他
2025-02-05,28520,ブラックロック・ジャパン株式会社　ｉシェアーズ　グリーンＪリート　ＥＴＦ,iShares Japan Green REIT ETF,99,その他,9999,その他,-,0109,その他
2025-02-05,28530,ブラックロック・ジャパン株式会社　ｉシェアーズ　気候リスク調整世界国債　ＥＴＦ（除く日本・為替ヘッジあり）,iShares Climate Risk-Adjusted Global ex Japan Government Bond JPY Hedged ETF,99,その他,9999,その他,-,0109,その他
2025-02-05,28540,Ｇｌｏｂａｌ　Ｘ　Ｊａｐａｎ株式会社　グローバルＸ　テック・トップ２０−日本株式　ＥＴＦ,Global X Japan Tech Top 20 ETF,99,その他,9999,その他,-,0109,その他
2025-02-05,28550,Ｇｌｏｂａｌ　Ｘ　Ｊａｐａｎ株式会社　グローバルＸ　グリーン・Ｊ−ＲＥＩＴ　ＥＴＦ,Global X Green J-REIT ETF,99,その他,9999,その他,-,0109,その他
2025-02-05,28560,ブラックロック・ジャパン株式会社　ｉシェアーズ　米国債３−７年　ＥＴＦ（為替ヘッジあり）,iShares 3-7 Year US Treasury Bond JPY Hedged ETF,99,その他,9999,その他,-,0109,その他
2025-02-05,28570,ブラックロック・ジャパン株式会社　ｉシェアーズ　ドイツ国債　ＥＴＦ（為替ヘッジあり）,iShares Germany Government Bond JPY Hedged ETF,99,その他,9999,その他,-,0109,その他
2025-02-05,28580,Ｇｌｏｂａｌ　Ｘ　Ｊａｐａｎ株式会社　グローバルＸ　日経２２５　カバード・コール　ＥＴＦ（プレミアム再投資型）,Global X Nikkei 225 Covered Call ETF (option premium reinvestment type),99,その他,9999,その他,-,0109,その他
2025-02-05,28590,野村アセットマネジメント株式会社　ＮＥＸＴ　ＦＵＮＤＳ　ユーロ・ストックス５０指数（為替ヘッジあり）連動型上場投信,NEXT FUNDS EURO STOXX 50 (Yen-Hedged) Exchange Traded Fund,99,その他,9999,その他,-,0109,その他
2025-02-05,285A0,キオクシアホールディングス,Kioxia Holdings Corporation,9,電機・精密,3650,電気機器,TOPIX Small 2,0111,プライム
2025-02-05,28600,野村アセットマネジメント株式会社　ＮＥＸＴ　ＦＵＮＤＳ　ドイツ株式・ＤＡＸ（為替ヘッジあり）連動型上場投信,NEXT FUNDS German Equity DAX (Yen-Hedged) Exchange Traded Fund,99,その他,9999,その他,-,0109,その他
2025-02-05,28610,日興アセットマネジメント株式会社　上場インデックスファンドフランス国債（為替ヘッジなし）,Listed Index Fund France Government Bond (No Currency Hedge),99,その他,9999,その他,-,0109,その他
2025-02-05,28620,日興アセットマネジメント株式会社　上場インデックスファンドフランス国債（為替ヘッジあり）,Listed Index Fund France Government Bond (Currency Hedge),99,その他,9999,その他,-,0109,その他
2025-02-05,28630,野村アセットマネジメント株式会社　ＮＥＸＴ　ＦＵＮＤＳ　Ｓ＆Ｐ米国株式・債券バランス保守型指数（為替ヘッジあり）連動型上場投信,NEXT FUNDS S&P US Equity and Bond Balance Conservative Index (Yen-Hedged) Exchange Traded Fund,99,その他,9999,その他,-,0109,その他
2025-02-05,28640,Ｇｌｏｂａｌ　Ｘ　Ｊａｐａｎ株式会社　グローバルＸ　ロジスティクス・ＲＥＩＴ　ＥＴＦ,Global X Logistics REIT ETF,99,その他,9999,その他,-,0109,その他
2025-02-05,28650,Ｇｌｏｂａｌ　Ｘ　Ｊａｐａｎ株式会社　グローバルＸ　ＮＡＳＤＡＱ１００・カバード・コール　ＥＴＦ,Global X Nasdaq 100 Covered Call ETF,99,その他,9999,その他,-,0109,その他
2025-02-05,28660,Ｇｌｏｂａｌ　Ｘ　Ｊａｐａｎ株式会社　グローバルＸ　米国優先証券　ＥＴＦ,Global X U.S. Preferred Security ETF,99,その他,9999,その他,-,0109,その他
2025-02-05,28670,Ｇｌｏｂａｌ　Ｘ　Ｊａｐａｎ株式会社　グローバルＸ　自動運転＆ＥＶ　ＥＴＦ,Global X Autonomous & EV ETF,99,その他,9999,その他,-,0109,その他
2025-02-05,28680,Ｇｌｏｂａｌ　Ｘ　Ｊａｐａｎ株式会社　グローバルＸ　Ｓ＆Ｐ５００・カバード・コール　ＥＴＦ,Global X S&P 500 Covered Call ETF,99,その他,9999,その他,-,0109,その他
2025-02-05,28690,大和アセットマネジメント株式会社　ｉＦｒｅｅＥＴＦ　ＮＡＳＤＡＱ１００レバレッジ,iFreeETF NASDAQ100 Leveraged (2x),99,その他,9999,その他,-,0109,その他
2025-02-05,286A0,ユカリア,EUCALIA Inc.,10,情報通信・サービスその他,9050,サービス業,-,0113,グロース
2025-02-05,28700,大和アセットマネジメント株式会社　ｉＦｒｅｅＥＴＦ　ＮＡＳＤＡＱ１００ダブルインバース,iFreeETF NASDAQ100 Double Inverse (-2x),99,その他,9999,その他,-,0109,その他
2025-02-05,28710,ニチレイ,NICHIREI CORPORATION,1,食品,3050,食料品,TOPIX Mid400,0111,プライム
2025-02-05,28720,セイヒョー,"SEIHYO CO.,LTD.",1,食品,3050,食料品,-,0112,スタンダード
2025-02-05,28740,横浜冷凍,"YOKOREI CO.,LTD.",13,商社・卸売,6050,卸売業,TOPIX Small 2,0111,プライム
2025-02-05,28750,東洋水産,"TOYO SUISAN KAISHA,LTD.",1,食品,3050,食料品,TOPIX Mid400,0111,プライム
2025-02-05,28760,デルソーレ,Delsole Corporation,1,食品,3050,食料品,-,0112,スタンダード
2025-02-05,28770,日東ベスト,NittoBest Corporation,1,食品,3050,食料品,-,0112,スタンダード
2025-02-05,287A0,黒田グループ,"Kuroda Group Co.,Ltd.",13,商社・卸売,6050,卸売業,-,0112,スタンダード
2025-02-05,28820,イートアンドホールディングス,"EAT&HOLDINGS Co.,Ltd",1,食品,3050,食料品,TOPIX Small 2,0111,プライム
2025-02-05,28830,大冷,"DAIREI CO.,LTD.",1,食品,3050,食料品,-,0112,スタンダード
2025-02-05,28840,ヨシムラ・フード・ホールディングス,Yoshimura Food Holdings K.K.,1,食品,3050,食料品,TOPIX Small 2,0111,プライム
2025-02-05,288A0,ラクサス・テクノロジーズ,Laxus Technologies Inc.,10,情報通信・サービスその他,9050,サービス業,-,0113,グロース
2025-02-05,28920,日本食品化工,"NIHON SHOKUHIN KAKO CO.,LTD.",1,食品,3050,食料品,-,0112,スタンダード
2025-02-05,28940,石井食品,"Ishii Food Co.,Ltd.",1,食品,3050,食料品,-,0112,スタンダード
2025-02-05,28970,日清食品ホールディングス,"NISSIN FOODS HOLDINGS CO.,LTD.",1,食品,3050,食料品,TOPIX Mid400,0111,プライム
2025-02-05,29010,ウェルディッシュ,Wel-Dish.Incorporated,1,食品,3050,食料品,-,0112,スタンダード
2025-02-05,29030,シノブフーズ,"SHINOBU FOODS PRODUCTS CO.,LTD.",1,食品,3050,食料品,-,0112,スタンダード
2025-02-05,29040,一正蒲鉾,"ICHIMASA KAMABOKO CO.,LTD.",1,食品,3050,食料品,-,0112,スタンダード
2025-02-05,29070,あじかん,"AHJIKAN CO.,LTD.",1,食品,3050,食料品,-,0112,スタンダード
2025-02-05,29080,フジッコ,"FUJICCO CO.,LTD.",1,食品,3050,食料品,TOPIX Small 2,0111,プライム
2025-02-05,290A0,Ｓｙｎｓｐｅｃｔｉｖｅ,Synspective Inc.,10,情報通信・サービスその他,5250,情報･通信業,-,0113,グロース
2025-02-05,29100,ロック・フィールド,"ROCK FIELD CO.,LTD.",1,食品,3050,食料品,TOPIX Small 1,0111,プライム
2025-02-05,29110,旭松食品,"ASAHIMATSU FOODS CO.,LTD.",1,食品,3050,食料品,-,0112,スタンダード
2025-02-05,29140,日本たばこ産業,JAPAN TOBACCO INC.,1,食品,3050,食料品,TOPIX Core30,0111,プライム
2025-02-05,29150,ケンコーマヨネーズ,"KENKO Mayonnaise Co.,Ltd.",1,食品,3050,食料品,TOPIX Small 2,0111,プライム
2025-02-05,29160,仙波糖化工業,"Semba Tohka Industries Co.,Ltd",1,食品,3050,食料品,-,0112,スタンダード
2025-02-05,29170,大森屋,"OHMORIYA Co.,LTD.",1,食品,3050,食料品,-,0112,スタンダード
2025-02-05,29180,わらべや日洋ホールディングス,"WARABEYA NICHIYO HOLDINGS CO.,LTD.",1,食品,3050,食料品,TOPIX Small 1,0111,プライム
2025-02-05,291A0,リスキル,Reskill Corp.,10,情報通信・サービスその他,9050,サービス業,-,0113,グロース
2025-02-05,29220,なとり,"NATORI CO.,LTD.",1,食品,3050,食料品,TOPIX Small 2,0111,プライム
2025-02-05,29230,サトウ食品,"SATO FOODS CO.,LTD.",1,食品,3050,食料品,-,0112,スタンダード
2025-02-05,29240,イフジ産業,"Ifuji Sangyo Co.,Ltd.",1,食品,3050,食料品,-,0112,スタンダード
2025-02-05,29260,篠崎屋,"SHINOZAKIYA,INC.",1,食品,3050,食料品,-,0112,スタンダード
2025-02-05,29270,ＡＦＣ−ＨＤアムスライフサイエンス,"AFC-HD AMS Life Science Co.,Ltd.",1,食品,3050,食料品,-,0112,スタンダード
2025-02-05,29290,ファーマフーズ,"Pharma Foods International Co.,Ltd.",1,食品,3050,食料品,TOPIX Small 2,0111,プライム
2025-02-05,292A0,エスアイイー,"SIE Co.,Ltd.",10,情報通信・サービスその他,9050,サービス業,-,0105,TOKYO PRO MARKET
2025-02-05,29300,北の達人コーポレーション,Kitanotatsujin Corporation,4,素材・化学,3200,化学,TOPIX Small 2,0111,プライム
2025-02-05,29310,ユーグレナ,"Euglena Co.,Ltd.",1,食品,3050,食料品,TOPIX Small 1,0111,プライム
2025-02-05,29320,ＳＴＩフードホールディングス,"STI Foods Holdings,Inc.",1,食品,3050,食料品,-,0112,スタンダード
2025-02-05,29330,紀文食品,KIBUN FOODS INC.,1,食品,3050,食料品,TOPIX Small 2,0111,プライム
2025-02-05,29340,ジェイフロンティア,"J Frontier Co.,Ltd.",1,食品,3050,食料品,-,0113,グロース
2025-02-05,29350,ピックルスホールディングス,"PICKLES HOLDINGS CO.,LTD.",1,食品,3050,食料品,TOPIX Small 2,0111,プライム
2025-02-05,29360,ベースフード,"BASE FOOD,Inc.",1,食品,3050,食料品,-,0113,グロース
2025-02-05,29370,サンクゼール,"St.Cousair CO.,LTD.",1,食品,3050,食料品,-,0113,グロース
2025-02-05,29380,オカムラ食品工業,"Okamura Foods Co.,Ltd.",1,食品,3050,食料品,-,0112,スタンダード
2025-02-05,293A0,ＢＡＢＹ　ＪＯＢ,"BABY JOB CO.,LTD.",14,小売,6100,小売業,-,0105,TOKYO PRO MARKET
2025-02-05,294A0,野村アセットマネジメント株式会社　ＮＥＸＴ　ＦＵＮＤＳ　ＭＳＣＩジャパン気候変動指数（セレクト）連動型上場投信,NEXT FUNDS MSCI Global Climate 500 Japan Selection Index Exchange Traded Fund,99,その他,9999,その他,-,0109,その他
2025-02-05,295A0,アセットマネジメントＯｎｅ株式会社　Ｏｎｅ　ＥＴＦ　ＦＴＳＥ・サウジアラビア・インデックス,One ETF FTSE Saudi Arabia Index,99,その他,9999,その他,-,0109,その他
2025-02-05,29610,日本調理機,NITCHO CORPORATION,3,建設・資材,3550,金属製品,-,0112,スタンダード
2025-02-05,29620,テクニスコ,"TECNISCO,LTD.",3,建設・資材,3550,金属製品,-,0112,スタンダード
2025-02-05,296A0,令和アカウンティング・ホールディングス,"Reiwa Accounting Holdings Co.,Ltd.",10,情報通信・サービスその他,9050,サービス業,-,0113,グロース
2025-02-05,29700,グッドライフカンパニー,"GOOD LIFE COMPANY,INC.",17,不動産,8050,不動産業,-,0112,スタンダード
2025-02-05,29710,エスコンジャパンリート投資法人,ESCON JAPAN REIT Investment Corporation,99,その他,9999,その他,-,0109,その他
2025-02-05,29720,サンケイリアルエステート投資法人,SANKEI REAL ESTATE Inc.,99,その他,9999,その他,-,0109,その他
2025-02-05,29750,スター・マイカ・ホールディングス,"Star Mica Holdings Co.,Ltd.",17,不動産,8050,不動産業,TOPIX Small 2,0111,プライム
2025-02-05,29770,Ｌｉｖｅｎｕｐ　Ｇｒｏｕｐ,"Livenup Group Co.,Ltd.",17,不動産,8050,不動産業,-,0105,TOKYO PRO MARKET
2025-02-05,29780,ツクルバ,TSUKURUBA Inc.,17,不動産,8050,不動産業,-,0113,グロース
2025-02-05,29790,ＳＯＳｉＬＡ物流リート投資法人,"SOSiLA Logistics REIT,Inc.",99,その他,9999,その他,-,0109,その他
2025-02-05,297A0,アルピコホールディングス,"ALPICO HOLDINGS CO.,LTD.",14,小売,6100,小売業,-,0112,スタンダード
2025-02-05,29800,ＳＲＥホールディングス,SRE Holdings Corporation,17,不動産,8050,不動産業,TOPIX Small 1,0111,プライム
2025-02-05,29810,ランディックス,Landix Inc.,17,不動産,8050,不動産業,-,0113,グロース
2025-02-05,29820,ＡＤワークスグループ,"A.D.Works Group Co.,Ltd.",17,不動産,8050,不動産業,-,0111,プライム
2025-02-05,29830,アールプランナー,"Arr Planner Co.,Ltd.",17,不動産,8050,不動産業,-,0113,グロース
2025-02-05,29840,ヤマイチ・ユニハイムエステート,"Yamaichi Uniheim Real Estate Co.,Ltd",17,不動産,8050,不動産業,-,0112,スタンダード
2025-02-05,29850,ファーストステージ,First Stage Corporation,17,不動産,8050,不動産業,-,0105,TOKYO PRO MARKET
2025-02-05,29860,ＬＡホールディングス,"LA Holdings Co.,Ltd.",17,不動産,8050,不動産業,-,0113,グロース
2025-02-05,29890,東海道リート投資法人,"Tokaido REIT,Inc.",99,その他,9999,その他,-,0109,その他
2025-02-05,298A0,ＧＶＡ　ＴＥＣＨ,"GVA TECH,Inc.",10,情報通信・サービスその他,5250,情報･通信業,-,0113,グロース
2025-02-05,29900,アイダ設計,"Aida Sekkei Co.,Ltd.",17,不動産,8050,不動産業,-,0105,TOKYO PRO MARKET
2025-02-05,29910,ランドネット,LANDNET Inc.,17,不動産,8050,不動産業,-,0112,スタンダード
2025-02-05,29920,アーバンライク,URBAN LiKE INC.,17,不動産,8050,不動産業,-,0105,TOKYO PRO MARKET
2025-02-05,29930,長栄,Choei Inc.,17,不動産,8050,不動産業,-,0112,スタンダード
2025-02-05,29940,アンサーホールディングス,"Answer Holdings Co.,Ltd",17,不動産,8050,不動産業,-,0105,TOKYO PRO MARKET
2025-02-05,29950,ジェイレックス・コーポレーション,J-REX Corporation,17,不動産,8050,不動産業,-,0105,TOKYO PRO MARKET
2025-02-05,29970,ストレージ王,"STORAGE-OH Co.,Ltd.",17,不動産,8050,不動産業,-,0113,グロース
2025-02-05,29980,クリアル,CREAL Inc.,17,不動産,8050,不動産業,-,0113,グロース
2025-02-05,29990,ホームポジション,"Home Position Co.,Ltd.",17,不動産,8050,不動産業,-,0112,スタンダード
2025-02-05,299A0,ｄｅｌｙ,dely inc.,10,情報通信・サービスその他,9050,サービス業,-,0113,グロース
2025-02-05,30010,片倉工業,"Katakura Industries Co.,Ltd.",4,素材・化学,3100,繊維製品,TOPIX Small 2,0112,スタンダード
2025-02-05,30020,グンゼ,GUNZE LIMITED,4,素材・化学,3100,繊維製品,TOPIX Small 1,0111,プライム
2025-02-05,30030,ヒューリック,"Hulic Co.,Ltd.",17,不動産,8050,不動産業,TOPIX Mid400,0111,プライム
2025-02-05,30040,神栄,SHINYEI KAISHA,13,商社・卸売,6050,卸売業,-,0112,スタンダード
2025-02-05,300A0,ＭＩＣ,"MIC Co.,Ltd.",10,情報通信・サービスその他,9050,サービス業,-,0112,スタンダード
2025-02-05,30100,ポラリス・ホールディングス,"Polaris Holdings Co.,Ltd.",10,情報通信・サービスその他,9050,サービス業,-,0112,スタンダード
2025-02-05,30110,バナーズ,"BANNERS CO.,LTD.",14,小売,6100,小売業,-,0112,スタンダード
2025-02-05,301A0,インデックス,"In-dex,Inc.",17,不動産,8050,不動産業,-,0105,TOKYO PRO MARKET
2025-02-05,30200,アプライド,"Applied Co.,Ltd.",14,小売,6100,小売業,-,0112,スタンダード
2025-02-05,30210,パシフィックネット,"Pacific Net Co.,Ltd.",10,情報通信・サービスその他,9050,サービス業,-,0112,スタンダード
2025-02-05,30230,ラサ商事,Rasa Corporation,13,商社・卸売,6050,卸売業,TOPIX Small 2,0112,スタンダード
2025-02-05,30240,クリエイト,CREATE CORPORATION,13,商社・卸売,6050,卸売業,-,0112,スタンダード
2025-02-05,30280,アルペン,"Alpen Co.,Ltd.",14,小売,6100,小売業,TOPIX Small 1,0111,プライム
2025-02-05,302A0,ビースタイルホールディングス,"b-style holdings,Inc.",10,情報通信・サービスその他,9050,サービス業,-,0113,グロース
2025-02-05,30300,ハブ,"HUB CO.,LTD.",14,小売,6100,小売業,-,0112,スタンダード
2025-02-05,30310,ラクーンホールディングス,"RACCOON HOLDINGS,Inc.",10,情報通信・サービスその他,5250,情報･通信業,TOPIX Small 2,0111,プライム
2025-02-05,30340,クオールホールディングス,"Qol Holdings Co.,Ltd.",14,小売,6100,小売業,TOPIX Small 1,0111,プライム
2025-02-05,30350,ケイティケイ,ktk INC.,13,商社・卸売,6050,卸売業,-,0112,スタンダード
2025-02-05,30360,アルコニックス,ALCONIX CORPORATION,13,商社・卸売,6050,卸売業,TOPIX Small 1,0111,プライム
2025-02-05,30380,神戸物産,"KOBE BUSSAN CO.,LTD.",13,商社・卸売,6050,卸売業,TOPIX Mid400,0111,プライム
2025-02-05,303A0,ｖｉｓｕｍｏ,visumo Inc.,10,情報通信・サービスその他,5250,情報･通信業,-,0113,グロース
2025-02-05,30400,ソリトンシステムズ,SOLITON SYSTEMS K.K.,10,情報通信・サービスその他,5250,情報･通信業,TOPIX Small 2,0111,プライム
2025-02-05,30410,ビューティカダンホールディングス,"Beauty Kadan Holdings Co.,Ltd.",13,商社・卸売,6050,卸売業,-,0112,スタンダード
2025-02-05,30420,セキュアヴェイル,SecuAvail Inc.,10,情報通信・サービスその他,5250,情報･通信業,-,0113,グロース
2025-02-05,30450,カワサキ,"Kawasaki & Co.,Ltd.",13,商社・卸売,6050,卸売業,-,0112,スタンダード
2025-02-05,30460,ジンズホールディングス,JINS HOLDINGS Inc.,14,小売,6100,小売業,TOPIX Small 1,0111,プライム
2025-02-05,30480,ビックカメラ,BIC CAMERA INC.,14,小売,6100,小売業,TOPIX Mid400,0111,プライム
2025-02-05,304A0,フォルシア,"FORCIA,Inc.",10,情報通信・サービスその他,5250,情報･通信業,-,0113,グロース
2025-02-05,30500,ＤＣＭホールディングス,"DCM Holdings Co.,Ltd.",14,小売,6100,小売業,TOPIX Small 1,0111,プライム
2025-02-05,30530,ペッパーフードサービス,"PEPPER FOOD SERVICE CO.,LTD.",14,小売,6100,小売業,TOPIX Small 2,0112,スタンダード
2025-02-05,30540,ハイパー,HYPER Inc.,13,商社・卸売,6050,卸売業,-,0112,スタンダード
2025-02-05,30580,三洋堂ホールディングス,Sanyodo Holdings Inc.,14,小売,6100,小売業,-,0112,スタンダード
2025-02-05,30590,ヒラキ,"HIRAKI CO.,LTD.",14,小売,6100,小売業,-,0112,スタンダード
2025-02-05,305A0,ダブルツリー,Double Tree Inc.,14,小売,6100,小売業,-,0105,TOKYO PRO MARKET
2025-02-05,30630,ジェイグループホールディングス,j-Group Holdings Corp.,14,小売,6100,小売業,-,0113,グロース
2025-02-05,30640,ＭｏｎｏｔａＲＯ,"MonotaRO Co.,Ltd.",14,小売,6100,小売業,TOPIX Mid400,0111,プライム
2025-02-05,30650,ライフフーズ,"Life Foods Co.,Ltd.",14,小売,6100,小売業,-,0112,スタンダード
2025-02-05,30670,東京一番フーズ,"TOKYO ICHIBAN FOODS CO.,LTD.",14,小売,6100,小売業,-,0112,スタンダード
2025-02-05,30680,ＷＤＩ,WDI Corporation,14,小売,6100,小売業,-,0112,スタンダード
2025-02-05,30690,ＪＦＬＡホールディングス,JFLA Holdings Inc.,1,食品,3050,食料品,-,0112,スタンダード
2025-02-05,30700,ジェリービーンズグループ,"JELLY BEANS GROUP Co.,Ltd.",13,商社・卸売,6050,卸売業,-,0113,グロース
2025-02-05,30710,ストリーム,"Stream Co.,Ltd.",14,小売,6100,小売業,-,0112,スタンダード
2025-02-05,30730,ＤＤグループ,"DD GROUP Co.,Ltd.",14,小売,6100,小売業,-,0111,プライム
2025-02-05,30750,銚子丸,"Choushimaru Co.,Ltd.",14,小売,6100,小売業,-,0112,スタンダード
2025-02-05,30760,あい　ホールディングス,Ai Holdings Corporation,13,商社・卸売,6050,卸売業,TOPIX Small 1,0111,プライム
2025-02-05,30770,ホリイフードサービス,"Horiifoodservice Co.,Ltd.",14,小売,6100,小売業,-,0112,スタンダード
2025-02-05,30790,ディーブイエックス,DVx Inc.,13,商社・卸売,6050,卸売業,-,0112,スタンダード
2025-02-05,307A0,ハウジング・スタッフ,Housing staff Inc.,3,建設・資材,2050,建設業,-,0105,TOKYO PRO MARKET
2025-02-05,30800,ジェーソン,"JASON CO.,LTD.",14,小売,6100,小売業,-,0112,スタンダード
2025-02-05,30820,きちりホールディングス,"KICHIRI HOLDINGS & Co.,Ltd.",14,小売,6100,小売業,-,0112,スタンダード
2025-02-05,30830,スターシーズ,"Star seeds Co.,Ltd.",14,小売,6100,小売業,-,0112,スタンダード
2025-02-05,30860,Ｊ．フロント　リテイリング,"J.FRONT RETAILING Co.,Ltd.",14,小売,6100,小売業,TOPIX Mid400,0111,プライム
2025-02-05,30870,ドトール・日レスホールディングス,"DOUTOR・NICHIRES Holdings Co.,Ltd.",14,小売,6100,小売業,TOPIX Small 1,0111,プライム
2025-02-05,30880,マツキヨココカラ＆カンパニー,MatsukiyoCocokara & Co.,14,小売,6100,小売業,TOPIX Mid400,0111,プライム
2025-02-05,30890,テクノアルファ,"Techno Alpha Co.,Ltd.",13,商社・卸売,6050,卸売業,-,0112,スタンダード
2025-02-05,308A0,ぽすとめいとホールディングス,"Postmate Holdings,Inc.",10,情報通信・サービスその他,9050,サービス業,-,0105,TOKYO PRO MARKET
2025-02-05,30910,ブロンコビリー,"BRONCO BILLY Co.,LTD.",14,小売,6100,小売業,TOPIX Small 1,0111,プライム
2025-02-05,30920,ＺＯＺＯ,"ZOZO,Inc.",14,小売,6100,小売業,TOPIX Mid400,0111,プライム
2025-02-05,30930,トレジャー・ファクトリー,"Treasure Factory Co.,LTD.",14,小売,6100,小売業,TOPIX Small 2,0111,プライム
2025-02-05,30940,スーパーバリュー,"SUPER VALUE CO.,LTD.",14,小売,6100,小売業,-,0112,スタンダード
2025-02-05,30960,オーシャンシステム,OCEAN SYSTEM CORPORATION,14,小売,6100,小売業,-,0112,スタンダード
2025-02-05,30970,物語コーポレーション,The Monogatari Corporation,14,小売,6100,小売業,TOPIX Small 1,0111,プライム
2025-02-05,30990,三越伊勢丹ホールディングス,Isetan Mitsukoshi Holdings Ltd.,14,小売,6100,小売業,TOPIX Mid400,0111,プライム
2025-02-05,309A0,コスモス調剤,"COSMOS CHOUZAI Pharmacy Co.,Ltd.",14,小売,6100,小売業,-,0105,TOKYO PRO MARKET
2025-02-05,31010,東洋紡,"TOYOBO CO.,LTD.",4,素材・化学,3100,繊維製品,TOPIX Small 1,0111,プライム
2025-02-05,31030,ユニチカ,UNITIKA LTD.,4,素材・化学,3100,繊維製品,TOPIX Small 2,0111,プライム
2025-02-05,31040,富士紡ホールディングス,"Fujibo Holdings,Inc.",4,素材・化学,3100,繊維製品,TOPIX Small 2,0111,プライム
2025-02-05,31050,日清紡ホールディングス,Nisshinbo Holdings Inc.,9,電機・精密,3650,電気機器,TOPIX Mid400,0111,プライム
2025-02-05,31060,倉敷紡績,KURABO INDUSTRIES LTD.,4,素材・化学,3100,繊維製品,TOPIX Small 2,0111,プライム
2025-02-05,31070,ダイワボウホールディングス,"Daiwabo Holdings Co.,Ltd.",13,商社・卸売,6050,卸売業,TOPIX Mid400,0111,プライム
2025-02-05,31090,シキボウ,SHIKIBO LTD.,4,素材・化学,3100,繊維製品,TOPIX Small 2,0111,プライム
2025-02-05,310A0,サーティーフォー,"Thirty Four co.,ltd.",17,不動産,8050,不動産業,-,0105,TOKYO PRO MARKET
2025-02-05,31100,日東紡績,"NITTO BOSEKI CO.,LTD.",3,建設・資材,3400,ガラス･土石製品,TOPIX Small 1,0111,プライム
2025-02-05,31110,オーミケンシ,"OMIKENSHI CO.,LTD.",4,素材・化学,3100,繊維製品,-,0112,スタンダード
2025-02-05,31130,ＵＮＩＶＡ・Ｏａｋホールディングス,UNIVA Oak Holdings Limited,16,金融（除く銀行）,7100,証券･商品先物取引業,-,0112,スタンダード
2025-02-05,31160,トヨタ紡織,TOYOTA BOSHOKU CORPORATION,6,自動車・輸送機,3700,輸送用機器,TOPIX Mid400,0111,プライム
2025-02-05,311A0,ＮＰＴ,"NPT CO.,LTD.",5,医薬品,3250,医薬品,-,0105,TOKYO PRO MARKET
2025-02-05,31210,マーチャント・バンカーズ,"MBK Co.,Ltd.",10,情報通信・サービスその他,9050,サービス業,-,0112,スタンダード
2025-02-05,31230,サイボー,"SAIBO Co.,Ltd.",4,素材・化学,3100,繊維製品,-,0112,スタンダード
2025-02-05,312A0,シンコーホールディングス,Shinko Holdings Corporation,3,建設・資材,2050,建設業,-,0105,TOKYO PRO MARKET
2025-02-05,31310,シンデン・ハイテックス,SHINDEN HIGHTEX CORPORATION,13,商社・卸売,6050,卸売業,-,0112,スタンダード
2025-02-05,31320,マクニカホールディングス,"MACNICA HOLDINGS,INC.",13,商社・卸売,6050,卸売業,TOPIX Mid400,0111,プライム
2025-02-05,31330,海帆,"kaihan co.,Ltd.",14,小売,6100,小売業,-,0113,グロース
2025-02-05,31340,Ｈａｍｅｅ,Hamee Corp.,14,小売,6100,小売業,TOPIX Small 2,0112,スタンダード
2025-02-05,31350,マーケットエンタープライズ,"MarketEnterprise Co.,Ltd",14,小売,6100,小売業,-,0111,プライム
2025-02-05,31370,ファンデリー,"Fundely Co.,Ltd.",14,小売,6100,小売業,-,0113,グロース
2025-02-05,31380,富士山マガジンサービス,"Fujisan Magazine Service Co.,Ltd.",14,小売,6100,小売業,-,0113,グロース
2025-02-05,31390,ラクト・ジャパン,"Lacto Japan Co.,Ltd.",13,商社・卸売,6050,卸売業,TOPIX Small 2,0111,プライム
2025-02-05,313A0,ブラックロック・ジャパン株式会社　ｉシェアーズ　Ｓ＆Ｐ　５００　トップ　２０　ＥＴＦ,iShares S&P 500 Top 20 ETF,99,その他,9999,その他,-,0109,その他
2025-02-05,31400,ＢＲＵＮＯ,"BRUNO,Inc.",13,商社・卸売,6050,卸売業,-,0113,グロース
2025-02-05,31410,ウエルシアホールディングス,"WELCIA HOLDINGS CO.,LTD.",14,小売,6100,小売業,TOPIX Mid400,0111,プライム
2025-02-05,31430,オーウイル,O'will Corporation,13,商社・卸売,6050,卸売業,-,0112,スタンダード
2025-02-05,31480,クリエイトＳＤホールディングス,"CREATE SD HOLDINGS CO.,LTD.",14,小売,6100,小売業,TOPIX Small 1,0111,プライム
2025-02-05,314A0,ブラックロック・ジャパン株式会社　ｉシェアーズ　ゴールド　ＥＴＦ,iShares Gold ETF,99,その他,9999,その他,-,0109,その他
2025-02-05,31500,グリムス,"gremz,Inc.",11,電気・ガス,4050,電気･ガス業,TOPIX Small 2,0111,プライム
2025-02-05,31510,バイタルケーエスケー・ホールディングス,"VITAL KSK HOLDINGS,INC.",13,商社・卸売,6050,卸売業,TOPIX Small 2,0111,プライム
2025-02-05,31530,八洲電機,"Yashima Denki Co.,Ltd.",13,商社・卸売,6050,卸売業,TOPIX Small 2,0111,プライム
2025-02-05,31540,メディアスホールディングス,"MEDIUS HOLDINGS Co.,Ltd.",13,商社・卸売,6050,卸売業,TOPIX Small 2,0111,プライム
2025-02-05,31560,レスター,Restar Corporation,13,商社・卸売,6050,卸売業,TOPIX Small 2,0111,プライム
2025-02-05,31570,ジオリーブグループ,GEOLIVE Group Corporation,13,商社・卸売,6050,卸売業,-,0112,スタンダード
2025-02-05,31590,丸善ＣＨＩホールディングス,"Maruzen CHI Holdings Co.,Ltd.",14,小売,6100,小売業,-,0112,スタンダード
2025-02-05,315A0,Ｇｌｏｂａｌ　Ｘ　Ｊａｐａｎ株式会社　グローバルＸ　銀行　高配当−日本株式　ＥＴＦ,Global X Japan Bank High Dividend ETF,99,その他,9999,その他,-,0109,その他
2025-02-05,31600,大光,"OOMITSU CO.,LTD.",13,商社・卸売,6050,卸売業,-,0112,スタンダード
2025-02-05,31610,アゼアス,AZEARTH Corporation,13,商社・卸売,6050,卸売業,-,0112,スタンダード
2025-02-05,31660,ＯＣＨＩホールディングス,"OCHI HOLDINGS CO.,LTD.",13,商社・卸売,6050,卸売業,-,0112,スタンダード
2025-02-05,31670,ＴＯＫＡＩホールディングス,TOKAI Holdings Corporation,13,商社・卸売,6050,卸売業,TOPIX Small 1,0111,プライム
2025-02-05,31680,ＭＥＲＦ,MERF Inc.,13,商社・卸売,6050,卸売業,-,0112,スタンダード
2025-02-05,31690,ミサワ,"Misawa & Co.,Ltd.",14,小売,6100,小売業,-,0112,スタンダード
2025-02-05,316A0,大和アセットマネジメント株式会社　ｉＦｒｅｅＥＴＦ　ＦＡＮＧ＋,iFreeETF FANG+,99,その他,9999,その他,-,0109,その他
2025-02-05,31720,ティーライフ,"Tea Life Co.,Ltd.",14,小売,6100,小売業,-,0112,スタンダード
2025-02-05,31730,Ｃｏｍｉｎｉｘ,"Cominix Co.,Ltd.",13,商社・卸売,6050,卸売業,-,0112,スタンダード
2025-02-05,31740,ハピネス・アンド・ディ,"Happiness and D Co.,Ltd.",14,小売,6100,小売業,-,0112,スタンダード
2025-02-05,31750,エー・ピーホールディングス,"AP HOLDINGS CO.,LTD.",14,小売,6100,小売業,-,0112,スタンダード
2025-02-05,31760,三洋貿易,"Sanyo Trading Co.,Ltd.",13,商社・卸売,6050,卸売業,TOPIX Small 2,0111,プライム
2025-02-05,31770,ありがとうサービス,"ARIGATOU SERVICES COMPANY,LIMITED",14,小売,6100,小売業,-,0112,スタンダード
2025-02-05,31780,チムニー,"CHIMNEY CO.,LTD.",14,小売,6100,小売業,-,0112,スタンダード
2025-02-05,31790,シュッピン,"Syuppin Co.,Ltd.",14,小売,6100,小売業,TOPIX Small 2,0111,プライム
2025-02-05,317A0,エス・エム・エス・データテック,SMS Data Tech Corporation,10,情報通信・サービスその他,5250,情報･通信業,-,0105,TOKYO PRO MARKET
2025-02-05,31800,ビューティガレージ,BEAUTY GARAGE Inc.,13,商社・卸売,6050,卸売業,TOPIX Small 2,0111,プライム
2025-02-05,31810,買取王国,"KAITORI OKOKU CO.,LTD.",14,小売,6100,小売業,-,0112,スタンダード
2025-02-05,31820,オイシックス・ラ・大地,Oisix ra daichi Inc.,14,小売,6100,小売業,TOPIX Small 1,0111,プライム
2025-02-05,31830,ウイン・パートナーズ,"WIN-Partners Co.,Ltd.",13,商社・卸売,6050,卸売業,TOPIX Small 2,0111,プライム
2025-02-05,31840,ＩＣＤＡホールディングス,"International Conglomerate of Distribution for Automobile Holdings Co.,Ltd.",14,小売,6100,小売業,-,0112,スタンダード
2025-02-05,31850,夢展望,"DREAM VISION CO.,LTD.",14,小売,6100,小売業,-,0113,グロース
2025-02-05,31860,ネクステージ,"NEXTAGE Co.,Ltd.",14,小売,6100,小売業,TOPIX Small 1,0111,プライム
2025-02-05,31870,ミラタップ,miratap inc.,14,小売,6100,小売業,-,0113,グロース
2025-02-05,31890,ＡＮＡＰ,ANAP INC.,14,小売,6100,小売業,-,0112,スタンダード
2025-02-05,318A0,ＶＩＸ短期先物指数ＥＴＦ,SIMPLEX VIX Short-Term Futures ETF,99,その他,9999,その他,-,0109,その他
2025-02-05,31900,ホットマン,"HOTMAN Co.,Ltd.",14,小売,6100,小売業,-,0112,スタンダード
2025-02-05,31910,ジョイフル本田,"JOYFUL HONDA CO.,LTD.",14,小売,6100,小売業,TOPIX Small 1,0111,プライム
2025-02-05,31920,白鳩,"Shirohato Co.,Ltd.",14,小売,6100,小売業,-,0112,スタンダード
2025-02-05,31930,エターナルホスピタリティグループ,"Eternal Hospitality Group Co.,Ltd.",14,小売,6100,小売業,TOPIX Small 2,0111,プライム
2025-02-05,31950,ジェネレーションパス,"GENERATION PASS CO.,LTD.",14,小売,6100,小売業,-,0113,グロース
2025-02-05,31960,ホットランド,"HOTLAND Co.,Ltd.",14,小売,6100,小売業,TOPIX Small 2,0111,プライム
2025-02-05,31970,すかいらーくホールディングス,"SKYLARK HOLDINGS CO.,LTD.",14,小売,6100,小売業,TOPIX Mid400,0111,プライム
2025-02-05,31980,ＳＦＰホールディングス,"SFP Holdings Co.,Ltd.",14,小売,6100,小売業,TOPIX Small 2,0111,プライム
2025-02-05,31990,綿半ホールディングス,"Watahan & Co.,Ltd.",14,小売,6100,小売業,TOPIX Small 2,0111,プライム
2025-02-05,319A0,技術承継機構,Next Generation Technology Group Inc.,3,建設・資材,3550,金属製品,-,0113,グロース
2025-02-05,32010,日本毛織,"THE JAPAN WOOL TEXTILE CO.,LTD.",4,素材・化学,3100,繊維製品,TOPIX Small 1,0111,プライム
2025-02-05,32020,ダイトウボウ,"Daitobo Co.,Ltd.",4,素材・化学,3100,繊維製品,-,0112,スタンダード
2025-02-05,32040,トーア紡コーポレーション,Toabo Corporation,4,素材・化学,3100,繊維製品,-,0112,スタンダード
2025-02-05,32050,ダイドーリミテッド,DAIDOH LIMITED,4,素材・化学,3100,繊維製品,-,0112,スタンダード
2025-02-05,321A0,ヒューマンステージホールディングス,Human Stage Holdings Corporation,10,情報通信・サービスその他,9050,サービス業,-,0105,TOKYO PRO MARKET
2025-02-05,32210,ヨシックスホールディングス,"Yossix Holdings Co.,Ltd.",14,小売,6100,小売業,TOPIX Small 2,0111,プライム
2025-02-05,32220,ユナイテッド・スーパーマーケット・ホールディングス,United Super Markets Holdings Inc.,14,小売,6100,小売業,TOPIX Small 1,0112,スタンダード
2025-02-05,32230,エスエルディー,SLD Entertainment Inc.,14,小売,6100,小売業,-,0112,スタンダード
2025-02-05,32240,ゼネラル・オイスター,"General Oyster,Inc.",14,小売,6100,小売業,-,0113,グロース
2025-02-05,32260,日本アコモデーションファンド投資法人,Nippon Accommodations Fund Inc.,99,その他,9999,その他,-,0109,その他
2025-02-05,322A0,ヒメジ理化,"HIMEJI RIKA CO.,LTD.",3,建設・資材,3400,ガラス･土石製品,-,0105,TOKYO PRO MARKET
2025-02-05,32310,野村不動産ホールディングス,"Nomura Real Estate Holdings,Inc.",17,不動産,8050,不動産業,TOPIX Mid400,0111,プライム
2025-02-05,32320,三重交通グループホールディングス,"Mie Kotsu Group Holdings,Inc.",17,不動産,8050,不動産業,TOPIX Small 2,0111,プライム
2025-02-05,32340,森ヒルズリート投資法人,MORI HILLS REIT INVESTMENT CORPORATION,99,その他,9999,その他,-,0109,その他
2025-02-05,32360,プロパスト,"PROPERST CO.,LTD.",17,不動産,8050,不動産業,-,0112,スタンダード
2025-02-05,32370,イントランス,"INTRANCE CO.,LTD.",17,不動産,8050,不動産業,-,0113,グロース
2025-02-05,32380,セントラル総合開発,"CENTRAL GENERAL DEVELOPMENT CO.,LTD.",17,不動産,8050,不動産業,-,0112,スタンダード
2025-02-05,32410,ウィル,"WILL,Co.,Ltd.",17,不動産,8050,不動産業,-,0112,スタンダード
2025-02-05,32420,アーバネットコーポレーション,"URBANET CORPORATION CO.,LTD.",17,不動産,8050,不動産業,-,0112,スタンダード
2025-02-05,32450,ディア・ライフ,"DEAR LIFE CO.,LTD.",17,不動産,8050,不動産業,TOPIX Small 2,0111,プライム
2025-02-05,32460,コーセーアールイー,"KOSE R.E. Co.,Ltd.",17,不動産,8050,不動産業,-,0112,スタンダード
2025-02-05,32480,アールエイジ,"EARLY AGE CO.,Ltd.",17,不動産,8050,不動産業,-,0112,スタンダード
2025-02-05,32490,産業ファンド投資法人,Industrial & Infrastructure Fund Investment Corporation,99,その他,9999,その他,-,0109,その他
2025-02-05,32520,地主,"JINUSHI Co.,Ltd.",17,不動産,8050,不動産業,TOPIX Small 2,0111,プライム
2025-02-05,32540,プレサンスコーポレーション,PRESSANCE CORPORATION,17,不動産,8050,不動産業,TOPIX Small 1,0112,スタンダード
2025-02-05,32610,グランディーズ,"GRANDES,Inc.",17,不動産,8050,不動産業,-,0113,グロース
2025-02-05,32640,アスコット,Ascot Corp.,17,不動産,8050,不動産業,-,0112,スタンダード
2025-02-05,32660,ファンドクリエーショングループ,"Fund Creation Group Co.,Ltd.",17,不動産,8050,不動産業,-,0112,スタンダード
2025-02-05,32670,フィル・カンパニー,"Phil Company,Inc.",3,建設・資材,2050,建設業,TOPIX Small 2,0112,スタンダード
2025-02-05,32690,アドバンス・レジデンス投資法人,Advance Residence Investment Corporation,99,その他,9999,その他,-,0109,その他
2025-02-05,32710,ＴＨＥグローバル社,The Global Ltd.,17,不動産,8050,不動産業,-,0112,スタンダード
2025-02-05,32760,ＪＰＭＣ,"Japan Property Management Center Co.,Ltd.",17,不動産,8050,不動産業,TOPIX Small 2,0111,プライム
2025-02-05,32770,サンセイランディック,"Sansei Landic Co.,Ltd",17,不動産,8050,不動産業,-,0112,スタンダード
2025-02-05,32790,アクティビア・プロパティーズ投資法人,Activia Properties Inc.,99,その他,9999,その他,-,0109,その他
2025-02-05,32800,エストラスト,"STrust Co.,Ltd.",17,不動産,8050,不動産業,-,0112,スタンダード
2025-02-05,32810,ＧＬＰ投資法人,GLP J-REIT,99,その他,9999,その他,-,0109,その他
2025-02-05,32820,コンフォリア・レジデンシャル投資法人,"Comforia Residential REIT,Inc",99,その他,9999,その他,-,0109,その他
2025-02-05,32830,日本プロロジスリート投資法人,"Nippon Prologis REIT,Inc.",99,その他,9999,その他,-,0109,その他
2025-02-05,32840,フージャースホールディングス,"Hoosiers Holdings Co.,Ltd.",17,不動産,8050,不動産業,TOPIX Small 2,0111,プライム
2025-02-05,32860,トラストホールディングス,TRUST Holdings Inc.,17,不動産,8050,不動産業,-,0113,グロース
2025-02-05,32870,星野リゾート・リート投資法人,"Hoshino Resorts REIT,Inc.",99,その他,9999,その他,-,0109,その他
2025-02-05,32880,オープンハウスグループ,"Open House Group Co.,Ltd.",17,不動産,8050,不動産業,TOPIX Mid400,0111,プライム
2025-02-05,32890,東急不動産ホールディングス,Tokyu Fudosan Holdings Corporation,17,不動産,8050,不動産業,TOPIX Mid400,0111,プライム
2025-02-05,32900,Ｏｎｅリート投資法人,"One REIT,Inc.",99,その他,9999,その他,-,0109,その他
2025-02-05,32910,飯田グループホールディングス,"Iida Group Holdings Co.,Ltd.",17,不動産,8050,不動産業,TOPIX Mid400,0111,プライム
2025-02-05,32920,イオンリート投資法人,AEON REIT Investment Corporation,99,その他,9999,その他,-,0109,その他
2025-02-05,32930,アズマハウス,"AZUMA HOUSE Co.,Ltd.",17,不動産,8050,不動産業,-,0112,スタンダード
2025-02-05,32940,イーグランド,"e'grand Co.,Ltd",17,不動産,8050,不動産業,-,0112,スタンダード
2025-02-05,32950,ヒューリックリート投資法人,"Hulic Reit,Inc.",99,その他,9999,その他,-,0109,その他
2025-02-05,32960,日本リート投資法人,NIPPON REIT Investment Corporation,99,その他,9999,その他,-,0109,その他
2025-02-05,32970,東武住販,"Toubujyuhan Co.,Ltd.",17,不動産,8050,不動産業,-,0112,スタンダード
2025-02-05,32990,ムゲンエステート,"MUGEN ESTATE Co.,Ltd.",17,不動産,8050,不動産業,-,0112,スタンダード
2025-02-05,33000,アンビション　ＤＸ　ホールディングス,"AMBITION DX HOLDINGS Co.,Ltd.",17,不動産,8050,不動産業,-,0113,グロース
2025-02-05,33020,帝国繊維,"TEIKOKU SEN-I Co.,Ltd.",4,素材・化学,3100,繊維製品,TOPIX Small 2,0111,プライム
2025-02-05,33060,日本製麻,"THE NIHON SEIMA CO.,LTD.",13,商社・卸売,6050,卸売業,-,0112,スタンダード
2025-02-05,33090,積水ハウス・リート投資法人,"Sekisui House Reit,Inc.",99,その他,9999,その他,-,0109,その他
2025-02-05,33150,日本コークス工業,"NIPPON COKE & ENGINEERING COMPANY,LIMITED",2,エネルギー資源,3300,石油･石炭製品,TOPIX Small 2,0111,プライム
2025-02-05,33170,フライングガーデン,"FLYING GARDEN CO.,LTD.",14,小売,6100,小売業,-,0112,スタンダード
2025-02-05,33190,ゴルフダイジェスト・オンライン,Golf Digest Online Inc.,14,小売,6100,小売業,TOPIX Small 2,0111,プライム
2025-02-05,33200,クロスプラス,CROSS PLUS INC.,13,商社・卸売,6050,卸売業,-,0112,スタンダード
2025-02-05,33210,ミタチ産業,"MITACHI CO.,LTD.",13,商社・卸売,6050,卸売業,-,0112,スタンダード
2025-02-05,33220,アルファグループ,Alpha Group Inc.,13,商社・卸売,6050,卸売業,-,0112,スタンダード
2025-02-05,33230,レカム,"RECOMM CO.,LTD.",13,商社・卸売,6050,卸売業,-,0112,スタンダード
2025-02-05,33260,ランシステム,"RUNSYSTEM CO.,LTD.",10,情報通信・サービスその他,9050,サービス業,-,0112,スタンダード
2025-02-05,33280,ＢＥＥＮＯＳ,BEENOS Inc.,14,小売,6100,小売業,TOPIX Small 2,0111,プライム
2025-02-05,33290,東和フードサービス,"TOWA FOOD SERVICE CO.,LTD.",14,小売,6100,小売業,-,0112,スタンダード
2025-02-05,33330,あさひ,"ASAHI CO.,LTD.",14,小売,6100,小売業,TOPIX Small 2,0111,プライム
2025-02-05,33410,日本調剤,"NIHON CHOUZAI Co.,Ltd.",14,小売,6100,小売業,TOPIX Small 2,0111,プライム
2025-02-05,33470,トラスト,"TRUST CO.,LTD.",14,小売,6100,小売業,-,0112,スタンダード
2025-02-05,33490,コスモス薬品,COSMOS Pharmaceutical Corporation,14,小売,6100,小売業,TOPIX Mid400,0111,プライム
2025-02-05,33500,メタプラネット,Metaplanet Inc.,13,商社・卸売,6050,卸売業,-,0112,スタンダード
2025-02-05,33520,バッファロー,"BUFFALO CO.,LTD.",14,小売,6100,小売業,-,0112,スタンダード
2025-02-05,33530,メディカル一光グループ,"Medical Ikkou Group Co.,Ltd.",14,小売,6100,小売業,-,0112,スタンダード
2025-02-05,33550,クリヤマホールディングス,KURIYAMA HOLDINGS CORPORATION,13,商社・卸売,6050,卸売業,-,0112,スタンダード
2025-02-05,33580,ワイエスフード,"Y.S.FOOD CO.,LTD.",14,小売,6100,小売業,-,0112,スタンダード
2025-02-05,33590,ｃｏｔｔａ,"cotta CO.,LTD",13,商社・卸売,6050,卸売業,-,0113,グロース
2025-02-05,33600,シップヘルスケアホールディングス,"SHIP HEALTHCARE HOLDINGS,INC.",13,商社・卸売,6050,卸売業,TOPIX Mid400,0111,プライム
2025-02-05,33610,トーエル,"Toell Co.,Ltd.",14,小売,6100,小売業,-,0112,スタンダード
2025-02-05,33700,フジタコーポレーション,"FUJITA CORPORATION Co.,Ltd.",14,小売,6100,小売業,-,0112,スタンダード
2025-02-05,33710,ソフトクリエイトホールディングス,SOFTCREATE HOLDINGS CORP.,10,情報通信・サービスその他,5250,情報･通信業,TOPIX Small 2,0111,プライム
2025-02-05,33720,関門海,"KANMONKAI Co.,Ltd.",14,小売,6100,小売業,-,0112,スタンダード
2025-02-05,33740,内外テック,Naigai Tec Corporation,13,商社・卸売,6050,卸売業,-,0112,スタンダード
2025-02-05,33750,ＺＯＡ,ZOA CORPORATION,14,小売,6100,小売業,-,0112,スタンダード
2025-02-05,33770,バイク王＆カンパニー,BIKE O & COMPANY Ltd.,13,商社・卸売,6050,卸売業,-,0112,スタンダード
2025-02-05,33820,セブン＆アイ・ホールディングス,"Seven & i Holdings Co.,Ltd.",14,小売,6100,小売業,TOPIX Core30,0111,プライム
2025-02-05,33860,コスモ・バイオ,"COSMO BIO COMPANY,LIMITED",13,商社・卸売,6050,卸売業,-,0112,スタンダード
2025-02-05,33870,クリエイト・レストランツ・ホールディングス,create restaurants holdings inc.,14,小売,6100,小売業,TOPIX Small 1,0111,プライム
2025-02-05,33880,明治電機工業,"MEIJI ELECTRIC INDUSTRIES CO.,LTD.",13,商社・卸売,6050,卸売業,TOPIX Small 2,0111,プライム
2025-02-05,33910,ツルハホールディングス,TSURUHA HOLDINGS INC.,14,小売,6100,小売業,TOPIX Mid400,0111,プライム
2025-02-05,33920,デリカフーズホールディングス,"DELICA FOODS HOLDINGS CO.,LTD.",13,商社・卸売,6050,卸売業,-,0112,スタンダード
2025-02-05,33930,スターティアホールディングス,"Startia Holdings,Inc.",13,商社・卸売,6050,卸売業,-,0111,プライム
2025-02-05,33950,サンマルクホールディングス,"Saint Marc Holdings Co.,Ltd.",14,小売,6100,小売業,TOPIX Small 2,0111,プライム
2025-02-05,33960,フェリシモ,FELISSIMO CORPORATION,14,小売,6100,小売業,-,0112,スタンダード
2025-02-05,33970,トリドールホールディングス,TORIDOLL Holdings Corporation,14,小売,6100,小売業,TOPIX Mid400,0111,プライム
2025-02-05,33990,丸千代山岡家,Maruchiyo Yamaokaya Corporation,14,小売,6100,小売業,-,0112,スタンダード
2025-02-05,34010,帝人,TEIJIN LIMITED,4,素材・化学,3100,繊維製品,TOPIX Mid400,0111,プライム
2025-02-05,34020,東レ,"TORAY INDUSTRIES,INC.",4,素材・化学,3100,繊維製品,TOPIX Mid400,0111,プライム
2025-02-05,34050,クラレ,"KURARAY CO.,LTD.",4,素材・化学,3200,化学,TOPIX Mid400,0111,プライム
2025-02-05,34070,旭化成,ASAHI KASEI CORPORATION,4,素材・化学,3200,化学,TOPIX Large70,0111,プライム
2025-02-05,34090,北日本紡績,"KITANIHON SPINNING CO.,LTD",4,素材・化学,3100,繊維製品,-,0112,スタンダード
2025-02-05,34150,ＴＯＫＹＯ　ＢＡＳＥ,"TOKYO BASE Co.,Ltd.",14,小売,6100,小売業,TOPIX Small 2,0111,プライム
2025-02-05,34160,ピクスタ,PIXTA Inc.,14,小売,6100,小売業,-,0113,グロース
2025-02-05,34170,大木ヘルスケアホールディングス,"OHKI HEALTHCARE HOLDINGS CO.,LTD.",13,商社・卸売,6050,卸売業,-,0112,スタンダード
2025-02-05,34180,バルニバービ,"BALNIBARBI Co.,Ltd.",14,小売,6100,小売業,-,0113,グロース
2025-02-05,34200,ケー・エフ・シー,KFC Ltd,3,建設・資材,3550,金属製品,-,0112,スタンダード
2025-02-05,34210,稲葉製作所,"INABA SEISAKUSHO Co.,Ltd.",3,建設・資材,3550,金属製品,TOPIX Small 2,0112,スタンダード
2025-02-05,34220,Ｊ−ＭＡＸ,"J-MAX Co.,Ltd.",3,建設・資材,3550,金属製品,-,0112,スタンダード
2025-02-05,34230,エスイー,S E Corporation,3,建設・資材,3550,金属製品,-,0112,スタンダード
2025-02-05,34260,アトムリビンテック,"ATOM LIVIN TECH Co.,Ltd.",3,建設・資材,3550,金属製品,-,0112,スタンダード
2025-02-05,34310,宮地エンジニアリンググループ,"MIYAJI ENGINEERING GROUP,INC.",3,建設・資材,3550,金属製品,TOPIX Small 1,0111,プライム
2025-02-05,34330,トーカロ,"TOCALO Co.,Ltd.",3,建設・資材,3550,金属製品,TOPIX Small 1,0111,プライム
2025-02-05,34340,アルファ,ALPHA Corporation,3,建設・資材,3550,金属製品,-,0112,スタンダード
2025-02-05,34350,サンコーテクノ,"SANKO TECHNO CO.,LTD.",3,建設・資材,3550,金属製品,-,0112,スタンダード
2025-02-05,34360,ＳＵＭＣＯ,SUMCO CORPORATION,3,建設・資材,3550,金属製品,TOPIX Mid400,0111,プライム
2025-02-05,34370,特殊電極,"TOKUDEN CO.,LTD.",3,建設・資材,3550,金属製品,-,0112,スタンダード
2025-02-05,34390,三ツ知,Mitsuchi Corporation,3,建設・資材,3550,金属製品,-,0112,スタンダード
2025-02-05,34400,日創プロニティ,"NISSO PRONITY Co.,Ltd.",3,建設・資材,3550,金属製品,-,0112,スタンダード
2025-02-05,34410,山王,"SANNO Co.,Ltd.",3,建設・資材,3550,金属製品,-,0112,スタンダード
2025-02-05,34430,川田テクノロジーズ,"KAWADA TECHNOLOGIES,INC.",3,建設・資材,3550,金属製品,TOPIX Small 2,0111,プライム
2025-02-05,34440,菊池製作所,"KIKUCHI SEISAKUSHO CO.,LTD.",3,建設・資材,3550,金属製品,-,0112,スタンダード
2025-02-05,34450,ＲＳ　Ｔｅｃｈｎｏｌｏｇｉｅｓ,"RS Technologies Co.,Ltd.",3,建設・資材,3550,金属製品,TOPIX Small 1,0111,プライム
2025-02-05,34460,ジェイテックコーポレーション,JTEC CORPORATION,3,建設・資材,3550,金属製品,-,0111,プライム
2025-02-05,34470,信和,"Shinwa Co.,Ltd.",3,建設・資材,3550,金属製品,-,0112,スタンダード
2025-02-05,34480,清鋼材,"SUGA STEEL Co.,LTD.",3,建設・資材,3550,金属製品,-,0105,TOKYO PRO MARKET
2025-02-05,34490,テクノフレックス,TECHNOFLEX CORPORATION,3,建設・資材,3550,金属製品,-,0112,スタンダード
2025-02-05,34500,サトウ産業,"Sato Sangyo Co.,Ltd,",3,建設・資材,3550,金属製品,-,0105,TOKYO PRO MARKET
2025-02-05,34510,トーセイ・リート投資法人,Tosei Reit Investment Corporation,99,その他,9999,その他,-,0109,その他
2025-02-05,34520,ビーロット,B-Lot Company Limited,17,不動産,8050,不動産業,-,0112,スタンダード
2025-02-05,34540,ファーストブラザーズ,"First Brothers Co.,Ltd.",17,不動産,8050,不動産業,-,0112,スタンダード
2025-02-05,34550,ヘルスケア＆メディカル投資法人,Healthcare & Medical Investment Corporation,99,その他,9999,その他,-,0109,その他
2025-02-05,34570,Ａｎｄ　Ｄｏホールディングス,"&Do Holdings Co.,Ltd.",17,不動産,8050,不動産業,TOPIX Small 2,0111,プライム
2025-02-05,34580,シーアールイー,"CRE,Inc.",17,不動産,8050,不動産業,TOPIX Small 2,0111,プライム
2025-02-05,34590,サムティ・レジデンシャル投資法人,Samty Residential Investment Corporation,99,その他,9999,その他,-,0109,その他
2025-02-05,34610,パルマ,"Palma Co.,Ltd.",17,不動産,8050,不動産業,-,0113,グロース
2025-02-05,34620,野村不動産マスターファンド投資法人,"Nomura Real Estate Master Fund,Inc.",99,その他,9999,その他,-,0109,その他
2025-02-05,34630,いちごホテルリート投資法人,Ichigo Hotel REIT Investment Corporation,99,その他,9999,その他,-,0109,その他
2025-02-05,34650,ケイアイスター不動産,"KI-STAR REAL ESTATE CO.,LTD",17,不動産,8050,不動産業,TOPIX Small 1,0111,プライム
2025-02-05,34660,ラサールロジポート投資法人,LaSalle LOGIPORT REIT,99,その他,9999,その他,-,0109,その他
2025-02-05,34670,アグレ都市デザイン,Agratio urban design Inc.,17,不動産,8050,不動産業,-,0112,スタンダード
2025-02-05,34680,スターアジア不動産投資法人,Star Asia Investment Corporation,99,その他,9999,その他,-,0109,その他
2025-02-05,34690,デュアルタップ,"Dualtap Co.,Ltd.",17,不動産,8050,不動産業,-,0112,スタンダード
2025-02-05,34700,マリモ地方創生リート投資法人,"Marimo Regional Revitalization REIT,Inc.",99,その他,9999,その他,-,0109,その他
2025-02-05,34710,三井不動産ロジスティクスパーク投資法人,Mitsui Fudosan Logistics Park Inc.,99,その他,9999,その他,-,0109,その他
2025-02-05,34720,日本ホテル＆レジデンシャル投資法人,Nippon Hotel & Residential Investment Corporation,99,その他,9999,その他,-,0109,その他
2025-02-05,34740,Ｇ−ＦＡＣＴＯＲＹ,"G-FACTORY CO.,LTD.",17,不動産,8050,不動産業,-,0113,グロース
2025-02-05,34750,グッドコムアセット,"Good Com Asset Co.,Ltd.",17,不動産,8050,不動産業,TOPIX Small 2,0111,プライム
2025-02-05,34760,投資法人みらい,MIRAI Corporation,99,その他,9999,その他,-,0109,その他
2025-02-05,34770,フォーライフ,"FORLIFE Co.,Ltd.",17,不動産,8050,不動産業,-,0113,グロース
2025-02-05,34790,ティーケーピー,TKP Corporation,17,不動産,8050,不動産業,-,0113,グロース
2025-02-05,34800,ジェイ・エス・ビー,"J.S.B.Co.,Ltd.",17,不動産,8050,不動産業,TOPIX Small 2,0111,プライム
2025-02-05,34810,三菱地所物流リート投資法人,Mitsubishi Estate Logistics REIT Investment Corporation,99,その他,9999,その他,-,0109,その他
2025-02-05,34820,ロードスターキャピタル,Loadstar Capital K.K.,17,不動産,8050,不動産業,TOPIX Small 2,0111,プライム
2025-02-05,34830,翔栄,"SHOEI CO.,LTD.",17,不動産,8050,不動産業,-,0105,TOKYO PRO MARKET
2025-02-05,34840,イノベーションホールディングス,"Innovation Holdings CO.,LTD.",17,不動産,8050,不動産業,-,0111,プライム
2025-02-05,34860,グローバル・リンク・マネジメント,GLOBAL LINK MANAGEMENT INC.,17,不動産,8050,不動産業,-,0111,プライム
2025-02-05,34870,ＣＲＥロジスティクスファンド投資法人,"CRE Logistics REIT,Inc.",99,その他,9999,その他,-,0109,その他
2025-02-05,34880,ザイマックス・リート投資法人,XYMAX REIT Investment Corporation,99,その他,9999,その他,-,0109,その他
2025-02-05,34890,フェイスネットワーク,"FaithNetwork Co.,Ltd",17,不動産,8050,不動産業,-,0112,スタンダード
2025-02-05,34900,アズ企画設計,"Azplanning Co.,Ltd.",17,不動産,8050,不動産業,-,0112,スタンダード
2025-02-05,34910,ＧＡ　ｔｅｃｈｎｏｌｏｇｉｅｓ,"GAtechnologies Co.,Ltd.",17,不動産,8050,不動産業,-,0113,グロース
2025-02-05,34920,タカラレーベン不動産投資法人,Takara Leben Real Estate Investment Corporation,99,その他,9999,その他,-,0109,その他
2025-02-05,34940,マリオン,"Mullion Co.,Ltd.",17,不動産,8050,不動産業,-,0112,スタンダード
2025-02-05,34950,香陵住販,"Koryojyuhan Co.,Ltd.",17,不動産,8050,不動産業,-,0112,スタンダード
2025-02-05,34960,アズーム,"AZOOM CO.,LTD",17,不動産,8050,不動産業,-,0113,グロース
2025-02-05,34970,ＬｅＴｅｃｈ,LeTech Corporation,17,不動産,8050,不動産業,-,0113,グロース
2025-02-05,34980,霞ヶ関キャピタル,"Kasumigaseki Capital Co.,Ltd.",17,不動産,8050,不動産業,TOPIX Small 1,0111,プライム
2025-02-05,35010,ＳＵＭＩＮＯＥ,"SUMINOE Co.,Ltd.",4,素材・化学,3100,繊維製品,-,0111,プライム
2025-02-05,35120,日本フエルト,Nippon Felt Company Limited,4,素材・化学,3100,繊維製品,-,0112,スタンダード
2025-02-05,35130,イチカワ,"ICHIKAWA CO.,LTD.",4,素材・化学,3100,繊維製品,-,0112,スタンダード
2025-02-05,35210,エコナックホールディングス,"ECONACH HOLDINGS CO.,LTD.",10,情報通信・サービスその他,9050,サービス業,-,0112,スタンダード
2025-02-05,35240,日東製網,"NITTO SEIMO CO.,LTD.",4,素材・化学,3100,繊維製品,-,0112,スタンダード
2025-02-05,35260,芦森工業,"ASHIMORI INDUSTRY CO.,LTD.",6,自動車・輸送機,3700,輸送用機器,-,0112,スタンダード
2025-02-05,35290,アツギ,"ATSUGI CO.,LTD.",4,素材・化学,3100,繊維製品,-,0112,スタンダード
2025-02-05,35360,アクサスホールディングス,"AXAS HOLDINGS CO.,LTD.",14,小売,6100,小売業,-,0112,スタンダード
2025-02-05,35370,昭栄薬品,"SHOEI YAKUHIN CO.,LTD.",13,商社・卸売,6050,卸売業,-,0112,スタンダード
2025-02-05,35380,ウイルプラスホールディングス,WILLPLUS Holdings Corporation,14,小売,6100,小売業,-,0112,スタンダード
2025-02-05,35390,ＪＭホールディングス,"JM HOLDINGS CO.,LTD.",14,小売,6100,小売業,TOPIX Small 2,0111,プライム
2025-02-05,35400,歯愛メディカル,"C.I.MEDICAL CO.,LTD.",13,商社・卸売,6050,卸売業,-,0112,スタンダード
2025-02-05,35410,農業総合研究所,Nousouken Corporation,13,商社・卸売,6050,卸売業,-,0113,グロース
2025-02-05,35420,ベガコーポレーション,"Vega corporation Co.,Ltd.",14,小売,6100,小売業,-,0113,グロース
2025-02-05,35430,コメダホールディングス,"KOMEDA Holdings Co.,Ltd.",13,商社・卸売,6050,卸売業,TOPIX Small 1,0111,プライム
2025-02-05,35440,サツドラホールディングス,"SATUDORA HOLDINGS CO.,LTD.",14,小売,6100,小売業,-,0112,スタンダード
2025-02-05,35460,アレンザホールディングス,"Alleanza Holdings Co.,Ltd.",14,小売,6100,小売業,TOPIX Small 2,0111,プライム
2025-02-05,35470,串カツ田中ホールディングス,KUSHIKATSU TANAKA HOLDINGS CO.,14,小売,6100,小売業,TOPIX Small 2,0112,スタンダード
2025-02-05,35480,バロックジャパンリミテッド,BAROQUE JAPAN LIMITED,14,小売,6100,小売業,TOPIX Small 2,0111,プライム
2025-02-05,35490,クスリのアオキホールディングス,"KUSURI NO AOKI HOLDINGS CO.,LTD.",14,小売,6100,小売業,TOPIX Mid400,0111,プライム
2025-02-05,35500,スタジオアタオ,"STUDIO ATAO Co.,Ltd.",14,小売,6100,小売業,-,0113,グロース
2025-02-05,35510,ダイニック,DYNIC CORPORATION,4,素材・化学,3100,繊維製品,-,0112,スタンダード
2025-02-05,35530,共和レザー,"KYOWA LEATHER CLOTH CO.,LTD.",4,素材・化学,3200,化学,-,0112,スタンダード
2025-02-05,35560,リネットジャパングループ,"RenetJapanGroup,Inc.",14,小売,6100,小売業,-,0113,グロース
2025-02-05,35570,ユナイテッド＆コレクティブ,UNITED&COLLECTIVE CO.LTD.,14,小売,6100,小売業,-,0113,グロース
2025-02-05,35580,ジェイドグループ,"JADE GROUP,Inc.",14,小売,6100,小売業,-,0113,グロース
2025-02-05,35590,ピーバンドットコム,p-ban.com Corp.,13,商社・卸売,6050,卸売業,-,0112,スタンダード
2025-02-05,35600,ほぼ日,"Hobonichi Co.,Ltd.",14,小売,6100,小売業,-,0112,スタンダード
2025-02-05,35610,力の源ホールディングス,"CHIKARANOMOTO HOLDINGS Co.,Ltd.",14,小売,6100,小売業,TOPIX Small 2,0111,プライム
2025-02-05,35620,Ｎｏ．１,"No.1 Co.,Ltd",13,商社・卸売,6050,卸売業,-,0112,スタンダード
2025-02-05,35630,ＦＯＯＤ　＆　ＬＩＦＥ　ＣＯＭＰＡＮＩＥＳ,FOOD & LIFE COMPANIES LTD.,14,小売,6100,小売業,TOPIX Mid400,0111,プライム
2025-02-05,35650,アセンテック,Ascentech K.K.,13,商社・卸売,6050,卸売業,TOPIX Small 2,0112,スタンダード
2025-02-05,35660,ユニフォームネクスト,"UNIFORM NEXT CO.,LTD.",14,小売,6100,小売業,-,0113,グロース
2025-02-05,35690,セーレン,"SEIREN CO.,LTD.",4,素材・化学,3100,繊維製品,TOPIX Small 1,0111,プライム
2025-02-05,35710,ソトー,"SOTOH CO.,LTD.",4,素材・化学,3100,繊維製品,-,0112,スタンダード
2025-02-05,35770,東海染工,Tokai Senko K.K.,4,素材・化学,3100,繊維製品,-,0112,スタンダード
2025-02-05,35800,小松マテーレ,"KOMATSU MATERE Co.,Ltd.",4,素材・化学,3100,繊維製品,TOPIX Small 2,0111,プライム
2025-02-05,35830,オーベクス,AuBEX CORPORATION,4,素材・化学,3100,繊維製品,-,0112,スタンダード
2025-02-05,35910,ワコールホールディングス,WACOAL HOLDINGS CORP.,4,素材・化学,3100,繊維製品,TOPIX Mid400,0111,プライム
2025-02-05,35930,ホギメディカル,"HOGY MEDICAL CO.,LTD.",4,素材・化学,3100,繊維製品,TOPIX Small 1,0111,プライム
2025-02-05,35970,自重堂,"JICHODO Co.,Ltd.",4,素材・化学,3100,繊維製品,-,0112,スタンダード
2025-02-05,35980,山喜,"YAMAKI CO.,LTD.",4,素材・化学,3100,繊維製品,-,0112,スタンダード
2025-02-05,36000,フジックス,FUJIX Ltd.,4,素材・化学,3100,繊維製品,-,0112,スタンダード
2025-02-05,36040,川本産業,KAWAMOTO CORPORATION,4,素材・化学,3100,繊維製品,-,0112,スタンダード
2025-02-05,36070,クラウディアホールディングス,"KURAUDIA HOLDINGS CO.,LTD.",4,素材・化学,3100,繊維製品,-,0112,スタンダード
2025-02-05,36080,ＴＳＩホールディングス,"TSI HOLDINGS CO.,LTD.",4,素材・化学,3100,繊維製品,TOPIX Small 1,0111,プライム
2025-02-05,36110,マツオカコーポレーション,MATSUOKA CORPORATION,4,素材・化学,3100,繊維製品,-,0112,スタンダード
2025-02-05,36120,ワールド,"WORLD CO.,LTD.",4,素材・化学,3100,繊維製品,TOPIX Small 1,0111,プライム
2025-02-05,36220,ネットイヤーグループ,Netyear Group Corporation,10,情報通信・サービスその他,5250,情報･通信業,-,0113,グロース
2025-02-05,36230,ビリングシステム,Billing System Corporation,10,情報通信・サービスその他,5250,情報･通信業,-,0113,グロース
2025-02-05,36240,アクセルマーク,AXEL MARK INC.,10,情報通信・サービスその他,5250,情報･通信業,-,0113,グロース
2025-02-05,36250,テックファームホールディングス,Techfirm Holdings Inc.,10,情報通信・サービスその他,5250,情報･通信業,-,0113,グロース
2025-02-05,36260,ＴＩＳ,TIS Inc.,10,情報通信・サービスその他,5250,情報･通信業,TOPIX Mid400,0111,プライム
2025-02-05,36270,テクミラホールディングス,TECMIRA HOLDINGS INC.,10,情報通信・サービスその他,5250,情報･通信業,-,0112,スタンダード
2025-02-05,36280,データホライゾン,"DATA HORIZON CO.,LTD.",10,情報通信・サービスその他,5250,情報･通信業,-,0113,グロース
2025-02-05,36320,グリーホールディングス,"GREE Holdings,Inc.",10,情報通信・サービスその他,5250,情報･通信業,TOPIX Small 1,0111,プライム
2025-02-05,36330,ＧＭＯペパボ,"GMO Pepabo,Inc.",10,情報通信・サービスその他,5250,情報･通信業,TOPIX Small 2,0112,スタンダード
2025-02-05,36340,ソケッツ,Sockets Inc.,10,情報通信・サービスその他,5250,情報･通信業,-,0112,スタンダード
2025-02-05,36350,コーエーテクモホールディングス,"KOEI TECMO HOLDINGS CO.,LTD.",10,情報通信・サービスその他,5250,情報･通信業,TOPIX Mid400,0111,プライム
2025-02-05,36360,三菱総合研究所,"Mitsubishi Research Institute,Inc.",10,情報通信・サービスその他,5250,情報･通信業,TOPIX Small 1,0111,プライム
2025-02-05,36390,ボルテージ,Voltage Incorporation,10,情報通信・サービスその他,5250,情報･通信業,-,0112,スタンダード
2025-02-05,36400,電算,"DENSAN CO.,LTD.",10,情報通信・サービスその他,5250,情報･通信業,-,0112,スタンダード
2025-02-05,36410,パピレス,"PAPYLESS CO.,LTD.",10,情報通信・サービスその他,5250,情報･通信業,-,0112,スタンダード
2025-02-05,36450,メディカルネット,"Medical Net,Inc.",10,情報通信・サービスその他,5250,情報･通信業,-,0113,グロース
2025-02-05,36460,駅探,"Ekitan & Co.,Ltd.",10,情報通信・サービスその他,5250,情報･通信業,-,0113,グロース
2025-02-05,36470,ジー・スリーホールディングス,G Three Holdings CORPORATION,10,情報通信・サービスその他,5250,情報･通信業,-,0112,スタンダード
2025-02-05,36480,ＡＧＳ,AGS Corporation,10,情報通信・サービスその他,5250,情報･通信業,-,0112,スタンダード
2025-02-05,36490,ファインデックス,FINDEX Inc.,10,情報通信・サービスその他,5250,情報･通信業,TOPIX Small 2,0111,プライム
2025-02-05,36520,ディジタルメディアプロフェッショナル,Digital Media Professionals Inc.,10,情報通信・サービスその他,5250,情報･通信業,-,0113,グロース
2025-02-05,36530,モルフォ,"Morpho,Inc.",10,情報通信・サービスその他,5250,情報･通信業,-,0113,グロース
2025-02-05,36550,ブレインパッド,BrainPad Inc.,10,情報通信・サービスその他,5250,情報･通信業,TOPIX Small 2,0111,プライム
2025-02-05,36560,ＫＬａｂ,KLab Inc.,10,情報通信・サービスその他,5250,情報･通信業,TOPIX Small 2,0111,プライム
2025-02-05,36570,ポールトゥウィンホールディングス,"Pole To Win Holdings,Inc.",10,情報通信・サービスその他,5250,情報･通信業,TOPIX Small 2,0111,プライム
2025-02-05,36590,ネクソン,"NEXON Co.,Ltd.",10,情報通信・サービスその他,5250,情報･通信業,TOPIX Mid400,0111,プライム
2025-02-05,36600,アイスタイル,istyle Inc.,10,情報通信・サービスその他,5250,情報･通信業,TOPIX Small 1,0111,プライム
2025-02-05,36610,エムアップホールディングス,"m-up holdings,Inc.",10,情報通信・サービスその他,5250,情報･通信業,TOPIX Small 1,0111,プライム
2025-02-05,36620,エイチーム,Ateam Inc.,10,情報通信・サービスその他,5250,情報･通信業,TOPIX Small 2,0111,プライム
2025-02-05,36630,セルシス,"CELSYS,Inc.",10,情報通信・サービスその他,5250,情報･通信業,TOPIX Small 2,0111,プライム
2025-02-05,36640,モブキャストホールディングス,MOBCAST HOLDINGS INC.,10,情報通信・サービスその他,5250,情報･通信業,-,0113,グロース
2025-02-05,36650,エニグモ,Enigmo Inc.,10,情報通信・サービスその他,5250,情報･通信業,TOPIX Small 2,0111,プライム
2025-02-05,36660,テクノスジャパン,TECNOS JAPAN INCORPORATED,10,情報通信・サービスその他,5250,情報･通信業,-,0112,スタンダード
2025-02-05,36670,ｅｎｉｓｈ,"enish,inc.",10,情報通信・サービスその他,5250,情報･通信業,-,0112,スタンダード
2025-02-05,36680,コロプラ,"COLOPL,Inc.",10,情報通信・サービスその他,5250,情報･通信業,TOPIX Small 1,0111,プライム
2025-02-05,36700,協立情報通信,"Kyoritsu Computer & Communication Co.,Ltd.",10,情報通信・サービスその他,5250,情報･通信業,-,0112,スタンダード
2025-02-05,36710,ソフトマックス,"SOFTMAX CO.,LTD",10,情報通信・サービスその他,5250,情報･通信業,-,0113,グロース
2025-02-05,36720,オルトプラス,AltPlusInc.,10,情報通信・サービスその他,5250,情報･通信業,-,0112,スタンダード
2025-02-05,36730,ブロードリーフ,"Broadleaf Co.,Ltd.",10,情報通信・サービスその他,5250,情報･通信業,TOPIX Small 1,0111,プライム
2025-02-05,36740,オークファン,"Aucfan Co.,Ltd.",10,情報通信・サービスその他,5250,情報･通信業,-,0113,グロース
2025-02-05,36750,クロス・マーケティンググループ,Cross Marketing Group Inc.,10,情報通信・サービスその他,5250,情報･通信業,-,0111,プライム
2025-02-05,36760,デジタルハーツホールディングス,"DIGITAL HEARTS HOLDINGS Co.,Ltd.",10,情報通信・サービスその他,5250,情報･通信業,TOPIX Small 2,0111,プライム
2025-02-05,36780,メディアドゥ,"MEDIA DO Co.,Ltd.",10,情報通信・サービスその他,5250,情報･通信業,TOPIX Small 2,0111,プライム
2025-02-05,36790,じげん,"ZIGExN Co.,Ltd.",10,情報通信・サービスその他,5250,情報･通信業,TOPIX Small 1,0111,プライム
2025-02-05,36800,ホットリンク,Hotto Link Inc.,10,情報通信・サービスその他,5250,情報･通信業,-,0113,グロース
2025-02-05,36810,ブイキューブ,"V-cube,Inc.",10,情報通信・サービスその他,5250,情報･通信業,TOPIX Small 2,0111,プライム
2025-02-05,36820,エンカレッジ・テクノロジ,"Encourage Technologies Co.,Ltd.",10,情報通信・サービスその他,5250,情報･通信業,-,0112,スタンダード
2025-02-05,36830,サイバーリンクス,"CYBERLINKS CO.,LTD.",10,情報通信・サービスその他,5250,情報･通信業,-,0112,スタンダード
2025-02-05,36860,ディー・エル・イー,DLE Inc.,10,情報通信・サービスその他,5250,情報･通信業,-,0112,スタンダード
2025-02-05,36870,フィックスターズ,Fixstars Corporation,10,情報通信・サービスその他,5250,情報･通信業,TOPIX Small 2,0111,プライム
2025-02-05,36880,ＣＡＲＴＡ　ＨＯＬＤＩＮＧＳ,"CARTA HOLDINGS,INC.",10,情報通信・サービスその他,5250,情報･通信業,TOPIX Small 2,0111,プライム
2025-02-05,36900,イルグルム,YRGLM Inc.,10,情報通信・サービスその他,5250,情報･通信業,-,0113,グロース
2025-02-05,36910,デジタルプラス,"DIGITAL PLUS,Inc.",10,情報通信・サービスその他,5250,情報･通信業,-,0113,グロース
2025-02-05,36920,ＦＦＲＩセキュリティ,"FFRI Security,Inc.",10,情報通信・サービスその他,5250,情報･通信業,-,0113,グロース
2025-02-05,36940,オプティム,OPTiM CORPORATION,10,情報通信・サービスその他,5250,情報･通信業,TOPIX Small 2,0111,プライム
2025-02-05,36950,ＧＭＯリサーチ＆ＡＩ,"GMO Research & AI,Inc.",10,情報通信・サービスその他,5250,情報･通信業,-,0113,グロース
2025-02-05,36960,セレス,CERES INC.,10,情報通信・サービスその他,5250,情報･通信業,TOPIX Small 2,0111,プライム
2025-02-05,36970,ＳＨＩＦＴ,SHIFT Inc.,10,情報通信・サービスその他,5250,情報･通信業,TOPIX Mid400,0111,プライム
2025-02-05,36980,ＣＲＩ・ミドルウェア,"CRI Middleware Co.,Ltd.",10,情報通信・サービスその他,5250,情報･通信業,-,0113,グロース
2025-02-05,37080,特種東海製紙,"Tokushu Tokai Paper Co.,Ltd.",4,素材・化学,3150,パルプ・紙,TOPIX Small 2,0111,プライム
2025-02-05,37100,ジョルダン,"Jorudan Co.,Ltd.",10,情報通信・サービスその他,5250,情報･通信業,-,0112,スタンダード
2025-02-05,37120,情報企画,"Information Planning CO.,LTD.",10,情報通信・サービスその他,5250,情報･通信業,-,0112,スタンダード
2025-02-05,37190,ジェクシード,"GEXEED CO.,LTD.",10,情報通信・サービスその他,5250,情報･通信業,-,0112,スタンダード
2025-02-05,37230,日本ファルコム,NIHON FALCOM CORPORATION,10,情報通信・サービスその他,5250,情報･通信業,-,0113,グロース
2025-02-05,37260,フォーシーズＨＤ,"4Cs HD Co.,Ltd.",14,小売,6100,小売業,-,0112,スタンダード
2025-02-05,37270,アプリックス,Aplix Corporation,10,情報通信・サービスその他,5250,情報･通信業,-,0113,グロース
2025-02-05,37330,ソフトウェア・サービス,"Software Service,Inc.",10,情報通信・サービスその他,5250,情報･通信業,-,0112,スタンダード
2025-02-05,37380,ティーガイア,T-Gaia Corporation,10,情報通信・サービスその他,5250,情報･通信業,TOPIX Small 1,0111,プライム
2025-02-05,37410,セック,"Systems Engineering Consultants Co.,LTD.",10,情報通信・サービスその他,5250,情報･通信業,TOPIX Small 2,0111,プライム
2025-02-05,37440,サイオス,SIOS Corporation,10,情報通信・サービスその他,5250,情報･通信業,-,0112,スタンダード
2025-02-05,37470,インタートレード,"INTERTRADE Co.,Ltd.",10,情報通信・サービスその他,5250,情報･通信業,-,0112,スタンダード
2025-02-05,37500,サイトリ細胞研究所,"Cytori Cell Research Institute,Inc.",10,情報通信・サービスその他,5250,情報･通信業,-,0112,スタンダード
2025-02-05,37530,フライトソリューションズ,FLIGHT SOLUTIONS Inc.,10,情報通信・サービスその他,5250,情報･通信業,-,0112,スタンダード
2025-02-05,37580,アエリア,Aeria Inc.,10,情報通信・サービスその他,5250,情報･通信業,-,0112,スタンダード
2025-02-05,37600,ケイブ,"CAVE Interactive CO.,LTD.",10,情報通信・サービスその他,5250,情報･通信業,-,0112,スタンダード
2025-02-05,37620,テクマトリックス,TECHMATRIX CORPORATION,10,情報通信・サービスその他,5250,情報･通信業,TOPIX Small 1,0111,プライム
2025-02-05,37630,プロシップ,Pro-Ship Incorporated,10,情報通信・サービスその他,5250,情報･通信業,TOPIX Small 2,0111,プライム
2025-02-05,37650,ガンホー・オンライン・エンターテイメント,"GungHo Online Entertainment,Inc.",10,情報通信・サービスその他,5250,情報･通信業,TOPIX Mid400,0111,プライム
2025-02-05,37660,システムズ・デザイン,"SYSTEMS DESIGN Co.,Ltd.",10,情報通信・サービスその他,5250,情報･通信業,-,0112,スタンダード
2025-02-05,37680,リスクモンスター,Riskmonster.com,10,情報通信・サービスその他,5250,情報･通信業,-,0112,スタンダード
2025-02-05,37690,ＧＭＯペイメントゲートウェイ,"GMO Payment Gateway,Inc.",10,情報通信・サービスその他,5250,情報･通信業,TOPIX Mid400,0111,プライム
2025-02-05,37700,ザッパラス,"ZAPPALLAS,INC.",10,情報通信・サービスその他,5250,情報･通信業,-,0112,スタンダード
2025-02-05,37710,システムリサーチ,"SYSTEM RESEARCH CO.,LTD.",10,情報通信・サービスその他,5250,情報･通信業,TOPIX Small 2,0111,プライム
2025-02-05,37720,ウェルス・マネジメント,"Wealth Management,Inc.",17,不動産,8050,不動産業,-,0112,スタンダード
2025-02-05,37730,アドバンスト・メディア,"Advanced Media,Inc.",10,情報通信・サービスその他,5250,情報･通信業,-,0113,グロース
2025-02-05,37740,インターネットイニシアティブ,Internet Initiative Japan Inc.,10,情報通信・サービスその他,5250,情報･通信業,TOPIX Mid400,0111,プライム
2025-02-05,37760,ブロードバンドタワー,"BroadBand Tower,Inc.",10,情報通信・サービスその他,5250,情報･通信業,-,0112,スタンダード
2025-02-05,37770,環境フレンドリーホールディングス,Environment Friendly Holdings Corp.,10,情報通信・サービスその他,5250,情報･通信業,-,0113,グロース
2025-02-05,37780,さくらインターネット,SAKURA internet Inc.,10,情報通信・サービスその他,5250,情報･通信業,TOPIX Small 1,0111,プライム
2025-02-05,37790,ジェイ・エスコムホールディングス,"J ESCOM HOLDINGS,INC.",10,情報通信・サービスその他,5250,情報･通信業,-,0112,スタンダード
2025-02-05,37870,テクノマセマティカル,"Techno Mathematical Co.,Ltd.",10,情報通信・サービスその他,5250,情報･通信業,-,0112,スタンダード
2025-02-05,37880,ＧＭＯグローバルサイン・ホールディングス,GMO GlobalSign Holdings K.K.,10,情報通信・サービスその他,5250,情報･通信業,TOPIX Small 2,0111,プライム
2025-02-05,37910,ＩＧポート,"IG Port,Inc.",10,情報通信・サービスその他,5250,情報･通信業,-,0112,スタンダード
2025-02-05,37930,ドリコム,"Drecom Co.,Ltd.",10,情報通信・サービスその他,5250,情報･通信業,-,0113,グロース
2025-02-05,37960,いい生活,"e-Seikatsu Co.,Ltd.",10,情報通信・サービスその他,5250,情報･通信業,-,0112,スタンダード
2025-02-05,37980,ＵＬＳグループ,"ULS Group,Inc.",10,情報通信・サービスその他,5250,情報･通信業,-,0112,スタンダード
2025-02-05,37990,キーウェアソリューションズ,Keyware Solutions Inc.,10,情報通信・サービスその他,5250,情報･通信業,-,0112,スタンダード
2025-02-05,38000,ユニリタ,UNIRITA Inc.,10,情報通信・サービスその他,5250,情報･通信業,-,0112,スタンダード
2025-02-05,38020,エコミック,"ECOMIC CO.,LTD",10,情報通信・サービスその他,5250,情報･通信業,-,0112,スタンダード
2025-02-05,38030,イメージ情報開発,Image Information Inc.,10,情報通信・サービスその他,5250,情報･通信業,-,0113,グロース
2025-02-05,38040,システム　ディ,System D Inc.,10,情報通信・サービスその他,5250,情報･通信業,-,0112,スタンダード
2025-02-05,38070,フィスコ,FISCO Ltd.,10,情報通信・サービスその他,5250,情報･通信業,-,0113,グロース
2025-02-05,38100,サイバーステップ,"CyberStep,Inc.",10,情報通信・サービスその他,5250,情報･通信業,-,0112,スタンダード
2025-02-05,38140,アルファクス・フード・システム,"Alphax Food System Co.,LTD",10,情報通信・サービスその他,5250,情報･通信業,-,0113,グロース
2025-02-05,38150,メディア工房,"Media Kobo,Inc.",10,情報通信・サービスその他,5250,情報･通信業,-,0113,グロース
2025-02-05,38160,大和コンピューター,"DAIWA COMPUTER CO.,LTD.",10,情報通信・サービスその他,5250,情報･通信業,-,0112,スタンダード
2025-02-05,38170,ＳＲＡホールディングス,"SRA Holdings,Inc.",10,情報通信・サービスその他,5250,情報･通信業,TOPIX Small 2,0111,プライム
2025-02-05,38230,ＴＨＥ　ＷＨＹ　ＨＯＷ　ＤＯ　ＣＯＭＰＡＮＹ,"THE WHY HOW DO COMPANY,Inc.",10,情報通信・サービスその他,5250,情報･通信業,-,0112,スタンダード
2025-02-05,38250,リミックスポイント,"Remixpoint,inc.",14,小売,6100,小売業,-,0112,スタンダード
2025-02-05,38260,システムインテグレータ,System Integrator Corp.,10,情報通信・サービスその他,5250,情報･通信業,-,0112,スタンダード
2025-02-05,38340,朝日ネット,"Asahi Net,Inc.",10,情報通信・サービスその他,5250,情報･通信業,TOPIX Small 2,0111,プライム
2025-02-05,38350,ｅＢＡＳＥ,"eBASE Co.,Ltd.",10,情報通信・サービスその他,5250,情報･通信業,TOPIX Small 2,0111,プライム
2025-02-05,38360,アバントグループ,AVANT GROUP CORPORATION,10,情報通信・サービスその他,5250,情報･通信業,TOPIX Small 2,0111,プライム
2025-02-05,38370,アドソル日進,Ad-Sol Nissin Corporation,10,情報通信・サービスその他,5250,情報･通信業,TOPIX Small 2,0111,プライム
2025-02-05,38390,ＯＤＫソリューションズ,"ODK Solutions Company,Ltd.",10,情報通信・サービスその他,5250,情報･通信業,-,0112,スタンダード
2025-02-05,38400,パス,PATH Corporation,10,情報通信・サービスその他,5250,情報･通信業,-,0112,スタンダード
2025-02-05,38410,ジーダット,Jedat Inc.,10,情報通信・サービスその他,5250,情報･通信業,-,0112,スタンダード
2025-02-05,38420,ネクストジェン,"Nextgen,Inc.",10,情報通信・サービスその他,5250,情報･通信業,-,0113,グロース
2025-02-05,38430,フリービット,"FreeBit Co.,Ltd.",10,情報通信・サービスその他,5250,情報･通信業,TOPIX Small 2,0111,プライム
2025-02-05,38440,コムチュア,COMTURE CORPORATION,10,情報通信・サービスその他,5250,情報･通信業,TOPIX Small 1,0111,プライム
2025-02-05,38450,アイフリークモバイル,I-FREEK MOBILE INC.,10,情報通信・サービスその他,5250,情報･通信業,-,0112,スタンダード
2025-02-05,38470,パシフィックシステム,PACIFIC SYSTEMS CORPORATION,10,情報通信・サービスその他,5250,情報･通信業,-,0112,スタンダード
2025-02-05,38480,データ・アプリケーション,"Data Applications Company,Limited",10,情報通信・サービスその他,5250,情報･通信業,-,0112,スタンダード
2025-02-05,38500,エヌ・ティ・ティ・データ・イントラマート,NTT DATA INTRAMART CORPORATION,10,情報通信・サービスその他,5250,情報･通信業,-,0112,スタンダード
2025-02-05,38510,日本一ソフトウェア,"Nippon Ichi Software,Inc.",10,情報通信・サービスその他,5250,情報･通信業,-,0112,スタンダード
2025-02-05,38530,アステリア,ASTERIA Corporation,10,情報通信・サービスその他,5250,情報･通信業,TOPIX Small 2,0111,プライム
2025-02-05,38540,アイル,I'LL INC,10,情報通信・サービスその他,5250,情報･通信業,TOPIX Small 2,0111,プライム
2025-02-05,38560,Ａｂａｌａｎｃｅ,Abalance Corporation,9,電機・精密,3650,電気機器,-,0112,スタンダード
2025-02-05,38570,ラック,"LAC Co.,Ltd.",10,情報通信・サービスその他,5250,情報･通信業,-,0112,スタンダード
2025-02-05,38580,ユビキタスＡＩ,Ubiquitous AI Corporation,10,情報通信・サービスその他,5250,情報･通信業,-,0112,スタンダード
2025-02-05,38610,王子ホールディングス,Oji Holdings Corporation,4,素材・化学,3150,パルプ・紙,TOPIX Mid400,0111,プライム
2025-02-05,38630,日本製紙,"Nippon Paper Industries Co.,Ltd.",4,素材・化学,3150,パルプ・紙,TOPIX Small 1,0111,プライム
2025-02-05,38640,三菱製紙,Mitsubishi Paper Mills Limited,4,素材・化学,3150,パルプ・紙,-,0111,プライム
2025-02-05,38650,北越コーポレーション,Hokuetsu Corporation,4,素材・化学,3150,パルプ・紙,TOPIX Small 1,0111,プライム
2025-02-05,38770,中越パルプ工業,"Chuetsu Pulp & Paper Co.,Ltd.",4,素材・化学,3150,パルプ・紙,-,0111,プライム
2025-02-05,38780,巴川コーポレーション,TOMOEGAWA CORPORATION,4,素材・化学,3200,化学,-,0112,スタンダード
2025-02-05,38800,大王製紙,Daio Paper Corporation,4,素材・化学,3150,パルプ・紙,TOPIX Small 1,0111,プライム
2025-02-05,38910,ニッポン高度紙工業,NIPPON KODOSHI CORPORATION,4,素材・化学,3150,パルプ・紙,-,0112,スタンダード
2025-02-05,38920,岡山製紙,"Okayama Paper Industries Co.,Ltd.",4,素材・化学,3150,パルプ・紙,-,0112,スタンダード
2025-02-05,38950,ハビックス,HAVIX CORPORATION,4,素材・化学,3150,パルプ・紙,-,0112,スタンダード
2025-02-05,38960,阿波製紙,"AWA PAPER & TECHNOLOGICAL COMPANY,Inc.",4,素材・化学,3150,パルプ・紙,-,0112,スタンダード
2025-02-05,39000,クラウドワークス,CrowdWorks Inc.,10,情報通信・サービスその他,5250,情報･通信業,-,0113,グロース
2025-02-05,39010,マークラインズ,"MarkLines Co.,Ltd.",10,情報通信・サービスその他,5250,情報･通信業,TOPIX Small 2,0111,プライム
2025-02-05,39020,メディカル・データ・ビジョン,"Medical Data Vision Co.,Ltd.",10,情報通信・サービスその他,5250,情報･通信業,TOPIX Small 2,0111,プライム
2025-02-05,39030,ｇｕｍｉ,gumi Inc.,10,情報通信・サービスその他,5250,情報･通信業,TOPIX Small 2,0111,プライム
2025-02-05,39040,カヤック,KAYAC Inc.,10,情報通信・サービスその他,5250,情報･通信業,-,0113,グロース
2025-02-05,39050,データセクション,Datasection Inc.,10,情報通信・サービスその他,5250,情報･通信業,-,0113,グロース
2025-02-05,39070,シリコンスタジオ,Silicon Studio Corp.,10,情報通信・サービスその他,5250,情報･通信業,-,0113,グロース
2025-02-05,39080,コラボス,Collabos Corporation,10,情報通信・サービスその他,5250,情報･通信業,-,0113,グロース
2025-02-05,39090,ショーケース,Showcase Inc.,10,情報通信・サービスその他,5250,情報･通信業,-,0112,スタンダード
2025-02-05,39100,エムケイシステム,MKSystem Corporation,10,情報通信・サービスその他,5250,情報･通信業,-,0112,スタンダード
2025-02-05,39110,Ａｉｍｉｎｇ,Aiming Inc.,10,情報通信・サービスその他,5250,情報･通信業,-,0113,グロース
2025-02-05,39120,モバイルファクトリー,"Mobile Factory,Inc.",10,情報通信・サービスその他,5250,情報･通信業,-,0112,スタンダード
2025-02-05,39130,ＧｒｅｅｎＢｅｅ,"GreenBee,Inc.",10,情報通信・サービスその他,5250,情報･通信業,-,0113,グロース
2025-02-05,39140,ＪＩＧ−ＳＡＷ,JIG-SAW INC.,10,情報通信・サービスその他,5250,情報･通信業,-,0113,グロース
2025-02-05,39150,テラスカイ,"TerraSky Co.,Ltd",10,情報通信・サービスその他,5250,情報･通信業,TOPIX Small 2,0111,プライム
2025-02-05,39160,デジタル・インフォメーション・テクノロジー,Digital Information Technologies Corporation,10,情報通信・サービスその他,5250,情報･通信業,TOPIX Small 2,0111,プライム
2025-02-05,39170,アイリッジ,"iRidge,Inc.",10,情報通信・サービスその他,5250,情報･通信業,-,0113,グロース
2025-02-05,39180,ＰＣＩホールディングス,"PCI Holdings,INC.",10,情報通信・サービスその他,5250,情報･通信業,-,0112,スタンダード
2025-02-05,39200,アイビーシー,"Internetworking and Broadband Consulting Co.,Ltd.",10,情報通信・サービスその他,5250,情報･通信業,-,0112,スタンダード
2025-02-05,39210,ネオジャパン,NEOJAPAN Inc.,10,情報通信・サービスその他,5250,情報･通信業,TOPIX Small 2,0111,プライム
2025-02-05,39220,ＰＲ　ＴＩＭＥＳ,PR TIMES Corporation,10,情報通信・サービスその他,5250,情報･通信業,TOPIX Small 2,0111,プライム
2025-02-05,39230,ラクス,"RAKUS Co.,Ltd.",10,情報通信・サービスその他,5250,情報･通信業,TOPIX Mid400,0111,プライム
2025-02-05,39240,ランドコンピュータ,"R&D COMPUTER CO.,LTD.",10,情報通信・サービスその他,5250,情報･通信業,-,0111,プライム
2025-02-05,39250,ダブルスタンダード,Double Standard Inc.,10,情報通信・サービスその他,5250,情報･通信業,TOPIX Small 2,0111,プライム
2025-02-05,39260,オープンドア,Open Door Inc.,10,情報通信・サービスその他,5250,情報･通信業,TOPIX Small 2,0111,プライム
2025-02-05,39270,フーバーブレイン,Fuva Brain Limited,10,情報通信・サービスその他,5250,情報･通信業,-,0113,グロース
2025-02-05,39280,マイネット,Mynet Inc.,10,情報通信・サービスその他,5250,情報･通信業,-,0112,スタンダード
2025-02-05,39290,ソーシャルワイヤー,"SOCIALWIRE CO.,LTD.",10,情報通信・サービスその他,5250,情報･通信業,-,0113,グロース
2025-02-05,39300,はてな,"Hatena Co.,Ltd.",10,情報通信・サービスその他,5250,情報･通信業,-,0113,グロース
2025-02-05,39310,バリューゴルフ,VALUE GOLF Inc.,10,情報通信・サービスその他,5250,情報･通信業,-,0113,グロース
2025-02-05,39320,アカツキ,Akatsuki Inc.,10,情報通信・サービスその他,5250,情報･通信業,TOPIX Small 2,0111,プライム
2025-02-05,39330,チエル,"CHIeru Co.,Ltd.",10,情報通信・サービスその他,5250,情報･通信業,-,0112,スタンダード
2025-02-05,39340,ベネフィットジャパン,"BENEFIT JAPAN Co.,LTD.",10,情報通信・サービスその他,5250,情報･通信業,-,0112,スタンダード
2025-02-05,39350,エディア,"Edia Co.,Ltd.",10,情報通信・サービスその他,5250,情報･通信業,-,0112,スタンダード
2025-02-05,39360,グローバルウェイ,"Globalway,Inc.",10,情報通信・サービスその他,5250,情報･通信業,-,0113,グロース
2025-02-05,39370,Ｕｂｉｃｏｍホールディングス,"Ubicom Holdings,Inc.",10,情報通信・サービスその他,5250,情報･通信業,TOPIX Small 2,0111,プライム
2025-02-05,39390,カナミックネットワーク,"Kanamic Network Co.,LTD",10,情報通信・サービスその他,5250,情報･通信業,TOPIX Small 2,0111,プライム
2025-02-05,39400,ノムラシステムコーポレーション,"Nomura System Corporation Co,Ltd.",10,情報通信・サービスその他,5250,情報･通信業,-,0112,スタンダード
2025-02-05,39410,レンゴー,"Rengo Co.,Ltd.",4,素材・化学,3150,パルプ・紙,TOPIX Mid400,0111,プライム
2025-02-05,39430,大石産業,"OHISHI SANGYO CO.,LTD.",4,素材・化学,3150,パルプ・紙,-,0112,スタンダード
2025-02-05,39440,古林紙工,"Furubayashi Shiko Co.,Ltd.",4,素材・化学,3150,パルプ・紙,-,0112,スタンダード
2025-02-05,39450,スーパーバッグ,"Superbag Company,Limited",4,素材・化学,3150,パルプ・紙,-,0112,スタンダード
2025-02-05,39460,トーモク,"TOMOKU CO.,LTD.",4,素材・化学,3150,パルプ・紙,TOPIX Small 2,0111,プライム
2025-02-05,39470,ダイナパック,"Dynapac Co.,Ltd.",4,素材・化学,3150,パルプ・紙,-,0112,スタンダード
2025-02-05,39480,光ビジネスフォーム,"HIKARI BUSINESS FORM CO.,LTD.",4,素材・化学,3150,パルプ・紙,-,0112,スタンダード
2025-02-05,39500,ザ・パック,THE PACK CORPORATION,4,素材・化学,3150,パルプ・紙,TOPIX Small 2,0111,プライム
2025-02-05,39510,朝日印刷,"ASAHI PRINTING CO.,LTD.",4,素材・化学,3150,パルプ・紙,-,0112,スタンダード
2025-02-05,39530,大村紙業,"OHMURA SHIGYO CO.,LTD.",4,素材・化学,3150,パルプ・紙,-,0112,スタンダード
2025-02-05,39540,昭和パックス,SHOWA PAXXS CORPORATION,4,素材・化学,3150,パルプ・紙,-,0112,スタンダード
2025-02-05,39550,イムラ,"IMURA & Co.,Ltd.",4,素材・化学,3150,パルプ・紙,-,0112,スタンダード
2025-02-05,39580,笹徳印刷,"Sasatoku Printing Co.,Ltd.",4,素材・化学,3150,パルプ・紙,-,0112,スタンダード
2025-02-05,39610,シルバーエッグ・テクノロジー,"Silver Egg Technology CO.,Ltd.",10,情報通信・サービスその他,5250,情報･通信業,-,0113,グロース
2025-02-05,39620,チェンジホールディングス,"CHANGE Holdings,Inc.",10,情報通信・サービスその他,5250,情報･通信業,TOPIX Small 1,0111,プライム
2025-02-05,39630,シンクロ・フード,"Synchro Food Co.,Ltd.",10,情報通信・サービスその他,5250,情報･通信業,-,0111,プライム
2025-02-05,39640,オークネット,AUCNET INC.,10,情報通信・サービスその他,5250,情報･通信業,TOPIX Small 2,0111,プライム
2025-02-05,39650,キャピタル・アセット・プランニング,"Capital Asset Planning,Inc.",10,情報通信・サービスその他,5250,情報･通信業,-,0112,スタンダード
2025-02-05,39670,エルテス,"Eltes Co.,Ltd.",10,情報通信・サービスその他,5250,情報･通信業,-,0113,グロース
2025-02-05,39680,セグエグループ,"Segue Group Co.,Ltd.",10,情報通信・サービスその他,5250,情報･通信業,-,0111,プライム
2025-02-05,39690,エイトレッド,ATLED CORP.,10,情報通信・サービスその他,5250,情報･通信業,-,0112,スタンダード
2025-02-05,39700,イノベーション,Innovation Inc.,10,情報通信・サービスその他,5250,情報･通信業,-,0113,グロース
2025-02-05,39740,ＳＣＡＴ,SCAT Inc.,10,情報通信・サービスその他,5250,情報･通信業,-,0112,スタンダード
2025-02-05,39760,シャノン,SHANON Inc.,10,情報通信・サービスその他,5250,情報･通信業,-,0113,グロース
2025-02-05,39780,マクロミル,"MACROMILL,INC.",10,情報通信・サービスその他,5250,情報･通信業,TOPIX Small 1,0111,プライム
2025-02-05,39790,うるる,"ULURU.CO.,LTD.",10,情報通信・サービスその他,5250,情報･通信業,-,0113,グロース
2025-02-05,39810,ビーグリー,Beaglee Inc.,10,情報通信・サービスその他,5250,情報･通信業,-,0112,スタンダード
2025-02-05,39830,オロ,"ORO Co.,Ltd.",10,情報通信・サービスその他,5250,情報･通信業,TOPIX Small 2,0111,プライム
2025-02-05,39840,ユーザーローカル,"User Local,Inc.",10,情報通信・サービスその他,5250,情報･通信業,TOPIX Small 2,0111,プライム
2025-02-05,39850,テモナ,TEMONA.inc.,10,情報通信・サービスその他,5250,情報･通信業,-,0112,スタンダード
2025-02-05,39860,ビーブレイクシステムズ,"bBreak Systems Company,Limited",10,情報通信・サービスその他,5250,情報･通信業,-,0113,グロース
2025-02-05,39870,エコモット,Ecomott Inc.,10,情報通信・サービスその他,5250,情報･通信業,-,0113,グロース
2025-02-05,39880,ＳＹＳホールディングス,"SYS Holdings Co.,Ltd.",10,情報通信・サービスその他,5250,情報･通信業,-,0112,スタンダード
2025-02-05,39890,シェアリングテクノロジー,SHARINGTECHNOLOGY.INC,10,情報通信・サービスその他,5250,情報･通信業,-,0113,グロース
2025-02-05,39900,ＵＵＵＭ,"UUUM Co.,Ltd.",10,情報通信・サービスその他,5250,情報･通信業,-,0113,グロース
2025-02-05,39910,ウォンテッドリー,"Wantedly,Inc",10,情報通信・サービスその他,5250,情報･通信業,-,0113,グロース
2025-02-05,39920,ニーズウェル,Needs Well Inc.,10,情報通信・サービスその他,5250,情報･通信業,-,0111,プライム
2025-02-05,39930,ＰＫＳＨＡ　Ｔｅｃｈｎｏｌｏｇｙ,PKSHA Technology Inc.,10,情報通信・サービスその他,5250,情報･通信業,TOPIX Small 2,0111,プライム
2025-02-05,39940,マネーフォワード,"Money Forward,Inc.",10,情報通信・サービスその他,5250,情報･通信業,TOPIX Mid400,0111,プライム
2025-02-05,39960,サインポスト,Signpost Corporation,10,情報通信・サービスその他,5250,情報･通信業,-,0112,スタンダード
2025-02-05,39970,トレードワークス,"TRADE WORKS Co.,Ltd",10,情報通信・サービスその他,5250,情報･通信業,-,0112,スタンダード
2025-02-05,39980,すららネット,"SuRaLa Net Co.,Ltd.",10,情報通信・サービスその他,5250,情報･通信業,-,0113,グロース
2025-02-05,40040,レゾナック・ホールディングス,Resonac Holdings Corporation,4,素材・化学,3200,化学,TOPIX Mid400,0111,プライム
2025-02-05,40050,住友化学,"SUMITOMO CHEMICAL COMPANY,LIMITED",4,素材・化学,3200,化学,TOPIX Mid400,0111,プライム
2025-02-05,40080,住友精化,"Sumitomo Seika Chemicals Company,Limited.",4,素材・化学,3200,化学,TOPIX Small 1,0111,プライム
2025-02-05,40110,ヘッドウォータース,"Headwaters Co.,Ltd",10,情報通信・サービスその他,5250,情報･通信業,-,0113,グロース
2025-02-05,40120,アクシス,"AXIS CO.,LTD.",10,情報通信・サービスその他,5250,情報･通信業,-,0112,スタンダード
2025-02-05,40130,勤次郎,"Kinjiro Co.,Ltd.",10,情報通信・サービスその他,5250,情報･通信業,-,0113,グロース
2025-02-05,40140,カラダノート,"KARADANOTE,INC.",10,情報通信・サービスその他,5250,情報･通信業,-,0113,グロース
2025-02-05,40150,ペイクラウドホールディングス,Paycloud Holdings Inc.,10,情報通信・サービスその他,5250,情報･通信業,-,0113,グロース
2025-02-05,40160,ＭＩＴホールディングス,"MIT Holdings CO.,LTD.",10,情報通信・サービスその他,5250,情報･通信業,-,0112,スタンダード
2025-02-05,40170,クリーマ,CREEMA LTD.,10,情報通信・サービスその他,5250,情報･通信業,-,0113,グロース
2025-02-05,40190,スタメン,"Stmn,Inc.",10,情報通信・サービスその他,5250,情報･通信業,-,0113,グロース
2025-02-05,40200,ビートレンド,BETREND CORPORATION,10,情報通信・サービスその他,5250,情報･通信業,-,0113,グロース
2025-02-05,40210,日産化学,Nissan Chemical Corporation,4,素材・化学,3200,化学,TOPIX Mid400,0111,プライム
2025-02-05,40220,ラサ工業,"Rasa Industries,Ltd.",4,素材・化学,3200,化学,TOPIX Small 2,0111,プライム
2025-02-05,40230,クレハ,KUREHA CORPORATION,4,素材・化学,3200,化学,TOPIX Small 1,0111,プライム
2025-02-05,40250,多木化学,"TAKI CHEMICAL CO.,LTD.",4,素材・化学,3200,化学,TOPIX Small 2,0111,プライム
2025-02-05,40260,神島化学工業,"Konoshima Chemical Co.,Ltd.",3,建設・資材,3400,ガラス･土石製品,-,0112,スタンダード
2025-02-05,40270,テイカ,TAYCA CORPORATION,4,素材・化学,3200,化学,TOPIX Small 2,0111,プライム
2025-02-05,40280,石原産業,"ISHIHARA SANGYO KAISHA,LTD.",4,素材・化学,3200,化学,TOPIX Small 1,0111,プライム
2025-02-05,40310,片倉コープアグリ,Katakura & Co-op Agri Corporation,4,素材・化学,3200,化学,-,0112,スタンダード
2025-02-05,40400,南海化学,"NANKAI CHEMICAL COMPANY,LIMITED",4,素材・化学,3200,化学,-,0112,スタンダード
2025-02-05,40410,日本曹達,"Nippon Soda Co.,Ltd.",4,素材・化学,3200,化学,TOPIX Small 1,0111,プライム
2025-02-05,40420,東ソー,TOSOH CORPORATION,4,素材・化学,3200,化学,TOPIX Mid400,0111,プライム
2025-02-05,40430,トクヤマ,Tokuyama Corporation,4,素材・化学,3200,化学,TOPIX Mid400,0111,プライム
2025-02-05,40440,セントラル硝子,"Central Glass Co.,Ltd.",4,素材・化学,3200,化学,TOPIX Small 1,0111,プライム
2025-02-05,40450,東亞合成,"TOAGOSEI CO.,LTD.",4,素材・化学,3200,化学,TOPIX Mid400,0111,プライム
2025-02-05,40460,大阪ソーダ,"OSAKA SODA CO.,LTD.",4,素材・化学,3200,化学,TOPIX Small 1,0111,プライム
2025-02-05,40470,関東電化工業,"KANTO DENKA KOGYO CO.,LTD.",4,素材・化学,3200,化学,TOPIX Small 1,0111,プライム
2025-02-05,40510,ＧＭＯフィナンシャルゲート,"GMO Financial Gate,Inc.",10,情報通信・サービスその他,5250,情報･通信業,-,0113,グロース
2025-02-05,40520,フィーチャ,Ficha Inc.,10,情報通信・サービスその他,5250,情報･通信業,-,0113,グロース
2025-02-05,40530,Ｓｕｎ　Ａｓｔｅｒｉｓｋ,Sun* Inc.,10,情報通信・サービスその他,5250,情報･通信業,TOPIX Small 2,0111,プライム
2025-02-05,40540,日本情報クリエイト,"Japan PropTech Co.,Ltd.",10,情報通信・サービスその他,5250,情報･通信業,-,0113,グロース
2025-02-05,40550,ティアンドエスグループ,T&S Group Inc.,10,情報通信・サービスその他,5250,情報･通信業,-,0113,グロース
2025-02-05,40560,ニューラルグループ,Neural Group Inc.,10,情報通信・サービスその他,5250,情報･通信業,-,0113,グロース
2025-02-05,40570,インターファクトリー,"Interfactory,Inc.",10,情報通信・サービスその他,5250,情報･通信業,-,0113,グロース
2025-02-05,40580,トヨクモ,"Toyokumo,Inc.",10,情報通信・サービスその他,5250,情報･通信業,-,0113,グロース
2025-02-05,40590,まぐまぐ,"Magmag,Inc.",10,情報通信・サービスその他,5250,情報･通信業,-,0112,スタンダード
2025-02-05,40600,ｒａｋｕｍｏ,rakumo Inc.,10,情報通信・サービスその他,5250,情報･通信業,-,0113,グロース
2025-02-05,40610,デンカ,Denka Company Limited,4,素材・化学,3200,化学,TOPIX Mid400,0111,プライム
2025-02-05,40620,イビデン,"IBIDEN CO.,LTD.",9,電機・精密,3650,電気機器,TOPIX Mid400,0111,プライム
2025-02-05,40630,信越化学工業,"Shin-Etsu Chemical Co.,Ltd.",4,素材・化学,3200,化学,TOPIX Core30,0111,プライム
2025-02-05,40640,日本カーバイド工業,"Nippon Carbide Industries Company,Incorporated",4,素材・化学,3200,化学,TOPIX Small 2,0111,プライム
2025-02-05,40680,ベイシス,Basis Corporation,10,情報通信・サービスその他,5250,情報･通信業,-,0113,グロース
2025-02-05,40690,ＢｌｕｅＭｅｍｅ,BlueMeme Inc.,10,情報通信・サービスその他,5250,情報･通信業,-,0113,グロース
2025-02-05,40710,プラスアルファ・コンサルティング,"Plus Alpha Consulting Co.,LTD.",10,情報通信・サービスその他,5250,情報･通信業,TOPIX Small 1,0111,プライム
2025-02-05,40720,電算システムホールディングス,"Densan System Holdings Co.,Ltd.",10,情報通信・サービスその他,5250,情報･通信業,TOPIX Small 2,0111,プライム
2025-02-05,40730,ジィ・シィ企画,"Global Communication Planning Co.,Ltd.",10,情報通信・サービスその他,5250,情報･通信業,-,0113,グロース
2025-02-05,40740,ラキール,"LaKeel,Inc.",10,情報通信・サービスその他,5250,情報･通信業,-,0113,グロース
2025-02-05,40750,ブレインズテクノロジー,"Brains Technology,Inc.",10,情報通信・サービスその他,5250,情報･通信業,-,0113,グロース
2025-02-05,40760,シイエヌエス,"CNS Co.,Ltd.",10,情報通信・サービスその他,5250,情報･通信業,-,0113,グロース
2025-02-05,40780,堺化学工業,"Sakai Chemical Industry Co.,Ltd.",4,素材・化学,3200,化学,TOPIX Small 1,0111,プライム
2025-02-05,40800,田中化学研究所,TANAKA CHEMICAL CORPORATION,4,素材・化学,3200,化学,-,0112,スタンダード
2025-02-05,40820,第一稀元素化学工業,"DAIICHI KIGENSO KAGAKU-KOGYO CO.,LTD",4,素材・化学,3200,化学,TOPIX Small 2,0111,プライム
2025-02-05,40880,エア・ウォーター,AIR WATER INC.,4,素材・化学,3200,化学,TOPIX Mid400,0111,プライム
2025-02-05,40910,日本酸素ホールディングス,NIPPON SANSO HOLDINGS CORPORATION,4,素材・化学,3200,化学,TOPIX Mid400,0111,プライム
2025-02-05,40920,日本化学工業,"Nippon Chemical Industrial Co.,Ltd.",4,素材・化学,3200,化学,TOPIX Small 2,0111,プライム
2025-02-05,40930,東邦アセチレン,"Toho Acetylene Co.,Ltd.",4,素材・化学,3200,化学,-,0111,プライム
2025-02-05,40940,日本化学産業,"NIHON KAGAKU SANGYO CO.,LTD.",4,素材・化学,3200,化学,-,0112,スタンダード
2025-02-05,40950,日本パーカライジング,"NIHON PARKERIZING CO.,LTD.",4,素材・化学,3200,化学,TOPIX Small 1,0111,プライム
2025-02-05,40970,高圧ガス工業,"KOATSU GAS KOGYO CO.,LTD.",4,素材・化学,3200,化学,TOPIX Small 2,0111,プライム
2025-02-05,40980,チタン工業,"Titan Kogyo ,Ltd.",4,素材・化学,3200,化学,-,0112,スタンダード
2025-02-05,40990,四国化成ホールディングス,SHIKOKU KASEI HOLDINGS CORPORATION,4,素材・化学,3200,化学,TOPIX Small 2,0111,プライム
2025-02-05,41000,戸田工業,TODA KOGYO CORP.,4,素材・化学,3200,化学,TOPIX Small 2,0112,スタンダード
2025-02-05,41020,丸尾カルシウム,"Maruo Calcium Co.,Ltd.",4,素材・化学,3200,化学,-,0112,スタンダード
2025-02-05,41070,伊勢化学工業,ISE CHEMICALS CORPORATION,4,素材・化学,3200,化学,-,0112,スタンダード
2025-02-05,41090,ステラ　ケミファ,STELLA CHEMIFA CORPORATION,4,素材・化学,3200,化学,TOPIX Small 1,0111,プライム
2025-02-05,41120,保土谷化学工業,"Hodogaya Chemical Co.,Ltd.",4,素材・化学,3200,化学,TOPIX Small 2,0111,プライム
2025-02-05,41130,田岡化学工業,"TAOKA CHEMICAL COMPANY,LIMITED",4,素材・化学,3200,化学,-,0112,スタンダード
2025-02-05,41140,日本触媒,"NIPPON SHOKUBAI CO.,LTD.",4,素材・化学,3200,化学,TOPIX Mid400,0111,プライム
2025-02-05,41160,大日精化工業,"Dainichiseika Color & Chemicals Mfg.Co.,Ltd.",4,素材・化学,3200,化学,TOPIX Small 2,0111,プライム
2025-02-05,41180,カネカ,KANEKA CORPORATION,4,素材・化学,3200,化学,TOPIX Mid400,0111,プライム
2025-02-05,41190,日本ピグメントホールディングス,Nippon Pigment Holdings Company Limited,4,素材・化学,3200,化学,-,0112,スタンダード
2025-02-05,41200,スガイ化学工業,"SUGAI CHEMICAL INDUSTRY CO.,LTD.",4,素材・化学,3200,化学,-,0112,スタンダード
2025-02-05,41240,大阪油化工業,OSAKA YUKA INDUSTRY LTD.,4,素材・化学,3200,化学,-,0112,スタンダード
2025-02-05,41250,三和油化工業,SANWAYUKA INDUSTRY CORPORATION,4,素材・化学,3200,化学,-,0112,スタンダード
2025-02-05,41510,協和キリン,"Kyowa Kirin Co.,Ltd.",5,医薬品,3250,医薬品,TOPIX Mid400,0111,プライム
2025-02-05,41650,プレイド,"PLAID,Inc.",10,情報通信・サービスその他,5250,情報･通信業,-,0113,グロース
2025-02-05,41660,かっこ,Cacco Inc.,10,情報通信・サービスその他,5250,情報･通信業,-,0113,グロース
2025-02-05,41670,ココペリ,Kokopelli Inc.,10,情報通信・サービスその他,5250,情報･通信業,-,0113,グロース
2025-02-05,41680,ヤプリ,"Yappli,Inc.",10,情報通信・サービスその他,5250,情報･通信業,-,0113,グロース
2025-02-05,41690,ＥＮＥＣＨＡＮＧＥ,ENECHANGE Ltd.,10,情報通信・サービスその他,5250,情報･通信業,-,0113,グロース
2025-02-05,41700,Ｋａｉｚｅｎ　Ｐｌａｔｆｏｒｍ,"Kaizen Platform,Inc.",10,情報通信・サービスその他,5250,情報･通信業,-,0113,グロース
2025-02-05,41710,グローバルインフォメーション,"Global Information,Inc.",10,情報通信・サービスその他,5250,情報･通信業,-,0112,スタンダード
2025-02-05,41720,東和ハイシステム,"TOWA Hi SYSTEM CO.,LTD.",10,情報通信・サービスその他,5250,情報･通信業,-,0112,スタンダード
2025-02-05,41730,ＷＡＣＵＬ,WACUL.INC,10,情報通信・サービスその他,5250,情報･通信業,-,0113,グロース
2025-02-05,41740,アピリッツ,Appirits Inc.,10,情報通信・サービスその他,5250,情報･通信業,-,0112,スタンダード
2025-02-05,41750,ｃｏｌｙ,coly Inc.,10,情報通信・サービスその他,5250,情報･通信業,-,0113,グロース
2025-02-05,41760,ココナラ,coconala Inc.,10,情報通信・サービスその他,5250,情報･通信業,-,0113,グロース
2025-02-05,41770,ｉ‐ｐｌｕｇ,"i-plug,Inc.",10,情報通信・サービスその他,5250,情報･通信業,-,0113,グロース
2025-02-05,41780,Ｓｈａｒｉｎｇ　Ｉｎｎｏｖａｔｉｏｎｓ,Sharing Innovations Inc.,10,情報通信・サービスその他,5250,情報･通信業,-,0113,グロース
2025-02-05,41790,ジーネクスト,G-NEXT Inc.,10,情報通信・サービスその他,5250,情報･通信業,-,0113,グロース
2025-02-05,41800,Ａｐｐｉｅｒ　Ｇｒｏｕｐ,"Appier Group,Inc.",10,情報通信・サービスその他,5250,情報･通信業,TOPIX Small 1,0111,プライム
2025-02-05,41820,三菱瓦斯化学,"Mitsubishi Gas Chemical Company,Inc.",4,素材・化学,3200,化学,TOPIX Mid400,0111,プライム
2025-02-05,41830,三井化学,"Mitsui Chemicals,Inc.",4,素材・化学,3200,化学,TOPIX Mid400,0111,プライム
2025-02-05,41860,東京応化工業,"TOKYO OHKA KOGYO CO.,LTD.",4,素材・化学,3200,化学,TOPIX Mid400,0111,プライム
2025-02-05,41870,大阪有機化学工業,OSAKA ORGANIC CHEMICAL INDUSTRY LTD.,4,素材・化学,3200,化学,TOPIX Small 1,0111,プライム
2025-02-05,41880,三菱ケミカルグループ,Mitsubishi Chemical Group Corporation,4,素材・化学,3200,化学,TOPIX Large70,0111,プライム
2025-02-05,41890,ＫＨネオケム,"KH Neochem Co.,Ltd.",4,素材・化学,3200,化学,TOPIX Small 1,0111,プライム
2025-02-05,41920,スパイダープラス,SpiderPlus & Co.,10,情報通信・サービスその他,5250,情報･通信業,-,0113,グロース
2025-02-05,41930,ファブリカホールディングス,"Fabrica Holdings Co.,Ltd.",10,情報通信・サービスその他,5250,情報･通信業,-,0112,スタンダード
2025-02-05,41940,ビジョナル,"Visional,Inc.",10,情報通信・サービスその他,5250,情報･通信業,TOPIX Mid400,0111,プライム
2025-02-05,41960,ネオマーケティング,NEO MARKETING Inc.,10,情報通信・サービスその他,5250,情報･通信業,-,0112,スタンダード
2025-02-05,41970,アスマーク,"ASMARQ Co.,Ltd.",10,情報通信・サービスその他,5250,情報･通信業,-,0112,スタンダード
2025-02-05,41980,テンダ,"TENDA Co.,LTD.",10,情報通信・サービスその他,5250,情報･通信業,-,0112,スタンダード
2025-02-05,41990,ワンダープラネット,WonderPlanet Inc.,10,情報通信・サービスその他,5250,情報･通信業,-,0113,グロース
2025-02-05,42020,ダイセル,Daicel Corporation,4,素材・化学,3200,化学,TOPIX Mid400,0111,プライム
2025-02-05,42030,住友ベークライト,"Sumitomo Bakelite Company,Limited",4,素材・化学,3200,化学,TOPIX Mid400,0111,プライム
2025-02-05,42040,積水化学工業,"Sekisui Chemical Co.,Ltd.",4,素材・化学,3200,化学,TOPIX Mid400,0111,プライム
2025-02-05,42050,日本ゼオン,ZEON CORPORATION,4,素材・化学,3200,化学,TOPIX Mid400,0111,プライム
2025-02-05,42060,アイカ工業,"Aica Kogyo Company,Limited",4,素材・化学,3200,化学,TOPIX Mid400,0111,プライム
2025-02-05,42080,ＵＢＥ,UBE Corporation,4,素材・化学,3200,化学,TOPIX Mid400,0111,プライム
2025-02-05,42120,積水樹脂,Sekisui Jushi Corporation,4,素材・化学,3200,化学,TOPIX Small 1,0111,プライム
2025-02-05,42160,旭有機材,ASAHI YUKIZAI CORPORATION,4,素材・化学,3200,化学,TOPIX Small 1,0111,プライム
2025-02-05,42180,ニチバン,"NICHIBAN CO.,LTD.",4,素材・化学,3200,化学,TOPIX Small 2,0111,プライム
2025-02-05,42200,リケンテクノス,RIKEN TECHNOS CORPORATION,4,素材・化学,3200,化学,TOPIX Small 2,0111,プライム
2025-02-05,42210,大倉工業,"Okura Industrial Co.,Ltd.",4,素材・化学,3200,化学,TOPIX Small 2,0111,プライム
2025-02-05,42220,児玉化学工業,"KODAMA CHEMICAL INDUSTRY CO.,LTD.",4,素材・化学,3200,化学,-,0112,スタンダード
2025-02-05,42240,ロンシール工業,LONSEAL CORPORATION,4,素材・化学,3200,化学,-,0112,スタンダード
2025-02-05,42280,積水化成品工業,"Sekisui Kasei Co.,Ltd.",4,素材・化学,3200,化学,TOPIX Small 2,0111,プライム
2025-02-05,42290,群栄化学工業,"Gun Ei Chemical Industry Co.,Ltd.",4,素材・化学,3200,化学,TOPIX Small 2,0111,プライム
2025-02-05,42310,タイガースポリマー,TIGERS POLYMER CORPORATION,4,素材・化学,3200,化学,-,0112,スタンダード
2025-02-05,42340,サンエー化研,"Sun A.Kaken Company,Limited",4,素材・化学,3200,化学,-,0112,スタンダード
2025-02-05,42350,ウルトラファブリックス・ホールディングス,"Ultrafabrics Holdings Co.,Ltd.",4,素材・化学,3200,化学,-,0112,スタンダード
2025-02-05,42370,フジプレアム,Fujipream Corporation,4,素材・化学,3200,化学,-,0112,スタンダード
2025-02-05,42380,ミライアル,"Miraial Co.,Ltd.",4,素材・化学,3200,化学,-,0112,スタンダード
2025-02-05,42400,クラスターテクノロジー,"CLUSTER TECHNOLOGY CO.,LTD.",4,素材・化学,3200,化学,-,0113,グロース
2025-02-05,42410,アテクト,atect corporation,4,素材・化学,3200,化学,-,0112,スタンダード
2025-02-05,42420,タカギセイコー,TAKAGI SEIKO CORPORATION,4,素材・化学,3200,化学,-,0112,スタンダード
2025-02-05,42430,ニックス,"NIX,INC.",4,素材・化学,3200,化学,-,0112,スタンダード
2025-02-05,42450,ダイキアクシス,"Daiki Axis Co.,Ltd.",4,素材・化学,3200,化学,-,0112,スタンダード
2025-02-05,42460,ダイキョーニシカワ,DaikyoNishikawa Corporation,4,素材・化学,3200,化学,TOPIX Small 2,0111,プライム
2025-02-05,42470,ポバール興業,"POVAL KOGYO CO.,LTD.",4,素材・化学,3200,化学,-,0112,スタンダード
2025-02-05,42480,竹本容器,"Takemoto Yohki Co.,Ltd.",4,素材・化学,3200,化学,-,0112,スタンダード
2025-02-05,42490,森六ホールディングス,"MORIROKU HOLDINGS COMPANY,LTD.",4,素材・化学,3200,化学,TOPIX Small 2,0111,プライム
2025-02-05,42510,恵和,KEIWA Incorporated,4,素材・化学,3200,化学,TOPIX Small 2,0111,プライム
2025-02-05,42550,ＴＨＥＣＯＯ,THECOO Inc.,10,情報通信・サービスその他,5250,情報･通信業,-,0113,グロース
2025-02-05,42560,サインド,"CYND Co.,Ltd.",10,情報通信・サービスその他,5250,情報･通信業,-,0113,グロース
2025-02-05,42570,エヴィクサー,Evixar Inc.,10,情報通信・サービスその他,5250,情報･通信業,-,0105,TOKYO PRO MARKET
2025-02-05,42580,網屋,AMIYA Corporation,10,情報通信・サービスその他,5250,情報･通信業,-,0113,グロース
2025-02-05,42590,エクサウィザーズ,ExaWizards Inc.,10,情報通信・サービスその他,5250,情報･通信業,-,0113,グロース
2025-02-05,42600,ハイブリッドテクノロジーズ,"Hybrid Technologies Co.,Ltd.",10,情報通信・サービスその他,5250,情報･通信業,-,0113,グロース
2025-02-05,42610,アジアクエスト,"AsiaQuest Co.,Ltd.",10,情報通信・サービスその他,5250,情報･通信業,-,0113,グロース
2025-02-05,42620,ニフティライフスタイル,"NIFTY Lifestyle Co.,Ltd.",10,情報通信・サービスその他,5250,情報･通信業,-,0113,グロース
2025-02-05,42630,サスメド,"SUSMED,Inc.",10,情報通信・サービスその他,5250,情報･通信業,-,0113,グロース
2025-02-05,42640,セキュア,"SECURE,INC.",10,情報通信・サービスその他,5250,情報･通信業,-,0113,グロース
2025-02-05,42650,Ｉｎｓｔｉｔｕｔｉｏｎ　ｆｏｒ　ａ　Ｇｌｏｂａｌ　Ｓｏｃｉｅｔｙ,Institution for a Global Society Corporation,10,情報通信・サービスその他,5250,情報･通信業,-,0113,グロース
2025-02-05,42670,ライトワークス,LIGHTWORKS Corporation,10,情報通信・サービスその他,5250,情報･通信業,-,0113,グロース
2025-02-05,42700,ＢｅｅＸ,BeeX Inc.,10,情報通信・サービスその他,5250,情報･通信業,-,0113,グロース
2025-02-05,42720,日本化薬,"NIPPON KAYAKU CO.,LTD.",4,素材・化学,3200,化学,TOPIX Mid400,0111,プライム
2025-02-05,42740,細谷火工,"HOSOYA PYRO-ENGINEERING CO.,LTD.",4,素材・化学,3200,化学,-,0112,スタンダード
2025-02-05,42750,カーリット,"Carlit Co.,Ltd.",4,素材・化学,3200,化学,TOPIX Small 2,0111,プライム
2025-02-05,42840,ソルクシーズ,"SOLXYZ Co.,Ltd.",10,情報通信・サービスその他,5250,情報･通信業,-,0112,スタンダード
2025-02-05,42860,ＣＬホールディングス,CL Holdings Inc.,10,情報通信・サービスその他,9050,サービス業,TOPIX Small 2,0112,スタンダード
2025-02-05,42870,ジャストプランニング,JUST PLANNING INC.,10,情報通信・サービスその他,5250,情報･通信業,-,0112,スタンダード
2025-02-05,42880,アズジェント,"Asgent,Inc.",10,情報通信・サービスその他,5250,情報･通信業,-,0112,スタンダード
2025-02-05,42900,プレステージ・インターナショナル,Prestige International Inc.,10,情報通信・サービスその他,9050,サービス業,TOPIX Small 1,0111,プライム
2025-02-05,42930,セプテーニ・ホールディングス,"SEPTENI HOLDINGS CO.,LTD.",10,情報通信・サービスその他,9050,サービス業,-,0112,スタンダード
2025-02-05,42980,プロトコーポレーション,PROTO CORPORATION,10,情報通信・サービスその他,9050,サービス業,TOPIX Small 2,0111,プライム
2025-02-05,42990,ハイマックス,"HIMACS,Ltd.",10,情報通信・サービスその他,5250,情報･通信業,TOPIX Small 2,0112,スタンダード
2025-02-05,43010,アミューズ,AMUSE INC.,10,情報通信・サービスその他,9050,サービス業,TOPIX Small 2,0111,プライム
2025-02-05,43040,Ｅストアー,Estore Corporation,10,情報通信・サービスその他,5250,情報･通信業,-,0112,スタンダード
2025-02-05,43070,野村総合研究所,"Nomura Research Institute,Ltd.",10,情報通信・サービスその他,5250,情報･通信業,TOPIX Mid400,0111,プライム
2025-02-05,43080,Ｊストリーム,J-Stream Inc.,10,情報通信・サービスその他,5250,情報･通信業,-,0113,グロース
2025-02-05,43100,ドリームインキュベータ,Dream Incubator Inc.,10,情報通信・サービスその他,9050,サービス業,TOPIX Small 2,0111,プライム
2025-02-05,43160,ビーマップ,"BeMap,Inc.",10,情報通信・サービスその他,5250,情報･通信業,-,0113,グロース
2025-02-05,43170,レイ,Ray Corporation,10,情報通信・サービスその他,9050,サービス業,-,0112,スタンダード
2025-02-05,43180,クイック,"QUICK CO.,LTD.",10,情報通信・サービスその他,9050,サービス業,TOPIX Small 2,0111,プライム
2025-02-05,43190,ＴＡＣ,"TAC CO.,LTD.",10,情報通信・サービスその他,9050,サービス業,-,0112,スタンダード
2025-02-05,43200,ＣＥホールディングス,"CE Holdings Co.,Ltd.",10,情報通信・サービスその他,5250,情報･通信業,-,0112,スタンダード
2025-02-05,43230,日本システム技術,"Japan System Techniques Co.,Ltd.",10,情報通信・サービスその他,5250,情報･通信業,TOPIX Small 2,0111,プライム
2025-02-05,43240,電通グループ,DENTSU GROUP INC.,10,情報通信・サービスその他,9050,サービス業,TOPIX Mid400,0111,プライム
2025-02-05,43260,インテージホールディングス,INTAGE HOLDINGS Inc.,10,情報通信・サービスその他,5250,情報･通信業,TOPIX Small 2,0111,プライム
2025-02-05,43310,テイクアンドギヴ・ニーズ,"TAKE AND GIVE. NEEDS Co.,Ltd.",10,情報通信・サービスその他,9050,サービス業,TOPIX Small 2,0111,プライム
2025-02-05,43330,東邦システムサイエンス,"TOHO SYSTEM SCIENCE CO.,LTD.",10,情報通信・サービスその他,5250,情報･通信業,TOPIX Small 2,0111,プライム
2025-02-05,43340,ユークス,"YUKE'S Co.,Ltd.",10,情報通信・サービスその他,5250,情報･通信業,-,0112,スタンダード
2025-02-05,43350,アイ・ピー・エス,"IPS CO.,LTD.",10,情報通信・サービスその他,5250,情報･通信業,-,0112,スタンダード
2025-02-05,43370,ぴあ,PIA CORPORATION,10,情報通信・サービスその他,9050,サービス業,TOPIX Small 2,0111,プライム
2025-02-05,43410,西菱電機,SEIRYO ELECTRIC CORPORATION,10,情報通信・サービスその他,9050,サービス業,-,0112,スタンダード
2025-02-05,43430,イオンファンタジー,"AEON Fantasy Co.,LTD.",10,情報通信・サービスその他,9050,サービス業,TOPIX Small 2,0111,プライム
2025-02-05,43440,ソースネクスト,SOURCENEXT CORPORATION,10,情報通信・サービスその他,5250,情報･通信業,TOPIX Small 2,0111,プライム
2025-02-05,43450,シーティーエス,"CTS Co.,Ltd.",10,情報通信・サービスその他,9050,サービス業,TOPIX Small 2,0111,プライム
2025-02-05,43460,ＮＥＸＹＺ．Ｇｒｏｕｐ,NEXYZ.Group Corporation,16,金融（除く銀行）,7200,その他金融業,-,0112,スタンダード
2025-02-05,43470,ブロードメディア,Broadmedia Corporation,10,情報通信・サービスその他,9050,サービス業,-,0112,スタンダード
2025-02-05,43500,メディカルシステムネットワーク,"MEDICAL SYSTEM NETWORK Co.,Ltd.",14,小売,6100,小売業,TOPIX Small 2,0112,スタンダード
2025-02-05,43510,山田債権回収管理総合事務所,"YAMADA SERVICER SYNTHETIC OFFICE CO.,LTD",16,金融（除く銀行）,7200,その他金融業,-,0112,スタンダード
2025-02-05,43560,応用技術,"APPLIED TECHNOLOGY CO.,LTD.",10,情報通信・サービスその他,5250,情報･通信業,-,0112,スタンダード
2025-02-05,43600,マナック・ケミカル・パートナーズ,"MANAC Chemical Partners Co.,Ltd",4,素材・化学,3200,化学,-,0112,スタンダード
2025-02-05,43610,川口化学工業,"KAWAGUCHI CHEMICAL INDUSTRY CO.,LTD.",4,素材・化学,3200,化学,-,0112,スタンダード
2025-02-05,43620,日本精化,"Nippon Fine Chemical Co.,Ltd.",4,素材・化学,3200,化学,TOPIX Small 2,0111,プライム
2025-02-05,43650,松本油脂製薬,"MATSUMOTO YUSHI-SEIYAKU CO.,LTD.",4,素材・化学,3200,化学,-,0112,スタンダード
2025-02-05,43660,ダイトーケミックス,Daito Chemix Corporation,4,素材・化学,3200,化学,-,0112,スタンダード
2025-02-05,43670,広栄化学,"KOEI CHEMICAL COMPANY,LIMITED",4,素材・化学,3200,化学,-,0112,スタンダード
2025-02-05,43680,扶桑化学工業,"FUSO CHEMICAL CO.,LTD.",4,素材・化学,3200,化学,TOPIX Small 1,0111,プライム
2025-02-05,43690,トリケミカル研究所,Tri Chemical Laboratories Inc.,4,素材・化学,3200,化学,TOPIX Small 1,0111,プライム
2025-02-05,43700,モビルス,Mobilus Corporation,10,情報通信・サービスその他,5250,情報･通信業,-,0113,グロース
2025-02-05,43710,コアコンセプト・テクノロジー,Core Concept Technologies Inc.,10,情報通信・サービスその他,5250,情報･通信業,-,0113,グロース
2025-02-05,43720,ユミルリンク,"YMIRLINK,Inc.",10,情報通信・サービスその他,5250,情報･通信業,-,0113,グロース
2025-02-05,43730,シンプレクス・ホールディングス,"Simplex Holdings,Inc.",10,情報通信・サービスその他,5250,情報･通信業,TOPIX Small 1,0111,プライム
2025-02-05,43740,ＲＯＢＯＴ　ＰＡＹＭＥＮＴ,ROBOT PAYMENT INC.,10,情報通信・サービスその他,5250,情報･通信業,-,0113,グロース
2025-02-05,43750,セーフィー,Safie Inc.,10,情報通信・サービスその他,5250,情報･通信業,-,0113,グロース
2025-02-05,43760,くふうカンパニーホールディングス,Kufu Company Holdings Inc.,10,情報通信・サービスその他,5250,情報･通信業,-,0113,グロース
2025-02-05,43770,ワンキャリア,ONE CAREER Inc.,10,情報通信・サービスその他,5250,情報･通信業,-,0113,グロース
2025-02-05,43780,ＣＩＮＣ,CINC Corp.,10,情報通信・サービスその他,5250,情報･通信業,-,0113,グロース
2025-02-05,43790,Ｐｈｏｔｏｓｙｎｔｈ,Photosynth inc.,10,情報通信・サービスその他,5250,情報･通信業,-,0113,グロース
2025-02-05,43800,Ｍマート,M - mart Inc.,10,情報通信・サービスその他,5250,情報･通信業,-,0113,グロース
2025-02-05,43810,ビープラッツ,"BPLATS,Inc.",10,情報通信・サービスその他,5250,情報･通信業,-,0113,グロース
2025-02-05,43820,ＨＥＲＯＺ,"HEROZ,Inc.",10,情報通信・サービスその他,5250,情報･通信業,TOPIX Small 2,0112,スタンダード
2025-02-05,43840,ラクスル,RAKSUL INC.,10,情報通信・サービスその他,5250,情報･通信業,TOPIX Small 1,0111,プライム
2025-02-05,43850,メルカリ,"Mercari,Inc.",10,情報通信・サービスその他,5250,情報･通信業,TOPIX Mid400,0111,プライム
2025-02-05,43860,ＳＩＧグループ,"SIG Group Co.,Ltd.",10,情報通信・サービスその他,5250,情報･通信業,-,0112,スタンダード
2025-02-05,43870,ＺＵＵ,"ZUU Co.,Ltd.",10,情報通信・サービスその他,5250,情報･通信業,-,0113,グロース
2025-02-05,43880,エーアイ,"AI,Inc.",10,情報通信・サービスその他,5250,情報･通信業,-,0113,グロース
2025-02-05,43890,プロパティデータバンク,"Property Data Bank,Inc.",10,情報通信・サービスその他,5250,情報･通信業,-,0113,グロース
2025-02-05,43900,アイ・ピー・エス,"IPS,Inc.",10,情報通信・サービスその他,5250,情報･通信業,TOPIX Small 2,0111,プライム
2025-02-05,43910,ロジザード,"Logizard Co.,Ltd.",10,情報通信・サービスその他,5250,情報･通信業,-,0113,グロース
2025-02-05,43920,ＦＩＧ,"Future Innovation Group,Inc.",10,情報通信・サービスその他,5250,情報･通信業,-,0111,プライム
2025-02-05,43930,バンク・オブ・イノベーション,"Bank of Innovation,Inc.",10,情報通信・サービスその他,5250,情報･通信業,-,0113,グロース
2025-02-05,43940,エクスモーション,"eXmotion Co.,Ltd.",10,情報通信・サービスその他,5250,情報･通信業,-,0113,グロース
2025-02-05,43950,アクリート,Accrete Inc.,10,情報通信・サービスその他,5250,情報･通信業,-,0113,グロース
2025-02-05,43960,システムサポートホールディングス,System Support Holdings Inc.,10,情報通信・サービスその他,5250,情報･通信業,TOPIX Small 2,0111,プライム
2025-02-05,43970,チームスピリット,TeamSpirit Inc.,10,情報通信・サービスその他,5250,情報･通信業,-,0113,グロース
2025-02-05,43980,ブロードバンドセキュリティ,"BroadBand Security,Inc.",10,情報通信・サービスその他,5250,情報･通信業,-,0112,スタンダード
2025-02-05,44010,ＡＤＥＫＡ,ADEKA CORPORATION,4,素材・化学,3200,化学,TOPIX Mid400,0111,プライム
2025-02-05,44030,日油,NOF CORPORATION,4,素材・化学,3200,化学,TOPIX Mid400,0111,プライム
2025-02-05,44040,ミヨシ油脂,"Miyoshi Oil & Fat Co.,Ltd.",1,食品,3050,食料品,-,0112,スタンダード
2025-02-05,44060,新日本理化,"New Japan Chemical Co.,Ltd.",4,素材・化学,3200,化学,-,0112,スタンダード
2025-02-05,44090,東邦化学工業,"TOHO CHEMICAL INDUSTRY COMPANY,LIMITED",4,素材・化学,3200,化学,-,0112,スタンダード
2025-02-05,44100,ハリマ化成グループ,"HARIMA CHEMICALS GROUP,INC.",4,素材・化学,3200,化学,TOPIX Small 2,0111,プライム
2025-02-05,44120,サイエンスアーツ,"Science Arts,Inc.",10,情報通信・サービスその他,5250,情報･通信業,-,0113,グロース
2025-02-05,44130,ボードルア,"baudroie,inc.",10,情報通信・サービスその他,5250,情報･通信業,-,0113,グロース
2025-02-05,44140,フレクト,"FLECT Co.,Ltd.",10,情報通信・サービスその他,5250,情報･通信業,-,0113,グロース
2025-02-05,44150,ブロードエンタープライズ,"BROAD ENTERPRISE CO.,LTD.",10,情報通信・サービスその他,5250,情報･通信業,-,0113,グロース
2025-02-05,44160,Ｔｒｕｅ　Ｄａｔａ,True Data Inc.,10,情報通信・サービスその他,5250,情報･通信業,-,0113,グロース
2025-02-05,44170,グローバルセキュリティエキスパート,Global Security Experts Inc.,10,情報通信・サービスその他,5250,情報･通信業,-,0113,グロース
2025-02-05,44180,ＪＤＳＣ,Japan Data Science Consortium Co.Ltd.,10,情報通信・サービスその他,5250,情報･通信業,-,0113,グロース
2025-02-05,44190,Ｆｉｎａｔｅｘｔホールディングス,Finatext Holdings Ltd.,10,情報通信・サービスその他,5250,情報･通信業,-,0113,グロース
2025-02-05,44200,イーソル,"eSOL Co.,Ltd.",10,情報通信・サービスその他,5250,情報･通信業,TOPIX Small 2,0112,スタンダード
2025-02-05,44210,ディ・アイ・システム,"D.I.System Co.,Ltd.",10,情報通信・サービスその他,5250,情報･通信業,-,0112,スタンダード
2025-02-05,44220,ＶＡＬＵＥＮＥＸ,VALUENEX Japan Inc.,10,情報通信・サービスその他,5250,情報･通信業,-,0113,グロース
2025-02-05,44240,Ａｍａｚｉａ,"Amazia,inc.",10,情報通信・サービスその他,5250,情報･通信業,-,0113,グロース
2025-02-05,44250,Ｋｕｄａｎ,Kudan Inc.,10,情報通信・サービスその他,5250,情報･通信業,-,0113,グロース
2025-02-05,44260,パスロジ,"Passlogy Co.,Ltd.",10,情報通信・サービスその他,5250,情報･通信業,-,0105,TOKYO PRO MARKET
2025-02-05,44270,ＥｄｕＬａｂ,"EduLab,Inc.",10,情報通信・サービスその他,5250,情報･通信業,-,0113,グロース
2025-02-05,44280,シノプス,sinops Inc.,10,情報通信・サービスその他,5250,情報･通信業,-,0113,グロース
2025-02-05,44290,リックソフト,"Ricksoft Co.,Ltd.",10,情報通信・サービスその他,5250,情報･通信業,-,0113,グロース
2025-02-05,44300,東海ソフト,"TOKAI SOFT CO.,LTD.",10,情報通信・サービスその他,5250,情報･通信業,-,0112,スタンダード
2025-02-05,44310,スマレジ,"Smaregi,Inc.",10,情報通信・サービスその他,5250,情報･通信業,-,0113,グロース
2025-02-05,44320,ウイングアーク１ｓｔ,WingArc1st Inc.,10,情報通信・サービスその他,5250,情報･通信業,TOPIX Small 1,0111,プライム
2025-02-05,44330,ヒト・コミュニケーションズ・ホールディングス,"HITO-Communications Holdings,Inc.",10,情報通信・サービスその他,5250,情報･通信業,TOPIX Small 2,0111,プライム
2025-02-05,44340,サーバーワークス,"Serverworks Co.,Ltd.",10,情報通信・サービスその他,5250,情報･通信業,TOPIX Small 2,0112,スタンダード
2025-02-05,44350,カオナビ,"kaonavi,inc.",10,情報通信・サービスその他,5250,情報･通信業,-,0113,グロース
2025-02-05,44360,ミンカブ・ジ・インフォノイド,"MINKABU THE INFONOID,Inc.",10,情報通信・サービスその他,5250,情報･通信業,-,0113,グロース
2025-02-05,44370,ｇｏｏｄｄａｙｓホールディングス,"gooddays holdings,Inc.",10,情報通信・サービスその他,5250,情報･通信業,-,0113,グロース
2025-02-05,44380,Ｗｅｌｂｙ,Welby Inc.,10,情報通信・サービスその他,5250,情報･通信業,-,0113,グロース
2025-02-05,44390,東名,"TOUMEI CO.,LTD.",10,情報通信・サービスその他,5250,情報･通信業,-,0112,スタンダード
2025-02-05,44400,ヴィッツ,WITZ Corporation,10,情報通信・サービスその他,5250,情報･通信業,-,0112,スタンダード
2025-02-05,44410,トビラシステムズ,Tobila Systems Inc.,10,情報通信・サービスその他,5250,情報･通信業,-,0112,スタンダード
2025-02-05,44420,バルテス・ホールディングス,"VALTES HOLDINGS CO.,LTD.",10,情報通信・サービスその他,5250,情報･通信業,-,0113,グロース
2025-02-05,44430,Ｓａｎｓａｎ,"Sansan,Inc.",10,情報通信・サービスその他,5250,情報･通信業,TOPIX Small 1,0111,プライム
2025-02-05,44440,インフォネット,infoNet inc.,10,情報通信・サービスその他,5250,情報･通信業,-,0113,グロース
2025-02-05,44450,リビン・テクノロジーズ,Living Technologies Inc.,10,情報通信・サービスその他,5250,情報･通信業,-,0113,グロース
2025-02-05,44460,Ｌｉｎｋ−Ｕグループ,Link-U Group Inc.,10,情報通信・サービスその他,5250,情報･通信業,-,0111,プライム
2025-02-05,44470,ピー・ビーシステムズ,"PBsystems,Inc.",10,情報通信・サービスその他,5250,情報･通信業,-,0113,グロース
2025-02-05,44480,ｋｕｂｅｌｌ,"kubell Co.,Ltd.",10,情報通信・サービスその他,5250,情報･通信業,-,0113,グロース
2025-02-05,44490,ギフティ,giftee Inc.,10,情報通信・サービスその他,5250,情報･通信業,TOPIX Small 2,0111,プライム
2025-02-05,44500,パワーソリューションズ,"Power Solutions,Ltd.",10,情報通信・サービスその他,5250,情報･通信業,-,0113,グロース
2025-02-05,44520,花王,Kao Corporation,4,素材・化学,3200,化学,TOPIX Large70,0111,プライム
2025-02-05,44610,第一工業製薬,DKS Co.Ltd.,4,素材・化学,3200,化学,TOPIX Small 2,0111,プライム
2025-02-05,44620,石原ケミカル,"ISHIHARA CHEMICAL CO.,LTD.",4,素材・化学,3200,化学,TOPIX Small 2,0111,プライム
2025-02-05,44630,日華化学,"NICCA CHEMICAL CO.,LTD.",4,素材・化学,3200,化学,-,0112,スタンダード
2025-02-05,44640,ソフト９９コーポレーション,SOFT99corporation,4,素材・化学,3200,化学,-,0112,スタンダード
2025-02-05,44650,ニイタカ,"Niitaka Co., Ltd.",4,素材・化学,3200,化学,-,0112,スタンダード
2025-02-05,44710,三洋化成工業,"SANYO CHEMICAL INDUSTRIES,LTD.",4,素材・化学,3200,化学,TOPIX Small 1,0111,プライム
2025-02-05,44750,ＨＥＮＮＧＥ,HENNGE K.K.,10,情報通信・サービスその他,5250,情報･通信業,-,0113,グロース
2025-02-05,44760,ＡＩ　ＣＲＯＳＳ,AI CROSS Inc.,10,情報通信・サービスその他,5250,情報･通信業,-,0113,グロース
2025-02-05,44770,ＢＡＳＥ,"BASE,Inc.",10,情報通信・サービスその他,5250,情報･通信業,-,0113,グロース
2025-02-05,44780,フリー,freee K.K.,10,情報通信・サービスその他,5250,情報･通信業,-,0113,グロース
2025-02-05,44790,マクアケ,"Makuake,Inc.",10,情報通信・サービスその他,5250,情報･通信業,-,0113,グロース
2025-02-05,44800,メドレー,"MEDLEY,INC.",10,情報通信・サービスその他,5250,情報･通信業,TOPIX Small 1,0111,プライム
2025-02-05,44810,ベース,"BASE CO.,LTD.",10,情報通信・サービスその他,5250,情報･通信業,TOPIX Small 1,0111,プライム
2025-02-05,44820,ウィルズ,WILLs Inc.,10,情報通信・サービスその他,5250,情報･通信業,-,0113,グロース
2025-02-05,44830,ＪＭＤＣ,JMDC Inc.,10,情報通信・サービスその他,5250,情報･通信業,TOPIX Mid400,0111,プライム
2025-02-05,44840,ランサーズ,"LANCERS,INC.",10,情報通信・サービスその他,5250,情報･通信業,-,0113,グロース
2025-02-05,44860,ユナイトアンドグロウ,Unite and Grow Inc.,10,情報通信・サービスその他,5250,情報･通信業,-,0113,グロース
2025-02-05,44870,スペースマーケット,"Spacemarket,Inc.",10,情報通信・サービスその他,5250,情報･通信業,-,0113,グロース
2025-02-05,44880,ＡＩ　ｉｎｓｉｄｅ,AI inside Inc.,10,情報通信・サービスその他,5250,情報･通信業,-,0113,グロース
2025-02-05,44900,ビザスク,VisasQ Inc.,10,情報通信・サービスその他,5250,情報･通信業,-,0113,グロース
2025-02-05,44910,コンピューターマネージメント,"Computer Management Co.,Ltd.",10,情報通信・サービスその他,5250,情報･通信業,-,0112,スタンダード
2025-02-05,44920,ゼネテック,GENETEC CORPORATION,10,情報通信・サービスその他,5250,情報･通信業,-,0112,スタンダード
2025-02-05,44930,サイバーセキュリティクラウド,"Cyber Security Cloud,Inc.",10,情報通信・サービスその他,5250,情報･通信業,-,0113,グロース
2025-02-05,44940,バリオセキュア,Vario Secure Inc.,10,情報通信・サービスその他,5250,情報･通信業,-,0112,スタンダード
2025-02-05,44950,アイキューブドシステムズ,"i Cubed Systems,Inc.",10,情報通信・サービスその他,5250,情報･通信業,-,0113,グロース
2025-02-05,44960,コマースＯｎｅホールディングス,Commerce One Holdings Inc.,10,情報通信・サービスその他,5250,情報･通信業,-,0113,グロース
2025-02-05,44980,サイバートラスト,"Cybertrust Japan Co.,Ltd.",10,情報通信・サービスその他,5250,情報･通信業,-,0113,グロース
2025-02-05,44990,Ｓｐｅｅｅ,"Speee,Inc.",10,情報通信・サービスその他,5250,情報･通信業,-,0112,スタンダード
2025-02-05,45020,武田薬品工業,Takeda Pharmaceutical Company Limited,5,医薬品,3250,医薬品,TOPIX Core30,0111,プライム
2025-02-05,45030,アステラス製薬,Astellas Pharma Inc.,5,医薬品,3250,医薬品,TOPIX Large70,0111,プライム
2025-02-05,45060,住友ファーマ,"Sumitomo Pharma Co.,Ltd.",5,医薬品,3250,医薬品,TOPIX Small 1,0111,プライム
2025-02-05,45070,塩野義製薬,"Shionogi & Co.,Ltd.",5,医薬品,3250,医薬品,TOPIX Large70,0111,プライム
2025-02-05,45120,わかもと製薬,"WAKAMOTO PHARMACEUTICAL CO.,LTD.",5,医薬品,3250,医薬品,-,0112,スタンダード
2025-02-05,45160,日本新薬,"Nippon Shinyaku Co.,Ltd.",5,医薬品,3250,医薬品,TOPIX Mid400,0111,プライム
2025-02-05,45190,中外製薬,"CHUGAI PHARMACEUTICAL CO.,LTD.",5,医薬品,3250,医薬品,TOPIX Large70,0111,プライム
2025-02-05,45210,科研製薬,"KAKEN PHARMACEUTICAL CO.,LTD.",5,医薬品,3250,医薬品,TOPIX Mid400,0111,プライム
2025-02-05,45230,エーザイ,"Eisai Co.,Ltd.",5,医薬品,3250,医薬品,TOPIX Large70,0111,プライム
2025-02-05,45240,森下仁丹,"MORISHITA JINTAN CO.,LTD.",5,医薬品,3250,医薬品,-,0112,スタンダード
2025-02-05,45260,理研ビタミン,"RIKEN VITAMIN CO.,LTD.",1,食品,3050,食料品,TOPIX Small 2,0111,プライム
2025-02-05,45270,ロート製薬,"ROHTO PHARMACEUTICAL CO.,LTD.",5,医薬品,3250,医薬品,TOPIX Mid400,0111,プライム
2025-02-05,45280,小野薬品工業,"ONO PHARMACEUTICAL CO.,LTD.",5,医薬品,3250,医薬品,TOPIX Mid400,0111,プライム
2025-02-05,45300,久光製薬,"HISAMITSU PHARMACEUTICAL CO.,INC.",5,医薬品,3250,医薬品,TOPIX Mid400,0111,プライム
2025-02-05,45310,有機合成薬品工業,"Yuki Gosei Kogyo Co.,Ltd.",4,素材・化学,3200,化学,-,0112,スタンダード
2025-02-05,45340,持田製薬,"Mochida Pharmaceutical Co.,Ltd.",5,医薬品,3250,医薬品,TOPIX Small 1,0111,プライム
2025-02-05,45360,参天製薬,"SANTEN PHARMACEUTICAL CO.,LTD.",5,医薬品,3250,医薬品,TOPIX Mid400,0111,プライム
2025-02-05,45380,扶桑薬品工業,"Fuso Pharmaceutical Industries,Ltd.",5,医薬品,3250,医薬品,TOPIX Small 2,0111,プライム
2025-02-05,45390,日本ケミファ,"NIPPON CHEMIPHAR CO.,LTD.",5,医薬品,3250,医薬品,-,0112,スタンダード
2025-02-05,45400,ツムラ,TSUMURA & CO.,5,医薬品,3250,医薬品,TOPIX Mid400,0111,プライム
2025-02-05,45430,テルモ,TERUMO CORPORATION,9,電機・精密,3750,精密機器,TOPIX Large70,0111,プライム
2025-02-05,45440,Ｈ．Ｕ．グループホールディングス,"H.U. Group Holdings,Inc.",10,情報通信・サービスその他,9050,サービス業,TOPIX Mid400,0111,プライム
2025-02-05,45470,キッセイ薬品工業,"KISSEI PHARMACEUTICAL CO.,LTD.",5,医薬品,3250,医薬品,TOPIX Small 1,0111,プライム
2025-02-05,45480,生化学工業,SEIKAGAKU CORPORATION,5,医薬品,3250,医薬品,TOPIX Small 2,0111,プライム
2025-02-05,45490,栄研化学,"EIKEN CHEMICAL CO.,LTD.",5,医薬品,3250,医薬品,TOPIX Small 1,0111,プライム
2025-02-05,45510,鳥居薬品,"TORII PHARMACEUTICAL CO.,LTD.",5,医薬品,3250,医薬品,TOPIX Small 2,0111,プライム
2025-02-05,45520,ＪＣＲファーマ,"JCR Pharmaceuticals Co.,Ltd.",5,医薬品,3250,医薬品,TOPIX Small 1,0111,プライム
2025-02-05,45530,東和薬品,"TOWA PHARMACEUTICAL CO.,LTD.",5,医薬品,3250,医薬品,TOPIX Small 1,0111,プライム
2025-02-05,45540,富士製薬工業,"Fuji Pharma Co.,Ltd.",5,医薬品,3250,医薬品,TOPIX Small 2,0111,プライム
2025-02-05,45560,カイノス,"KAINOS Laboratories,Inc.",5,医薬品,3250,医薬品,-,0112,スタンダード
2025-02-05,45580,中京医薬品,"CHUKYO IYAKUHIN CO.,LTD.",5,医薬品,3250,医薬品,-,0112,スタンダード
2025-02-05,45590,ゼリア新薬工業,"ZERIA PHARMACEUTICAL CO.,LTD.",5,医薬品,3250,医薬品,TOPIX Small 1,0111,プライム
2025-02-05,45630,アンジェス,"AnGes,Inc.",5,医薬品,3250,医薬品,-,0113,グロース
2025-02-05,45640,オンコセラピー・サイエンス,"OncoTherapy Science,Inc.",5,医薬品,3250,医薬品,-,0113,グロース
2025-02-05,45650,ネクセラファーマ,"Nxera Pharma Co.,Ltd.",5,医薬品,3250,医薬品,TOPIX Small 1,0111,プライム
2025-02-05,45680,第一三共,"DAIICHI SANKYO COMPANY,LIMITED",5,医薬品,3250,医薬品,TOPIX Core30,0111,プライム
2025-02-05,45690,杏林製薬,"KYORIN Pharmaceutical Co.,Ltd.",5,医薬品,3250,医薬品,TOPIX Small 1,0111,プライム
2025-02-05,45700,免疫生物研究所,"Immuno-Biological Laboratories Co.,Ltd.",5,医薬品,3250,医薬品,-,0113,グロース
2025-02-05,45710,ＮＡＮＯ　ＭＲＮＡ,"NANO MRNA Co.,Ltd.",5,医薬品,3250,医薬品,-,0113,グロース
2025-02-05,45720,カルナバイオサイエンス,"Carna Biosciences,Inc.",5,医薬品,3250,医薬品,-,0113,グロース
2025-02-05,45740,大幸薬品,"TAIKO PHARMACEUTICAL CO.,LTD.",5,医薬品,3250,医薬品,TOPIX Small 2,0111,プライム
2025-02-05,45750,キャンバス,"CanBas Co.,Ltd.",5,医薬品,3250,医薬品,-,0113,グロース
2025-02-05,45760,デ・ウエスタン・セラピテクス研究所,"D.Western Therapeutics Institute, Inc.",5,医薬品,3250,医薬品,-,0113,グロース
2025-02-05,45770,ダイト,"Daito Pharmaceutical Co.,Ltd.",5,医薬品,3250,医薬品,TOPIX Small 2,0111,プライム
2025-02-05,45780,大塚ホールディングス,"Otsuka Holdings Co.,Ltd.",5,医薬品,3250,医薬品,TOPIX Large70,0111,プライム
2025-02-05,45790,ラクオリア創薬,RaQualia Pharma Inc.,5,医薬品,3250,医薬品,-,0113,グロース
2025-02-05,45820,シンバイオ製薬,SymBio Pharmaceuticals Limited,5,医薬品,3250,医薬品,-,0113,グロース
2025-02-05,45830,カイオム・バイオサイエンス,Chiome Bioscience Inc.,5,医薬品,3250,医薬品,-,0113,グロース
2025-02-05,45840,キッズウェル・バイオ,Kidswell Bio Corporation,5,医薬品,3250,医薬品,-,0113,グロース
2025-02-05,45860,メドレックス,"Medrx Co.,Ltd.",5,医薬品,3250,医薬品,-,0113,グロース
2025-02-05,45870,ペプチドリーム,PeptiDream Inc.,5,医薬品,3250,医薬品,TOPIX Mid400,0111,プライム
2025-02-05,45880,オンコリスバイオファーマ,Oncolys BioPharma Inc.,5,医薬品,3250,医薬品,-,0113,グロース
2025-02-05,45910,リボミック,RIBOMIC Inc.,5,医薬品,3250,医薬品,-,0113,グロース
2025-02-05,45920,サンバイオ,SanBio Company Limited,5,医薬品,3250,医薬品,-,0113,グロース
2025-02-05,45930,ヘリオス,HEALIOS K.K.,5,医薬品,3250,医薬品,-,0113,グロース
2025-02-05,45940,ブライトパス・バイオ,"BrightPath Biotherapeutics Co.,Ltd.",5,医薬品,3250,医薬品,-,0113,グロース
2025-02-05,45950,ミズホメディー,"MIZUHO MEDY CO.,LTD.",5,医薬品,3250,医薬品,-,0112,スタンダード
2025-02-05,45960,窪田製薬ホールディングス,"Kubota Pharmaceutical Holdings Co.,Ltd.",5,医薬品,3250,医薬品,-,0113,グロース
2025-02-05,45970,ソレイジア・ファーマ,Solasia Pharma K.K.,5,医薬品,3250,医薬品,-,0113,グロース
2025-02-05,45980,Ｄｅｌｔａ−Ｆｌｙ　Ｐｈａｒｍａ,"Delta-Fly Pharma,Inc.",5,医薬品,3250,医薬品,-,0113,グロース
2025-02-05,45990,ステムリム,StemRIM Inc.,5,医薬品,3250,医薬品,-,0113,グロース
2025-02-05,46110,大日本塗料,"Dai Nippon Toryo Company,Limited",4,素材・化学,3200,化学,TOPIX Small 2,0111,プライム
2025-02-05,46120,日本ペイントホールディングス,"NIPPON PAINT HOLDINGS CO.,LTD.",4,素材・化学,3200,化学,TOPIX Mid400,0111,プライム
2025-02-05,46130,関西ペイント,"KANSAI PAINT CO.,LTD.",4,素材・化学,3200,化学,TOPIX Mid400,0111,プライム
2025-02-05,46150,神東塗料,"SHINTO PAINT COMPANY,LIMITED",4,素材・化学,3200,化学,-,0112,スタンダード
2025-02-05,46160,川上塗料,"KAWAKAMI PAINT MANUFACTURING CO.,LTD.",4,素材・化学,3200,化学,-,0112,スタンダード
2025-02-05,46170,中国塗料,"Chugoku Marine Paints,Ltd.",4,素材・化学,3200,化学,TOPIX Small 1,0111,プライム
2025-02-05,46190,日本特殊塗料,"Nihon Tokushu Toryo Co.,Ltd.",4,素材・化学,3200,化学,-,0112,スタンダード
2025-02-05,46200,藤倉化成,"FUJIKURA KASEI CO.,LTD.",4,素材・化学,3200,化学,TOPIX Small 2,0112,スタンダード
2025-02-05,46230,アサヒペン,ASAHIPEN CORPORATION,4,素材・化学,3200,化学,-,0112,スタンダード
2025-02-05,46240,イサム塗料,"Isamu Paint Co.,Ltd.",4,素材・化学,3200,化学,-,0112,スタンダード
2025-02-05,46250,アトミクス,"ATOMIX CO.,LTD.",4,素材・化学,3200,化学,-,0112,スタンダード
2025-02-05,46260,太陽ホールディングス,"TAIYO HOLDINGS CO.,LTD.",4,素材・化学,3200,化学,TOPIX Small 1,0111,プライム
2025-02-05,46270,ナトコ,"NATOCO CO.,LTD.",4,素材・化学,3200,化学,-,0112,スタンダード
2025-02-05,46280,エスケー化研,"SK KAKEN CO.,LTD.",4,素材・化学,3200,化学,-,0112,スタンダード
2025-02-05,46290,大伸化学,"DAISHIN CHEMICAL CO.,LTD.",4,素材・化学,3200,化学,-,0112,スタンダード
2025-02-05,46310,ＤＩＣ,DIC Corporation,4,素材・化学,3200,化学,TOPIX Mid400,0111,プライム
2025-02-05,46330,サカタインクス,SAKATA INX CORPORATION,4,素材・化学,3200,化学,TOPIX Small 1,0111,プライム
2025-02-05,46340,ａｒｔｉｅｎｃｅ,"artience Co.,Ltd.",4,素材・化学,3200,化学,TOPIX Small 1,0111,プライム
2025-02-05,46350,東京インキ,"TOKYO PRINTING INK MFG.CO.,LTD.",4,素材・化学,3200,化学,-,0112,スタンダード
2025-02-05,46410,アルプス技研,Altech Corporation,10,情報通信・サービスその他,9050,サービス業,TOPIX Small 2,0111,プライム
2025-02-05,46420,オリジナル設計,"ORIGINAL ENGINEERING CONSULTANTS CO.,LTD.",10,情報通信・サービスその他,9050,サービス業,-,0112,スタンダード
2025-02-05,46440,イマジニア,"Imagineer Co.,Ltd.",10,情報通信・サービスその他,5250,情報･通信業,-,0112,スタンダード
2025-02-05,46450,市進ホールディングス,"ICHISHIN HOLDINGS CO.,LTD.",10,情報通信・サービスその他,9050,サービス業,-,0112,スタンダード
2025-02-05,46500,ＳＤエンターテイメント,"SD ENTERTAINMENT,Inc.",10,情報通信・サービスその他,9050,サービス業,-,0112,スタンダード
2025-02-05,46510,サニックス,SANIX INCORPORATED,10,情報通信・サービスその他,9050,サービス業,TOPIX Small 2,0112,スタンダード
2025-02-05,46570,環境管理センター,"ENVIRONMENTAL CONTROL CENTER CO.,LTD.",10,情報通信・サービスその他,9050,サービス業,-,0112,スタンダード
2025-02-05,46580,日本空調サービス,"Nippon Air Conditioning Services Co.,Ltd.",10,情報通信・サービスその他,9050,サービス業,TOPIX Small 2,0111,プライム
2025-02-05,46590,エイジス,"AJIS CO.,LTD.",10,情報通信・サービスその他,9050,サービス業,-,0112,スタンダード
2025-02-05,46610,オリエンタルランド,"ORIENTAL LAND CO.,LTD.",10,情報通信・サービスその他,9050,サービス業,TOPIX Large70,0111,プライム
2025-02-05,46620,フォーカスシステムズ,Focus Systems Corporation,10,情報通信・サービスその他,5250,情報･通信業,TOPIX Small 2,0111,プライム
2025-02-05,46640,アール・エス・シー,JAPAN RELIANCE SERVICE CORPORATION,10,情報通信・サービスその他,9050,サービス業,-,0112,スタンダード
2025-02-05,46650,ダスキン,"DUSKIN CO.,LTD.",10,情報通信・サービスその他,9050,サービス業,TOPIX Mid400,0111,プライム
2025-02-05,46660,パーク２４,"PARK24 Co.,Ltd.",17,不動産,8050,不動産業,TOPIX Mid400,0111,プライム
2025-02-05,46670,アイサンテクノロジー,"AISAN TECHNOLOGY CO.,LTD.",10,情報通信・サービスその他,5250,情報･通信業,-,0112,スタンダード
2025-02-05,46680,明光ネットワークジャパン,"MEIKO NETWORK JAPAN CO.,LTD.",10,情報通信・サービスその他,9050,サービス業,TOPIX Small 2,0111,プライム
2025-02-05,46710,ファルコホールディングス,"FALCO HOLDINGS Co.,Ltd.",10,情報通信・サービスその他,9050,サービス業,TOPIX Small 2,0112,スタンダード
2025-02-05,46730,川崎地質,"Kawasaki Geological Engineering Co.,Ltd.",10,情報通信・サービスその他,9050,サービス業,-,0112,スタンダード
2025-02-05,46740,クレスコ,CRESCO LTD.,10,情報通信・サービスその他,5250,情報･通信業,TOPIX Small 2,0111,プライム
2025-02-05,46760,フジ・メディア・ホールディングス,"FUJI MEDIA HOLDINGS,INC.",10,情報通信・サービスその他,5250,情報･通信業,TOPIX Mid400,0111,プライム
2025-02-05,46780,秀英予備校,"SHUEI YOBIKO Co.,Ltd.",10,情報通信・サービスその他,9050,サービス業,-,0112,スタンダード
2025-02-05,46790,田谷,"TAYA Co.,Ltd.",10,情報通信・サービスその他,9050,サービス業,-,0112,スタンダード
2025-02-05,46800,ラウンドワン,ROUND ONE Corporation,10,情報通信・サービスその他,9050,サービス業,TOPIX Small 1,0111,プライム
2025-02-05,46810,リゾートトラスト,"RESORTTRUST,INC.",10,情報通信・サービスその他,9050,サービス業,TOPIX Mid400,0111,プライム
2025-02-05,46840,オービック,"OBIC Co.,Ltd.",10,情報通信・サービスその他,5250,情報･通信業,TOPIX Mid400,0111,プライム
2025-02-05,46850,菱友システムズ,"Ryoyu Systems Co.,Ltd.",10,情報通信・サービスその他,5250,情報･通信業,-,0112,スタンダード
2025-02-05,46860,ジャストシステム,JUSTSYSTEMS CORPORATION,10,情報通信・サービスその他,5250,情報･通信業,TOPIX Small 1,0111,プライム
2025-02-05,46870,ＴＤＣソフト,TDC SOFT Inc.,10,情報通信・サービスその他,5250,情報･通信業,TOPIX Small 2,0111,プライム
2025-02-05,46890,ＬＩＮＥヤフー,LY Corporation,10,情報通信・サービスその他,5250,情報･通信業,TOPIX Large70,0111,プライム
2025-02-05,46900,日本パレットプール,"NIPPON PALLET POOL CO.,LTD.",10,情報通信・サービスその他,9050,サービス業,-,0112,スタンダード
2025-02-05,46910,ワシントンホテル,WASHINGTON HOTEL CORPORATION,10,情報通信・サービスその他,9050,サービス業,-,0112,スタンダード
2025-02-05,46940,ビー・エム・エル,"BML,INC.",10,情報通信・サービスその他,9050,サービス業,TOPIX Small 1,0111,プライム
2025-02-05,47040,トレンドマイクロ,Trend Micro Incorporated,10,情報通信・サービスその他,5250,情報･通信業,TOPIX Mid400,0111,プライム
2025-02-05,47050,クリップコーポレーション,CLIP Corporation,10,情報通信・サービスその他,9050,サービス業,-,0112,スタンダード
2025-02-05,47070,キタック,KITAC CORPORATION,10,情報通信・サービスその他,9050,サービス業,-,0112,スタンダード
2025-02-05,47090,ＩＤホールディングス,ID Holdings Corporation,10,情報通信・サービスその他,5250,情報･通信業,TOPIX Small 2,0111,プライム
2025-02-05,47120,ＫｅｙＨｏｌｄｅｒ,"KeyHolder,Inc.",10,情報通信・サービスその他,9050,サービス業,-,0112,スタンダード
2025-02-05,47140,リソー教育,"RISO KYOIKU CO.,LTD.",10,情報通信・サービスその他,9050,サービス業,TOPIX Small 2,0111,プライム
2025-02-05,47160,日本オラクル,ORACLE CORPORATION JAPAN,10,情報通信・サービスその他,5250,情報･通信業,TOPIX Mid400,0112,スタンダード
2025-02-05,47180,早稲田アカデミー,"WASEDA ACADEMY CO.,LTD.",10,情報通信・サービスその他,9050,サービス業,TOPIX Small 2,0111,プライム
2025-02-05,47190,アルファシステムズ,ALPHA SYSTEMS INC.,10,情報通信・サービスその他,5250,情報･通信業,TOPIX Small 2,0111,プライム
2025-02-05,47200,城南進学研究社,"JOHNAN ACADEMIC PREPARATORY INSTITUTE,INC.",10,情報通信・サービスその他,9050,サービス業,-,0112,スタンダード
2025-02-05,47220,フューチャー,Future Corporation,10,情報通信・サービスその他,5250,情報･通信業,TOPIX Small 1,0111,プライム
2025-02-05,47250,ＣＡＣ　Ｈｏｌｄｉｎｇｓ,CAC Holdings Corporation,10,情報通信・サービスその他,5250,情報･通信業,TOPIX Small 2,0111,プライム
2025-02-05,47280,トーセ,"TOSE CO.,LTD.",10,情報通信・サービスその他,5250,情報･通信業,-,0112,スタンダード
2025-02-05,47320,ユー・エス・エス,"USS Co.,Ltd.",10,情報通信・サービスその他,9050,サービス業,TOPIX Mid400,0111,プライム
2025-02-05,47330,オービックビジネスコンサルタント,"OBIC BUSINESS CONSULTANTS CO.,LTD.",10,情報通信・サービスその他,5250,情報･通信業,TOPIX Mid400,0111,プライム
2025-02-05,47350,京進,"KYOSHIN CO.,LTD.",10,情報通信・サービスその他,9050,サービス業,-,0112,スタンダード
2025-02-05,47360,日本ラッド,Nippon RAD Inc.,10,情報通信・サービスその他,5250,情報･通信業,-,0112,スタンダード
2025-02-05,47430,アイティフォー,ITFOR Inc.,10,情報通信・サービスその他,5250,情報･通信業,TOPIX Small 2,0111,プライム
2025-02-05,47450,東京個別指導学院,"Tokyo Individualized Educational Institute,INC.",10,情報通信・サービスその他,9050,サービス業,TOPIX Small 2,0112,スタンダード
2025-02-05,47460,東計電算,"Toukei Computer Co.,Ltd.",10,情報通信・サービスその他,5250,情報･通信業,TOPIX Small 2,0112,スタンダード
2025-02-05,47500,ダイサン,"DAISAN CO.,LTD.",10,情報通信・サービスその他,9050,サービス業,-,0112,スタンダード
2025-02-05,47510,サイバーエージェント,"CyberAgent,Inc.",10,情報通信・サービスその他,9050,サービス業,TOPIX Mid400,0111,プライム
2025-02-05,47520,昭和システムエンジニアリング,SHOWA SYSTEM ENGINEERING CORPORATION,10,情報通信・サービスその他,5250,情報･通信業,-,0112,スタンダード
2025-02-05,47540,トスネット,TOSNET CORPORATION,10,情報通信・サービスその他,9050,サービス業,-,0112,スタンダード
2025-02-05,47550,楽天グループ,"Rakuten Group,Inc.",10,情報通信・サービスその他,9050,サービス業,TOPIX Mid400,0111,プライム
2025-02-05,47600,アルファ,"ALPHA CO.,LTD.",10,情報通信・サービスその他,9050,サービス業,-,0112,スタンダード
2025-02-05,47610,さくらケーシーエス,SAKURA KCS Corporation,10,情報通信・サービスその他,5250,情報･通信業,-,0112,スタンダード
2025-02-05,47620,エックスネット,XNET Corporation,10,情報通信・サービスその他,5250,情報･通信業,-,0112,スタンダード
2025-02-05,47630,クリーク・アンド・リバー社,"CREEK & RIVER Co.,Ltd.",10,情報通信・サービスその他,9050,サービス業,TOPIX Small 2,0111,プライム
2025-02-05,47650,ＳＢＩグローバルアセットマネジメント,"SBI Global Asset Management Co.,Ltd.",10,情報通信・サービスその他,9050,サービス業,TOPIX Small 2,0111,プライム
2025-02-05,47660,ピーエイ,"PA Co.,Ltd.",10,情報通信・サービスその他,9050,サービス業,-,0112,スタンダード
2025-02-05,47670,テー・オー・ダブリュー,"TOW CO.,LTD.",10,情報通信・サービスその他,9050,サービス業,TOPIX Small 2,0112,スタンダード
2025-02-05,47680,大塚商会,OTSUKA CORPORATION,10,情報通信・サービスその他,5250,情報･通信業,TOPIX Mid400,0111,プライム
2025-02-05,47690,ＩＣ,"IC CO.,LTD.",10,情報通信・サービスその他,5250,情報･通信業,-,0112,スタンダード
2025-02-05,47710,エフアンドエム,"F&M CO.,LTD.",10,情報通信・サービスその他,9050,サービス業,-,0112,スタンダード
2025-02-05,47720,ストリームメディアコーポレーション,Stream Media Corporation,10,情報通信・サービスその他,5250,情報･通信業,-,0113,グロース
2025-02-05,47760,サイボウズ,"Cybozu,Inc.",10,情報通信・サービスその他,5250,情報･通信業,TOPIX Small 1,0111,プライム
2025-02-05,47770,ガーラ,GALA INCORPORATED,10,情報通信・サービスその他,5250,情報･通信業,-,0112,スタンダード
2025-02-05,47830,ＮＣＤ,"NCD Co.,Ltd.",10,情報通信・サービスその他,5250,情報･通信業,-,0112,スタンダード
2025-02-05,47840,ＧＭＯインターネット,"GMO internet,Inc.",10,情報通信・サービスその他,9050,サービス業,-,0111,プライム
2025-02-05,47920,山田コンサルティンググループ,"YAMADA Consulting Group Co.,Ltd.",10,情報通信・サービスその他,9050,サービス業,TOPIX Small 2,0111,プライム
2025-02-05,48000,オリコン,Oricon Inc.,10,情報通信・サービスその他,5250,情報･通信業,-,0112,スタンダード
2025-02-05,48010,セントラルスポーツ,"CENTRAL SPORTS CO.,LTD.",10,情報通信・サービスその他,9050,サービス業,TOPIX Small 2,0111,プライム
2025-02-05,48090,パラカ,Paraca Inc.,17,不動産,8050,不動産業,TOPIX Small 2,0111,プライム
2025-02-05,48110,ドリーム・アーツ,DreamArts Corporation,10,情報通信・サービスその他,5250,情報･通信業,-,0113,グロース
2025-02-05,48120,電通総研,DENTSU SOKEN INC.,10,情報通信・サービスその他,5250,情報･通信業,TOPIX Small 1,0111,プライム
2025-02-05,48130,ＡＣＣＥＳＳ,"ACCESS CO.,LTD.",10,情報通信・サービスその他,5250,情報･通信業,TOPIX Small 2,0111,プライム
2025-02-05,48140,ネクストウェア,Nextware Ltd.,10,情報通信・サービスその他,5250,情報･通信業,-,0112,スタンダード
2025-02-05,48160,東映アニメーション,"TOEI ANIMATION CO.,LTD.",10,情報通信・サービスその他,5250,情報･通信業,-,0112,スタンダード
2025-02-05,48190,デジタルガレージ,"Digital Garage,Inc.",10,情報通信・サービスその他,5250,情報･通信業,TOPIX Small 1,0111,プライム
2025-02-05,48200,イーエムシステムズ,"EM SYSTEMS CO.,LTD.",10,情報通信・サービスその他,5250,情報･通信業,TOPIX Small 2,0111,プライム
2025-02-05,48250,ウェザーニューズ,WEATHERNEWS INC.,10,情報通信・サービスその他,5250,情報･通信業,TOPIX Small 1,0111,プライム
2025-02-05,48260,ＣＩＪ,"Computer Institute of Japan, Ltd.",10,情報通信・サービスその他,5250,情報･通信業,TOPIX Small 2,0111,プライム
2025-02-05,48280,ビジネスエンジニアリング,Business Engineering Corporation,10,情報通信・サービスその他,5250,情報･通信業,TOPIX Small 2,0111,プライム
2025-02-05,48290,日本エンタープライズ,"Nihon Enterprise Co.,Ltd.",10,情報通信・サービスその他,5250,情報･通信業,-,0112,スタンダード
2025-02-05,48320,ＪＦＥシステムズ,"JFE Systems, Inc.",10,情報通信・サービスその他,5250,情報･通信業,-,0112,スタンダード
2025-02-05,48330,Ｄｅｆ　ｃｏｎｓｕｌｔｉｎｇ,"Def consulting,inc.",10,情報通信・サービスその他,9050,サービス業,-,0113,グロース
2025-02-05,48380,スペースシャワーＳＫＩＹＡＫＩホールディングス,SPACE SHOWER SKIYAKI HOLDINGS INC.,10,情報通信・サービスその他,5250,情報･通信業,-,0112,スタンダード
2025-02-05,48390,ＷＯＷＯＷ,WOWOW INC.,10,情報通信・サービスその他,5250,情報･通信業,TOPIX Small 2,0111,プライム
2025-02-05,48400,トライアイズ,TriIs Incorporated,10,情報通信・サービスその他,9050,サービス業,-,0113,グロース
2025-02-05,48450,スカラ,"Scala,Inc.",10,情報通信・サービスその他,5250,情報･通信業,TOPIX Small 2,0111,プライム
2025-02-05,48470,インテリジェント　ウェイブ,INTELLIGENT WAVE INC.,10,情報通信・サービスその他,5250,情報･通信業,-,0111,プライム
2025-02-05,48480,フルキャストホールディングス,"FULLCAST HOLDINGS CO.,LTD.",10,情報通信・サービスその他,9050,サービス業,TOPIX Small 2,0111,プライム
2025-02-05,48490,エン・ジャパン,en Japan Inc.,10,情報通信・サービスその他,9050,サービス業,TOPIX Small 1,0111,プライム
2025-02-05,48750,メディシノバ・インク,"MediciNova,Inc.",5,医薬品,3250,医薬品,-,0112,スタンダード
2025-02-05,48800,セルソース,"CellSource Co.,Ltd.",5,医薬品,3250,医薬品,TOPIX Small 2,0111,プライム
2025-02-05,48810,ファンペップ,FunPep Company Limited,5,医薬品,3250,医薬品,-,0113,グロース
2025-02-05,48820,ペルセウスプロテオミクス,Perseus Proteomics Inc.,5,医薬品,3250,医薬品,-,0113,グロース
2025-02-05,48830,モダリス,Modalis Therapeutics Corporation,5,医薬品,3250,医薬品,-,0113,グロース
2025-02-05,48840,クリングルファーマ,"Kringle Pharma,Inc.",5,医薬品,3250,医薬品,-,0113,グロース
2025-02-05,48850,室町ケミカル,MUROMACHI CHEMICALS INC.,5,医薬品,3250,医薬品,-,0112,スタンダード
2025-02-05,48860,あすか製薬ホールディングス,"ASKA Pharmaceutical Holdings Co.,Ltd.",5,医薬品,3250,医薬品,TOPIX Small 2,0111,プライム
2025-02-05,48870,サワイグループホールディングス,"SAWAI GROUP HOLDINGS Co.,Ltd.",5,医薬品,3250,医薬品,TOPIX Mid400,0111,プライム
2025-02-05,48880,ステラファーマ,STELLA PHARMA CORPORATION,5,医薬品,3250,医薬品,-,0113,グロース
2025-02-05,48890,レナサイエンス,Renascience Inc.,5,医薬品,3250,医薬品,-,0113,グロース
2025-02-05,48900,坪田ラボ,Tsubota Laboratory Incorporated,5,医薬品,3250,医薬品,-,0113,グロース
2025-02-05,48910,ティムス,"TMS Co.,Ltd.",5,医薬品,3250,医薬品,-,0113,グロース
2025-02-05,48920,サイフューズ,Cyfuse Biomedical K.K.,5,医薬品,3250,医薬品,-,0113,グロース
2025-02-05,48930,ノイルイミューン・バイオテック,Noile-Immune Biotech Inc.,5,医薬品,3250,医薬品,-,0113,グロース
2025-02-05,48940,クオリプス,Cuorips Inc.,5,医薬品,3250,医薬品,-,0113,グロース
2025-02-05,48960,ケイファーマ,"K Pharma,Inc.",5,医薬品,3250,医薬品,-,0113,グロース
2025-02-05,49010,富士フイルムホールディングス,FUJIFILM Holdings Corporation,4,素材・化学,3200,化学,TOPIX Large70,0111,プライム
2025-02-05,49020,コニカミノルタ,"KONICA MINOLTA,INC.",9,電機・精密,3650,電気機器,TOPIX Mid400,0111,プライム
2025-02-05,49110,資生堂,"Shiseido Company,Limited",4,素材・化学,3200,化学,TOPIX Large70,0111,プライム
2025-02-05,49120,ライオン,Lion Corporation,4,素材・化学,3200,化学,TOPIX Mid400,0111,プライム
2025-02-05,49140,高砂香料工業,TAKASAGO INTERNATIONAL CORPORATION,4,素材・化学,3200,化学,TOPIX Small 2,0111,プライム
2025-02-05,49170,マンダム,MANDOM CORPORATION,4,素材・化学,3200,化学,TOPIX Small 1,0111,プライム
2025-02-05,49180,アイビー化粧品,IVY COSMETICS CORPORATION,4,素材・化学,3200,化学,-,0112,スタンダード
2025-02-05,49190,ミルボン,"Milbon Co.,Ltd.",4,素材・化学,3200,化学,TOPIX Small 1,0111,プライム
2025-02-05,49200,日本色材工業研究所,"Nippon Shikizai,Inc.",4,素材・化学,3200,化学,-,0112,スタンダード
2025-02-05,49220,コーセー,KOSE Corporation,4,素材・化学,3200,化学,TOPIX Mid400,0111,プライム
2025-02-05,49230,コタ,"COTA CO.,LTD.",4,素材・化学,3200,化学,TOPIX Small 2,0111,プライム
2025-02-05,49250,ハーバー研究所,"HABA LABORATORIES,INC.",4,素材・化学,3200,化学,-,0112,スタンダード
2025-02-05,49260,シーボン,"C'BON COSMETICS Co.,Ltd.",4,素材・化学,3200,化学,-,0112,スタンダード
2025-02-05,49270,ポーラ・オルビスホールディングス,POLA ORBIS HOLDINGS INC.,4,素材・化学,3200,化学,TOPIX Mid400,0111,プライム
2025-02-05,49280,ノエビアホールディングス,"Noevir Holdings Co.,Ltd.",4,素材・化学,3200,化学,TOPIX Small 1,0111,プライム
2025-02-05,49290,アジュバンホールディングス,"ADJUVANT HOLDINGS CO.,LTD.",4,素材・化学,3200,化学,-,0112,スタンダード
2025-02-05,49310,新日本製薬,"Shinnihonseiyaku Co.,Ltd.",4,素材・化学,3200,化学,TOPIX Small 2,0111,プライム
2025-02-05,49320,アルマード,"ALMADO,INC.",4,素材・化学,3200,化学,-,0112,スタンダード
2025-02-05,49330,Ｉ−ｎｅ,"I-ne CO.,LTD.",4,素材・化学,3200,化学,TOPIX Small 2,0111,プライム
2025-02-05,49340,プレミアアンチエイジング,"Premier Anti-Aging Co.,Ltd.",4,素材・化学,3200,化学,-,0113,グロース
2025-02-05,49350,リベルタ,"LIBERTA CO.,LTD.",4,素材・化学,3200,化学,-,0112,スタンダード
2025-02-05,49360,アクシージア,AXXZIA Inc.,4,素材・化学,3200,化学,TOPIX Small 2,0111,プライム
2025-02-05,49370,Ｗａｑｏｏ,Waqoo Inc.,4,素材・化学,3200,化学,-,0113,グロース
2025-02-05,49510,エステー,S.T.CORPORATION,4,素材・化学,3200,化学,TOPIX Small 2,0111,プライム
2025-02-05,49560,コニシ,"KONISHI CO.,LTD.",4,素材・化学,3200,化学,TOPIX Small 2,0111,プライム
2025-02-05,49570,ヤスハラケミカル,"YASUHARA CHEMICAL CO.,LTD.",4,素材・化学,3200,化学,-,0112,スタンダード
2025-02-05,49580,長谷川香料,"T.HASEGAWA CO.,LTD.",4,素材・化学,3200,化学,TOPIX Small 1,0111,プライム
2025-02-05,49600,ケミプロ化成,"CHEMIPRO KASEI KAISHA,LTD.",4,素材・化学,3200,化学,-,0112,スタンダード
2025-02-05,49660,上村工業,"C.Uyemura & Co.,Ltd.",4,素材・化学,3200,化学,-,0112,スタンダード
2025-02-05,49670,小林製薬,"KOBAYASHI PHARMACEUTICAL CO.,LTD.",4,素材・化学,3200,化学,TOPIX Mid400,0111,プライム
2025-02-05,49680,荒川化学工業,"ARAKAWA CHEMICAL INDUSTRIES,LTD.",4,素材・化学,3200,化学,TOPIX Small 2,0111,プライム
2025-02-05,49700,東洋合成工業,"Toyo Gosei Co.,Ltd.",4,素材・化学,3200,化学,-,0112,スタンダード
2025-02-05,49710,メック,MEC COMPANY LTD.,4,素材・化学,3200,化学,TOPIX Small 1,0111,プライム
2025-02-05,49720,綜研化学,"Soken Chemical & Engineering Co.,Ltd.",4,素材・化学,3200,化学,-,0112,スタンダード
2025-02-05,49730,日本高純度化学,"JAPAN PURE CHEMICAL CO.,LTD.",4,素材・化学,3200,化学,TOPIX Small 2,0111,プライム
2025-02-05,49740,タカラバイオ,TAKARA BIO INC.,4,素材・化学,3200,化学,TOPIX Small 1,0111,プライム
2025-02-05,49750,ＪＣＵ,JCU CORPORATION,4,素材・化学,3200,化学,TOPIX Small 1,0111,プライム
2025-02-05,49760,東洋ドライルーブ,"TOYO DRILUBE CO.,LTD.",4,素材・化学,3200,化学,-,0112,スタンダード
2025-02-05,49770,新田ゼラチン,Nitta Gelatin Inc.,4,素材・化学,3200,化学,-,0112,スタンダード
2025-02-05,49780,リプロセル,ReproCELL Incorporated,4,素材・化学,3200,化学,-,0113,グロース
2025-02-05,49790,ＯＡＴアグリオ,"OAT Agrio Co.,Ltd.",4,素材・化学,3200,化学,TOPIX Small 2,0112,スタンダード
2025-02-05,49800,デクセリアルズ,Dexerials Corporation,4,素材・化学,3200,化学,TOPIX Mid400,0111,プライム
2025-02-05,49850,アース製薬,Earth Corporation,4,素材・化学,3200,化学,TOPIX Small 1,0111,プライム
2025-02-05,49900,昭和化学工業,"Showa Chemical Industry Co.,Ltd.",4,素材・化学,3200,化学,-,0112,スタンダード
2025-02-05,49920,北興化学工業,"HOKKO CHEMICAL INDUSTRY CO.,LTD.",4,素材・化学,3200,化学,TOPIX Small 2,0112,スタンダード
2025-02-05,49940,大成ラミック,"Taisei Lamick Co.,Ltd.",4,素材・化学,3200,化学,TOPIX Small 2,0112,スタンダード
2025-02-05,49960,クミアイ化学工業,"KUMIAI CHEMICAL INDUSTRY CO.,LTD.",4,素材・化学,3200,化学,TOPIX Small 1,0111,プライム
2025-02-05,49970,日本農薬,"NIHON NOHYAKU CO.,LTD.",4,素材・化学,3200,化学,TOPIX Small 2,0111,プライム
2025-02-05,49980,フマキラー,FUMAKILLA LIMITED,4,素材・化学,3200,化学,-,0112,スタンダード
2025-02-05,50090,富士興産,"FUJI KOSAN COMPANY,LTD.",13,商社・卸売,6050,卸売業,-,0112,スタンダード
2025-02-05,50100,日本精蝋,"NIPPON SEIRO CO.,LTD.",2,エネルギー資源,3300,石油･石炭製品,-,0112,スタンダード
2025-02-05,50110,ニチレキグループ,"NICHIREKI GROUP CO.,LTD.",2,エネルギー資源,3300,石油･石炭製品,TOPIX Small 2,0111,プライム
2025-02-05,50130,ユシロ化学工業,"Yushiro Chemical Industry Co.,Ltd.",2,エネルギー資源,3300,石油･石炭製品,TOPIX Small 2,0112,スタンダード
2025-02-05,50150,ビーピー・カストロール,BP Castrol K.K.,2,エネルギー資源,3300,石油･石炭製品,-,0112,スタンダード
2025-02-05,50170,富士石油,"Fuji Oil Company,Ltd.",2,エネルギー資源,3300,石油･石炭製品,TOPIX Small 2,0111,プライム
2025-02-05,50180,ＭＯＲＥＳＣＯ,MORESCO Corporation,2,エネルギー資源,3300,石油･石炭製品,-,0112,スタンダード
2025-02-05,50190,出光興産,"Idemitsu Kosan Co.,Ltd.",2,エネルギー資源,3300,石油･石炭製品,TOPIX Mid400,0111,プライム
2025-02-05,50200,ＥＮＥＯＳホールディングス,"ENEOS Holdings,Inc.",2,エネルギー資源,3300,石油･石炭製品,TOPIX Large70,0111,プライム
2025-02-05,50210,コスモエネルギーホールディングス,"COSMO ENERGY HOLDINGS COMPANY,LIMITED",2,エネルギー資源,3300,石油･石炭製品,TOPIX Mid400,0111,プライム
2025-02-05,50220,レボインターナショナル,REVO International Inc.,2,エネルギー資源,3300,石油･石炭製品,-,0105,TOKYO PRO MARKET
2025-02-05,50250,マーキュリー,MERCURY Inc.,10,情報通信・サービスその他,5250,情報･通信業,-,0113,グロース
2025-02-05,50260,トリプルアイズ,"TRIPLEIZE CO.,LTD.",10,情報通信・サービスその他,5250,情報･通信業,-,0113,グロース
2025-02-05,50270,ＡｎｙＭｉｎｄ　Ｇｒｏｕｐ,AnyMind Group Inc.,10,情報通信・サービスその他,5250,情報･通信業,-,0113,グロース
2025-02-05,50280,セカンドサイトアナリティカ,"SecondXight Analytica,Inc.",10,情報通信・サービスその他,5250,情報･通信業,-,0113,グロース
2025-02-05,50290,サークレイス,circlace Inc,10,情報通信・サービスその他,5250,情報･通信業,-,0113,グロース
2025-02-05,50310,モイ,Moi Corporation,10,情報通信・サービスその他,5250,情報･通信業,-,0113,グロース
2025-02-05,50320,ＡＮＹＣＯＬＯＲ,ANYCOLOR Inc.,10,情報通信・サービスその他,5250,情報･通信業,TOPIX Small 1,0111,プライム
2025-02-05,50330,ヌーラボ,Nulab Inc.,10,情報通信・サービスその他,5250,情報･通信業,-,0113,グロース
2025-02-05,50340,ｕｎｅｒｒｙ,"unerry,Inc.",10,情報通信・サービスその他,5250,情報･通信業,-,0113,グロース
2025-02-05,50350,ＨＯＵＳＥＩ,HOUSEI Inc.,10,情報通信・サービスその他,5250,情報･通信業,-,0113,グロース
2025-02-05,50360,日本ビジネスシステムズ,"Japan Business Systems,Inc.",10,情報通信・サービスその他,5250,情報･通信業,-,0112,スタンダード
2025-02-05,50370,フィットワークス,"Fitworks Co.,Ltd.",10,情報通信・サービスその他,5250,情報･通信業,-,0105,TOKYO PRO MARKET
2025-02-05,50380,ｅＷｅＬＬ,"eWeLL Co.,Ltd.",10,情報通信・サービスその他,5250,情報･通信業,-,0113,グロース
2025-02-05,50700,ドラフト,DRAFT Inc.,3,建設・資材,2050,建設業,-,0113,グロース
2025-02-05,50710,ヴィス,VIS co.ltd.,3,建設・資材,2050,建設業,-,0112,スタンダード
2025-02-05,50720,アートフォースジャパン,"ART FORCE JAPAN Co.,Ltd.",3,建設・資材,2050,建設業,-,0105,TOKYO PRO MARKET
2025-02-05,50740,テスホールディングス,"TESS Holdings Co.,Ltd.",3,建設・資材,2050,建設業,TOPIX Small 2,0111,プライム
2025-02-05,50760,インフロニア・ホールディングス,INFRONEER Holdings Inc.,3,建設・資材,2050,建設業,TOPIX Mid400,0111,プライム
2025-02-05,50765,インフロニア・ホールディングス（優先株式）,INFRONEER Holdings Inc. (shares of preferred stock),3,建設・資材,2050,建設業,-,0111,プライム
2025-02-05,50770,ハンズ,"Hands Co.,Ltd.",3,建設・資材,2050,建設業,-,0105,TOKYO PRO MARKET
2025-02-05,50780,セレコーポレーション,CEL Corporation,3,建設・資材,2050,建設業,-,0112,スタンダード
2025-02-05,50790,ノバック,"NOVAC CO.,LTD.",3,建設・資材,2050,建設業,-,0112,スタンダード
2025-02-05,51010,横浜ゴム,"The Yokohama Rubber Company,Limited",6,自動車・輸送機,3350,ゴム製品,TOPIX Mid400,0111,プライム
2025-02-05,51030,昭和ホールディングス,"Showa Holdings Co.,Ltd.",6,自動車・輸送機,3350,ゴム製品,-,0112,スタンダード
2025-02-05,51050,ＴＯＹＯ　ＴＩＲＥ,Toyo Tire Corporation,6,自動車・輸送機,3350,ゴム製品,TOPIX Mid400,0111,プライム
2025-02-05,51080,ブリヂストン,BRIDGESTONE CORPORATION,6,自動車・輸送機,3350,ゴム製品,TOPIX Large70,0111,プライム
2025-02-05,51100,住友ゴム工業,"Sumitomo Rubber Industries,Ltd.",6,自動車・輸送機,3350,ゴム製品,TOPIX Mid400,0111,プライム
2025-02-05,51210,藤倉コンポジット,FUJIKURA COMPOSITES Inc.,6,自動車・輸送機,3350,ゴム製品,TOPIX Small 2,0111,プライム
2025-02-05,51220,オカモト,"OKAMOTO INDUSTRIES,INC.",6,自動車・輸送機,3350,ゴム製品,TOPIX Small 2,0111,プライム
2025-02-05,51250,ファインズ,Fines inc.,10,情報通信・サービスその他,5250,情報･通信業,-,0113,グロース
2025-02-05,51260,ポーターズ,PORTERS CORPORATION,10,情報通信・サービスその他,5250,情報･通信業,-,0113,グロース
2025-02-05,51290,ＦＩＸＥＲ,FIXER Inc.,10,情報通信・サービスその他,5250,情報･通信業,-,0113,グロース
2025-02-05,51300,ヒロホールディングス,"HiroHoldings Co.,ltd.",10,情報通信・サービスその他,5250,情報･通信業,-,0105,TOKYO PRO MARKET
2025-02-05,51310,リンカーズ,Linkers Corporation,10,情報通信・サービスその他,5250,情報･通信業,-,0113,グロース
2025-02-05,51320,ｐｌｕｓｚｅｒｏ,"pluszero,Inc.",10,情報通信・サービスその他,5250,情報･通信業,-,0113,グロース
2025-02-05,51330,テリロジーホールディングス,Terilogy Holdings Corporation,10,情報通信・サービスその他,5250,情報･通信業,-,0112,スタンダード
2025-02-05,51340,ＰＯＰＥＲ,"POPER Co.,Ltd.",10,情報通信・サービスその他,5250,情報･通信業,-,0113,グロース
2025-02-05,51350,ＡＩＲ−Ｕ,AIR-U LTD.,10,情報通信・サービスその他,5250,情報･通信業,-,0105,TOKYO PRO MARKET
2025-02-05,51360,ｔｒｉｐｌａ,"tripla Co.,Ltd.",10,情報通信・サービスその他,5250,情報･通信業,-,0113,グロース
2025-02-05,51370,スマートドライブ,SmartDrive inc.,10,情報通信・サービスその他,5250,情報･通信業,-,0113,グロース
2025-02-05,51380,Ｒｅｂａｓｅ,"Rebase,Inc.",10,情報通信・サービスその他,5250,情報･通信業,-,0113,グロース
2025-02-05,51390,オープンワーク,OpenWork Inc.,10,情報通信・サービスその他,5250,情報･通信業,-,0113,グロース
2025-02-05,51420,アキレス,Achilles Corporation,4,素材・化学,3200,化学,TOPIX Small 2,0111,プライム
2025-02-05,51610,西川ゴム工業,"NISHIKAWA RUBBER CO.,LTD.",6,自動車・輸送機,3350,ゴム製品,-,0112,スタンダード
2025-02-05,51620,朝日ラバー,ASAHI RUBBER INC.,6,自動車・輸送機,3350,ゴム製品,-,0112,スタンダード
2025-02-05,51840,ニチリン,"NICHIRIN CO.,LTD.",6,自動車・輸送機,3350,ゴム製品,-,0112,スタンダード
2025-02-05,51850,フコク,"Fukoku Co.,Ltd.",6,自動車・輸送機,3350,ゴム製品,TOPIX Small 2,0111,プライム
2025-02-05,51860,ニッタ,Nitta Corporation,6,自動車・輸送機,3350,ゴム製品,TOPIX Small 2,0111,プライム
2025-02-05,51870,クリエートメディック,"CREATE MEDIC CO.,LTD.",9,電機・精密,3750,精密機器,-,0112,スタンダード
2025-02-05,51890,櫻護謨,"SAKURA RUBBER CO.,LTD.",6,自動車・輸送機,3350,ゴム製品,-,0112,スタンダード
2025-02-05,51910,住友理工,Sumitomo Riko Company Limited,6,自動車・輸送機,3350,ゴム製品,TOPIX Small 1,0111,プライム
2025-02-05,51920,三ツ星ベルト,Mitsuboshi Belting Ltd.,6,自動車・輸送機,3350,ゴム製品,TOPIX Small 1,0111,プライム
2025-02-05,51940,相模ゴム工業,"SAGAMI RUBBER INDUSTRIES CO.,LTD.",6,自動車・輸送機,3350,ゴム製品,-,0112,スタンダード
2025-02-05,51950,バンドー化学,"Bando Chemical Industries,Ltd.",6,自動車・輸送機,3350,ゴム製品,TOPIX Small 2,0111,プライム
2025-02-05,51990,不二ラテックス,"FUJI LATEX CO.,LTD.",6,自動車・輸送機,3350,ゴム製品,-,0112,スタンダード
2025-02-05,52010,ＡＧＣ,AGC Inc.,3,建設・資材,3400,ガラス･土石製品,TOPIX Mid400,0111,プライム
2025-02-05,52020,日本板硝子,"Nippon Sheet Glass Company,Limited",3,建設・資材,3400,ガラス･土石製品,TOPIX Small 1,0111,プライム
2025-02-05,52040,石塚硝子,"ISHIZUKA GLASS CO.,LTD.",3,建設・資材,3400,ガラス･土石製品,-,0112,スタンダード
2025-02-05,52080,有沢製作所,"Arisawa Mfg.Co.,Ltd.",4,素材・化学,3200,化学,TOPIX Small 1,0111,プライム
2025-02-05,52100,日本山村硝子,"Nihon Yamamura Glass Co.,Ltd.",3,建設・資材,3400,ガラス･土石製品,-,0112,スタンダード
2025-02-05,52140,日本電気硝子,"Nippon Electric Glass Co.,Ltd.",3,建設・資材,3400,ガラス･土石製品,TOPIX Mid400,0111,プライム
2025-02-05,52160,倉元製作所,"KURAMOTO CO.,LTD.",3,建設・資材,3400,ガラス･土石製品,-,0112,スタンダード
2025-02-05,52180,オハラ,OHARA INC.,3,建設・資材,3400,ガラス･土石製品,TOPIX Small 2,0112,スタンダード
2025-02-05,52320,住友大阪セメント,"Sumitomo Osaka Cement Co.,Ltd.",3,建設・資材,3400,ガラス･土石製品,TOPIX Mid400,0111,プライム
2025-02-05,52330,太平洋セメント,TAIHEIYO CEMENT CORPORATION,3,建設・資材,3400,ガラス･土石製品,TOPIX Mid400,0111,プライム
2025-02-05,52370,ノザワ,NOZAWA CORPORATION,3,建設・資材,3400,ガラス･土石製品,-,0112,スタンダード
2025-02-05,52400,ｍｏｎｏＡＩ　ｔｅｃｈｎｏｌｏｇｙ,"monoAI technology Co.,Ltd.",10,情報通信・サービスその他,5250,情報･通信業,-,0113,グロース
2025-02-05,52420,アイズ,"EYEZ,INC.",10,情報通信・サービスその他,5250,情報･通信業,-,0113,グロース
2025-02-05,52430,ｎｏｔｅ,note inc.,10,情報通信・サービスその他,5250,情報･通信業,-,0113,グロース
2025-02-05,52440,ｊｉｇ．ｊｐ,"jig.jp co.,ltd.",10,情報通信・サービスその他,5250,情報･通信業,-,0113,グロース
2025-02-05,52460,ＥＬＥＭＥＮＴＳ,"ELEMENTS,Inc.",10,情報通信・サービスその他,5250,情報･通信業,-,0113,グロース
2025-02-05,52470,ＢＴＭ,"BTM,Inc.",10,情報通信・サービスその他,5250,情報･通信業,-,0113,グロース
2025-02-05,52480,テクノロジーズ,"TECHNOLOGIES,Inc.",10,情報通信・サービスその他,5250,情報･通信業,-,0113,グロース
2025-02-05,52490,あさかわシステムズ,"Asakawa Systems Co.,Ltd.",10,情報通信・サービスその他,5250,情報･通信業,-,0105,TOKYO PRO MARKET
2025-02-05,52500,プライム・ストラテジー,"PRIME STRATEGY CO.,LTD.",10,情報通信・サービスその他,5250,情報･通信業,-,0112,スタンダード
2025-02-05,52510,ウイズ・ワン,"WISS1 Co.,Ltd.",10,情報通信・サービスその他,5250,情報･通信業,-,0105,TOKYO PRO MARKET
2025-02-05,52520,日本ナレッジ,"Nihon Knowledge Co,Ltd.",10,情報通信・サービスその他,5250,情報･通信業,-,0113,グロース
2025-02-05,52530,カバー,COVER Corporation,10,情報通信・サービスその他,5250,情報･通信業,-,0113,グロース
2025-02-05,52540,Ａｒｅｎｔ,Arent Inc.,10,情報通信・サービスその他,5250,情報･通信業,-,0113,グロース
2025-02-05,52550,モンスターラボホールディングス,Monstarlab Holdings Inc.,10,情報通信・サービスその他,5250,情報･通信業,-,0113,グロース
2025-02-05,52560,Ｆｕｓｉｃ,"Fusic Co.,Ltd.",10,情報通信・サービスその他,5250,情報･通信業,-,0113,グロース
2025-02-05,52570,ノバシステム,"NOVA SYSTEM CO.,LTD.",10,情報通信・サービスその他,5250,情報･通信業,-,0112,スタンダード
2025-02-05,52580,トランザクション・メディア・ネットワークス,Transaction Media Networks Inc.,10,情報通信・サービスその他,5250,情報･通信業,-,0113,グロース
2025-02-05,52590,ＢＢＤイニシアティブ,BBD Initiative Inc.,10,情報通信・サービスその他,5250,情報･通信業,-,0113,グロース
2025-02-05,52610,リソルホールディングス,"RESOL HOLDINGS Co.,Ltd.",10,情報通信・サービスその他,9050,サービス業,-,0111,プライム
2025-02-05,52620,日本ヒューム,Nippon Hume Corporation,3,建設・資材,3400,ガラス･土石製品,TOPIX Small 2,0111,プライム
2025-02-05,52680,旭コンクリート工業,"ASAHI CONCRETE WORKS CO.,LTD.",3,建設・資材,3400,ガラス･土石製品,-,0112,スタンダード
2025-02-05,52690,日本コンクリート工業,"NIPPON CONCRETE INDUSTRIES CO.,LTD.",3,建設・資材,3400,ガラス･土石製品,TOPIX Small 2,0111,プライム
2025-02-05,52710,トーヨーアサノ,"TOYO ASANO FOUNDATION CO.,LTD.",3,建設・資材,3400,ガラス･土石製品,-,0112,スタンダード
2025-02-05,52730,三谷セキサン,"MITANI SEKISAN CO.,LTD.",3,建設・資材,3400,ガラス･土石製品,TOPIX Small 2,0112,スタンダード
2025-02-05,52770,スパンクリートコーポレーション,SPANCRETE CORPORATION,3,建設・資材,3400,ガラス･土石製品,-,0112,スタンダード
2025-02-05,52790,日本興業,"NIHON KOGYO CO.,LTD.",3,建設・資材,3400,ガラス･土石製品,-,0112,スタンダード
2025-02-05,52800,ヨシコン,"Yoshicon Co.,Ltd.",17,不動産,8050,不動産業,-,0112,スタンダード
2025-02-05,52820,ジオスター,GEOSTR Corporation,3,建設・資材,3400,ガラス･土石製品,-,0112,スタンダード
2025-02-05,52830,高見澤,"TAKAMISAWA CO.,LTD.",13,商社・卸売,6050,卸売業,-,0112,スタンダード
2025-02-05,52840,ヤマウホールディングス,"YAMAU HOLDINGS CO.,LTD.",3,建設・資材,3400,ガラス･土石製品,-,0112,スタンダード
2025-02-05,52850,ヤマックス,YAMAX Corp.,3,建設・資材,3400,ガラス･土石製品,-,0112,スタンダード
2025-02-05,52870,イトーヨーギョー,"ITO YOGYO CO.,LTD.",3,建設・資材,3400,ガラス･土石製品,-,0112,スタンダード
2025-02-05,52880,アジアパイルホールディングス,ASIA PILE HOLDINGS CORPORATION,3,建設・資材,3400,ガラス･土石製品,TOPIX Small 2,0111,プライム
2025-02-05,52900,ベルテクスコーポレーション,Vertex Corporation,3,建設・資材,3400,ガラス･土石製品,-,0112,スタンダード
2025-02-05,53010,東海カーボン,"TOKAI CARBON CO.,LTD.",3,建設・資材,3400,ガラス･土石製品,TOPIX Mid400,0111,プライム
2025-02-05,53020,日本カーボン,"Nippon Carbon Co.,Ltd.",3,建設・資材,3400,ガラス･土石製品,TOPIX Small 1,0111,プライム
2025-02-05,53040,ＳＥＣカーボン,"SEC CARBON,LIMITED",3,建設・資材,3400,ガラス･土石製品,-,0112,スタンダード
2025-02-05,53100,東洋炭素,"TOYO TANSO CO.,LTD.",3,建設・資材,3400,ガラス･土石製品,TOPIX Small 1,0111,プライム
2025-02-05,53310,ノリタケ,"NORITAKE CO.,LIMITED",3,建設・資材,3400,ガラス･土石製品,TOPIX Small 1,0111,プライム
2025-02-05,53320,ＴＯＴＯ,TOTO LTD.,3,建設・資材,3400,ガラス･土石製品,TOPIX Mid400,0111,プライム
2025-02-05,53330,日本碍子,"NGK INSULATORS,LTD.",3,建設・資材,3400,ガラス･土石製品,TOPIX Mid400,0111,プライム
2025-02-05,53340,日本特殊陶業,"Niterra Co.,Ltd.",3,建設・資材,3400,ガラス･土石製品,TOPIX Mid400,0111,プライム
2025-02-05,53370,ダントーホールディングス,DANTO HOLDINGS CORPORATION,3,建設・資材,3400,ガラス･土石製品,-,0112,スタンダード
2025-02-05,53410,ＡＳＡＨＩ　ＥＩＴＯホールディングス,"ASAHI EITO HOLDINGS CO.,LTD.",3,建設・資材,3400,ガラス･土石製品,-,0112,スタンダード
2025-02-05,53440,ＭＡＲＵＷＡ,"MARUWA CO.,LTD.",3,建設・資材,3400,ガラス･土石製品,TOPIX Mid400,0111,プライム
2025-02-05,53510,品川リフラクトリーズ,"SHINAGAWA REFRACTORIES CO.,LTD.",3,建設・資材,3400,ガラス･土石製品,TOPIX Small 1,0111,プライム
2025-02-05,53520,黒崎播磨,KROSAKI HARIMA CORPORATION,3,建設・資材,3400,ガラス･土石製品,TOPIX Small 1,0111,プライム
2025-02-05,53550,日本坩堝,"Nippon Crucible Co.,Ltd.",3,建設・資材,3400,ガラス･土石製品,-,0112,スタンダード
2025-02-05,53560,美濃窯業,"MINO CERAMIC CO.,LTD.",3,建設・資材,3400,ガラス･土石製品,-,0112,スタンダード
2025-02-05,53570,ヨータイ,"YOTAI REFRACTORIES CO.,LTD.",3,建設・資材,3400,ガラス･土石製品,TOPIX Small 2,0111,プライム
2025-02-05,53630,東京窯業,TYK CORPORATION,3,建設・資材,3400,ガラス･土石製品,-,0112,スタンダード
2025-02-05,53670,ニッカトー,NIKKATO CORPORATION,3,建設・資材,3400,ガラス･土石製品,-,0112,スタンダード
2025-02-05,53680,日本インシュレーション,"JAPAN INSULATION CO.,LTD.",3,建設・資材,3400,ガラス･土石製品,-,0112,スタンダード
2025-02-05,53800,新東,SHINTO COMPANY LIMITED,3,建設・資材,3400,ガラス･土石製品,-,0112,スタンダード
2025-02-05,53810,Ｍｉｐｏｘ,Mipox Corporation,3,建設・資材,3400,ガラス･土石製品,-,0112,スタンダード
2025-02-05,53840,フジミインコーポレーテッド,FUJIMI INCORPORATED,3,建設・資材,3400,ガラス･土石製品,TOPIX Small 1,0111,プライム
2025-02-05,53860,鶴弥,"TSURUYA CO.,LTD.",3,建設・資材,3400,ガラス･土石製品,-,0112,スタンダード
2025-02-05,53880,クニミネ工業,"KUNIMINE INDUSTRIES CO.,LTD.",3,建設・資材,3400,ガラス･土石製品,-,0112,スタンダード
2025-02-05,53910,エーアンドエーマテリアル,A&A Material Corporation,3,建設・資材,3400,ガラス･土石製品,-,0112,スタンダード
2025-02-05,53930,ニチアス,NICHIAS CORPORATION,3,建設・資材,3400,ガラス･土石製品,TOPIX Mid400,0111,プライム
2025-02-05,54010,日本製鉄,NIPPON STEEL CORPORATION,7,鉄鋼・非鉄,3450,鉄鋼,TOPIX Large70,0111,プライム
2025-02-05,54060,神戸製鋼所,"Kobe Steel,Ltd.",7,鉄鋼・非鉄,3450,鉄鋼,TOPIX Mid400,0111,プライム
2025-02-05,54080,中山製鋼所,"NAKAYAMA STEEL WORKS,LTD.",7,鉄鋼・非鉄,3450,鉄鋼,TOPIX Small 1,0111,プライム
2025-02-05,54100,合同製鐵,"Godo Steel,Ltd.",7,鉄鋼・非鉄,3450,鉄鋼,TOPIX Small 1,0111,プライム
2025-02-05,54110,ＪＦＥホールディングス,"JFE Holdings,Inc.",7,鉄鋼・非鉄,3450,鉄鋼,TOPIX Mid400,0111,プライム
2025-02-05,54230,東京製鐵,"TOKYO STEEL MANUFACTURING CO.,LTD.",7,鉄鋼・非鉄,3450,鉄鋼,TOPIX Small 1,0111,プライム
2025-02-05,54400,共英製鋼,KYOEI STEEL LTD.,7,鉄鋼・非鉄,3450,鉄鋼,TOPIX Small 1,0111,プライム
2025-02-05,54440,大和工業,"YAMATO KOGYO CO.,LTD.",7,鉄鋼・非鉄,3450,鉄鋼,TOPIX Mid400,0111,プライム
2025-02-05,54450,東京鐵鋼,"TOKYO TEKKO CO.,LTD.",7,鉄鋼・非鉄,3450,鉄鋼,TOPIX Small 1,0111,プライム
2025-02-05,54460,北越メタル,"HOKUETSU METAL Co.,Ltd.",7,鉄鋼・非鉄,3450,鉄鋼,-,0112,スタンダード
2025-02-05,54490,大阪製鐵,"OSAKA STEEL CO.,LTD.",7,鉄鋼・非鉄,3450,鉄鋼,TOPIX Small 2,0112,スタンダード
2025-02-05,54510,淀川製鋼所,"Yodogawa Steel Works,Ltd.",7,鉄鋼・非鉄,3450,鉄鋼,TOPIX Small 1,0111,プライム
2025-02-05,54580,高砂鐵工,TAKASAGO TEKKO K.K.,7,鉄鋼・非鉄,3450,鉄鋼,-,0112,スタンダード
2025-02-05,54610,中部鋼鈑,"Chubu Steel Plate Co.,Ltd.",7,鉄鋼・非鉄,3450,鉄鋼,TOPIX Small 1,0111,プライム
2025-02-05,54630,丸一鋼管,Maruichi Steel Tube Ltd.,7,鉄鋼・非鉄,3450,鉄鋼,TOPIX Mid400,0111,プライム
2025-02-05,54640,モリ工業,MORY INDUSTRIES INC.,7,鉄鋼・非鉄,3450,鉄鋼,TOPIX Small 2,0112,スタンダード
2025-02-05,54710,大同特殊鋼,"Daido Steel Co.,Ltd.",7,鉄鋼・非鉄,3450,鉄鋼,TOPIX Mid400,0111,プライム
2025-02-05,54760,日本高周波鋼業,"Nippon Koshuha Steel Co.,Ltd.",7,鉄鋼・非鉄,3450,鉄鋼,-,0112,スタンダード
2025-02-05,54800,日本冶金工業,"Nippon Yakin kogyo Co.,Ltd.",7,鉄鋼・非鉄,3450,鉄鋼,TOPIX Small 1,0111,プライム
2025-02-05,54810,山陽特殊製鋼,"Sanyo Special Steel Co.,Ltd.",7,鉄鋼・非鉄,3450,鉄鋼,TOPIX Small 1,0111,プライム
2025-02-05,54820,愛知製鋼,AICHI STEEL CORPORATION,7,鉄鋼・非鉄,3450,鉄鋼,TOPIX Small 1,0111,プライム
2025-02-05,54840,東北特殊鋼,"Tohoku Steel Co.,Ltd.",7,鉄鋼・非鉄,3450,鉄鋼,-,0112,スタンダード
2025-02-05,54910,日本金属,"NIPPON KINZOKU CO.,LTD.",7,鉄鋼・非鉄,3450,鉄鋼,-,0112,スタンダード
2025-02-05,55250,フロンティアホールディングス,"Frontier Holdings Co.,Ltd.",17,不動産,8050,不動産業,-,0105,TOKYO PRO MARKET
2025-02-05,55270,ｐｒｏｐｅｒｔｙ　ｔｅｃｈｎｏｌｏｇｉｅｓ,property technologies Inc.,17,不動産,8050,不動産業,-,0113,グロース
2025-02-05,55280,フロンティアハウス,"Frontier House Co.,Ltd.",17,不動産,8050,不動産業,-,0105,TOKYO PRO MARKET
2025-02-05,55310,中山不動産,"NAKAYAMA FUDOUSAN Co.,Ltd.",17,不動産,8050,不動産業,-,0105,TOKYO PRO MARKET
2025-02-05,55320,リアルゲイト,REALGATE INC.,17,不動産,8050,不動産業,-,0113,グロース
2025-02-05,55330,エリッツホールディングス,"Elitz Holdings Co.,Ltd.",17,不動産,8050,不動産業,-,0112,スタンダード
2025-02-05,55340,エンゼルグループ,Angel Group Inc.,17,不動産,8050,不動産業,-,0105,TOKYO PRO MARKET
2025-02-05,55350,ミガロホールディングス,MIGALO HOLDINGS Inc.,17,不動産,8050,不動産業,-,0111,プライム
2025-02-05,55360,京橋アートレジデンス,"Kyobashi Art Residence Co.,Ltd.",17,不動産,8050,不動産業,-,0105,TOKYO PRO MARKET
2025-02-05,55370,ＡｌｂａＬｉｎｋ,"AlbaLink Co.,Ltd.",17,不動産,8050,不動産業,-,0105,TOKYO PRO MARKET
2025-02-05,55410,大平洋金属,"PACIFIC METALS CO.,LTD.",7,鉄鋼・非鉄,3450,鉄鋼,TOPIX Small 2,0111,プライム
2025-02-05,55420,新報国マテリアル,Shinhokoku Material Corp.,7,鉄鋼・非鉄,3450,鉄鋼,-,0112,スタンダード
2025-02-05,55630,新日本電工,"Nippon Denko Co.,Ltd.",7,鉄鋼・非鉄,3450,鉄鋼,TOPIX Small 1,0111,プライム
2025-02-05,55700,ジェノバ,"JENOBA CO.,LTD.",10,情報通信・サービスその他,5250,情報･通信業,-,0113,グロース
2025-02-05,55710,エキサイトホールディングス,"Excite Holdings Co.,Ltd.",10,情報通信・サービスその他,5250,情報･通信業,-,0112,スタンダード
2025-02-05,55720,Ｒｉｄｇｅ−ｉ,Ridge-i Inc.,10,情報通信・サービスその他,5250,情報･通信業,-,0113,グロース
2025-02-05,55730,働楽ホールディングス,"Doraku Holdings Co.,Ltd.",10,情報通信・サービスその他,5250,情報･通信業,-,0105,TOKYO PRO MARKET
2025-02-05,55740,ＡＢＥＪＡ,"ABEJA,Inc.",10,情報通信・サービスその他,5250,情報･通信業,-,0113,グロース
2025-02-05,55750,Ｇｌｏｂｅｅ,Globee Inc.,10,情報通信・サービスその他,5250,情報･通信業,-,0113,グロース
2025-02-05,55760,オービーシステム,O.B.System Inc.,10,情報通信・サービスその他,5250,情報･通信業,-,0112,スタンダード
2025-02-05,55770,アイデミー,Aidemy Inc.,10,情報通信・サービスその他,5250,情報･通信業,-,0113,グロース
2025-02-05,55780,ＡＲアドバンストテクノロジ,"AR advanced technology,Inc.",10,情報通信・サービスその他,5250,情報･通信業,-,0113,グロース
2025-02-05,55800,プロディライト,"Prodelight Co.,Ltd.",10,情報通信・サービスその他,5250,情報･通信業,-,0113,グロース
2025-02-05,55810,カイテクノロジー,"Chi-technology Co.,Ltd.",10,情報通信・サービスその他,5250,情報･通信業,-,0105,TOKYO PRO MARKET
2025-02-05,55820,グリッド,GRID Inc.,10,情報通信・サービスその他,5250,情報･通信業,-,0113,グロース
2025-02-05,55840,Ｓｔｒａｗｂｅｒｒｙ　ｊａｍｓ,"Strawberry jams Co.,Ltd.",10,情報通信・サービスその他,5250,情報･通信業,-,0105,TOKYO PRO MARKET
2025-02-05,55850,エコナビスタ,"EcoNaviSta,Inc.",10,情報通信・サービスその他,5250,情報･通信業,-,0113,グロース
2025-02-05,55860,Ｌａｂｏｒｏ．ＡＩ,Laboro.AI Inc.,10,情報通信・サービスその他,5250,情報･通信業,-,0113,グロース
2025-02-05,55870,インバウンドプラットフォーム,Inbound Platform Corp.,10,情報通信・サービスその他,5250,情報･通信業,-,0113,グロース
2025-02-05,55880,ファーストアカウンティング,"Fast Accounting Co.,Ltd.",10,情報通信・サービスその他,5250,情報･通信業,-,0113,グロース
2025-02-05,55890,オートサーバー,"AUTOSERVER CO.,LTD.",10,情報通信・サービスその他,5250,情報･通信業,-,0112,スタンダード
2025-02-05,55900,ネットスターズ,"NETSTARS Co.,Ltd.",10,情報通信・サービスその他,5250,情報･通信業,-,0113,グロース
2025-02-05,55910,ＡＶＩＬＥＮ,AVILEN Inc.,10,情報通信・サービスその他,5250,情報･通信業,-,0113,グロース
2025-02-05,55920,くすりの窓口,"Kusurinomadoguchi,Inc.",10,情報通信・サービスその他,5250,情報･通信業,-,0113,グロース
2025-02-05,55940,エム・デー・ビー,M.D.B Corporation,10,情報通信・サービスその他,5250,情報･通信業,-,0105,TOKYO PRO MARKET
2025-02-05,55950,ＱＰＳ研究所,"Institute for Q-shu Pioneers of Space,Inc.",10,情報通信・サービスその他,5250,情報･通信業,-,0113,グロース
2025-02-05,55960,アウトルックコンサルティング,"OutlookConsulting Co.,Ltd.",10,情報通信・サービスその他,5250,情報･通信業,-,0113,グロース
2025-02-05,55970,ブルーイノベーション,"Blue innovation Co.,Ltd.",10,情報通信・サービスその他,5250,情報･通信業,-,0113,グロース
2025-02-05,55980,Ｙｏｔｔａｖｉａｓ,"Yottavias Co.,Ltd.",10,情報通信・サービスその他,5250,情報･通信業,-,0105,TOKYO PRO MARKET
2025-02-05,55990,Ｓ＆Ｊ,S&J Corporation,10,情報通信・サービスその他,5250,情報･通信業,-,0113,グロース
2025-02-05,56020,栗本鐵工所,"Kurimoto,Ltd.",7,鉄鋼・非鉄,3450,鉄鋼,TOPIX Small 2,0111,プライム
2025-02-05,56030,虹技,KOGI CORPORATION,7,鉄鋼・非鉄,3450,鉄鋼,-,0112,スタンダード
2025-02-05,56090,日本鋳造,NIPPON CHUZO K.K.,7,鉄鋼・非鉄,3450,鉄鋼,-,0112,スタンダード
2025-02-05,56100,大和重工,"Daiwa Heavy Industry Co.,Ltd.",7,鉄鋼・非鉄,3450,鉄鋼,-,0112,スタンダード
2025-02-05,56120,日本鋳鉄管,NIPPON CHUTETSUKAN K.K.,7,鉄鋼・非鉄,3450,鉄鋼,-,0112,スタンダード
2025-02-05,56160,雨風太陽,"Ame Kaze Taiyo,Inc.",10,情報通信・サービスその他,5250,情報･通信業,-,0113,グロース
2025-02-05,56170,ウィル・ドゥ,WiLLDo Inc.,10,情報通信・サービスその他,5250,情報･通信業,-,0105,TOKYO PRO MARKET
2025-02-05,56180,ナイル,Nyle Inc.,10,情報通信・サービスその他,5250,情報･通信業,-,0113,グロース
2025-02-05,56190,マーソ,"MRSO.,Inc",10,情報通信・サービスその他,5250,情報･通信業,-,0113,グロース
2025-02-05,56200,エスピーオー,SPO Entertainment Inc.,10,情報通信・サービスその他,5250,情報･通信業,-,0105,TOKYO PRO MARKET
2025-02-05,56210,ヒューマンテクノロジーズ,"Human Technologies,Inc.",10,情報通信・サービスその他,5250,情報･通信業,-,0113,グロース
2025-02-05,56220,ワンビ,"OneBe,Inc.",10,情報通信・サービスその他,5250,情報･通信業,-,0105,TOKYO PRO MARKET
2025-02-05,56310,日本製鋼所,"The Japan Steel Works,Ltd.",8,機械,3600,機械,TOPIX Mid400,0111,プライム
2025-02-05,56320,三菱製鋼,"Mitsubishi Steel Mfg.Co.,Ltd.",7,鉄鋼・非鉄,3450,鉄鋼,TOPIX Small 2,0111,プライム
2025-02-05,56440,メタルアート,METALART CORPORATION,7,鉄鋼・非鉄,3450,鉄鋼,-,0112,スタンダード
2025-02-05,56580,日亜鋼業,"NICHIA STEEL WORKS,LTD.",7,鉄鋼・非鉄,3450,鉄鋼,-,0112,スタンダード
2025-02-05,56590,日本精線,"Nippon Seisen Co.,Ltd.",7,鉄鋼・非鉄,3450,鉄鋼,TOPIX Small 2,0111,プライム
2025-02-05,56600,神鋼鋼線工業,"KOBELCO WIRE COMPANY,LTD.",7,鉄鋼・非鉄,3450,鉄鋼,-,0112,スタンダード
2025-02-05,56950,パウダーテック,"Powdertech Co.,Ltd.",7,鉄鋼・非鉄,3450,鉄鋼,-,0112,スタンダード
2025-02-05,56970,サンユウ,"SANYU CO.,LTD.",7,鉄鋼・非鉄,3450,鉄鋼,-,0112,スタンダード
2025-02-05,56980,エンビプロ・ホールディングス,ENVIPRO HOLDINGS Inc.,7,鉄鋼・非鉄,3450,鉄鋼,TOPIX Small 2,0111,プライム
2025-02-05,56990,イボキン,"IBOKIN Co.,Ltd.",7,鉄鋼・非鉄,3450,鉄鋼,-,0112,スタンダード
2025-02-05,57020,大紀アルミニウム工業所,"DAIKI ALUMINIUM INDUSTRY CO.,LTD.",7,鉄鋼・非鉄,3500,非鉄金属,TOPIX Small 1,0111,プライム
2025-02-05,57030,日本軽金属ホールディングス,"Nippon Light Metal Holdings Company,Ltd.",7,鉄鋼・非鉄,3500,非鉄金属,TOPIX Small 1,0111,プライム
2025-02-05,57040,ＪＭＣ,JMC Corporation,7,鉄鋼・非鉄,3500,非鉄金属,-,0113,グロース
2025-02-05,57060,三井金属鉱業,"Mitsui Mining and Smelting Company,Limited",7,鉄鋼・非鉄,3500,非鉄金属,TOPIX Mid400,0111,プライム
2025-02-05,57070,東邦亜鉛,"Toho Zinc CO.,Ltd.",7,鉄鋼・非鉄,3500,非鉄金属,TOPIX Small 2,0111,プライム
2025-02-05,57110,三菱マテリアル,Mitsubishi Materials Corporation,7,鉄鋼・非鉄,3500,非鉄金属,TOPIX Mid400,0111,プライム
2025-02-05,57130,住友金属鉱山,"Sumitomo Metal Mining Co.,Ltd.",7,鉄鋼・非鉄,3500,非鉄金属,TOPIX Mid400,0111,プライム
2025-02-05,57140,ＤＯＷＡホールディングス,"DOWA HOLDINGS CO.,LTD.",7,鉄鋼・非鉄,3500,非鉄金属,TOPIX Mid400,0111,プライム
2025-02-05,57150,古河機械金属,"FURUKAWA CO.,LTD.",7,鉄鋼・非鉄,3500,非鉄金属,TOPIX Small 2,0111,プライム
2025-02-05,57210,エス・サイエンス,"S・Science Company,Ltd.",7,鉄鋼・非鉄,3500,非鉄金属,-,0112,スタンダード
2025-02-05,57240,アサカ理研,"Asaka Riken Co.,Ltd.",7,鉄鋼・非鉄,3500,非鉄金属,-,0112,スタンダード
2025-02-05,57260,大阪チタニウムテクノロジーズ,"OSAKA Titanium technologies Co.,Ltd.",7,鉄鋼・非鉄,3500,非鉄金属,TOPIX Small 1,0111,プライム
2025-02-05,57270,東邦チタニウム,"TOHO TITANIUM COMPANY,LIMITED",7,鉄鋼・非鉄,3500,非鉄金属,TOPIX Small 1,0111,プライム
2025-02-05,57290,日本精鉱,"NIHON SEIKO CO.,LTD",7,鉄鋼・非鉄,3500,非鉄金属,-,0112,スタンダード
2025-02-05,57410,ＵＡＣＪ,UACJ Corporation,7,鉄鋼・非鉄,3500,非鉄金属,TOPIX Small 1,0111,プライム
2025-02-05,57420,エヌアイシ・オートテック,"NIC Autotec,Inc.",7,鉄鋼・非鉄,3500,非鉄金属,-,0112,スタンダード
2025-02-05,57530,日本伸銅,"NIPPON SHINDO CO.,LTD.",7,鉄鋼・非鉄,3500,非鉄金属,-,0112,スタンダード
2025-02-05,57570,ＣＫサンエツ,"CK SAN-ETSU Co.,Ltd.",7,鉄鋼・非鉄,3500,非鉄金属,TOPIX Small 2,0111,プライム
2025-02-05,58010,古河電気工業,"Furukawa Electric Co.,Ltd.",7,鉄鋼・非鉄,3500,非鉄金属,TOPIX Mid400,0111,プライム
2025-02-05,58020,住友電気工業,"Sumitomo Electric Industries,Ltd.",7,鉄鋼・非鉄,3500,非鉄金属,TOPIX Large70,0111,プライム
2025-02-05,58030,フジクラ,Fujikura Ltd.,7,鉄鋼・非鉄,3500,非鉄金属,TOPIX Mid400,0111,プライム
2025-02-05,58050,ＳＷＣＣ,SWCC Corporation,7,鉄鋼・非鉄,3500,非鉄金属,TOPIX Small 1,0111,プライム
2025-02-05,58160,オーナンバ,"Onamba Co.,Ltd.",7,鉄鋼・非鉄,3500,非鉄金属,-,0112,スタンダード
2025-02-05,58170,ＪＭＡＣＳ,"JMACS Japan Co.,Ltd.",7,鉄鋼・非鉄,3500,非鉄金属,-,0112,スタンダード
2025-02-05,58190,カナレ電気,"Canare Electric Co.,Ltd.",7,鉄鋼・非鉄,3500,非鉄金属,-,0112,スタンダード
2025-02-05,58200,三ッ星,"MITSUBOSHI CO.,LTD.",7,鉄鋼・非鉄,3500,非鉄金属,-,0112,スタンダード
2025-02-05,58210,平河ヒューテック,HIRAKAWA HEWTECH CORP.,7,鉄鋼・非鉄,3500,非鉄金属,TOPIX Small 2,0111,プライム
2025-02-05,58300,いよぎんホールディングス,"Iyogin Holdings,Inc.",15,銀行,7050,銀行業,TOPIX Mid400,0111,プライム
2025-02-05,58310,しずおかフィナンシャルグループ,"Shizuoka Financial Group,Inc.",15,銀行,7050,銀行業,TOPIX Mid400,0111,プライム
2025-02-05,58320,ちゅうぎんフィナンシャルグループ,"Chugin Financial Group,Inc.",15,銀行,7050,銀行業,TOPIX Mid400,0111,プライム
2025-02-05,58340,ＳＢＩリーシングサービス,"SBI Leasing Services Co.,Ltd.",16,金融（除く銀行）,7100,証券･商品先物取引業,-,0113,グロース
2025-02-05,58380,楽天銀行,"Rakuten Bank,Ltd.",15,銀行,7050,銀行業,TOPIX Mid400,0111,プライム
2025-02-05,58400,日本総険,"Nippon Souken Co.,Ltd.",16,金融（除く銀行）,7150,保険業,-,0105,TOKYO PRO MARKET
2025-02-05,58420,インテグラル,Integral Corporation,16,金融（除く銀行）,7100,証券･商品先物取引業,-,0113,グロース
2025-02-05,58430,ニッポンインシュア,"Nippon Insure Co.,Ltd.",16,金融（除く銀行）,7200,その他金融業,-,0112,スタンダード
2025-02-05,58440,京都フィナンシャルグループ,"Kyoto Financial Group,Inc.",15,銀行,7050,銀行業,TOPIX Mid400,0111,プライム
2025-02-05,58450,全保連,"ZENHOREN CO.,LTD.",16,金融（除く銀行）,7200,その他金融業,-,0112,スタンダード
2025-02-05,58510,リョービ,RYOBI LIMITED,7,鉄鋼・非鉄,3500,非鉄金属,TOPIX Small 1,0111,プライム
2025-02-05,58520,アーレスティ,AHRESTY CORPORATION,7,鉄鋼・非鉄,3500,非鉄金属,-,0111,プライム
2025-02-05,58560,エルアイイーエイチ,"Life Intelligent Enterprise Holdings Co.,Ltd.",14,小売,6100,小売業,-,0112,スタンダード
2025-02-05,58570,ＡＲＥホールディングス,"ARE Holdings,Inc.",7,鉄鋼・非鉄,3500,非鉄金属,TOPIX Small 1,0111,プライム
2025-02-05,58580,ＳＴＧ,"STG CO.,LTD.",7,鉄鋼・非鉄,3500,非鉄金属,-,0113,グロース
2025-02-05,58660,ＷｉｚＢｉｚ,WizBiz Inc.,10,情報通信・サービスその他,9050,サービス業,-,0105,TOKYO PRO MARKET
2025-02-05,58670,エスネットワークス,"ES NETWORKS CO.,LTD.",10,情報通信・サービスその他,9050,サービス業,-,0113,グロース
2025-02-05,58680,ロココ,Rococo Co.Ltd.,10,情報通信・サービスその他,9050,サービス業,-,0112,スタンダード
2025-02-05,58690,早稲田学習研究会,"WASEDA GAKUSHUKENKYUKAI CO.,LTD.",10,情報通信・サービスその他,9050,サービス業,-,0112,スタンダード
2025-02-05,58700,ナルネットコミュニケーションズ,Nalnet Communications Inc.,10,情報通信・サービスその他,9050,サービス業,-,0113,グロース
2025-02-05,58710,ＳＯＬＩＺＥ,SOLIZE Corporation,10,情報通信・サービスその他,9050,サービス業,-,0112,スタンダード
2025-02-05,58810,サンフェステ,Sun Feste Corporation,14,小売,6100,小売業,-,0105,TOKYO PRO MARKET
2025-02-05,58830,ＧＴホールディングス,"GT Holdings Co.,Ltd.",13,商社・卸売,6050,卸売業,-,0105,TOKYO PRO MARKET
2025-02-05,58840,クラダシ,"KURADASHI.Co.,Ltd.",14,小売,6100,小売業,-,0113,グロース
2025-02-05,58850,ジーデップ・アドバンス,"GDEP ADVANCE,Inc.",13,商社・卸売,6050,卸売業,-,0112,スタンダード
2025-02-05,58860,ＯＯＫＡＢＥ　ＧＬＡＳＳ,"OOKABE GLASS CO.,LTD.",13,商社・卸売,6050,卸売業,-,0105,TOKYO PRO MARKET
2025-02-05,58870,光響,"Kokyo,Inc.",13,商社・卸売,6050,卸売業,-,0105,TOKYO PRO MARKET
2025-02-05,58880,ＤＡＩＷＡ　ＣＹＣＬＥ,"DAIWA CYCLE CO.,LTD.",14,小売,6100,小売業,-,0113,グロース
2025-02-05,58890,Ｊａｐａｎ　Ｅｙｅｗｅａｒ　Ｈｏｌｄｉｎｇｓ,"Japan Eyewear Holdings Co.,Ltd.",14,小売,6100,小売業,-,0112,スタンダード
2025-02-05,58900,オフィスバスターズ,OFFICEBUSTERS CORPORATION,14,小売,6100,小売業,-,0105,TOKYO PRO MARKET
2025-02-05,58910,魁力屋,"Kairikiya Co.,Ltd.",14,小売,6100,小売業,-,0112,スタンダード
2025-02-05,58920,ｙｕｔｏｒｉ,"yutori,Inc.",14,小売,6100,小売業,-,0113,グロース
2025-02-05,58930,ＲＡＶＩＰＡ,RAVIPA Ltd.,14,小売,6100,小売業,-,0105,TOKYO PRO MARKET
2025-02-05,59000,ダイケン,"DAIKEN CO.,LTD.",3,建設・資材,3550,金属製品,-,0112,スタンダード
2025-02-05,59010,東洋製罐グループホールディングス,"Toyo Seikan Group Holdings,Ltd.",3,建設・資材,3550,金属製品,TOPIX Mid400,0111,プライム
2025-02-05,59020,ホッカンホールディングス,HOKKAN HOLDINGS LIMITED,3,建設・資材,3550,金属製品,TOPIX Small 2,0111,プライム
2025-02-05,59030,シンポ,"SHINPO CO.,LTD.",3,建設・資材,3550,金属製品,-,0112,スタンダード
2025-02-05,59050,日本製罐,NIHON SEIKAN K.K.,3,建設・資材,3550,金属製品,-,0112,スタンダード
2025-02-05,59060,エムケー精工,"MK SEIKO CO.,LTD.",3,建設・資材,3550,金属製品,-,0112,スタンダード
2025-02-05,59090,コロナ,CORONA CORPORATION,3,建設・資材,3550,金属製品,TOPIX Small 2,0112,スタンダード
2025-02-05,59110,横河ブリッジホールディングス,Yokogawa Bridge Holdings Corp.,3,建設・資材,3550,金属製品,TOPIX Small 1,0111,プライム
2025-02-05,59150,駒井ハルテック,KOMAIHALTEC Inc.,3,建設・資材,3550,金属製品,-,0111,プライム
2025-02-05,59180,瀧上工業,"The Takigami Steel Construction Co.,Ltd.",3,建設・資材,3550,金属製品,-,0112,スタンダード
2025-02-05,59210,川岸工業,"Kawagishi Bridge Works Co.,Ltd.",3,建設・資材,3550,金属製品,-,0112,スタンダード
2025-02-05,59220,那須電機鉄工,"NASU DENKI-TEKKO CO.,LTD.",3,建設・資材,3550,金属製品,-,0112,スタンダード
2025-02-05,59230,高田機工,"TAKADAKIKO(Steel Construction)CO.,LTD.",3,建設・資材,3550,金属製品,-,0112,スタンダード
2025-02-05,59280,アルメタックス,"ALMETAX MANUFACTURING CO,LTD.",3,建設・資材,3550,金属製品,-,0112,スタンダード
2025-02-05,59290,三和ホールディングス,Sanwa Holdings Corporation,3,建設・資材,3550,金属製品,TOPIX Mid400,0111,プライム
2025-02-05,59300,文化シヤッター,"Bunka Shutter Co.,Ltd.",3,建設・資材,3550,金属製品,TOPIX Small 1,0111,プライム
2025-02-05,59320,三協立山,"Sankyo Tateyama,Inc.",3,建設・資材,3550,金属製品,TOPIX Small 2,0111,プライム
2025-02-05,59330,アルインコ,ALINCO INCORPORATED,3,建設・資材,3550,金属製品,TOPIX Small 2,0111,プライム
2025-02-05,59350,元旦ビューティ工業,"GANTAN BEAUTY INDUSTRY CO.,LTD.",3,建設・資材,3550,金属製品,-,0112,スタンダード
2025-02-05,59360,東洋シヤッター,"TOYO SHUTTER CO.,LTD.",3,建設・資材,3550,金属製品,-,0112,スタンダード
2025-02-05,59380,ＬＩＸＩＬ,LIXIL Corporation,3,建設・資材,3550,金属製品,TOPIX Mid400,0111,プライム
2025-02-05,59390,大谷工業,"OTANI KOGYO CO.,LTD.",3,建設・資材,3550,金属製品,-,0112,スタンダード
2025-02-05,59400,不二サッシ,"FUJISASH CO.,LTD.",3,建設・資材,3550,金属製品,-,0112,スタンダード
2025-02-05,59410,中西製作所,"NAKANISHI MFG. CO.,LTD.",3,建設・資材,3550,金属製品,-,0112,スタンダード
2025-02-05,59420,日本フイルコン,"NIPPON FILCON CO.,LTD.",3,建設・資材,3550,金属製品,-,0112,スタンダード
2025-02-05,59430,ノーリツ,NORITZ CORPORATION,3,建設・資材,3550,金属製品,TOPIX Small 1,0111,プライム
2025-02-05,59450,天龍製鋸,"Tenryu Saw Mfg.Co.,Ltd.",3,建設・資材,3550,金属製品,-,0112,スタンダード
2025-02-05,59460,長府製作所,"CHOFU SEISAKUSHO CO.,LTD.",3,建設・資材,3550,金属製品,TOPIX Small 2,0111,プライム
2025-02-05,59470,リンナイ,RINNAI CORPORATION,3,建設・資材,3550,金属製品,TOPIX Mid400,0111,プライム
2025-02-05,59490,ユニプレス,UNIPRES CORPORATION,6,自動車・輸送機,3700,輸送用機器,TOPIX Small 1,0111,プライム
2025-02-05,59500,日本パワーファスニング,"JAPAN POWER FASTENING CO.,LTD.",3,建設・資材,3550,金属製品,-,0112,スタンダード
2025-02-05,59510,ダイニチ工業,"Dainichi Co.,Ltd.",3,建設・資材,3550,金属製品,-,0112,スタンダード
2025-02-05,59520,アマテイ,Amatei Incorporated,3,建設・資材,3550,金属製品,-,0112,スタンダード
2025-02-05,59550,ワイズホールディングス,"WISE HOLDINGS CO.,LTD.",3,建設・資材,3550,金属製品,-,0112,スタンダード
2025-02-05,59560,トーソー,"TOSO CO.,LTD.",3,建設・資材,3550,金属製品,-,0112,スタンダード
2025-02-05,59570,日東精工,"NITTOSEIKO CO.,LTD.",3,建設・資材,3550,金属製品,TOPIX Small 2,0111,プライム
2025-02-05,59580,三洋工業,"SANYO INDUSTRIES,LTD.",3,建設・資材,3550,金属製品,-,0112,スタンダード
2025-02-05,59590,岡部,"OKABE CO.,LTD.",3,建設・資材,3550,金属製品,TOPIX Small 2,0111,プライム
2025-02-05,59620,浅香工業,"ASAKA INDUSTRIAL CO.,LTD.",10,情報通信・サービスその他,3800,その他製品,-,0112,スタンダード
2025-02-05,59650,フジマック,FUJIMAK CORPORATION,3,建設・資材,3550,金属製品,-,0112,スタンダード
2025-02-05,59660,京都機械工具,"KYOTO TOOL CO.,LTD.",3,建設・資材,3550,金属製品,-,0112,スタンダード
2025-02-05,59670,ＴＯＮＥ,"TONE CO.,LTD.",3,建設・資材,3550,金属製品,-,0112,スタンダード
2025-02-05,59690,ロブテックス,"LOBTEX Co.,Ltd.",3,建設・資材,3550,金属製品,-,0112,スタンダード
2025-02-05,59700,ジーテクト,G-TEKT CORPORATION,3,建設・資材,3550,金属製品,TOPIX Small 1,0111,プライム
2025-02-05,59710,共和工業所,"KYOWAKOGYOSYO CO.,LTD.",3,建設・資材,3550,金属製品,-,0112,スタンダード
2025-02-05,59730,トーアミ,TOAMI CORPORATION,3,建設・資材,3550,金属製品,-,0112,スタンダード
2025-02-05,59740,中国工業,"CHUGOKUKOGYO CO.,LTD.",3,建設・資材,3550,金属製品,-,0112,スタンダード
2025-02-05,59750,東プレ,Topre Corporation,3,建設・資材,3550,金属製品,TOPIX Small 1,0111,プライム
2025-02-05,59760,高周波熱錬,"Neturen Co.,Ltd.",3,建設・資材,3550,金属製品,TOPIX Small 2,0111,プライム
2025-02-05,59810,東京製綱,"TOKYO ROPE MFG.CO.,LTD",3,建設・資材,3550,金属製品,TOPIX Small 2,0111,プライム
2025-02-05,59820,マルゼン,"MARUZEN CO.,LTD.",3,建設・資材,3550,金属製品,-,0112,スタンダード
2025-02-05,59830,イワブチ,IWABUCHI CORPORATION,3,建設・資材,3550,金属製品,-,0112,スタンダード
2025-02-05,59840,兼房,KANEFUSA CORPORATION,3,建設・資材,3550,金属製品,-,0112,スタンダード
2025-02-05,59850,サンコール,SUNCALL CORPORATION,3,建設・資材,3550,金属製品,TOPIX Small 2,0112,スタンダード
2025-02-05,59860,モリテック　スチール,"MOLITEC STEEL CO.,LTD.",3,建設・資材,3550,金属製品,-,0112,スタンダード
2025-02-05,59870,オーネックス,ONEX Corporation,3,建設・資材,3550,金属製品,-,0112,スタンダード
2025-02-05,59880,パイオラックス,"PIOLAX,INC.",3,建設・資材,3550,金属製品,TOPIX Small 1,0111,プライム
2025-02-05,59890,エイチワン,"H-ONE CO.,LTD.",3,建設・資材,3550,金属製品,TOPIX Small 2,0111,プライム
2025-02-05,59900,スーパーツール,"SUPER TOOL CO.,LTD.",3,建設・資材,3550,金属製品,-,0112,スタンダード
2025-02-05,59910,日本発條,"NHK SPRING CO.,LTD.",3,建設・資材,3550,金属製品,TOPIX Mid400,0111,プライム
2025-02-05,59920,中央発條,"CHUO SPRING CO.,LTD.",3,建設・資材,3550,金属製品,TOPIX Small 2,0112,スタンダード
2025-02-05,59940,ファインシンター,"FINE SINTER CO.,LTD.",3,建設・資材,3550,金属製品,-,0112,スタンダード
2025-02-05,59970,協立エアテック,KYORITSU AIR TECH INC.,3,建設・資材,3550,金属製品,-,0112,スタンダード
2025-02-05,59980,アドバネクス,Advanex Inc.,3,建設・資材,3550,金属製品,-,0112,スタンダード
2025-02-05,60050,三浦工業,"MIURA CO.,LTD.",8,機械,3600,機械,TOPIX Mid400,0111,プライム
2025-02-05,60130,タクマ,"TAKUMA CO.,LTD.",8,機械,3600,機械,TOPIX Small 1,0111,プライム
2025-02-05,60160,ジャパンエンジンコーポレーション,Japan Engine Corporation,6,自動車・輸送機,3700,輸送用機器,-,0112,スタンダード
2025-02-05,60180,阪神内燃機工業,"THE HANSHIN DIESEL WORKS,LTD.",6,自動車・輸送機,3700,輸送用機器,-,0112,スタンダード
2025-02-05,60220,赤阪鐵工所,Akasaka Diesels Ltd.,8,機械,3600,機械,-,0112,スタンダード
2025-02-05,60230,ダイハツディーゼル,"DAIHATSU DIESEL MFG. CO.,LTD.",6,自動車・輸送機,3700,輸送用機器,-,0112,スタンダード
2025-02-05,60260,ＧＭＯ　ＴＥＣＨ,"GMO TECH,Inc.",10,情報通信・サービスその他,9050,サービス業,-,0113,グロース
2025-02-05,60270,弁護士ドットコム,"Bengo4.com,Inc.",10,情報通信・サービスその他,9050,サービス業,-,0113,グロース
2025-02-05,60280,テクノプロ・ホールディングス,"TechnoPro Holdings,Inc.",10,情報通信・サービスその他,9050,サービス業,TOPIX Mid400,0111,プライム
2025-02-05,60290,アトラグループ,Artra Group Corporation,10,情報通信・サービスその他,9050,サービス業,-,0112,スタンダード
2025-02-05,60300,アドベンチャー,"Adventure,Inc.",10,情報通信・サービスその他,9050,サービス業,-,0113,グロース
2025-02-05,60310,ＺＥＴＡ,ZETA INC.,10,情報通信・サービスその他,9050,サービス業,-,0113,グロース
2025-02-05,60330,エクストリーム,"EXTREME CO.,LTD.",10,情報通信・サービスその他,9050,サービス業,-,0113,グロース
2025-02-05,60340,ＭＲＴ,MRT Inc.,10,情報通信・サービスその他,9050,サービス業,-,0113,グロース
2025-02-05,60350,アイ・アールジャパンホールディングス,"IR Japan Holdings,Ltd.",10,情報通信・サービスその他,9050,サービス業,TOPIX Small 2,0111,プライム
2025-02-05,60360,ＫｅｅＰｅｒ技研,"KeePer Technical Laboratory Co.,Ltd.",10,情報通信・サービスその他,9050,サービス業,TOPIX Small 1,0111,プライム
2025-02-05,60370,楽待,"RAKUMACHI,INC.",10,情報通信・サービスその他,9050,サービス業,-,0112,スタンダード
2025-02-05,60380,イード,"IID,Inc.",10,情報通信・サービスその他,9050,サービス業,-,0113,グロース
2025-02-05,60390,日本動物高度医療センター,"Japan Animal Referral Medical Center Co.,Ltd.",10,情報通信・サービスその他,9050,サービス業,-,0113,グロース
2025-02-05,60400,日本スキー場開発,"Nippon Ski Resort Development Co.,Ltd.",10,情報通信・サービスその他,9050,サービス業,-,0113,グロース
2025-02-05,60420,ニッキ,"NIKKI CO.,LTD.",6,自動車・輸送機,3700,輸送用機器,-,0112,スタンダード
2025-02-05,60440,三機サービス,SANKI SERVICE CORPORATION,10,情報通信・サービスその他,9050,サービス業,-,0112,スタンダード
2025-02-05,60450,レントラックス,"Rentracks CO.,LTD.",10,情報通信・サービスその他,9050,サービス業,-,0113,グロース
2025-02-05,60460,リンクバル,LINKBAL INC.,10,情報通信・サービスその他,9050,サービス業,-,0113,グロース
2025-02-05,60470,Ｇｕｎｏｓｙ,Gunosy Inc.,10,情報通信・サービスその他,9050,サービス業,TOPIX Small 2,0111,プライム
2025-02-05,60480,デザインワン・ジャパン,"DesignOne Japan,Inc.",10,情報通信・サービスその他,9050,サービス業,-,0112,スタンダード
2025-02-05,60490,イトクロ,ItoKuro Inc.,10,情報通信・サービスその他,9050,サービス業,-,0113,グロース
2025-02-05,60500,イー・ガーディアン,E-Guardian Inc.,10,情報通信・サービスその他,9050,サービス業,TOPIX Small 2,0111,プライム
2025-02-05,60540,リブセンス,Livesense Inc.,10,情報通信・サービスその他,9050,サービス業,-,0112,スタンダード
2025-02-05,60550,ジャパンマテリアル,"JAPAN MATERIAL Co.,Ltd.",10,情報通信・サービスその他,9050,サービス業,TOPIX Small 1,0111,プライム
2025-02-05,60580,ベクトル,VECTOR INC.,10,情報通信・サービスその他,9050,サービス業,TOPIX Small 2,0111,プライム
2025-02-05,60590,ウチヤマホールディングス,"UCHIYAMA HOLDINGS Co.,Ltd.",10,情報通信・サービスその他,9050,サービス業,-,0112,スタンダード
2025-02-05,60600,こころネット,"Cocolonet CO., LTD.",10,情報通信・サービスその他,9050,サービス業,-,0112,スタンダード
2025-02-05,60610,ユニバーサル園芸社,"UNIVERSAL ENGEISHA CO.,LTD",10,情報通信・サービスその他,9050,サービス業,-,0112,スタンダード
2025-02-05,60620,チャーム・ケア・コーポレーション,CHARM CARE CORPORATION,10,情報通信・サービスその他,9050,サービス業,TOPIX Small 2,0111,プライム
2025-02-05,60630,日本エマージェンシーアシスタンス,"Emergency Assistance Japan Co., Ltd.",10,情報通信・サービスその他,9050,サービス業,-,0112,スタンダード
2025-02-05,60690,トレンダーズ,"Trenders,Inc.",10,情報通信・サービスその他,9050,サービス業,-,0113,グロース
2025-02-05,60700,キャリアリンク,"CAREERLINK CO.,LTD.",10,情報通信・サービスその他,9050,サービス業,TOPIX Small 2,0111,プライム
2025-02-05,60710,ＩＢＪ,"IBJ,Inc.",10,情報通信・サービスその他,9050,サービス業,TOPIX Small 2,0111,プライム
2025-02-05,60720,地盤ネットホールディングス,"Jibannet Holdings Co.,Ltd.",10,情報通信・サービスその他,9050,サービス業,-,0113,グロース
2025-02-05,60730,アサンテ,ASANTE INCORPORATED,10,情報通信・サービスその他,9050,サービス業,TOPIX Small 2,0111,プライム
2025-02-05,60740,ジェイエスエス,JSS CORPORATION,10,情報通信・サービスその他,9050,サービス業,-,0112,スタンダード
2025-02-05,60780,バリューＨＲ,"Value HR Co.,Ltd.",10,情報通信・サービスその他,9050,サービス業,TOPIX Small 2,0111,プライム
2025-02-05,60800,Ｍ＆Ａキャピタルパートナーズ,"M&A Capital Partners Co.,Ltd.",10,情報通信・サービスその他,9050,サービス業,TOPIX Small 1,0111,プライム
2025-02-05,60810,アライドアーキテクツ,"Allied Architects,Inc.",10,情報通信・サービスその他,9050,サービス業,-,0113,グロース
2025-02-05,60820,ライドオンエクスプレスホールディングス,"RIDE ON EXPRESS HOLDINGS Co.,Ltd.",10,情報通信・サービスその他,9050,サービス業,TOPIX Small 2,0112,スタンダード
2025-02-05,60830,ＥＲＩホールディングス,"ERI HOLDINGS CO.,LTD.",10,情報通信・サービスその他,9050,サービス業,-,0112,スタンダード
2025-02-05,60850,アーキテクツ・スタジオ・ジャパン,ARCHITECTS STUDIO JAPAN INC.,10,情報通信・サービスその他,9050,サービス業,-,0113,グロース
2025-02-05,60860,シンメンテホールディングス,"Shin Maint Holdings Co.,Ltd.",10,情報通信・サービスその他,9050,サービス業,-,0113,グロース
2025-02-05,60870,アビスト,"ABIST Co.,Ltd.",10,情報通信・サービスその他,9050,サービス業,-,0112,スタンダード
2025-02-05,60880,シグマクシス・ホールディングス,SIGMAXYZ Holdings Inc.,10,情報通信・サービスその他,9050,サービス業,TOPIX Small 1,0111,プライム
2025-02-05,60890,ウィルグループ,"WILL GROUP,INC.",10,情報通信・サービスその他,9050,サービス業,TOPIX Small 2,0111,プライム
2025-02-05,60900,ヒューマン・メタボローム・テクノロジーズ,"Human Metabolome Technologies,Inc.",10,情報通信・サービスその他,9050,サービス業,-,0113,グロース
2025-02-05,60910,ウエスコホールディングス,Wesco Holdings Inc.,10,情報通信・サービスその他,9050,サービス業,-,0112,スタンダード
2025-02-05,60920,エンバイオ・ホールディングス,"EnBio Holdings,Inc",10,情報通信・サービスその他,9050,サービス業,-,0112,スタンダード
2025-02-05,60930,エスクロー・エージェント・ジャパン,"Escrow Agent Japan,Inc.",10,情報通信・サービスその他,9050,サービス業,-,0112,スタンダード
2025-02-05,60940,フリークアウト・ホールディングス,"FreakOut Holdings,inc.",10,情報通信・サービスその他,9050,サービス業,-,0113,グロース
2025-02-05,60950,メドピア,"MedPeer,Inc.",10,情報通信・サービスその他,9050,サービス業,TOPIX Small 2,0111,プライム
2025-02-05,60960,レアジョブ,"RareJob,Inc.",10,情報通信・サービスその他,9050,サービス業,-,0112,スタンダード
2025-02-05,60980,リクルートホールディングス,"Recruit Holdings Co.,Ltd.",10,情報通信・サービスその他,9050,サービス業,TOPIX Core30,0111,プライム
2025-02-05,60990,エラン,ELAN Corporation,10,情報通信・サービスその他,9050,サービス業,TOPIX Small 2,0111,プライム
2025-02-05,61010,ツガミ,TSUGAMI CORPORATION,8,機械,3600,機械,TOPIX Small 1,0111,プライム
2025-02-05,61030,オークマ,OKUMA Corporation,8,機械,3600,機械,TOPIX Small 1,0111,プライム
2025-02-05,61040,芝浦機械,"SHIBAURA MACHINE CO.,LTD.",8,機械,3600,機械,TOPIX Small 1,0111,プライム
2025-02-05,61130,アマダ,"AMADA CO.,LTD.",8,機械,3600,機械,TOPIX Mid400,0111,プライム
2025-02-05,61180,アイダエンジニアリング,"AIDA ENGINEERING,LTD.",8,機械,3600,機械,TOPIX Small 1,0111,プライム
2025-02-05,61250,岡本工作機械製作所,"OKAMOTO MACHINE TOOL WORKS,LTD.",8,機械,3600,機械,-,0112,スタンダード
2025-02-05,61310,浜井産業,"HAMAI CO.,LTD.",8,機械,3600,機械,-,0112,スタンダード
2025-02-05,61340,ＦＵＪＩ,FUJI CORPORATION,8,機械,3600,機械,TOPIX Mid400,0111,プライム
2025-02-05,61350,牧野フライス製作所,"Makino Milling Machine Co.,Ltd.",8,機械,3600,機械,TOPIX Small 1,0111,プライム
2025-02-05,61360,オーエスジー,OSG Corporation,8,機械,3600,機械,TOPIX Mid400,0111,プライム
2025-02-05,61370,小池酸素工業,"KOIKE SANSO KOGYO CO.,LTD.",8,機械,3600,機械,-,0112,スタンダード
2025-02-05,61380,ダイジェット工業,"DIJET INDUSTRIAL CO.,LTD.",8,機械,3600,機械,-,0112,スタンダード
2025-02-05,61400,旭ダイヤモンド工業,"Asahi Diamond Industrial Co.,Ltd.",8,機械,3600,機械,TOPIX Small 1,0111,プライム
2025-02-05,61410,ＤＭＧ森精機,"DMG MORI CO.,LTD.",8,機械,3600,機械,TOPIX Mid400,0111,プライム
2025-02-05,61430,ソディック,"Sodick Co.,Ltd.",8,機械,3600,機械,TOPIX Small 1,0111,プライム
2025-02-05,61440,西部電機,"Seibu Electric & Machinery Co.,Ltd.",8,機械,3600,機械,-,0112,スタンダード
2025-02-05,61450,ＮＩＴＴＯＫＵ,"NITTOKU CO.,LTD.",8,機械,3600,機械,-,0112,スタンダード
2025-02-05,61460,ディスコ,DISCO CORPORATION,8,機械,3600,機械,TOPIX Large70,0111,プライム
2025-02-05,61470,ヤマザキ,"YAMAZAKI CO.,LTD.",8,機械,3600,機械,-,0112,スタンダード
2025-02-05,61490,小田原エンジニアリング,"Odawara Engineering Co.,Ltd.",8,機械,3600,機械,-,0112,スタンダード
2025-02-05,61500,タケダ機械,"TAKEDA MACHINERY CO.,LTD.",8,機械,3600,機械,-,0112,スタンダード
2025-02-05,61510,日東工器,"NITTO KOHKI CO.,LTD.",8,機械,3600,機械,TOPIX Small 2,0111,プライム
2025-02-05,61550,高松機械工業,"TAKAMATSU MACHINERY CO.,LTD.",8,機械,3600,機械,-,0112,スタンダード
2025-02-05,61560,エーワン精密,A-ONE SEIMITSU INC.,8,機械,3600,機械,-,0112,スタンダード
2025-02-05,61570,日進工具,"NS TOOL CO.,LTD.",8,機械,3600,機械,TOPIX Small 2,0111,プライム
2025-02-05,61580,和井田製作所,"WAIDA MFG.CO.,LTD.",8,機械,3600,機械,-,0112,スタンダード
2025-02-05,61590,ミクロン精密,"MICRON MACHINERY CO.,LTD.",8,機械,3600,機械,-,0112,スタンダード
2025-02-05,61610,エスティック,ESTIC CORPORATION,8,機械,3600,機械,-,0112,スタンダード
2025-02-05,61640,太陽工機,"TAIYO KOKI CO.,LTD.",8,機械,3600,機械,-,0112,スタンダード
2025-02-05,61650,パンチ工業,"PUNCH INDUSTRY CO.,LTD.",8,機械,3600,機械,-,0112,スタンダード
2025-02-05,61660,中村超硬,"NAKAMURA CHOUKOU CO.,LTD.",8,機械,3600,機械,-,0113,グロース
2025-02-05,61670,冨士ダイス,"Fuji Die Co.,Ltd.",8,機械,3600,機械,TOPIX Small 2,0111,プライム
2025-02-05,61680,ＯＮＥ　ＧＲＯＵＰ,ONE GROUP CORP.,8,機械,3600,機械,-,0105,TOKYO PRO MARKET
2025-02-05,61710,土木管理総合試験所,C.E.Management Integrated Laboratory Co.Ltd,10,情報通信・サービスその他,9050,サービス業,-,0112,スタンダード
2025-02-05,61730,アクアライン,Aqualine Ltd.,10,情報通信・サービスその他,9050,サービス業,-,0113,グロース
2025-02-05,61740,デンタス,"DENTAS CO.,LTD.",10,情報通信・サービスその他,9050,サービス業,-,0105,TOKYO PRO MARKET
2025-02-05,61760,ブランジスタ,Brangista Inc.,10,情報通信・サービスその他,9050,サービス業,-,0113,グロース
2025-02-05,61770,ＡｐｐＢａｎｋ,AppBank Inc.,10,情報通信・サービスその他,9050,サービス業,-,0113,グロース
2025-02-05,61780,日本郵政,"JAPAN POST HOLDINGS Co.,Ltd.",10,情報通信・サービスその他,9050,サービス業,TOPIX Large70,0111,プライム
2025-02-05,61800,ＧＭＯメディア,"GMO Media,Inc.",10,情報通信・サービスその他,9050,サービス業,-,0113,グロース
2025-02-05,61810,タメニー,Tameny Inc.,10,情報通信・サービスその他,9050,サービス業,-,0113,グロース
2025-02-05,61820,メタリアル,MetaReal Corporation,10,情報通信・サービスその他,9050,サービス業,-,0113,グロース
2025-02-05,61830,ベルシステム２４ホールディングス,"BELLSYSTEM24 HOLDINGS,INC.",10,情報通信・サービスその他,9050,サービス業,TOPIX Small 1,0111,プライム
2025-02-05,61840,鎌倉新書,"Kamakura Shinsho,Ltd.",10,情報通信・サービスその他,9050,サービス業,TOPIX Small 2,0111,プライム
2025-02-05,61850,ＳＭＮ,SMN Corporation,10,情報通信・サービスその他,9050,サービス業,-,0112,スタンダード
2025-02-05,61860,一蔵,"ICHIKURA CO.,LTD.",10,情報通信・サービスその他,9050,サービス業,-,0112,スタンダード
2025-02-05,61890,グローバルキッズＣＯＭＰＡＮＹ,Global Kids Company Corp.,10,情報通信・サービスその他,9050,サービス業,-,0112,スタンダード
2025-02-05,61900,フェニックスバイオ,"PhoenixBio Co.,Ltd.",10,情報通信・サービスその他,9050,サービス業,-,0113,グロース
2025-02-05,61910,エアトリ,AirTrip Corp.,10,情報通信・サービスその他,9050,サービス業,TOPIX Small 2,0111,プライム
2025-02-05,61930,バーチャレクス・ホールディングス,"Virtualex Holdings,Inc.",10,情報通信・サービスその他,9050,サービス業,-,0113,グロース
2025-02-05,61940,アトラエ,"Atrae,Inc.",10,情報通信・サービスその他,9050,サービス業,TOPIX Small 2,0111,プライム
2025-02-05,61950,ホープ,"HOPE,INC.",10,情報通信・サービスその他,9050,サービス業,-,0113,グロース
2025-02-05,61960,ストライク,"Strike Company,Limited",10,情報通信・サービスその他,9050,サービス業,TOPIX Small 1,0111,プライム
2025-02-05,61970,ソラスト,Solasto Corporation,10,情報通信・サービスその他,9050,サービス業,TOPIX Small 1,0111,プライム
2025-02-05,61980,キャリア,"CAREER CO.,LTD.",10,情報通信・サービスその他,9050,サービス業,-,0113,グロース
2025-02-05,61990,セラク,"SERAKU Co.,Ltd.",10,情報通信・サービスその他,9050,サービス業,TOPIX Small 2,0112,スタンダード
2025-02-05,62000,インソース,"Insource Co.,Ltd.",10,情報通信・サービスその他,9050,サービス業,TOPIX Small 1,0111,プライム
2025-02-05,62010,豊田自動織機,TOYOTA INDUSTRIES CORPORATION,6,自動車・輸送機,3700,輸送用機器,TOPIX Mid400,0111,プライム
2025-02-05,62030,豊和工業,"Howa Machinery,Ltd.",8,機械,3600,機械,-,0112,スタンダード
2025-02-05,62080,石川製作所,"Ishikawa Seisakusho,Ltd.",8,機械,3600,機械,-,0112,スタンダード
2025-02-05,62090,リケンＮＰＲ,NPR-RIKEN CORPORATION,8,機械,3600,機械,TOPIX Small 1,0111,プライム
2025-02-05,62100,東洋機械金属,"TOYO MACHINERY & METAL CO.,Ltd.",8,機械,3600,機械,-,0112,スタンダード
2025-02-05,62170,津田駒工業,TSUDAKOMA Corp.,8,機械,3600,機械,-,0112,スタンダード
2025-02-05,62180,エンシュウ,ENSHU Limited,8,機械,3600,機械,-,0112,スタンダード
2025-02-05,62220,島精機製作所,"SHIMA SEIKI MFG.,LTD.",8,機械,3600,機械,TOPIX Small 1,0111,プライム
2025-02-05,62230,西部技研,"Seibu Giken Co.,Ltd.",8,機械,3600,機械,-,0112,スタンダード
2025-02-05,62240,ＪＲＣ,"JRC Co.,Ltd.",8,機械,3600,機械,-,0113,グロース
2025-02-05,62260,守谷輸送機工業,"Moriya Transportation Engineering and Manufacturing Co.,Ltd.",8,機械,3600,機械,-,0112,スタンダード
2025-02-05,62270,ＡＩメカテック,"AIMECHATEC,Ltd.",8,機械,3600,機械,-,0112,スタンダード
2025-02-05,62280,ジェイ・イー・ティ,"J.E.T.Co.,LTD.",8,機械,3600,機械,-,0112,スタンダード
2025-02-05,62290,オーケーエム,OKUMURA ENGINEERING corp.,8,機械,3600,機械,-,0112,スタンダード
2025-02-05,62300,ＳＡＮＥＩ,SANEI LTD.,8,機械,3600,機械,-,0112,スタンダード
2025-02-05,62310,木村工機,"KIMURA KOHKI Co.,Ltd.",8,機械,3600,機械,-,0112,スタンダード
2025-02-05,62320,ＡＣＳＬ,ACSL Ltd.,8,機械,3600,機械,-,0113,グロース
2025-02-05,62330,ＫＬＡＳＳ,KLASS Corporation,8,機械,3600,機械,-,0112,スタンダード
2025-02-05,62350,オプトラン,"OPTORUN CO.,LTD.",8,機械,3600,機械,TOPIX Small 1,0111,プライム
2025-02-05,62370,イワキ,"IWAKI CO.,LTD.",8,機械,3600,機械,TOPIX Small 2,0111,プライム
2025-02-05,62380,フリュー,FURYU CORPORATION,8,機械,3600,機械,TOPIX Small 2,0111,プライム
2025-02-05,62390,ナガオカ,NAGAOKA INTERNATIONAL CORPORATION,8,機械,3600,機械,-,0112,スタンダード
2025-02-05,62400,ヤマシンフィルタ,YAMASHIN-FILTER CORP.,8,機械,3600,機械,TOPIX Small 2,0111,プライム
2025-02-05,62450,ヒラノテクシード,"HIRANO TECSEED CO.,LTD.",8,機械,3600,機械,-,0112,スタンダード
2025-02-05,62460,テクノスマート,Techno Smart Corp.,8,機械,3600,機械,-,0112,スタンダード
2025-02-05,62470,日阪製作所,"HISAKA WORKS,LTD.",8,機械,3600,機械,TOPIX Small 2,0111,プライム
2025-02-05,62480,横田製作所,"Yokota Manufacturing Co., Ltd.",8,機械,3600,機械,-,0112,スタンダード
2025-02-05,62490,ゲームカード・ジョイコホールディングス,"Gamecard-Joyco Holdings,Inc.",8,機械,3600,機械,-,0112,スタンダード
2025-02-05,62500,やまびこ,YAMABIKO CORPORATION,8,機械,3600,機械,TOPIX Small 1,0111,プライム
2025-02-05,62540,野村マイクロ・サイエンス,"Nomura Micro Science Co.,Ltd.",8,機械,3600,機械,TOPIX Small 1,0111,プライム
2025-02-05,62550,エヌ・ピー・シー,NPC Incorporated,8,機械,3600,機械,-,0113,グロース
2025-02-05,62570,藤商事,"FUJISHOJI CO.,LTD.",8,機械,3600,機械,-,0112,スタンダード
2025-02-05,62580,平田機工,HIRATA Corporation,8,機械,3600,機械,TOPIX Small 1,0111,プライム
2025-02-05,62620,ＰＥＧＡＳＵＳ,"PEGASUS CO.,LTD.",8,機械,3600,機械,TOPIX Small 2,0111,プライム
2025-02-05,62640,マルマエ,"Marumae Co.,Ltd.",8,機械,3600,機械,TOPIX Small 2,0111,プライム
2025-02-05,62650,コンバム,CONVUM Ltd.,8,機械,3600,機械,-,0112,スタンダード
2025-02-05,62660,タツモ,"TAZMO CO.,LTD.",8,機械,3600,機械,TOPIX Small 1,0111,プライム
2025-02-05,62670,ゼネラルパッカー,"GENERAL PACKER CO.,LTD.",8,機械,3600,機械,-,0112,スタンダード
2025-02-05,62680,ナブテスコ,Nabtesco Corporation,8,機械,3600,機械,TOPIX Mid400,0111,プライム
2025-02-05,62690,三井海洋開発,"MODEC,INC.",8,機械,3600,機械,TOPIX Small 1,0111,プライム
2025-02-05,62720,レオン自動機,"RHEON AUTOMATIC MACHINERY CO.,LTD.",8,機械,3600,機械,TOPIX Small 2,0111,プライム
2025-02-05,62730,ＳＭＣ,SMC CORPORATION,8,機械,3600,機械,TOPIX Large70,0111,プライム
2025-02-05,62760,シリウスビジョン,"SiriusVision CO.,LTD.",9,電機・精密,3650,電気機器,-,0112,スタンダード
2025-02-05,62770,ホソカワミクロン,HOSOKAWA MICRON CORPORATION,8,機械,3600,機械,TOPIX Small 1,0111,プライム
2025-02-05,62780,ユニオンツール,UNION TOOL CO.,8,機械,3600,機械,TOPIX Small 1,0111,プライム
2025-02-05,62790,瑞光,ZUIKO CORPORATION,8,機械,3600,機械,TOPIX Small 2,0111,プライム
2025-02-05,62820,オイレス工業,OILES CORPORATION,8,機械,3600,機械,TOPIX Small 2,0111,プライム
2025-02-05,62840,日精エー・エス・ビー機械,"NISSEI ASB MACHINE CO.,LTD.",8,機械,3600,機械,TOPIX Small 1,0111,プライム
2025-02-05,62860,靜甲,SEIKO CORPORATION,8,機械,3600,機械,-,0112,スタンダード
2025-02-05,62870,サトーホールディングス,SATO HOLDINGS CORPORATION,8,機械,3600,機械,TOPIX Small 1,0111,プライム
2025-02-05,62890,技研製作所,GIKEN LTD.,8,機械,3600,機械,TOPIX Small 1,0111,プライム
2025-02-05,62910,日本エアーテック,"AIRTECH JAPAN,LTD.",8,機械,3600,機械,TOPIX Small 2,0112,スタンダード
2025-02-05,62920,カワタ,"KAWATA MFG. CO.,LTD.",8,機械,3600,機械,-,0112,スタンダード
2025-02-05,62930,日精樹脂工業,"NISSEI PLASTIC INDUSTRIAL CO.,LTD.",8,機械,3600,機械,TOPIX Small 2,0111,プライム
2025-02-05,62940,オカダアイヨン,OKADA AIYON CORPORATION,8,機械,3600,機械,-,0111,プライム
2025-02-05,62970,鉱研工業,"KOKEN BORING MACHINE CO.,LTD.",8,機械,3600,機械,-,0112,スタンダード
2025-02-05,62980,ワイエイシイホールディングス,"Y.A.C.HOLDINGS CO.,LTD.",8,機械,3600,機械,TOPIX Small 2,0111,プライム
2025-02-05,63010,小松製作所,KOMATSU LTD.,8,機械,3600,機械,TOPIX Large70,0111,プライム
2025-02-05,63020,住友重機械工業,"SUMITOMO HEAVY INDUSTRIES,LTD.",8,機械,3600,機械,TOPIX Mid400,0111,プライム
2025-02-05,63050,日立建機,"Hitachi Construction Machinery Co.,Ltd.",8,機械,3600,機械,TOPIX Mid400,0111,プライム
2025-02-05,63060,日工,"NIKKO CO.,LTD.",8,機械,3600,機械,TOPIX Small 2,0111,プライム
2025-02-05,63070,サンセイ,"SANSEI CO.,LTD.",8,機械,3600,機械,-,0112,スタンダード
2025-02-05,63090,巴工業,"TOMOE ENGINEERING CO.,LTD.(TOMOE KOGYO CO.,LTD.)",8,機械,3600,機械,TOPIX Small 2,0111,プライム
2025-02-05,63100,井関農機,"ISEKI & CO.,LTD.",8,機械,3600,機械,TOPIX Small 2,0111,プライム
2025-02-05,63120,フロイント産業,Freund Corporation,8,機械,3600,機械,-,0112,スタンダード
2025-02-05,63150,ＴＯＷＡ,TOWA CORPORATION,8,機械,3600,機械,TOPIX Small 1,0111,プライム
2025-02-05,63160,丸山製作所,"MARUYAMA MFG.CO.,INC.",8,機械,3600,機械,-,0112,スタンダード
2025-02-05,63170,北川鉄工所,Kitagawa Corporation,8,機械,3600,機械,TOPIX Small 2,0112,スタンダード
2025-02-05,63190,シンニッタン,SNT CORPORATION,7,鉄鋼・非鉄,3450,鉄鋼,-,0112,スタンダード
2025-02-05,63220,タクミナ,TACMINA CORPORATION,8,機械,3600,機械,-,0112,スタンダード
2025-02-05,63230,ローツェ,RORZE CORPORATION,8,機械,3600,機械,TOPIX Mid400,0111,プライム
2025-02-05,63240,ハーモニック・ドライブ・システムズ,Harmonic Drive Systems Inc.,8,機械,3600,機械,-,0112,スタンダード
2025-02-05,63250,タカキタ,"TAKAKITA CO.,LTD.",8,機械,3600,機械,-,0112,スタンダード
2025-02-05,63260,クボタ,KUBOTA CORPORATION,8,機械,3600,機械,TOPIX Large70,0111,プライム
2025-02-05,63270,北川精機,"KITAGAWA SEIKI CO.,LTD.",8,機械,3600,機械,-,0112,スタンダード
2025-02-05,63280,荏原実業,"EBARA JITSUGYO CO.,LTD.",8,機械,3600,機械,TOPIX Small 2,0111,プライム
2025-02-05,63300,東洋エンジニアリング,TOYO ENGINEERING CORPORATION,3,建設・資材,2050,建設業,TOPIX Small 2,0111,プライム
2025-02-05,63310,三菱化工機,"Mitsubishi Kakoki Kaisha,Ltd.",8,機械,3600,機械,TOPIX Small 2,0111,プライム
2025-02-05,63320,月島ホールディングス,"TSUKISHIMA HOLDINGS CO.,LTD.",8,機械,3600,機械,TOPIX Small 2,0111,プライム
2025-02-05,63330,帝国電機製作所,"TEIKOKU ELECTRIC MFG. CO.,LTD.",8,機械,3600,機械,TOPIX Small 2,0111,プライム
2025-02-05,63340,明治機械,"Meiji Machine Co.,Ltd.",8,機械,3600,機械,-,0112,スタンダード
2025-02-05,63350,東京機械製作所,"TOKYO KIKAI SEISAKUSHO,LTD.",8,機械,3600,機械,-,0112,スタンダード
2025-02-05,63360,石井表記,"ISHII HYOKI CO.,LTD.",8,機械,3600,機械,-,0112,スタンダード
2025-02-05,63370,テセック,TESEC Corporation,8,機械,3600,機械,-,0112,スタンダード
2025-02-05,63380,タカトリ,Takatori Corporation,8,機械,3600,機械,-,0112,スタンダード
2025-02-05,63390,新東工業,"Sintokogio,Ltd.",8,機械,3600,機械,TOPIX Small 2,0111,プライム
2025-02-05,63400,澁谷工業,SHIBUYA CORPORATION,8,機械,3600,機械,TOPIX Small 2,0111,プライム
2025-02-05,63420,太平製作所,"Taihei Machinery Works,Limited",8,機械,3600,機械,-,0112,スタンダード
2025-02-05,63430,フリージア・マクロス,FREESIA MACROSS CORPORATION,8,機械,3600,機械,-,0112,スタンダード
2025-02-05,63450,アイチ　コーポレーション,AICHI CORPORATION,8,機械,3600,機械,TOPIX Small 2,0111,プライム
2025-02-05,63460,キクカワエンタープライズ,"KIKUKAWA ENTERPRISE,INC.",8,機械,3600,機械,-,0112,スタンダード
2025-02-05,63470,プラコー,"PLACO CO.,LTD.",8,機械,3600,機械,-,0112,スタンダード
2025-02-05,63490,小森コーポレーション,KOMORI CORPORATION,8,機械,3600,機械,TOPIX Small 2,0111,プライム
2025-02-05,63510,鶴見製作所,"TSURUMI MANUFACTURING CO.,LTD.",8,機械,3600,機械,TOPIX Small 2,0111,プライム
2025-02-05,63560,日本ギア工業,"NIPPON GEAR CO.,LTD.",8,機械,3600,機械,-,0112,スタンダード
2025-02-05,63570,三精テクノロジーズ,"Sansei Technologies,Inc.",8,機械,3600,機械,-,0112,スタンダード
2025-02-05,63580,酒井重工業,"SAKAI HEAVY INDUSTRIES,LTD.",8,機械,3600,機械,TOPIX Small 2,0111,プライム
2025-02-05,63600,東京自働機械製作所,"TOKYO AUTOMATIC MACHINERY WORKS,LTD.",8,機械,3600,機械,-,0112,スタンダード
2025-02-05,63610,荏原製作所,EBARA CORPORATION,8,機械,3600,機械,TOPIX Mid400,0111,プライム
2025-02-05,63630,酉島製作所,"Torishima Pump Mfg.Co.,Ltd.",8,機械,3600,機械,TOPIX Small 1,0111,プライム
2025-02-05,63640,北越工業,"HOKUETSU INDUSTRIES CO.,LTD.",8,機械,3600,機械,TOPIX Small 2,0111,プライム
2025-02-05,63650,電業社機械製作所,DMW CORPORATION,8,機械,3600,機械,-,0112,スタンダード
2025-02-05,63660,千代田化工建設,Chiyoda Corporation,3,建設・資材,2050,建設業,-,0112,スタンダード
2025-02-05,63670,ダイキン工業,"DAIKIN INDUSTRIES,LTD.",8,機械,3600,機械,TOPIX Core30,0111,プライム
2025-02-05,63680,オルガノ,ORGANO CORPORATION,8,機械,3600,機械,TOPIX Small 1,0111,プライム
2025-02-05,63690,トーヨーカネツ,TOYO KANETSU K.K.,8,機械,3600,機械,TOPIX Small 2,0111,プライム
2025-02-05,63700,栗田工業,Kurita Water Industries Ltd.,8,機械,3600,機械,TOPIX Mid400,0111,プライム
2025-02-05,63710,椿本チエイン,TSUBAKIMOTO CHAIN CO.,8,機械,3600,機械,TOPIX Small 1,0111,プライム
2025-02-05,63730,大同工業,"DAIDO KOGYO CO.,LTD.",8,機械,3600,機械,-,0112,スタンダード
2025-02-05,63760,日機装,"NIKKISO CO.,LTD.",9,電機・精密,3750,精密機器,TOPIX Small 1,0111,プライム
2025-02-05,63780,木村化工機,"KIMURA CHEMICAL PLANTS CO.,LTD.",8,機械,3600,機械,TOPIX Small 2,0112,スタンダード
2025-02-05,63790,レイズネクスト,RAIZNEXT Corporation,3,建設・資材,2050,建設業,TOPIX Small 2,0111,プライム
2025-02-05,63800,オリエンタルチエン工業,"ORIENTAL CHAIN MFG. CO.,LTD.",8,機械,3600,機械,-,0112,スタンダード
2025-02-05,63810,アネスト岩田,ANEST IWATA Corporation,8,機械,3600,機械,TOPIX Small 2,0111,プライム
2025-02-05,63820,トリニティ工業,TRINITY INDUSTRIAL CORPORATION,8,機械,3600,機械,-,0112,スタンダード
2025-02-05,63830,ダイフク,"DAIFUKU CO.,LTD.",8,機械,3600,機械,TOPIX Mid400,0111,プライム
2025-02-05,63840,昭和真空,"SHOWA SHINKU CO.,LTD.",8,機械,3600,機械,-,0112,スタンダード
2025-02-05,63870,サムコ,SAMCO INC.,8,機械,3600,機械,TOPIX Small 2,0111,プライム
2025-02-05,63900,加藤製作所,"KATO WORKS CO.,LTD.",8,機械,3600,機械,-,0111,プライム
2025-02-05,63910,加地テック,KAJI TECHNOLOGY CORPORATION,8,機械,3600,機械,-,0112,スタンダード
2025-02-05,63920,ヤマダコーポレーション,YAMADA CORPORATION,8,機械,3600,機械,-,0112,スタンダード
2025-02-05,63930,油研工業,"YUKEN KOGYO CO.,LTD.",8,機械,3600,機械,-,0112,スタンダード
2025-02-05,63950,タダノ,TADANO LTD.,8,機械,3600,機械,TOPIX Mid400,0111,プライム
2025-02-05,63960,宇野澤組鐵工所,"Unozawa-gumi Iron Works,Limited",8,機械,3600,機械,-,0112,スタンダード
2025-02-05,64000,不二精機,"FUJI SEIKI CO.,LTD.",8,機械,3600,機械,-,0112,スタンダード
2025-02-05,64020,兼松エンジニアリング,"KANEMATSU ENGINEERING CO.,LTD.",8,機械,3600,機械,-,0112,スタンダード
2025-02-05,64030,水道機工,"SUIDO KIKO KAISHA,LTD.",8,機械,3600,機械,-,0112,スタンダード
2025-02-05,64050,鈴茂器工,"Suzumo Machinery Co.,Ltd.",8,機械,3600,機械,-,0112,スタンダード
2025-02-05,64060,フジテック,"FUJITEC CO.,LTD.",8,機械,3600,機械,TOPIX Mid400,0111,プライム
2025-02-05,64070,ＣＫＤ,CKD Corporation,8,機械,3600,機械,TOPIX Small 1,0111,プライム
2025-02-05,64080,小倉クラッチ,"OGURA CLUTCH CO.,LTD.",8,機械,3600,機械,-,0112,スタンダード
2025-02-05,64110,中野冷機,"NAKANO REFRIGERATORS CO.,LTD.",8,機械,3600,機械,-,0112,スタンダード
2025-02-05,64120,平和,Heiwa Corporation,8,機械,3600,機械,TOPIX Small 1,0111,プライム
2025-02-05,64130,理想科学工業,RISO KAGAKU CORPORATION,8,機械,3600,機械,TOPIX Small 2,0111,プライム
2025-02-05,64160,桂川電機,"KATSURAGAWA ELECTRIC CO.,LTD.",8,機械,3600,機械,-,0112,スタンダード
2025-02-05,64170,ＳＡＮＫＹＯ,"SANKYO CO.,LTD.",8,機械,3600,機械,TOPIX Mid400,0111,プライム
2025-02-05,64180,日本金銭機械,"JAPAN CASH MACHINE CO.,LTD.",8,機械,3600,機械,TOPIX Small 2,0111,プライム
2025-02-05,64190,マースグループホールディングス,Mars Group Holdings Corporation,8,機械,3600,機械,TOPIX Small 1,0111,プライム
2025-02-05,64200,フクシマガリレイ,FUKUSHIMA GALILEI CO.LTD.,8,機械,3600,機械,TOPIX Small 2,0111,プライム
2025-02-05,64240,高見沢サイバネティックス,"TAKAMISAWA CYBERNETICS COMPANY,LTD.",8,機械,3600,機械,-,0112,スタンダード
2025-02-05,64250,ユニバーサルエンターテインメント,Universal Entertainment Corporation,8,機械,3600,機械,-,0112,スタンダード
2025-02-05,64280,オーイズミ,OIZUMI Corporation,8,機械,3600,機械,-,0112,スタンダード
2025-02-05,64300,ダイコク電機,"DAIKOKU DENKI CO.,LTD.",8,機械,3600,機械,TOPIX Small 1,0111,プライム
2025-02-05,64320,竹内製作所,"TAKEUCHI MFG.CO.,LTD.",8,機械,3600,機械,TOPIX Small 1,0111,プライム
2025-02-05,64330,ヒーハイスト,"HEPHAIST CO.,LTD.",8,機械,3600,機械,-,0112,スタンダード
2025-02-05,64360,アマノ,Amano Corporation,8,機械,3600,機械,TOPIX Mid400,0111,プライム
2025-02-05,64400,ＪＵＫＩ,JUKI CORPORATION,8,機械,3600,機械,TOPIX Small 2,0111,プライム
2025-02-05,64440,サンデン,SANDEN CORPORATION,8,機械,3600,機械,-,0112,スタンダード
2025-02-05,64450,ジャノメ,JANOME Corporation,8,機械,3600,機械,TOPIX Small 2,0111,プライム
2025-02-05,64480,ブラザー工業,"BROTHER INDUSTRIES,LTD.",9,電機・精密,3650,電気機器,TOPIX Mid400,0111,プライム
2025-02-05,64540,マックス,"MAX CO.,LTD.",8,機械,3600,機械,TOPIX Small 1,0111,プライム
2025-02-05,64550,モリタホールディングス,MORITA HOLDINGS CORPORATION,6,自動車・輸送機,3700,輸送用機器,TOPIX Small 2,0111,プライム
2025-02-05,64570,グローリー,GLORY LTD.,8,機械,3600,機械,TOPIX Mid400,0111,プライム
2025-02-05,64580,新晃工業,SINKO INDUSTRIES LTD.,8,機械,3600,機械,TOPIX Small 1,0111,プライム
2025-02-05,64590,大和冷機工業,DAIWA INDUSTRIES LTD.,8,機械,3600,機械,TOPIX Small 2,0111,プライム
2025-02-05,64600,セガサミーホールディングス,SEGA SAMMY HOLDINGS INC.,8,機械,3600,機械,TOPIX Mid400,0111,プライム
2025-02-05,64630,ＴＰＲ,"TPR CO.,LTD.",8,機械,3600,機械,TOPIX Small 1,0111,プライム
2025-02-05,64640,ツバキ・ナカシマ,"TSUBAKI NAKASHIMA CO.,LTD.",8,機械,3600,機械,TOPIX Small 1,0111,プライム
2025-02-05,64650,ホシザキ,HOSHIZAKI CORPORATION,8,機械,3600,機械,TOPIX Mid400,0111,プライム
2025-02-05,64660,ＴＶＥ,"TVE Co.,Ltd.",8,機械,3600,機械,-,0112,スタンダード
2025-02-05,64670,ニチダイ,NICHIDAI CORPORATION,8,機械,3600,機械,-,0112,スタンダード
2025-02-05,64690,放電精密加工研究所,"HODEN SEIMITSU KAKO KENKYUSHO CO.,LTD.",8,機械,3600,機械,-,0112,スタンダード
2025-02-05,64700,大豊工業,"TAIHO KOGYO CO.,LTD.",8,機械,3600,機械,TOPIX Small 2,0112,スタンダード
2025-02-05,64710,日本精工,NSK Ltd.,8,機械,3600,機械,TOPIX Mid400,0111,プライム
2025-02-05,64720,ＮＴＮ,NTN CORPORATION,8,機械,3600,機械,TOPIX Mid400,0111,プライム
2025-02-05,64730,ジェイテクト,JTEKT Corporation,8,機械,3600,機械,TOPIX Mid400,0111,プライム
2025-02-05,64740,不二越,NACHI-FUJIKOSHI CORP.,8,機械,3600,機械,TOPIX Small 1,0111,プライム
2025-02-05,64790,ミネベアミツミ,MINEBEA MITSUMI Inc.,9,電機・精密,3650,電気機器,TOPIX Mid400,0111,プライム
2025-02-05,64800,日本トムソン,"NIPPON THOMPSON CO.,LTD.",8,機械,3600,機械,TOPIX Small 2,0111,プライム
2025-02-05,64810,ＴＨＫ,"THK CO.,LTD.",8,機械,3600,機械,TOPIX Mid400,0111,プライム
2025-02-05,64820,ユーシン精機,"YUSHIN PRECISION EQUIPMENT CO.,LTD.",8,機械,3600,機械,TOPIX Small 2,0112,スタンダード
2025-02-05,64840,ＫＶＫ,KVK CORPORATION,8,機械,3600,機械,-,0112,スタンダード
2025-02-05,64850,前澤給装工業,"MAEZAWA KYUSO INDUSTRIES CO.,LTD.",8,機械,3600,機械,TOPIX Small 2,0112,スタンダード
2025-02-05,64860,イーグル工業,"EAGLE INDUSTRY CO.,LTD.",8,機械,3600,機械,TOPIX Small 1,0111,プライム
2025-02-05,64880,ヨシタケ,Yoshitake Inc.,8,機械,3600,機械,-,0112,スタンダード
2025-02-05,64890,前澤工業,"Maezawa Industries,Inc.",8,機械,3600,機械,-,0112,スタンダード
2025-02-05,64900,ＰＩＬＬＡＲ,PILLAR Corporation,8,機械,3600,機械,TOPIX Small 1,0111,プライム
2025-02-05,64920,岡野バルブ製造,OKANO VALVE MFG.CO.LTD.,8,機械,3600,機械,-,0112,スタンダード
2025-02-05,64930,ＮＩＴＴＡＮ,NITTAN Corporation,6,自動車・輸送機,3700,輸送用機器,-,0112,スタンダード
2025-02-05,64940,ＮＦＫホールディングス,"NFK HOLDINGS CO.,Ltd",8,機械,3600,機械,-,0112,スタンダード
2025-02-05,64950,宮入バルブ製作所,"MIYAIRI VALVE MFG.CO.,LTD.",8,機械,3600,機械,-,0112,スタンダード
2025-02-05,64960,中北製作所,"NAKAKITA SEISAKUSHO CO.,LTD.",8,機械,3600,機械,-,0112,スタンダード
2025-02-05,64970,ハマイ,HAMAI INDUSTRIES LTD,8,機械,3600,機械,-,0112,スタンダード
2025-02-05,64980,キッツ,KITZ CORPORATION,8,機械,3600,機械,TOPIX Small 1,0111,プライム
2025-02-05,65010,日立製作所,"Hitachi,Ltd.",9,電機・精密,3650,電気機器,TOPIX Core30,0111,プライム
2025-02-05,65030,三菱電機,Mitsubishi Electric Corporation,9,電機・精密,3650,電気機器,TOPIX Core30,0111,プライム
2025-02-05,65040,富士電機,"FUJI ELECTRIC CO.,LTD.",9,電機・精密,3650,電気機器,TOPIX Mid400,0111,プライム
2025-02-05,65050,東洋電機製造,"TOYO DENKI SEIZO K.K.(TOYO ELECTRIC MFG.CO.,LTD.)",9,電機・精密,3650,電気機器,-,0112,スタンダード
2025-02-05,65060,安川電機,YASKAWA Electric Corporation,9,電機・精密,3650,電気機器,TOPIX Mid400,0111,プライム
2025-02-05,65070,シンフォニアテクノロジー,"SINFONIA TECHNOLOGY CO.,LTD.",9,電機・精密,3650,電気機器,TOPIX Small 1,0111,プライム
2025-02-05,65080,明電舎,MEIDENSHA CORPORATION,9,電機・精密,3650,電気機器,TOPIX Small 1,0111,プライム
2025-02-05,65130,オリジン,"Origin Company,Limited",9,電機・精密,3650,電気機器,-,0112,スタンダード
2025-02-05,65160,山洋電気,"SANYO DENKI CO.,LTD.",9,電機・精密,3650,電気機器,TOPIX Small 1,0111,プライム
2025-02-05,65170,デンヨー,"Denyo Co.,Ltd.",9,電機・精密,3650,電気機器,TOPIX Small 2,0111,プライム
2025-02-05,65180,三相電機,"SANSO ELECTRIC CO.,LTD.",9,電機・精密,3650,電気機器,-,0112,スタンダード
2025-02-05,65210,オキサイド,OXIDE Corporation,9,電機・精密,3650,電気機器,-,0113,グロース
2025-02-05,65220,アスタリスク,Asterisk Inc.,9,電機・精密,3650,電気機器,-,0113,グロース
2025-02-05,65230,ＰＨＣホールディングス,PHC Holdings Corporation,9,電機・精密,3650,電気機器,TOPIX Small 1,0111,プライム
2025-02-05,65240,湖北工業,"KOHOKU KOGYO CO.,LTD.",9,電機・精密,3650,電気機器,-,0112,スタンダード
2025-02-05,65250,ＫＯＫＵＳＡＩ　ＥＬＥＣＴＲＩＣ,KOKUSAI ELECTRIC CORPORATION,9,電機・精密,3650,電気機器,TOPIX Mid400,0111,プライム
2025-02-05,65260,ソシオネクスト,Socionext Inc.,9,電機・精密,3650,電気機器,TOPIX Mid400,0111,プライム
2025-02-05,65270,ワカ製作所,"WAKA MANUFACTURING CO.,LTD.",9,電機・精密,3650,電気機器,-,0105,TOKYO PRO MARKET
2025-02-05,65320,ベイカレント,"BayCurrent,Inc.",10,情報通信・サービスその他,9050,サービス業,TOPIX Mid400,0111,プライム
2025-02-05,65330,Ｏｒｃｈｅｓｔｒａ　Ｈｏｌｄｉｎｇｓ,Orchestra Holdings Inc.,10,情報通信・サービスその他,9050,サービス業,TOPIX Small 2,0111,プライム
2025-02-05,65350,アイモバイル,"i-mobile Co.,Ltd.",10,情報通信・サービスその他,9050,サービス業,TOPIX Small 2,0111,プライム
2025-02-05,65370,ＷＡＳＨハウス,"WASHHOUSE CO.,LTD.",10,情報通信・サービスその他,9050,サービス業,-,0113,グロース
2025-02-05,65380,ディスラプターズ,Disruptors Inc.,10,情報通信・サービスその他,9050,サービス業,-,0112,スタンダード
2025-02-05,65390,ＭＳ−Ｊａｐａｎ,"MATCHING SERVICE JAPAN CO.,LTD.",10,情報通信・サービスその他,9050,サービス業,TOPIX Small 2,0111,プライム
2025-02-05,65400,船場,SEMBA CORPORATION,10,情報通信・サービスその他,9050,サービス業,-,0112,スタンダード
2025-02-05,65420,ＦＣホールディングス,Founder's Consultants Holdings Inc.,10,情報通信・サービスその他,9050,サービス業,-,0112,スタンダード
2025-02-05,65430,日宣,NISSEN INC.,10,情報通信・サービスその他,9050,サービス業,-,0112,スタンダード
2025-02-05,65440,ジャパンエレベーターサービスホールディングス,"JAPAN ELEVATOR SERVICE HOLDINGS CO.,LTD.",10,情報通信・サービスその他,9050,サービス業,TOPIX Small 1,0111,プライム
2025-02-05,65450,インターネットインフィニティー,internet infinity INC.,10,情報通信・サービスその他,9050,サービス業,-,0113,グロース
2025-02-05,65460,フルテック,Fulltech Co.Ltd.,10,情報通信・サービスその他,9050,サービス業,-,0112,スタンダード
2025-02-05,65470,グリーンズ,"GREENS CO.,LTD.",10,情報通信・サービスその他,9050,サービス業,-,0112,スタンダード
2025-02-05,65480,旅工房,TABIKOBO Co.Ltd.,10,情報通信・サービスその他,9050,サービス業,-,0113,グロース
2025-02-05,65490,ディーエムソリューションズ,"DM Solutions Co.,Ltd",10,情報通信・サービスその他,9050,サービス業,-,0112,スタンダード
2025-02-05,65500,Ｕｎｉｐｏｓ,Unipos Inc.,10,情報通信・サービスその他,9050,サービス業,-,0113,グロース
2025-02-05,65510,ツナググループ・ホールディングス,TSUNAGU GROUP HOLDINGS Inc.,10,情報通信・サービスその他,9050,サービス業,-,0112,スタンダード
2025-02-05,65520,ＧａｍｅＷｉｔｈ,"GameWith,Inc.",10,情報通信・サービスその他,9050,サービス業,-,0112,スタンダード
2025-02-05,65540,エスユーエス,"SUS Co.,Ltd.",10,情報通信・サービスその他,9050,サービス業,-,0113,グロース
2025-02-05,65550,ＭＳ＆Ｃｏｎｓｕｌｔｉｎｇ,"MS&Consulting Co.,Ltd.",10,情報通信・サービスその他,9050,サービス業,-,0112,スタンダード
2025-02-05,65570,ＡＩＡＩグループ,AIAI Group Corporation,10,情報通信・サービスその他,9050,サービス業,-,0113,グロース
2025-02-05,65580,クックビズ,"Cookbiz Co.,Ltd.",10,情報通信・サービスその他,9050,サービス業,-,0113,グロース
2025-02-05,65600,エル・ティー・エス,"LTS,Inc.",10,情報通信・サービスその他,9050,サービス業,TOPIX Small 2,0111,プライム
2025-02-05,65610,ＨＡＮＡＴＯＵＲ　ＪＡＰＡＮ,"HANATOUR JAPAN CO.,LTD.",10,情報通信・サービスその他,9050,サービス業,-,0113,グロース
2025-02-05,65620,ジーニー,"Geniee,Inc.",10,情報通信・サービスその他,9050,サービス業,-,0113,グロース
2025-02-05,65630,みらいワークス,Mirai Works Inc.,10,情報通信・サービスその他,9050,サービス業,-,0113,グロース
2025-02-05,65640,ミダックホールディングス,"MIDAC HOLDINGS CO.,LTD.",10,情報通信・サービスその他,9050,サービス業,TOPIX Small 2,0111,プライム
2025-02-05,65650,ＡＢホテル,"ABHOTEL CO.,LTD.",10,情報通信・サービスその他,9050,サービス業,-,0112,スタンダード
2025-02-05,65660,要興業,"KANAME KOGYO CO.,LTD.",10,情報通信・サービスその他,9050,サービス業,-,0112,スタンダード
2025-02-05,65680,神戸天然物化学,"KNC Laboratories Co.,Ltd.",10,情報通信・サービスその他,9050,サービス業,-,0113,グロース
2025-02-05,65700,共和コーポレーション,Kyowa Corporation,10,情報通信・サービスその他,9050,サービス業,-,0112,スタンダード
2025-02-05,65710,キュービーネットホールディングス,"QB Net Holdings Co.,Ltd.",10,情報通信・サービスその他,9050,サービス業,TOPIX Small 2,0111,プライム
2025-02-05,65720,オープングループ,"OPEN Group,Inc.",10,情報通信・サービスその他,9050,サービス業,TOPIX Small 2,0111,プライム
2025-02-05,65730,アジャイルメディア・ネットワーク,Agile Media Network Inc.,10,情報通信・サービスその他,9050,サービス業,-,0113,グロース
2025-02-05,65740,コンヴァノ,Convano Inc.,10,情報通信・サービスその他,9050,サービス業,-,0113,グロース
2025-02-05,65760,揚工舎,"Youkosha Co.,Ltd.",10,情報通信・サービスその他,9050,サービス業,-,0105,TOKYO PRO MARKET
2025-02-05,65770,ベストワンドットコム,"Bestone.Com Co.,Ltd",10,情報通信・サービスその他,9050,サービス業,-,0113,グロース
2025-02-05,65780,コレックホールディングス,CORREC HOLDINGS Inc.,10,情報通信・サービスその他,9050,サービス業,-,0112,スタンダード
2025-02-05,65790,ログリー,"logly,Inc.",10,情報通信・サービスその他,9050,サービス業,-,0113,グロース
2025-02-05,65800,ライトアップ,"Writeup Co.,Ltd.",10,情報通信・サービスその他,9050,サービス業,-,0113,グロース
2025-02-05,65840,三櫻工業,"Sanoh Industrial Co.,Ltd.",6,自動車・輸送機,3700,輸送用機器,TOPIX Small 2,0111,プライム
2025-02-05,65860,マキタ,Makita Corporation,8,機械,3600,機械,TOPIX Mid400,0111,プライム
2025-02-05,65880,東芝テック,TOSHIBA TEC CORPORATION,9,電機・精密,3650,電気機器,TOPIX Small 1,0111,プライム
2025-02-05,65900,芝浦メカトロニクス,SHIBAURA MECHATRONICS CORPORATION,9,電機・精密,3650,電気機器,TOPIX Small 1,0111,プライム
2025-02-05,65920,マブチモーター,"MABUCHI MOTOR CO.,LTD.",9,電機・精密,3650,電気機器,TOPIX Mid400,0111,プライム
2025-02-05,65940,ニデック,NIDEC CORPORATION,9,電機・精密,3650,電気機器,TOPIX Large70,0111,プライム
2025-02-05,65960,筑波精工,"TSUKUBASEIKO Co.,Ltd.",9,電機・精密,3650,電気機器,-,0105,TOKYO PRO MARKET
2025-02-05,65970,ＨＰＣシステムズ,HPC SYSTEMS Inc.,9,電機・精密,3650,電気機器,-,0113,グロース
2025-02-05,65990,エブレン,"EBRAINS,INC.",9,電機・精密,3650,電気機器,-,0112,スタンダード
2025-02-05,66120,バルミューダ,BALMUDA Inc.,9,電機・精密,3650,電気機器,-,0113,グロース
2025-02-05,66130,ＱＤレーザ,"QD Laser,Inc.",9,電機・精密,3650,電気機器,-,0113,グロース
2025-02-05,66140,シキノハイテック,"Shikino High-Tech CO.,LTD.",9,電機・精密,3650,電気機器,-,0112,スタンダード
2025-02-05,66150,ユー・エム・シー・エレクトロニクス,"UMC Electronics Co.,Ltd.",9,電機・精密,3650,電気機器,TOPIX Small 2,0111,プライム
2025-02-05,66160,トレックス・セミコンダクター,TOREX SEMICONDUCTOR LTD.,9,電機・精密,3650,電気機器,TOPIX Small 2,0111,プライム
2025-02-05,66170,東光高岳,"TAKAOKA TOKO CO.,LTD.",9,電機・精密,3650,電気機器,TOPIX Small 2,0111,プライム
2025-02-05,66190,ダブル・スコープ,W-SCOPE Corporation,9,電機・精密,3650,電気機器,TOPIX Small 2,0111,プライム
2025-02-05,66200,宮越ホールディングス,"Miyakoshi Holdings,Inc.",17,不動産,8050,不動産業,TOPIX Small 2,0111,プライム
2025-02-05,66220,ダイヘン,DAIHEN CORPORATION,9,電機・精密,3650,電気機器,TOPIX Small 1,0111,プライム
2025-02-05,66250,ＪＡＬＣＯホールディングス,JALCO Holdings Inc.,17,不動産,8050,不動産業,-,0112,スタンダード
2025-02-05,66260,ＳＥＭＩＴＥＣ,SEMITEC Corporation,9,電機・精密,3650,電気機器,-,0112,スタンダード
2025-02-05,66270,テラプローブ,"Tera Probe,Inc.",9,電機・精密,3650,電気機器,-,0112,スタンダード
2025-02-05,66290,テクノホライゾン,"TECHNO HORIZON CO.,LTD.",9,電機・精密,3650,電気機器,-,0112,スタンダード
2025-02-05,66300,ヤーマン,YA-MAN LTD.,9,電機・精密,3650,電気機器,TOPIX Small 1,0111,プライム
2025-02-05,66320,ＪＶＣケンウッド,JVCKENWOOD Corporation,9,電機・精密,3650,電気機器,TOPIX Mid400,0111,プライム
2025-02-05,66330,Ｃ＆Ｇシステムズ,C&G SYSTEMS INC.,9,電機・精密,3650,電気機器,-,0112,スタンダード
2025-02-05,66340,ネクスグループ,NCXX Group Inc.,9,電機・精密,3650,電気機器,-,0112,スタンダード
2025-02-05,66350,大日光・エンジニアリング,KK DI-NIKKO ENGINEERING,9,電機・精密,3650,電気機器,-,0112,スタンダード
2025-02-05,66370,寺崎電気産業,"TERASAKI ELECTRIC CO.,LTD.",9,電機・精密,3650,電気機器,-,0112,スタンダード
2025-02-05,66380,ミマキエンジニアリング,"MIMAKI ENGINEERING CO.,LTD.",9,電機・精密,3650,電気機器,TOPIX Small 2,0111,プライム
2025-02-05,66400,Ｉ−ＰＥＸ,I-PEX Inc.,9,電機・精密,3650,電気機器,TOPIX Small 2,0111,プライム
2025-02-05,66430,戸上電機製作所,"Togami Electric Mfg.Co.,Ltd.",9,電機・精密,3650,電気機器,-,0112,スタンダード
2025-02-05,66440,大崎電気工業,"Osaki Electric Co.,Ltd.",9,電機・精密,3650,電気機器,TOPIX Small 2,0111,プライム
2025-02-05,66450,オムロン,OMRON Corporation,9,電機・精密,3650,電気機器,TOPIX Mid400,0111,プライム
2025-02-05,66470,森尾電機,"MORIO DENKI CO.,LTD.",9,電機・精密,3650,電気機器,-,0112,スタンダード
2025-02-05,66480,かわでん,KAWADEN CORPORATION,9,電機・精密,3650,電気機器,-,0112,スタンダード
2025-02-05,66510,日東工業,NITTO KOGYO CORPORATION,9,電機・精密,3650,電気機器,TOPIX Small 1,0111,プライム
2025-02-05,66520,ＩＤＥＣ,IDEC CORPORATION,9,電機・精密,3650,電気機器,TOPIX Small 1,0111,プライム
2025-02-05,66530,正興電機製作所,"SEIKO ELECTRIC CO.,LTD.",9,電機・精密,3650,電気機器,-,0111,プライム
2025-02-05,66540,不二電機工業,"FUJI ELECTRIC INDUSTRY CO.,LTD.",9,電機・精密,3650,電気機器,-,0112,スタンダード
2025-02-05,66560,インスペック,inspec Inc.,9,電機・精密,3650,電気機器,-,0112,スタンダード
2025-02-05,66580,シライ電子工業,"Shirai Electronics Industrial Co.,Ltd.",9,電機・精密,3650,電気機器,-,0112,スタンダード
2025-02-05,66590,メディアリンクス,"MEDIA LINKS CO.,LTD.",9,電機・精密,3650,電気機器,-,0112,スタンダード
2025-02-05,66620,ユビテック,"Ubiteq,INC.",9,電機・精密,3650,電気機器,-,0112,スタンダード
2025-02-05,66630,太洋テクノレックス,"TAIYO TECHNOLEX CO.,LTD.",9,電機・精密,3650,電気機器,-,0112,スタンダード
2025-02-05,66640,オプトエレクトロニクス,"OPTOELECTRONICS CO.,LTD.",9,電機・精密,3650,電気機器,-,0112,スタンダード
2025-02-05,66660,リバーエレテック,RIVER ELETEC CORPORATION,9,電機・精密,3650,電気機器,-,0112,スタンダード
2025-02-05,66680,アドテック　プラズマ　テクノロジー,"ADTEC PLASMA TECHNOLOGY CO.,LTD.",9,電機・精密,3650,電気機器,-,0112,スタンダード
2025-02-05,66700,ＭＣＪ,"MCJ Co.,Ltd.",9,電機・精密,3650,電気機器,-,0112,スタンダード
2025-02-05,66740,ジーエス・ユアサ　コーポレーション,GS Yuasa Corporation,9,電機・精密,3650,電気機器,TOPIX Mid400,0111,プライム
2025-02-05,66750,サクサ,"SAXA,Inc.",9,電機・精密,3650,電気機器,-,0112,スタンダード
2025-02-05,66760,メルコホールディングス,MELCO HOLDINGS INC.,9,電機・精密,3650,電気機器,TOPIX Small 2,0112,スタンダード
2025-02-05,66770,エスケーエレクトロニクス,"SK-Electronics CO.,LTD.",9,電機・精密,3650,電気機器,-,0112,スタンダード
2025-02-05,66780,テクノメディカ,"Techno Medica Co.,Ltd.",9,電機・精密,3650,電気機器,TOPIX Small 2,0112,スタンダード
2025-02-05,66940,ズーム,ZOOM CORPORATION,9,電機・精密,3650,電気機器,-,0112,スタンダード
2025-02-05,66950,キャストリコ,"Castrico Co.,Ltd.",9,電機・精密,3650,電気機器,-,0105,TOKYO PRO MARKET
2025-02-05,66960,トラース・オン・プロダクト,TRaaS On Product Inc.,9,電機・精密,3650,電気機器,-,0113,グロース
2025-02-05,66970,テックポイント・インク,"Techpoint,Inc.",9,電機・精密,3650,電気機器,-,0113,グロース
2025-02-05,66990,ダイヤモンドエレクトリックホールディングス,"DIAMOND ELECTRIC HOLDINGS Co.,Ltd.",9,電機・精密,3650,電気機器,TOPIX Small 2,0111,プライム
2025-02-05,67010,日本電気,NEC Corporation,9,電機・精密,3650,電気機器,TOPIX Large70,0111,プライム
2025-02-05,67020,富士通,Fujitsu Limited,9,電機・精密,3650,電気機器,TOPIX Large70,0111,プライム
2025-02-05,67030,沖電気工業,"Oki Electric Industry Company,Limited",9,電機・精密,3650,電気機器,TOPIX Small 1,0111,プライム
2025-02-05,67060,電気興業,"DKK Co.,Ltd.",9,電機・精密,3650,電気機器,TOPIX Small 2,0111,プライム
2025-02-05,67070,サンケン電気,"Sanken Electric Co.,Ltd.",9,電機・精密,3650,電気機器,TOPIX Mid400,0111,プライム
2025-02-05,67150,ナカヨ,"NAKAYO,INC.",9,電機・精密,3650,電気機器,-,0112,スタンダード
2025-02-05,67180,アイホン,"AIPHONE CO.,LTD.",9,電機・精密,3650,電気機器,TOPIX Small 2,0111,プライム
2025-02-05,67210,ウインテスト,Wintest Corp.,9,電機・精密,3650,電気機器,-,0112,スタンダード
2025-02-05,67230,ルネサスエレクトロニクス,Renesas Electronics Corporation,9,電機・精密,3650,電気機器,TOPIX Large70,0111,プライム
2025-02-05,67240,セイコーエプソン,SEIKO EPSON CORPORATION,9,電機・精密,3650,電気機器,TOPIX Mid400,0111,プライム
2025-02-05,67270,ワコム,"Wacom Co.,Ltd.",9,電機・精密,3650,電気機器,TOPIX Small 1,0111,プライム
2025-02-05,67280,アルバック,"ULVAC, Inc.",9,電機・精密,3650,電気機器,TOPIX Mid400,0111,プライム
2025-02-05,67300,アクセル,AXELL CORPORATION,9,電機・精密,3650,電気機器,TOPIX Small 2,0112,スタンダード
2025-02-05,67310,ピクセラ,PIXELA CORPORATION,9,電機・精密,3650,電気機器,-,0112,スタンダード
2025-02-05,67340,ニューテック,"Newtech Co.,Ltd.",9,電機・精密,3650,電気機器,-,0112,スタンダード
2025-02-05,67360,サン電子,SUNCORPORATION,9,電機・精密,3650,電気機器,-,0112,スタンダード
2025-02-05,67370,ＥＩＺＯ,EIZO Corporation,9,電機・精密,3650,電気機器,TOPIX Small 1,0111,プライム
2025-02-05,67400,ジャパンディスプレイ,Japan Display Inc.,9,電機・精密,3650,電気機器,TOPIX Small 2,0111,プライム
2025-02-05,67410,日本信号,"Nippon Signal Company,Limited",9,電機・精密,3650,電気機器,TOPIX Small 2,0111,プライム
2025-02-05,67420,京三製作所,"Kyosan Electric Manufacturing Co.,Ltd.",9,電機・精密,3650,電気機器,TOPIX Small 2,0111,プライム
2025-02-05,67430,大同信号,"Daido Signal Co.,Ltd.",9,電機・精密,3650,電気機器,-,0112,スタンダード
2025-02-05,67440,能美防災,NOHMI BOSAI LTD.,9,電機・精密,3650,電気機器,TOPIX Small 2,0111,プライム
2025-02-05,67450,ホーチキ,HOCHIKI CORPORATION,9,電機・精密,3650,電気機器,TOPIX Small 2,0111,プライム
2025-02-05,67480,星和電機,"SEIWA ELECTRIC MFG. CO.,LTD.",9,電機・精密,3650,電気機器,-,0112,スタンダード
2025-02-05,67500,エレコム,"ELECOM CO.,LTD.",9,電機・精密,3650,電気機器,TOPIX Small 1,0111,プライム
2025-02-05,67520,パナソニック　ホールディングス,Panasonic Holdings Corporation,9,電機・精密,3650,電気機器,TOPIX Large70,0111,プライム
2025-02-05,67530,シャープ,Sharp Corporation,9,電機・精密,3650,電気機器,TOPIX Mid400,0111,プライム
2025-02-05,67540,アンリツ,ANRITSU CORPORATION,9,電機・精密,3650,電気機器,TOPIX Mid400,0111,プライム
2025-02-05,67550,富士通ゼネラル,FUJITSU GENERAL LIMITED,9,電機・精密,3650,電気機器,TOPIX Small 1,0111,プライム
2025-02-05,67570,ＯＳＧコーポレーション,"OSG CORPORATION CO.,LTD.",9,電機・精密,3650,電気機器,-,0112,スタンダード
2025-02-05,67580,ソニーグループ,SONY GROUP CORPORATION,9,電機・精密,3650,電気機器,TOPIX Core30,0111,プライム
2025-02-05,67620,ＴＤＫ,TDK Corporation,9,電機・精密,3650,電気機器,TOPIX Large70,0111,プライム
2025-02-05,67630,帝国通信工業,"Teikoku Tsushin Kogyo Co.,Ltd.",9,電機・精密,3650,電気機器,TOPIX Small 2,0111,プライム
2025-02-05,67680,タムラ製作所,TAMURA CORPORATION,9,電機・精密,3650,電気機器,TOPIX Small 1,0111,プライム
2025-02-05,67690,ザインエレクトロニクス,"THine Electronics,Inc.",9,電機・精密,3650,電気機器,-,0112,スタンダード
2025-02-05,67700,アルプスアルパイン,"ALPS ALPINE CO.,LTD.",9,電機・精密,3650,電気機器,TOPIX Mid400,0111,プライム
2025-02-05,67710,池上通信機,"IKEGAMI TSUSHINKI CO.,LTD.",9,電機・精密,3650,電気機器,-,0112,スタンダード
2025-02-05,67720,東京コスモス電機,"Tokyo Cosmos Electric Co.,Ltd.",9,電機・精密,3650,電気機器,-,0112,スタンダード
2025-02-05,67750,ＴＢグループ,TB GROUP INC.,9,電機・精密,3650,電気機器,-,0112,スタンダード
2025-02-05,67760,天昇電気工業,"Tensho Electric Industries Co.,Ltd.",4,素材・化学,3200,化学,-,0112,スタンダード
2025-02-05,67770,ｓａｎｔｅｃ　Ｈｏｌｄｉｎｇｓ,santec Holdings Corporation,9,電機・精密,3650,電気機器,-,0112,スタンダード
2025-02-05,67780,アルチザネットワークス,"Artiza Networks,Inc.",9,電機・精密,3650,電気機器,-,0112,スタンダード
2025-02-05,67790,日本電波工業,"NIHON DEMPA KOGYO CO.,LTD.",9,電機・精密,3650,電気機器,TOPIX Small 2,0111,プライム
2025-02-05,67850,鈴木,"SUZUKI CO.,LTD.",9,電機・精密,3650,電気機器,TOPIX Small 2,0111,プライム
2025-02-05,67860,ＲＶＨ,RVH Inc.,10,情報通信・サービスその他,9050,サービス業,-,0112,スタンダード
2025-02-05,67870,メイコー,"Meiko Electronics Co.,Ltd.",9,電機・精密,3650,電気機器,TOPIX Small 1,0111,プライム
2025-02-05,67880,日本トリム,"NIHON TRIM CO.,LTD.",9,電機・精密,3650,電気機器,TOPIX Small 2,0111,プライム
2025-02-05,67940,フォスター電機,"Foster Electric Company,Limited",9,電機・精密,3650,電気機器,TOPIX Small 2,0111,プライム
2025-02-05,67970,名古屋電機工業,"NAGOYA ELECTRIC WORKS CO.,LTD.",9,電機・精密,3650,電気機器,-,0112,スタンダード
2025-02-05,67980,ＳＭＫ,SMK Corporation,9,電機・精密,3650,電気機器,TOPIX Small 2,0111,プライム
2025-02-05,68000,ヨコオ,"YOKOWO CO.,LTD.",9,電機・精密,3650,電気機器,TOPIX Small 1,0111,プライム
2025-02-05,68030,ティアック,TEAC CORPORATION,9,電機・精密,3650,電気機器,-,0112,スタンダード
2025-02-05,68040,ホシデン,Hosiden Corporation,9,電機・精密,3650,電気機器,TOPIX Small 1,0111,プライム
2025-02-05,68060,ヒロセ電機,"HIROSE ELECTRIC CO.,LTD.",9,電機・精密,3650,電気機器,TOPIX Mid400,0111,プライム
2025-02-05,68070,日本航空電子工業,"Japan Aviation Electronics Industry,Limited",9,電機・精密,3650,電気機器,TOPIX Small 1,0111,プライム
2025-02-05,68090,ＴＯＡ,TOA CORPORATION,9,電機・精密,3650,電気機器,TOPIX Small 2,0111,プライム
2025-02-05,68100,マクセル,"Maxell,Ltd.",9,電機・精密,3650,電気機器,TOPIX Small 1,0111,プライム
2025-02-05,68140,古野電気,"FURUNO ELECTRIC CO.,LTD.",9,電機・精密,3650,電気機器,TOPIX Small 1,0111,プライム
2025-02-05,68170,スミダコーポレーション,SUMIDA CORPORATION,9,電機・精密,3650,電気機器,TOPIX Small 2,0111,プライム
2025-02-05,68190,伊豆シャボテンリゾート,"Izu Shaboten Resort Co.,Ltd",10,情報通信・サービスその他,9050,サービス業,-,0112,スタンダード
2025-02-05,68200,アイコム,ICOM INCORPORATED,9,電機・精密,3650,電気機器,TOPIX Small 2,0111,プライム
2025-02-05,68220,大井電気,"Oi Electric Co.,Ltd.",9,電機・精密,3650,電気機器,-,0112,スタンダード
2025-02-05,68230,リオン,"RION CO.,LTD.",9,電機・精密,3650,電気機器,TOPIX Small 2,0111,プライム
2025-02-05,68240,新コスモス電機,"NEW COSMOS ELECTRIC CO.,LTD.",9,電機・精密,3650,電気機器,-,0112,スタンダード
2025-02-05,68320,アオイ電子,"AOI ELECTRONICS CO.,LTD.",9,電機・精密,3650,電気機器,-,0112,スタンダード
2025-02-05,68340,精工技研,"SEIKOH GIKEN Co.,Ltd.",9,電機・精密,3650,電気機器,-,0112,スタンダード
2025-02-05,68350,アライドテレシスホールディングス,ALLIED TELESIS HOLDINGS K.K.,9,電機・精密,3650,電気機器,-,0112,スタンダード
2025-02-05,68360,ぷらっとホーム,"PLAT'HOME CO.,LTD.",9,電機・精密,3650,電気機器,-,0112,スタンダード
2025-02-05,68370,京写,"KYOSHA CO.,LTD.",9,電機・精密,3650,電気機器,-,0112,スタンダード
2025-02-05,68380,多摩川ホールディングス,"TAMAGAWA HOLDINGS CO.,LTD.",9,電機・精密,3650,電気機器,-,0112,スタンダード
2025-02-05,68400,ＡＫＩＢＡホールディングス,"AKIBA Holdings Co.,Ltd.",9,電機・精密,3650,電気機器,-,0112,スタンダード
2025-02-05,68410,横河電機,YOKOGAWA ELECTRIC CORPORATION,9,電機・精密,3650,電気機器,TOPIX Mid400,0111,プライム
2025-02-05,68440,新電元工業,"Shindengen Electric Manufacturing Co.,Ltd.",9,電機・精密,3650,電気機器,TOPIX Small 2,0111,プライム
2025-02-05,68450,アズビル,Azbil Corporation,9,電機・精密,3650,電気機器,TOPIX Mid400,0111,プライム
2025-02-05,68480,東亜ディーケーケー,DKK-TOA CORPORATION,9,電機・精密,3650,電気機器,-,0112,スタンダード
2025-02-05,68490,日本光電工業,NIHON KOHDEN CORPORATION,9,電機・精密,3650,電気機器,TOPIX Mid400,0111,プライム
2025-02-05,68500,チノー,Chino Corporation,9,電機・精密,3650,電気機器,TOPIX Small 2,0111,プライム
2025-02-05,68530,共和電業,"KYOWA ELECTRONIC INSTRUMENTS CO.,LTD.",9,電機・精密,3650,電気機器,-,0112,スタンダード
2025-02-05,68550,日本電子材料,JAPAN ELECTRONIC MATERIALS CORPORATION,9,電機・精密,3650,電気機器,TOPIX Small 2,0112,スタンダード
2025-02-05,68560,堀場製作所,"HORIBA,Ltd.",9,電機・精密,3650,電気機器,TOPIX Mid400,0111,プライム
2025-02-05,68570,アドバンテスト,ADVANTEST CORPORATION,9,電機・精密,3650,電気機器,TOPIX Large70,0111,プライム
2025-02-05,68580,小野測器,"ONO SOKKI Co.,Ltd.",9,電機・精密,3650,電気機器,-,0112,スタンダード
2025-02-05,68590,エスペック,ESPEC CORP.,9,電機・精密,3650,電気機器,TOPIX Small 1,0111,プライム
2025-02-05,68610,キーエンス,KEYENCE CORPORATION,9,電機・精密,3650,電気機器,TOPIX Core30,0111,プライム
2025-02-05,68620,ミナトホールディングス,MINATO HOLDINGS INC.,9,電機・精密,3650,電気機器,-,0112,スタンダード
2025-02-05,68630,ニレコ,NIRECO CORPORATION,9,電機・精密,3650,電気機器,-,0112,スタンダード
2025-02-05,68640,エヌエフホールディングス,NF HOLDINGS CORPORATION,9,電機・精密,3650,電気機器,-,0112,スタンダード
2025-02-05,68660,日置電機,HIOKI E.E.CORPORATION,9,電機・精密,3650,電気機器,TOPIX Small 1,0111,プライム
2025-02-05,68670,リーダー電子,LEADER ELECTRONICS CORPORATION,9,電機・精密,3650,電気機器,-,0112,スタンダード
2025-02-05,68690,シスメックス,SYSMEX CORPORATION,9,電機・精密,3650,電気機器,TOPIX Large70,0111,プライム
2025-02-05,68700,日本フェンオール,"Fenwal Controls of Japan,Ltd.",9,電機・精密,3650,電気機器,-,0112,スタンダード
2025-02-05,68710,日本マイクロニクス,"MICRONICS JAPAN CO.,LTD.",9,電機・精密,3650,電気機器,TOPIX Small 1,0111,プライム
2025-02-05,68740,協立電機,KYORITSU ELECTRIC CORPORATION,9,電機・精密,3650,電気機器,-,0112,スタンダード
2025-02-05,68750,メガチップス,MegaChips Corporation,9,電機・精密,3650,電気機器,TOPIX Small 1,0111,プライム
2025-02-05,68770,ＯＢＡＲＡ　ＧＲＯＵＰ,Obara Group Incorporated,9,電機・精密,3650,電気機器,TOPIX Small 2,0112,スタンダード
2025-02-05,68790,ＩＭＡＧＩＣＡ　ＧＲＯＵＰ,IMAGICA GROUP Inc.,10,情報通信・サービスその他,5250,情報･通信業,TOPIX Small 2,0111,プライム
2025-02-05,68820,三社電機製作所,"Sansha Electric Manufacturing Co.,Ltd.",9,電機・精密,3650,電気機器,-,0112,スタンダード
2025-02-05,68880,アクモス,ACMOS INC.,10,情報通信・サービスその他,5250,情報･通信業,-,0112,スタンダード
2025-02-05,68900,フェローテックホールディングス,Ferrotec Holdings Corporation,9,電機・精密,3650,電気機器,-,0112,スタンダード
2025-02-05,68940,パルステック工業,"PULSTEC INDUSTRIAL CO.,LTD.",9,電機・精密,3650,電気機器,-,0112,スタンダード
2025-02-05,68970,ツインバード,TWINBIRD CORPORATION,9,電機・精密,3650,電気機器,-,0112,スタンダード
2025-02-05,68980,トミタ電機,"TOMITA ELECTRIC CO.,LTD.",9,電機・精密,3650,電気機器,-,0112,スタンダード
2025-02-05,68990,ＡＳＴＩ,ASTI CORPORATION,9,電機・精密,3650,電気機器,-,0112,スタンダード
2025-02-05,69010,澤藤電機,"SAWAFUJI ELECTRIC CO.,LTD.",9,電機・精密,3650,電気機器,-,0112,スタンダード
2025-02-05,69020,デンソー,DENSO CORPORATION,6,自動車・輸送機,3700,輸送用機器,TOPIX Large70,0111,プライム
2025-02-05,69040,原田工業,"HARADA INDUSTRY CO.,LTD.",9,電機・精密,3650,電気機器,-,0112,スタンダード
2025-02-05,69050,コーセル,"COSEL CO.,LTD.",9,電機・精密,3650,電気機器,TOPIX Small 2,0111,プライム
2025-02-05,69070,ジオマテック,"GEOMATEC CO.,LTD.",9,電機・精密,3650,電気機器,-,0112,スタンダード
2025-02-05,69080,イリソ電子工業,"IRISO ELECTRONICS CO.,LTD.",9,電機・精密,3650,電気機器,TOPIX Small 1,0111,プライム
2025-02-05,69120,菊水ホールディングス,KIKUSUI HOLDINGS CORPORATION,9,電機・精密,3650,電気機器,-,0112,スタンダード
2025-02-05,69140,オプテックスグループ,"OPTEX GROUP Company,Limited",9,電機・精密,3650,電気機器,TOPIX Small 1,0111,プライム
2025-02-05,69150,千代田インテグレ,"CHIYODA INTEGRE CO.,LTD.",9,電機・精密,3650,電気機器,TOPIX Small 2,0112,スタンダード
2025-02-05,69180,アバールデータ,AVAL DATA CORPORATION,9,電機・精密,3650,電気機器,-,0112,スタンダード
2025-02-05,69190,ケル,KEL CORPORATION,9,電機・精密,3650,電気機器,-,0112,スタンダード
2025-02-05,69200,レーザーテック,Lasertec Corporation,9,電機・精密,3650,電気機器,TOPIX Large70,0111,プライム
2025-02-05,69230,スタンレー電気,"Stanley Electric Co.,Ltd.",9,電機・精密,3650,電気機器,TOPIX Mid400,0111,プライム
2025-02-05,69250,ウシオ電機,USHIO INC.,9,電機・精密,3650,電気機器,TOPIX Mid400,0111,プライム
2025-02-05,69260,岡谷電機産業,"OKAYA ELECTRIC INDUSTRIES CO.,LTD.",9,電機・精密,3650,電気機器,-,0112,スタンダード
2025-02-05,69270,ヘリオス　テクノ　ホールディング,"Helios Techno Holding Co.,Ltd.",9,電機・精密,3650,電気機器,-,0112,スタンダード
2025-02-05,69280,エノモト,"ENOMOTO Co.,Ltd.",9,電機・精密,3650,電気機器,-,0111,プライム
2025-02-05,69290,日本セラミック,"NIPPON CERAMIC CO.,LTD.",9,電機・精密,3650,電気機器,TOPIX Small 1,0111,プライム
2025-02-05,69300,日本アンテナ,"NIPPON ANTENNA CO.,LTD.",9,電機・精密,3650,電気機器,-,0112,スタンダード
2025-02-05,69320,遠藤照明,ENDO Lighting Corporation,9,電機・精密,3650,電気機器,-,0112,スタンダード
2025-02-05,69370,古河電池,"The Furukawa Battery Co.,Ltd.",9,電機・精密,3650,電気機器,TOPIX Small 2,0111,プライム
2025-02-05,69410,山一電機,"YAMAICHI ELECTRONICS CO.,LTD.",9,電機・精密,3650,電気機器,TOPIX Small 1,0111,プライム
2025-02-05,69420,ソフィアホールディングス,"SOPHIA HOLDINGS CO.,LTD.",10,情報通信・サービスその他,5250,情報･通信業,-,0112,スタンダード
2025-02-05,69430,ＮＫＫスイッチズ,"NKK SWITCHES CO.,LTD.",9,電機・精密,3650,電気機器,-,0112,スタンダード
2025-02-05,69460,日本アビオニクス,"Nippon Avionics Co.,Ltd.",9,電機・精密,3650,電気機器,-,0112,スタンダード
2025-02-05,69470,図研,ZUKEN INC.,9,電機・精密,3650,電気機器,TOPIX Small 1,0111,プライム
2025-02-05,69510,日本電子,JEOL Ltd.,9,電機・精密,3650,電気機器,TOPIX Mid400,0111,プライム
2025-02-05,69520,カシオ計算機,"CASIO COMPUTER CO.,LTD.",9,電機・精密,3650,電気機器,TOPIX Mid400,0111,プライム
2025-02-05,69540,ファナック,FANUC CORPORATION,9,電機・精密,3650,電気機器,TOPIX Large70,0111,プライム
2025-02-05,69550,ＦＤＫ,FDK CORPORATION,9,電機・精密,3650,電気機器,-,0112,スタンダード
2025-02-05,69570,芝浦電子,"SHIBAURA ELECTRONICS CO.,LTD.",9,電機・精密,3650,電気機器,-,0112,スタンダード
2025-02-05,69580,日本シイエムケイ,CMK CORPORATION,9,電機・精密,3650,電気機器,TOPIX Small 2,0111,プライム
2025-02-05,69600,フクダ電子,"FUKUDA DENSHI CO.,LTD.",9,電機・精密,3650,電気機器,-,0112,スタンダード
2025-02-05,69610,エンプラス,ENPLAS CORPORATION,9,電機・精密,3650,電気機器,TOPIX Small 1,0111,プライム
2025-02-05,69620,大真空,DAISHINKU CORP.,9,電機・精密,3650,電気機器,TOPIX Small 2,0111,プライム
2025-02-05,69630,ローム,ROHM COMPANY LIMITED,9,電機・精密,3650,電気機器,TOPIX Mid400,0111,プライム
2025-02-05,69640,サンコー,"SANKO CO.,LTD.",9,電機・精密,3650,電気機器,-,0112,スタンダード
2025-02-05,69650,浜松ホトニクス,HAMAMATSU PHOTONICS K.K.,9,電機・精密,3650,電気機器,TOPIX Mid400,0111,プライム
2025-02-05,69660,三井ハイテック,"Mitsui High-tec,Inc.",9,電機・精密,3650,電気機器,TOPIX Small 1,0111,プライム
2025-02-05,69670,新光電気工業,"SHINKO ELECTRIC INDUSTRIES CO.,LTD.",9,電機・精密,3650,電気機器,TOPIX Mid400,0111,プライム
2025-02-05,69690,松尾電機,"MATSUO ELECTRIC CO.,LTD.",9,電機・精密,3650,電気機器,-,0112,スタンダード
2025-02-05,69710,京セラ,KYOCERA CORPORATION,9,電機・精密,3650,電気機器,TOPIX Large70,0111,プライム
2025-02-05,69730,協栄産業,"KYOEI SANGYO CO.,LTD.",13,商社・卸売,6050,卸売業,-,0112,スタンダード
2025-02-05,69760,太陽誘電,"TAIYO YUDEN CO.,LTD.",9,電機・精密,3650,電気機器,TOPIX Mid400,0111,プライム
2025-02-05,69770,日本抵抗器製作所,"JAPAN RESISTOR MFG. CO.,LTD.",9,電機・精密,3650,電気機器,-,0112,スタンダード
2025-02-05,69810,村田製作所,"Murata Manufacturing Co.,Ltd.",9,電機・精密,3650,電気機器,TOPIX Core30,0111,プライム
2025-02-05,69820,リード,"The Lead Co.,Inc.",6,自動車・輸送機,3700,輸送用機器,-,0112,スタンダード
2025-02-05,69860,双葉電子工業,FUTABA CORPORATION,9,電機・精密,3650,電気機器,TOPIX Small 2,0111,プライム
2025-02-05,69880,日東電工,NITTO DENKO CORPORATION,4,素材・化学,3200,化学,TOPIX Mid400,0111,プライム
2025-02-05,69890,北陸電気工業,"HOKURIKU ELECTRIC INDUSTRY CO.,LTD.",9,電機・精密,3650,電気機器,-,0112,スタンダード
2025-02-05,69930,大黒屋ホールディングス,"Daikokuya Holdings Co.,Ltd.",14,小売,6100,小売業,-,0112,スタンダード
2025-02-05,69940,指月電機製作所,SHIZUKI ELECTRIC COMPANY INC.,9,電機・精密,3650,電気機器,-,0112,スタンダード
2025-02-05,69950,東海理化電機製作所,"TOKAI RIKA CO.,LTD.",6,自動車・輸送機,3700,輸送用機器,TOPIX Small 1,0111,プライム
2025-02-05,69960,ニチコン,NICHICON CORPORATION,9,電機・精密,3650,電気機器,TOPIX Small 1,0111,プライム
2025-02-05,69970,日本ケミコン,NIPPON CHEMI-CON CORPORATION,9,電機・精密,3650,電気機器,TOPIX Small 2,0111,プライム
2025-02-05,69980,日本タングステン,"Nippon Tungsten Co.,Ltd.",9,電機・精密,3650,電気機器,-,0112,スタンダード
2025-02-05,69990,ＫＯＡ,KOA CORPORATION,9,電機・精密,3650,電気機器,TOPIX Small 1,0111,プライム
2025-02-05,70030,三井Ｅ＆Ｓ,"MITSUI E&S Co.,Ltd.",8,機械,3600,機械,TOPIX Small 1,0111,プライム
2025-02-05,70040,カナデビア,Kanadevia Corporation,8,機械,3600,機械,TOPIX Small 1,0111,プライム
2025-02-05,70110,三菱重工業,"Mitsubishi Heavy Industries,Ltd.",8,機械,3600,機械,TOPIX Core30,0111,プライム
2025-02-05,70120,川崎重工業,"Kawasaki Heavy Industries,Ltd.",6,自動車・輸送機,3700,輸送用機器,TOPIX Mid400,0111,プライム
2025-02-05,70130,ＩＨＩ,IHI Corporation,8,機械,3600,機械,TOPIX Mid400,0111,プライム
2025-02-05,70140,名村造船所,"Namura Shipbuilding Co.,Ltd.",6,自動車・輸送機,3700,輸送用機器,TOPIX Small 1,0112,スタンダード
2025-02-05,70180,内海造船,Naikai Zosen Corporation,6,自動車・輸送機,3700,輸送用機器,-,0112,スタンダード
2025-02-05,70210,ニッチツ,"NITCHITSU CO.,LTD.",8,機械,3600,機械,-,0112,スタンダード
2025-02-05,70220,サノヤスホールディングス,Sanoyas Holdings Corporation,8,機械,3600,機械,-,0112,スタンダード
2025-02-05,70300,スプリックス,SPRIX Inc.,10,情報通信・サービスその他,9050,サービス業,-,0112,スタンダード
2025-02-05,70310,インバウンドテック,Inbound Tech Inc.,10,情報通信・サービスその他,9050,サービス業,-,0113,グロース
2025-02-05,70330,マネジメントソリューションズ,"Management Solutions Co.,Ltd.",10,情報通信・サービスその他,9050,サービス業,TOPIX Small 2,0111,プライム
2025-02-05,70340,プロレド・パートナーズ,"Prored Partners CO.,LTD.",10,情報通信・サービスその他,9050,サービス業,TOPIX Small 2,0111,プライム
2025-02-05,70350,ａｎｄ　ｆａｃｔｏｒｙ,"and factory,inc",10,情報通信・サービスその他,9050,サービス業,-,0112,スタンダード
2025-02-05,70360,イーエムネットジャパン,eMnet Japan.co.ltd.,10,情報通信・サービスその他,9050,サービス業,-,0113,グロース
2025-02-05,70370,テノ．ホールディングス,teno.Holdings Company Limited,10,情報通信・サービスその他,9050,サービス業,-,0112,スタンダード
2025-02-05,70380,フロンティア・マネジメント,Frontier Management Inc.,10,情報通信・サービスその他,9050,サービス業,TOPIX Small 2,0111,プライム
2025-02-05,70390,ブリッジインターナショナル,BRIDGE International Corp.,10,情報通信・サービスその他,9050,サービス業,-,0113,グロース
2025-02-05,70400,サン・ライフホールディング,"SUN-LIFE HOLDING CO.,LTD.",10,情報通信・サービスその他,9050,サービス業,-,0112,スタンダード
2025-02-05,70410,ＣＲＧホールディングス,"CRG HOLDINGS CO.,LTD.",10,情報通信・サービスその他,9050,サービス業,-,0113,グロース
2025-02-05,70420,アクセスグループ・ホールディングス,"ACCESS GROUP HOLDINGS CO.,LTD.",10,情報通信・サービスその他,9050,サービス業,-,0112,スタンダード
2025-02-05,70430,アルー,"Alue Co.,Ltd.",10,情報通信・サービスその他,9050,サービス業,-,0113,グロース
2025-02-05,70440,ピアラ,PIALA INC.,10,情報通信・サービスその他,9050,サービス業,-,0112,スタンダード
2025-02-05,70460,ＴＤＳＥ,TDSE Inc.,10,情報通信・サービスその他,9050,サービス業,-,0113,グロース
2025-02-05,70470,ポート,PORT INC.,10,情報通信・サービスその他,9050,サービス業,-,0113,グロース
2025-02-05,70480,ベルトラ,VELTRA Corporation,10,情報通信・サービスその他,9050,サービス業,-,0113,グロース
2025-02-05,70490,識学,"SHIKIGAKU.Co.,Ltd.",10,情報通信・サービスその他,9050,サービス業,-,0113,グロース
2025-02-05,70500,フロンティアインターナショナル,FRONTIER INTERNATIONAL INC.,10,情報通信・サービスその他,9050,サービス業,-,0113,グロース
2025-02-05,70560,マルク,"Maruc Co.,Ltd.",10,情報通信・サービスその他,9050,サービス業,-,0105,TOKYO PRO MARKET
2025-02-05,70570,エヌ・シー・エヌ,"New Constructor's Network Co.,Ltd.",10,情報通信・サービスその他,9050,サービス業,-,0112,スタンダード
2025-02-05,70580,共栄セキュリティーサービス,"Kyoei Security Service Co.,Ltd.",10,情報通信・サービスその他,9050,サービス業,-,0112,スタンダード
2025-02-05,70590,コプロ・ホールディングス,"COPRO-HOLDINGS.Co.,Ltd.",10,情報通信・サービスその他,9050,サービス業,-,0111,プライム
2025-02-05,70600,ギークス,geechs inc.,10,情報通信・サービスその他,9050,サービス業,-,0112,スタンダード
2025-02-05,70610,日本ホスピスホールディングス,Japan Hospice Holdings Inc.,10,情報通信・サービスその他,9050,サービス業,-,0113,グロース
2025-02-05,70620,フレアス,"Fureasu Co.,Ltd.",10,情報通信・サービスその他,9050,サービス業,-,0113,グロース
2025-02-05,70630,Ｂｉｒｄｍａｎ,Birdman Inc.,10,情報通信・サービスその他,9050,サービス業,-,0113,グロース
2025-02-05,70640,ハウテレビジョン,"Howtelevision,Inc.",10,情報通信・サービスその他,9050,サービス業,-,0113,グロース
2025-02-05,70650,ユーピーアール,UPR Corporation,10,情報通信・サービスその他,9050,サービス業,-,0112,スタンダード
2025-02-05,70660,ピアズ,"Peers Co.,Ltd.",10,情報通信・サービスその他,9050,サービス業,-,0113,グロース
2025-02-05,70670,ブランディングテクノロジー,Branding Technology Inc.,10,情報通信・サービスその他,9050,サービス業,-,0113,グロース
2025-02-05,70680,フィードフォースグループ,Feedforce Group Inc.,10,情報通信・サービスその他,9050,サービス業,-,0113,グロース
2025-02-05,70690,サイバー・バズ,"CyberBuzz,Inc.",10,情報通信・サービスその他,9050,サービス業,-,0113,グロース
2025-02-05,70710,アンビスホールディングス,"Amvis Holdings,Inc.",10,情報通信・サービスその他,9050,サービス業,TOPIX Small 1,0111,プライム
2025-02-05,70720,インティメート・マージャー,"Intimate Merger,Inc.",10,情報通信・サービスその他,9050,サービス業,-,0113,グロース
2025-02-05,70730,ジェイック,"JAIC Co.,Ltd.",10,情報通信・サービスその他,9050,サービス業,-,0113,グロース
2025-02-05,70740,トゥエンティーフォーセブン,Twenty-four seven Inc.,10,情報通信・サービスその他,9050,サービス業,-,0113,グロース
2025-02-05,70750,ＱＬＳホールディングス,"QLS Holdings Co.,Ltd",10,情報通信・サービスその他,9050,サービス業,-,0113,グロース
2025-02-05,70770,ＡＬｉＮＫインターネット,"ALiNK Internet,INC.",10,情報通信・サービスその他,9050,サービス業,-,0113,グロース
2025-02-05,70780,ＩＮＣＬＵＳＩＶＥ,INCLUSIVE Inc.,10,情報通信・サービスその他,9050,サービス業,-,0113,グロース
2025-02-05,70790,ＷＤＢココ,"WDB coco CO.,LTD.",10,情報通信・サービスその他,9050,サービス業,-,0113,グロース
2025-02-05,70800,スポーツフィールド,"Sportsfield Co.,Ltd.",10,情報通信・サービスその他,9050,サービス業,-,0113,グロース
2025-02-05,70810,コーユーレンティア,"Koyou Rentia Co.,Ltd.",10,情報通信・サービスその他,9050,サービス業,-,0112,スタンダード
2025-02-05,70820,ジモティー,"Jimoty,Inc.",10,情報通信・サービスその他,9050,サービス業,-,0113,グロース
2025-02-05,70830,ＡＨＣグループ,AHC GROUP INC.,10,情報通信・サービスその他,9050,サービス業,-,0113,グロース
2025-02-05,70840,Ｓｍｉｌｅ　Ｈｏｌｄｉｎｇｓ,Smile Holdings Inc.,10,情報通信・サービスその他,9050,サービス業,-,0113,グロース
2025-02-05,70850,カーブスホールディングス,"CURVES HOLDINGS Co.,Ltd.",10,情報通信・サービスその他,9050,サービス業,TOPIX Small 1,0111,プライム
2025-02-05,70870,ウイルテック,"WILLTEC Co.,Ltd.",10,情報通信・サービスその他,9050,サービス業,-,0112,スタンダード
2025-02-05,70880,フォーラムエンジニアリング,Forum Engineering Inc.,10,情報通信・サービスその他,9050,サービス業,TOPIX Small 2,0111,プライム
2025-02-05,70890,フォースタートアップス,"for Startups,Inc.",10,情報通信・サービスその他,9050,サービス業,-,0113,グロース
2025-02-05,70900,リグア,Ligua Inc.,10,情報通信・サービスその他,9050,サービス業,-,0113,グロース
2025-02-05,70910,リビングプラットフォーム,"Living Platform,Ltd.",10,情報通信・サービスその他,9050,サービス業,-,0113,グロース
2025-02-05,70920,Ｆａｓｔ　Ｆｉｔｎｅｓｓ　Ｊａｐａｎ,Fast Fitness Japan Incorporated,10,情報通信・サービスその他,9050,サービス業,TOPIX Small 2,0111,プライム
2025-02-05,70930,アディッシュ,"adish Co.,Ltd.",10,情報通信・サービスその他,9050,サービス業,-,0113,グロース
2025-02-05,70940,ＮｅｘＴｏｎｅ,NexTone Inc.,10,情報通信・サービスその他,9050,サービス業,-,0113,グロース
2025-02-05,70950,Ｍａｃｂｅｅ　Ｐｌａｎｅｔ,"Macbee Planet,Inc.",10,情報通信・サービスその他,9050,サービス業,TOPIX Small 2,0111,プライム
2025-02-05,70960,ステムセル研究所,StemCell Institute,10,情報通信・サービスその他,9050,サービス業,-,0113,グロース
2025-02-05,70970,さくらさくプラス,"SAKURASAKU PLUS,Co.,Ltd.",10,情報通信・サービスその他,9050,サービス業,-,0113,グロース
2025-02-05,70980,エージェント,Agent Inc.,10,情報通信・サービスその他,9050,サービス業,-,0105,TOKYO PRO MARKET
2025-02-05,71020,日本車輌製造,"NIPPON SHARYO,LTD.",6,自動車・輸送機,3700,輸送用機器,TOPIX Small 2,0111,プライム
2025-02-05,71050,三菱ロジスネクスト,"Mitsubishi Logisnext Co.,Ltd.",6,自動車・輸送機,3700,輸送用機器,TOPIX Small 1,0112,スタンダード
2025-02-05,71100,クラシコム,Kurashicom Inc.,14,小売,6100,小売業,-,0113,グロース
2025-02-05,71110,ＩＮＥＳＴ,"INEST,Inc.",13,商社・卸売,6050,卸売業,-,0112,スタンダード
2025-02-05,71120,キューブ,"CUBE CO.,LTD.",14,小売,6100,小売業,-,0113,グロース
2025-02-05,71140,フーディソン,"Foodison,Inc.",13,商社・卸売,6050,卸売業,-,0113,グロース
2025-02-05,71150,アルファパーチェス,"Alpha Purchase Co.,Ltd.",13,商社・卸売,6050,卸売業,-,0112,スタンダード
2025-02-05,71160,ダイワ通信,"DAIWA TSUSHIN Co.,Ltd",13,商社・卸売,6050,卸売業,-,0112,スタンダード
2025-02-05,71170,ミモナ,"Mimona Co.,Ltd",14,小売,6100,小売業,-,0105,TOKYO PRO MARKET
2025-02-05,71190,ハルメクホールディングス,"halmek holdings Co.,Ltd.",14,小売,6100,小売業,-,0113,グロース
2025-02-05,71200,ＳＨＩＮＫＯ,SHINKO Inc.,13,商社・卸売,6050,卸売業,-,0112,スタンダード
2025-02-05,71220,近畿車輛,"THE KINKI SHARYO CO.,LTD.",6,自動車・輸送機,3700,輸送用機器,-,0112,スタンダード
2025-02-05,71250,イヴレス,"IVRESSE CO.,LTD.",13,商社・卸売,6050,卸売業,-,0105,TOKYO PRO MARKET
2025-02-05,71260,グローバルスタイル,"Global Style Co.,Ltd.",14,小売,6100,小売業,-,0112,スタンダード
2025-02-05,71270,一家ホールディングス,"Ikka Holdings Co.,Ltd.",14,小売,6100,小売業,-,0112,スタンダード
2025-02-05,71280,フルサト・マルカホールディングス,MARUKA FURUSATO Corporation,13,商社・卸売,6050,卸売業,TOPIX Small 1,0111,プライム
2025-02-05,71290,ミアヘルサホールディングス,Miahelsa Holdings Corporation,14,小売,6100,小売業,-,0112,スタンダード
2025-02-05,71300,ヤマエグループホールディングス,"YAMAE GROUP HOLDINGS CO.,LTD.",13,商社・卸売,6050,卸売業,TOPIX Small 1,0111,プライム
2025-02-05,71310,のむら産業,NOMURA CORPORATION,13,商社・卸売,6050,卸売業,-,0112,スタンダード
2025-02-05,71320,フローバル,FLOBAL CORPORATION,13,商社・卸売,6050,卸売業,-,0105,TOKYO PRO MARKET
2025-02-05,71330,ＨＹＵＧＡ　ＰＲＩＭＡＲＹ　ＣＡＲＥ,"HYUGA PRIMARY CARE Co.,Ltd.",14,小売,6100,小売業,-,0113,グロース
2025-02-05,71340,アップガレージグループ,"UP GARAGE GROUP Co.,Ltd.",14,小売,6100,小売業,-,0112,スタンダード
2025-02-05,71350,ジャパンクラフトホールディングス,"JAPAN CRAFT HOLDINGS CO.,LTD.",14,小売,6100,小売業,-,0112,スタンダード
2025-02-05,71360,ウェルビングループ,"Wellbin Group Co.,Ltd.",14,小売,6100,小売業,-,0105,TOKYO PRO MARKET
2025-02-05,71370,グラントマト,"Grantomato Co.,Ltd.",14,小売,6100,小売業,-,0105,TOKYO PRO MARKET
2025-02-05,71380,ＴＯＲＩＣＯ,"TORICO Co.,Ltd.",14,小売,6100,小売業,-,0113,グロース
2025-02-05,71390,東京高圧山崎,"TOKYO KOATSU Co.,Ltd.",13,商社・卸売,6050,卸売業,-,0105,TOKYO PRO MARKET
2025-02-05,71400,ペットゴー,Petgo Corporation,14,小売,6100,小売業,-,0113,グロース
2025-02-05,71480,ＦＰＧ,"Financial Partners Group Co.,Ltd.",16,金融（除く銀行）,7100,証券･商品先物取引業,TOPIX Small 1,0111,プライム
2025-02-05,71500,島根銀行,"THE SHIMANE BANK,LTD.",15,銀行,7050,銀行業,-,0112,スタンダード
2025-02-05,71570,ライフネット生命保険,LIFENET INSURANCE COMPANY,16,金融（除く銀行）,7150,保険業,-,0113,グロース
2025-02-05,71610,じもとホールディングス,"Jimoto Holdings,Inc.",15,銀行,7050,銀行業,-,0112,スタンダード
2025-02-05,71620,アストマックス,"ASTMAX Co.,Ltd.",16,金融（除く銀行）,7100,証券･商品先物取引業,-,0112,スタンダード
2025-02-05,71630,住信ＳＢＩネット銀行,"SBI Sumishin Net Bank,Ltd.",15,銀行,7050,銀行業,-,0112,スタンダード
2025-02-05,71640,全国保証,"ZENKOKU HOSHO Co.,Ltd.",16,金融（除く銀行）,7200,その他金融業,TOPIX Mid400,0111,プライム
2025-02-05,71670,めぶきフィナンシャルグループ,"Mebuki Financial Group,Inc.",15,銀行,7050,銀行業,TOPIX Mid400,0111,プライム
2025-02-05,71700,中央インターナショナルグループ,"CHUOU INTERNATIONAL GROUP CO.,LTD.",16,金融（除く銀行）,7150,保険業,-,0105,TOKYO PRO MARKET
2025-02-05,71720,ジャパンインベストメントアドバイザー,"Japan Investment Adviser Co.,Ltd.",16,金融（除く銀行）,7100,証券･商品先物取引業,TOPIX Small 1,0111,プライム
2025-02-05,71730,東京きらぼしフィナンシャルグループ,"Tokyo Kiraboshi Financial Group,Inc.",15,銀行,7050,銀行業,TOPIX Small 1,0111,プライム
2025-02-05,71750,今村証券,"The Imamura Securities Co.,Ltd.",16,金融（除く銀行）,7100,証券･商品先物取引業,-,0112,スタンダード
2025-02-05,71760,シンプレクス・ファイナンシャル・ホールディングス,"Simplex Financial Holdings Co.,Ltd.",16,金融（除く銀行）,7100,証券･商品先物取引業,-,0105,TOKYO PRO MARKET
2025-02-05,71770,ＧＭＯフィナンシャルホールディングス,"GMO Financial Holdings,Inc.",16,金融（除く銀行）,7100,証券･商品先物取引業,-,0112,スタンダード
2025-02-05,71800,九州フィナンシャルグループ,"Kyushu Financial Group,Inc.",15,銀行,7050,銀行業,TOPIX Mid400,0111,プライム
2025-02-05,71810,かんぽ生命保険,"JAPAN POST INSURANCE Co.,Ltd.",16,金融（除く銀行）,7150,保険業,TOPIX Mid400,0111,プライム
2025-02-05,71820,ゆうちょ銀行,"JAPAN POST BANK Co.,Ltd.",15,銀行,7050,銀行業,TOPIX Large70,0111,プライム
2025-02-05,71830,あんしん保証,"Anshin Guarantor Service Co.,Ltd.",16,金融（除く銀行）,7200,その他金融業,-,0112,スタンダード
2025-02-05,71840,富山第一銀行,"THE FIRST BANK OF TOYAMA,LTD.",15,銀行,7050,銀行業,TOPIX Small 1,0111,プライム
2025-02-05,71850,ヒロセ通商,Hirose Tusyo Inc.,16,金融（除く銀行）,7100,証券･商品先物取引業,-,0112,スタンダード
2025-02-05,71860,コンコルディア・フィナンシャルグループ,"Concordia Financial Group,Ltd.",15,銀行,7050,銀行業,TOPIX Mid400,0111,プライム
2025-02-05,71870,ジェイリース,"J-LEASE CO.,LTD.",16,金融（除く銀行）,7200,その他金融業,TOPIX Small 2,0111,プライム
2025-02-05,71890,西日本フィナンシャルホールディングス,"Nishi-Nippon Financial Holdings,Inc.",15,銀行,7050,銀行業,TOPIX Small 1,0111,プライム
2025-02-05,71910,イントラスト,Entrust Inc.,16,金融（除く銀行）,7200,その他金融業,-,0112,スタンダード
2025-02-05,71920,日本モーゲージサービス,Mortgage Service Japan Limited,16,金融（除く銀行）,7200,その他金融業,-,0112,スタンダード
2025-02-05,71960,Ｃａｓａ,Casa Inc.,16,金融（除く銀行）,7200,その他金融業,-,0112,スタンダード
2025-02-05,71980,ＳＢＩアルヒ,SBI ARUHI Corporation,16,金融（除く銀行）,7200,その他金融業,TOPIX Small 2,0111,プライム
2025-02-05,71990,プレミアグループ,"Premium Group Co.,Ltd.",16,金融（除く銀行）,7200,その他金融業,TOPIX Small 1,0111,プライム
2025-02-05,72010,日産自動車,"NISSAN MOTOR CO.,LTD.",6,自動車・輸送機,3700,輸送用機器,TOPIX Large70,0111,プライム
2025-02-05,72020,いすゞ自動車,ISUZU MOTORS LIMITED,6,自動車・輸送機,3700,輸送用機器,TOPIX Mid400,0111,プライム
2025-02-05,72030,トヨタ自動車,TOYOTA MOTOR CORPORATION,6,自動車・輸送機,3700,輸送用機器,TOPIX Core30,0111,プライム
2025-02-05,72050,日野自動車,"HINO MOTORS,LTD.",6,自動車・輸送機,3700,輸送用機器,TOPIX Mid400,0111,プライム
2025-02-05,72080,カネミツ,KANEMITSU CORPORATION,6,自動車・輸送機,3700,輸送用機器,-,0112,スタンダード
2025-02-05,72110,三菱自動車工業,MITSUBISHI MOTORS CORPORATION,6,自動車・輸送機,3700,輸送用機器,TOPIX Mid400,0111,プライム
2025-02-05,72120,エフテック,F-TECH INC.,6,自動車・輸送機,3700,輸送用機器,-,0112,スタンダード
2025-02-05,72130,レシップホールディングス,LECIP HOLDINGS CORPORATION,6,自動車・輸送機,3700,輸送用機器,-,0112,スタンダード
2025-02-05,72140,ＧＭＢ,GMB CORPORATION,6,自動車・輸送機,3700,輸送用機器,-,0112,スタンダード
2025-02-05,72150,ファルテック,"FALTEC Co.,Ltd.",6,自動車・輸送機,3700,輸送用機器,-,0112,スタンダード
2025-02-05,72170,テイン,"TEIN,INC.",6,自動車・輸送機,3700,輸送用機器,-,0112,スタンダード
2025-02-05,72180,田中精密工業,"TANAKA SEIMITSU KOGYO CO.,LTD.",6,自動車・輸送機,3700,輸送用機器,-,0112,スタンダード
2025-02-05,72190,エッチ・ケー・エス,"HKS CO.,LTD.",6,自動車・輸送機,3700,輸送用機器,-,0112,スタンダード
2025-02-05,72200,武蔵精密工業,"MUSASHI SEIMITSU INDUSTRY CO.,LTD.",6,自動車・輸送機,3700,輸送用機器,TOPIX Small 1,0111,プライム
2025-02-05,72220,日産車体,"NISSAN SHATAI CO.,LTD.",6,自動車・輸送機,3700,輸送用機器,TOPIX Small 2,0112,スタンダード
2025-02-05,72240,新明和工業,"ShinMaywa Industries,LTD.",6,自動車・輸送機,3700,輸送用機器,TOPIX Small 1,0111,プライム
2025-02-05,72260,極東開発工業,"KYOKUTO KAIHATSU KOGYO CO.,LTD.",6,自動車・輸送機,3700,輸送用機器,TOPIX Small 1,0111,プライム
2025-02-05,72280,デイトナ,DAYTONA CORPORATION,6,自動車・輸送機,3700,輸送用機器,-,0112,スタンダード
2025-02-05,72290,ユタカ技研,"YUTAKA GIKEN CO.,LTD.",6,自動車・輸送機,3700,輸送用機器,-,0112,スタンダード
2025-02-05,72310,トピー工業,"TOPY INDUSTRIES,LIMITED",6,自動車・輸送機,3700,輸送用機器,TOPIX Small 2,0111,プライム
2025-02-05,72350,東京ラヂエーター製造,"TOKYO RADIATOR MFG.CO.,LTD.",6,自動車・輸送機,3700,輸送用機器,-,0112,スタンダード
2025-02-05,72360,ティラド,"T.RAD Co., Ltd.",6,自動車・輸送機,3700,輸送用機器,TOPIX Small 2,0111,プライム
2025-02-05,72380,曙ブレーキ工業,"AKEBONO BRAKE INDUSTRY CO.,LTD.",6,自動車・輸送機,3700,輸送用機器,TOPIX Small 2,0111,プライム
2025-02-05,72390,タチエス,"TACHI-S CO.,LTD.",6,自動車・輸送機,3700,輸送用機器,TOPIX Small 1,0111,プライム
2025-02-05,72400,ＮＯＫ,NOK CORPORATION,6,自動車・輸送機,3700,輸送用機器,TOPIX Mid400,0111,プライム
2025-02-05,72410,フタバ産業,"FUTABA INDUSTRIAL CO.,LTD.",6,自動車・輸送機,3700,輸送用機器,TOPIX Small 1,0111,プライム
2025-02-05,72420,カヤバ,KYB Corporation,6,自動車・輸送機,3700,輸送用機器,TOPIX Small 1,0111,プライム
2025-02-05,72440,市光工業,"ICHIKOH INDUSTRIES,LTD.",9,電機・精密,3650,電気機器,TOPIX Small 2,0111,プライム
2025-02-05,72450,大同メタル工業,"DAIDO METAL CO.,LTD.",6,自動車・輸送機,3700,輸送用機器,TOPIX Small 2,0111,プライム
2025-02-05,72460,プレス工業,"PRESS KOGYO CO.,LTD.",6,自動車・輸送機,3700,輸送用機器,TOPIX Small 1,0111,プライム
2025-02-05,72470,ミクニ,MIKUNI CORPORATION,6,自動車・輸送機,3700,輸送用機器,-,0112,スタンダード
2025-02-05,72500,太平洋工業,"PACIFIC INDUSTRIAL CO.,LTD.",6,自動車・輸送機,3700,輸送用機器,TOPIX Small 1,0111,プライム
2025-02-05,72540,ユニバンス,UNIVANCE CORPORATION,6,自動車・輸送機,3700,輸送用機器,-,0112,スタンダード
2025-02-05,72550,桜井製作所,SAKURAI LTD.,6,自動車・輸送機,3700,輸送用機器,-,0112,スタンダード
2025-02-05,72560,河西工業,"KASAI KOGYO CO.,LTD.",6,自動車・輸送機,3700,輸送用機器,-,0112,スタンダード
2025-02-05,72590,アイシン,AISIN CORPORATION,6,自動車・輸送機,3700,輸送用機器,TOPIX Mid400,0111,プライム
2025-02-05,72610,マツダ,Mazda Motor Corporation,6,自動車・輸送機,3700,輸送用機器,TOPIX Mid400,0111,プライム
2025-02-05,72640,ムロコーポレーション,MURO CORPORATION,6,自動車・輸送機,3700,輸送用機器,-,0112,スタンダード
2025-02-05,72650,エイケン工業,"EIKEN INDUSTRIES CO.,LTD",6,自動車・輸送機,3700,輸送用機器,-,0112,スタンダード
2025-02-05,72660,今仙電機製作所,"Imasen Electric Industrial Co.,Ltd.",6,自動車・輸送機,3700,輸送用機器,-,0112,スタンダード
2025-02-05,72670,本田技研工業,"HONDA MOTOR CO.,LTD.",6,自動車・輸送機,3700,輸送用機器,TOPIX Core30,0111,プライム
2025-02-05,72680,タツミ,TATSUMI Corporation,6,自動車・輸送機,3700,輸送用機器,-,0112,スタンダード
2025-02-05,72690,スズキ,SUZUKI MOTOR CORPORATION,6,自動車・輸送機,3700,輸送用機器,TOPIX Large70,0111,プライム
2025-02-05,72700,ＳＵＢＡＲＵ,SUBARU CORPORATION,6,自動車・輸送機,3700,輸送用機器,TOPIX Large70,0111,プライム
2025-02-05,72710,安永,YASUNAGA CORPORATION,6,自動車・輸送機,3700,輸送用機器,-,0112,スタンダード
2025-02-05,72720,ヤマハ発動機,"Yamaha Motor Co.,Ltd.",6,自動車・輸送機,3700,輸送用機器,TOPIX Mid400,0111,プライム
2025-02-05,72730,イクヨ,"IKUYO CO.,LTD.",6,自動車・輸送機,3700,輸送用機器,-,0112,スタンダード
2025-02-05,72760,小糸製作所,"KOITO MANUFACTURING CO.,LTD.",9,電機・精密,3650,電気機器,TOPIX Mid400,0111,プライム
2025-02-05,72770,ＴＢＫ,"TBK Co.,Ltd.",6,自動車・輸送機,3700,輸送用機器,-,0112,スタンダード
2025-02-05,72780,エクセディ,EXEDY Corporation,6,自動車・輸送機,3700,輸送用機器,TOPIX Small 1,0111,プライム
2025-02-05,72790,ハイレックスコーポレーション,HI-LEX CORPORATION,6,自動車・輸送機,3700,輸送用機器,-,0112,スタンダード
2025-02-05,72800,ミツバ,MITSUBA Corporation,9,電機・精密,3650,電気機器,TOPIX Small 1,0111,プライム
2025-02-05,72820,豊田合成,"TOYODA GOSEI CO.,LTD.",6,自動車・輸送機,3700,輸送用機器,TOPIX Mid400,0111,プライム
2025-02-05,72830,愛三工業,"AISAN INDUSTRY CO.,LTD.",6,自動車・輸送機,3700,輸送用機器,TOPIX Small 1,0111,プライム
2025-02-05,72840,盟和産業,"MEIWA INDUSTRY CO.,LTD.",6,自動車・輸送機,3700,輸送用機器,-,0112,スタンダード
2025-02-05,72870,日本精機,"NIPPON SEIKI CO.,LTD.",6,自動車・輸送機,3700,輸送用機器,-,0112,スタンダード
2025-02-05,72910,日本プラスト,"NIHON PLAST CO.,LTD.",6,自動車・輸送機,3700,輸送用機器,-,0112,スタンダード
2025-02-05,72920,村上開明堂,MURAKAMI CORPORATION,6,自動車・輸送機,3700,輸送用機器,-,0112,スタンダード
2025-02-05,72940,ヨロズ,YOROZU CORPORATION,6,自動車・輸送機,3700,輸送用機器,TOPIX Small 2,0111,プライム
2025-02-05,72960,エフ・シー・シー,"F.C.C.CO.,LTD.",6,自動車・輸送機,3700,輸送用機器,TOPIX Small 1,0111,プライム
2025-02-05,72970,カーメイト,"CAR MATE MFG. CO.,LTD.",6,自動車・輸送機,3700,輸送用機器,-,0112,スタンダード
2025-02-05,72990,フジオーゼックス,FUJI OOZX Inc.,6,自動車・輸送機,3700,輸送用機器,-,0112,スタンダード
2025-02-05,73050,新家工業,"ARAYA INDUSTRIAL CO.,LTD.",7,鉄鋼・非鉄,3450,鉄鋼,-,0112,スタンダード
2025-02-05,73090,シマノ,SHIMANO INC.,6,自動車・輸送機,3700,輸送用機器,TOPIX Large70,0111,プライム
2025-02-05,73130,テイ・エス　テック,"TS TECH CO.,LTD.",6,自動車・輸送機,3700,輸送用機器,TOPIX Mid400,0111,プライム
2025-02-05,73140,小田原機器,"ODAWARA AUTO-MACHINE MFG.CO.,LTD.",6,自動車・輸送機,3700,輸送用機器,-,0112,スタンダード
2025-02-05,73170,松屋アールアンドディ,"Matsuya R&D Co.,Ltd",6,自動車・輸送機,3700,輸送用機器,-,0113,グロース
2025-02-05,73180,セレンディップ・ホールディングス,"SERENDIP HOLDINGS Co.,Ltd.",6,自動車・輸送機,3700,輸送用機器,-,0113,グロース
2025-02-05,73200,Ｓｏｌｖｖｙ,Solvvy Inc.,16,金融（除く銀行）,7200,その他金融業,-,0113,グロース
2025-02-05,73220,三十三フィナンシャルグループ,"San ju San Financial Group,Inc.",15,銀行,7050,銀行業,TOPIX Small 2,0111,プライム
2025-02-05,73250,アイリックコーポレーション,IRRC Corporation,16,金融（除く銀行）,7150,保険業,-,0113,グロース
2025-02-05,73260,ＳＢＩインシュアランスグループ,"SBI Insurance Group Co.,Ltd.",16,金融（除く銀行）,7150,保険業,-,0113,グロース
2025-02-05,73270,第四北越フィナンシャルグループ,"Daishi Hokuetsu Financial Group,Inc.",15,銀行,7050,銀行業,TOPIX Small 1,0111,プライム
2025-02-05,73370,ひろぎんホールディングス,"Hirogin Holdings,Inc.",15,銀行,7050,銀行業,TOPIX Mid400,0111,プライム
2025-02-05,73420,ウェルスナビ,WealthNavi Inc.,16,金融（除く銀行）,7100,証券･商品先物取引業,-,0113,グロース
2025-02-05,73430,ブロードマインド,"Broad-Minded Co.,Ltd.",16,金融（除く銀行）,7150,保険業,-,0113,グロース
2025-02-05,73450,アイ・パートナーズフィナンシャル,Ai Partners Financial Inc.,16,金融（除く銀行）,7200,その他金融業,-,0113,グロース
2025-02-05,73470,マーキュリアホールディングス,"Mercuria Holdings Co.,Ltd.",16,金融（除く銀行）,7100,証券･商品先物取引業,-,0111,プライム
2025-02-05,73500,おきなわフィナンシャルグループ,"Okinawa Financial Group,Inc.",15,銀行,7050,銀行業,TOPIX Small 2,0111,プライム
2025-02-05,73510,グッドパッチ,Goodpatch Inc.,10,情報通信・サービスその他,9050,サービス業,-,0113,グロース
2025-02-05,73520,ＴＷＯＳＴＯＮＥ＆Ｓｏｎｓ,TWOSTONE&Sons Inc.,10,情報通信・サービスその他,9050,サービス業,-,0113,グロース
2025-02-05,73530,ＫＩＹＯラーニング,"KIYO Learning Co.,Ltd.",10,情報通信・サービスその他,9050,サービス業,-,0113,グロース
2025-02-05,73540,ダイレクトマーケティングミックス,Direct Marketing MiX Inc.,10,情報通信・サービスその他,9050,サービス業,TOPIX Small 2,0111,プライム
2025-02-05,73550,一寸房,"Issunbou Co.,Ltd.",10,情報通信・サービスその他,9050,サービス業,-,0105,TOKYO PRO MARKET
2025-02-05,73560,Ｒｅｔｔｙ,Retty Inc.,10,情報通信・サービスその他,9050,サービス業,-,0113,グロース
2025-02-05,73570,ジオコード,"GEOCODE CO.,Ltd.",10,情報通信・サービスその他,9050,サービス業,-,0112,スタンダード
2025-02-05,73580,ポピンズ,Poppins Corporation,10,情報通信・サービスその他,9050,サービス業,TOPIX Small 2,0112,スタンダード
2025-02-05,73590,東京通信グループ,"Tokyo Communications Group,Inc.",10,情報通信・サービスその他,9050,サービス業,-,0113,グロース
2025-02-05,73600,オンデック,"ONDECK Co.,Ltd.",10,情報通信・サービスその他,9050,サービス業,-,0113,グロース
2025-02-05,73610,ヒューマンクリエイションホールディングス,"Human Creation Holdings,Inc.",10,情報通信・サービスその他,9050,サービス業,-,0113,グロース
2025-02-05,73620,Ｔ．Ｓ．Ｉ,Terminalcare Support Institute Inc.,10,情報通信・サービスその他,9050,サービス業,-,0113,グロース
2025-02-05,73630,ベビーカレンダー,baby calendar Inc.,10,情報通信・サービスその他,9050,サービス業,-,0113,グロース
2025-02-05,73640,琉球アスティーダスポーツクラブ,"RYUKYU ASTEEDA Sports Club Co.,Ltd.",10,情報通信・サービスその他,9050,サービス業,-,0105,TOKYO PRO MARKET
2025-02-05,73660,ＬＩＴＡＬＩＣＯ,LITALICO Inc.,10,情報通信・サービスその他,9050,サービス業,TOPIX Small 2,0111,プライム
2025-02-05,73670,セルム,"CELM,Inc.",10,情報通信・サービスその他,9050,サービス業,-,0112,スタンダード
2025-02-05,73680,表示灯,"HYOJITO Co.,Ltd.",10,情報通信・サービスその他,9050,サービス業,-,0112,スタンダード
2025-02-05,73690,メイホーホールディングス,"Meiho Holdings,Inc.",10,情報通信・サービスその他,9050,サービス業,-,0113,グロース
2025-02-05,73700,Ｅｎｊｉｎ,"Enjin Co.,Ltd.",10,情報通信・サービスその他,9050,サービス業,-,0113,グロース
2025-02-05,73710,Ｚｅｎｋｅｎ,Zenken Corporation,10,情報通信・サービスその他,9050,サービス業,-,0113,グロース
2025-02-05,73720,デコルテ・ホールディングス,Decollte Holdings Corporation,10,情報通信・サービスその他,9050,サービス業,-,0113,グロース
2025-02-05,73730,アイドマ・ホールディングス,"Aidma Holdings,Inc.",10,情報通信・サービスその他,9050,サービス業,-,0113,グロース
2025-02-05,73740,コンフィデンス・インターワークス,Interworks Confidence Inc.,10,情報通信・サービスその他,9050,サービス業,-,0113,グロース
2025-02-05,73750,リファインバースグループ,"REFINVERSE Group,Inc.",10,情報通信・サービスその他,9050,サービス業,-,0113,グロース
2025-02-05,73760,ＢＣＣ,"BCC Co.,Ltd.",10,情報通信・サービスその他,9050,サービス業,-,0113,グロース
2025-02-05,73770,ＤＮホールディングス,"DN HOLDINGS CO.,LTD.",10,情報通信・サービスその他,9050,サービス業,-,0112,スタンダード
2025-02-05,73780,アシロ,ASIRO Inc.,10,情報通信・サービスその他,9050,サービス業,-,0113,グロース
2025-02-05,73790,サーキュレーション,"CIRCULATION Co.,Ltd.",10,情報通信・サービスその他,9050,サービス業,-,0113,グロース
2025-02-05,73800,十六フィナンシャルグループ,"Juroku Financial Group,Inc.",15,銀行,7050,銀行業,TOPIX Small 1,0111,プライム
2025-02-05,73810,北國フィナンシャルホールディングス,"Hokkoku Financial Holdings,Inc.",15,銀行,7050,銀行業,TOPIX Small 1,0111,プライム
2025-02-05,73830,ネットプロテクションズホールディングス,"Net Protections Holdings,Inc.",16,金融（除く銀行）,7200,その他金融業,TOPIX Small 2,0111,プライム
2025-02-05,73840,プロクレアホールディングス,"Procrea Holdings,Inc.",15,銀行,7050,銀行業,TOPIX Small 2,0111,プライム
2025-02-05,73860,ジャパンワランティサポート,"Japan Warranty Support Co.,Ltd.",16,金融（除く銀行）,7200,その他金融業,-,0113,グロース
2025-02-05,73880,ＦＰパートナー,FP Partner Inc.,16,金融（除く銀行）,7150,保険業,TOPIX Small 2,0111,プライム
2025-02-05,73890,あいちフィナンシャルグループ,"Aichi Financial Group,Inc.",15,銀行,7050,銀行業,TOPIX Small 1,0111,プライム
2025-02-05,73990,ナンシン,"NANSIN CO.,LTD.",6,自動車・輸送機,3700,輸送用機器,-,0112,スタンダード
2025-02-05,74080,ジャムコ,JAMCO CORPORATION,6,自動車・輸送機,3700,輸送用機器,TOPIX Small 2,0111,プライム
2025-02-05,74090,ＡｅｒｏＥｄｇｅ,"AeroEdge Co.,Ltd",6,自動車・輸送機,3700,輸送用機器,-,0113,グロース
2025-02-05,74120,アトム,ATOM CORPORATION,14,小売,6100,小売業,-,0112,スタンダード
2025-02-05,74130,創健社,"Sokensha Co.,Ltd.",13,商社・卸売,6050,卸売業,-,0112,スタンダード
2025-02-05,74140,小野建,"ONOKEN CO.,LTD.",13,商社・卸売,6050,卸売業,TOPIX Small 2,0111,プライム
2025-02-05,74160,はるやまホールディングス,Haruyama Holdings Inc.,14,小売,6100,小売業,-,0112,スタンダード
2025-02-05,74170,南陽,NANYO CORPORATION,13,商社・卸売,6050,卸売業,-,0112,スタンダード
2025-02-05,74190,ノジマ,"Nojima Co.,Ltd.",14,小売,6100,小売業,TOPIX Small 1,0111,プライム
2025-02-05,74200,佐鳥電機,"SATORI ELECTRIC CO.,LTD.",13,商社・卸売,6050,卸売業,TOPIX Small 2,0111,プライム
2025-02-05,74210,カッパ・クリエイト,"KAPPA・CREATE CO.,LTD.",14,小売,6100,小売業,TOPIX Small 1,0111,プライム
2025-02-05,74220,東邦レマック,"TOHO LAMAC CO.,LTD.",13,商社・卸売,6050,卸売業,-,0112,スタンダード
2025-02-05,74250,初穂商事,"HATSUHO SHOUJI CO.,LTD.",13,商社・卸売,6050,卸売業,-,0112,スタンダード
2025-02-05,74260,山大,Yamadai Corporation,13,商社・卸売,6050,卸売業,-,0112,スタンダード
2025-02-05,74270,エコートレーディング,"ECHO TRADING CO.,LTD.",13,商社・卸売,6050,卸売業,-,0112,スタンダード
2025-02-05,74330,伯東,"Hakuto Co.,Ltd.",13,商社・卸売,6050,卸売業,TOPIX Small 1,0111,プライム
2025-02-05,74340,オータケ,OTAKE CORPORATION,13,商社・卸売,6050,卸売業,-,0112,スタンダード
2025-02-05,74350,ナ・デックス,"NADEX CO.,LTD.",13,商社・卸売,6050,卸売業,-,0112,スタンダード
2025-02-05,74380,コンドーテック,KONDOTEC INC.,13,商社・卸売,6050,卸売業,TOPIX Small 2,0111,プライム
2025-02-05,74420,中山福,"NAKAYAMAFUKU CO.,LTD.",13,商社・卸売,6050,卸売業,-,0112,スタンダード
2025-02-05,74430,横浜魚類,"YOKOHAMA GYORUI CO.,LTD.",13,商社・卸売,6050,卸売業,-,0112,スタンダード
2025-02-05,74440,ハリマ共和物産,"Harima-Kyowa Co.,LTD.",13,商社・卸売,6050,卸売業,-,0112,スタンダード
2025-02-05,74450,ライトオン,"RIGHT ON Co.,Ltd.",14,小売,6100,小売業,-,0112,スタンダード
2025-02-05,74460,東北化学薬品,"TOHOKU CHEMICAL Co.,LTD.",13,商社・卸売,6050,卸売業,-,0112,スタンダード
2025-02-05,74470,ナガイレーベン,"NAGAILEBEN Co.,Ltd.",13,商社・卸売,6050,卸売業,TOPIX Small 2,0111,プライム
2025-02-05,74500,サンデー,"SUNDAY CO.,LTD.",14,小売,6100,小売業,-,0112,スタンダード
2025-02-05,74510,三菱食品,"Mitsubishi Shokuhin Co.,Ltd.",13,商社・卸売,6050,卸売業,TOPIX Small 1,0112,スタンダード
2025-02-05,74530,良品計画,"RYOHIN KEIKAKU CO.,LTD.",14,小売,6100,小売業,TOPIX Mid400,0111,プライム
2025-02-05,74550,パリミキホールディングス,PARIS MIKI HOLDINGS Inc.,14,小売,6100,小売業,-,0112,スタンダード
2025-02-05,74560,松田産業,"MATSUDA SANGYO Co.,Ltd.",13,商社・卸売,6050,卸売業,TOPIX Small 1,0111,プライム
2025-02-05,74580,第一興商,"DAIICHIKOSHO CO.,LTD.",13,商社・卸売,6050,卸売業,TOPIX Mid400,0111,プライム
2025-02-05,74590,メディパルホールディングス,MEDIPAL HOLDINGS CORPORATION,13,商社・卸売,6050,卸売業,TOPIX Mid400,0111,プライム
2025-02-05,74600,ヤギ,"YAGI & CO.,LTD.",13,商社・卸売,6050,卸売業,-,0112,スタンダード
2025-02-05,74610,キムラ,"KIMURA CO.,LTD.",13,商社・卸売,6050,卸売業,-,0112,スタンダード
2025-02-05,74620,ＣＡＰＩＴＡ,CAPITA Inc.,14,小売,6100,小売業,-,0112,スタンダード
2025-02-05,74630,アドヴァングループ,"ADVAN GROUP CO.,LTD.",14,小売,6100,小売業,TOPIX Small 2,0112,スタンダード
2025-02-05,74640,セフテック,"SAFTEC CO.,LTD.",13,商社・卸売,6050,卸売業,-,0112,スタンダード
2025-02-05,74660,ＳＰＫ,SPK CORPORATION,13,商社・卸売,6050,卸売業,TOPIX Small 2,0111,プライム
2025-02-05,74670,萩原電気ホールディングス,"HAGIWARA ELECTRIC HOLDINGS CO.,LTD.",13,商社・卸売,6050,卸売業,TOPIX Small 2,0111,プライム
2025-02-05,74720,鳥羽洋行,"TOBA,INC.",13,商社・卸売,6050,卸売業,-,0112,スタンダード
2025-02-05,74750,アルビス,"ALBIS Co.,Ltd.",14,小売,6100,小売業,TOPIX Small 2,0111,プライム
2025-02-05,74760,アズワン,AS ONE CORPORATION,13,商社・卸売,6050,卸売業,TOPIX Mid400,0111,プライム
2025-02-05,74770,ムラキ,MURAKI CORPORATION,13,商社・卸売,6050,卸売業,-,0112,スタンダード
2025-02-05,74800,スズデン,SUZUDEN CORPORATION,13,商社・卸売,6050,卸売業,TOPIX Small 2,0112,スタンダード
2025-02-05,74810,尾家産業,"OIE SANGYO CO.,LTD.",13,商社・卸売,6050,卸売業,-,0112,スタンダード
2025-02-05,74820,シモジマ,"SHIMOJIMA Co.,Ltd.",13,商社・卸売,6050,卸売業,TOPIX Small 2,0111,プライム
2025-02-05,74830,ドウシシャ,"DOSHISHA CO.,LTD.",13,商社・卸売,6050,卸売業,TOPIX Small 2,0111,プライム
2025-02-05,74860,サンリン,"SANRIN CO.,LTD.",13,商社・卸売,6050,卸売業,-,0112,スタンダード
2025-02-05,74870,小津産業,OZU CORPORATION,13,商社・卸売,6050,卸売業,-,0112,スタンダード
2025-02-05,74900,日新商事,"NISSIN SHOJI CO.,LTD.",13,商社・卸売,6050,卸売業,-,0112,スタンダード
2025-02-05,74940,コナカ,"KONAKA CO.,LTD.",14,小売,6100,小売業,-,0112,スタンダード
2025-02-05,75000,西川計測,"NISHIKAWA KEISOKU Co.,Ltd.",13,商社・卸売,6050,卸売業,-,0112,スタンダード
2025-02-05,75010,ティムコ,TIEMCO LTD.,13,商社・卸売,6050,卸売業,-,0112,スタンダード
2025-02-05,75020,プラザホールディングス,"PLAZA HOLDINGS CO.,LTD.",10,情報通信・サービスその他,9050,サービス業,-,0112,スタンダード
2025-02-05,75040,高速,KOHSOKU CORPORATION,13,商社・卸売,6050,卸売業,TOPIX Small 2,0111,プライム
2025-02-05,75050,扶桑電通,"FUSO DENTSU CO.,LTD.",13,商社・卸売,6050,卸売業,-,0112,スタンダード
2025-02-05,75060,ハウス　オブ　ローゼ,"HOUSE OF ROSE Co.,Ltd.",14,小売,6100,小売業,-,0112,スタンダード
2025-02-05,75080,Ｇ‐７ホールディングス,G-7 HOLDINGS Inc.,14,小売,6100,小売業,TOPIX Small 2,0111,プライム
2025-02-05,75090,アイエーグループ,I.A GROUP CORPORATION,14,小売,6100,小売業,-,0112,スタンダード
2025-02-05,75100,たけびし,TAKEBISHI CORPORATION,13,商社・卸売,6050,卸売業,TOPIX Small 2,0111,プライム
2025-02-05,75120,イオン北海道,Aeon Hokkaido Corporation,14,小売,6100,小売業,TOPIX Small 1,0112,スタンダード
2025-02-05,75130,コジマ,"Kojima Co.,Ltd.",14,小売,6100,小売業,TOPIX Small 1,0111,プライム
2025-02-05,75140,ヒマラヤ,"HIMARAYA Co.,Ltd.",14,小売,6100,小売業,-,0112,スタンダード
2025-02-05,75150,マルヨシセンター,Maruyoshi Center Inc.,14,小売,6100,小売業,-,0112,スタンダード
2025-02-05,75160,コーナン商事,"KOHNAN SHOJI CO.,LTD.",14,小売,6100,小売業,TOPIX Small 1,0111,プライム
2025-02-05,75180,ネットワンシステムズ,"Net One Systems Co.,Ltd.",10,情報通信・サービスその他,5250,情報･通信業,TOPIX Mid400,0111,プライム
2025-02-05,75200,エコス,"Eco's Co.,Ltd.",14,小売,6100,小売業,TOPIX Small 2,0111,プライム
2025-02-05,75210,ムサシ,"MUSASHI CO.,LTD.",13,商社・卸売,6050,卸売業,-,0112,スタンダード
2025-02-05,75220,ワタミ,"WATAMI CO.,LTD.",14,小売,6100,小売業,TOPIX Small 2,0111,プライム
2025-02-05,75230,アールビバン,"ART VIVANT CO.,LTD.",14,小売,6100,小売業,-,0112,スタンダード
2025-02-05,75240,マルシェ,MARCHE CORPORATION,14,小売,6100,小売業,-,0112,スタンダード
2025-02-05,75250,リックス,RIX CORPORATION,13,商社・卸売,6050,卸売業,TOPIX Small 2,0111,プライム
2025-02-05,75270,システムソフト,SystemSoft Corporation,10,情報通信・サービスその他,5250,情報･通信業,TOPIX Small 2,0112,スタンダード
2025-02-05,75310,清和中央ホールディングス,SEIWA CHUO HOLDINGS CORPORATION,13,商社・卸売,6050,卸売業,-,0112,スタンダード
2025-02-05,75320,パン・パシフィック・インターナショナルホールディングス,Pan Pacific International Holdings Corporation,14,小売,6100,小売業,TOPIX Mid400,0111,プライム
2025-02-05,75370,丸文,MARUBUN CORPORATION,13,商社・卸売,6050,卸売業,TOPIX Small 2,0111,プライム
2025-02-05,75380,大水,"DAISUI CO.,LTD.",13,商社・卸売,6050,卸売業,-,0112,スタンダード
2025-02-05,75390,アイナボホールディングス,"AINAVO HOLDINGS Co.,Ltd.",13,商社・卸売,6050,卸売業,-,0112,スタンダード
2025-02-05,75440,スリーエフ,"Three F Co.,Ltd.",14,小売,6100,小売業,-,0112,スタンダード
2025-02-05,75450,西松屋チェーン,"NISHIMATSUYA CHAIN Co.,Ltd.",14,小売,6100,小売業,TOPIX Small 1,0111,プライム
2025-02-05,75500,ゼンショーホールディングス,"ZENSHO HOLDINGS CO.,LTD.",14,小売,6100,小売業,TOPIX Mid400,0111,プライム
2025-02-05,75510,ウェッズ,"WEDS CO.,LTD.",6,自動車・輸送機,3700,輸送用機器,-,0112,スタンダード
2025-02-05,75520,ハピネット,HAPPINET CORPORATION,13,商社・卸売,6050,卸売業,TOPIX Small 1,0111,プライム
2025-02-05,75540,幸楽苑,KOURAKUEN CORPORATION,14,小売,6100,小売業,TOPIX Small 2,0111,プライム
2025-02-05,75550,大田花き,"Ota Floriculture Auction Co.,Ltd.",13,商社・卸売,6050,卸売業,-,0112,スタンダード
2025-02-05,75590,ジーエフシー,"GLOBAL FOOD CREATORS CO.,LTD.",13,商社・卸売,6050,卸売業,-,0112,スタンダード
2025-02-05,75610,ハークスレイ,HURXLEY CORPORATION,14,小売,6100,小売業,-,0112,スタンダード
2025-02-05,75620,安楽亭,"ANRAKUTEI Co.,Ltd",14,小売,6100,小売業,-,0112,スタンダード
2025-02-05,75640,ワークマン,"WORKMAN CO.,LTD.",14,小売,6100,小売業,-,0112,スタンダード
2025-02-05,75650,萬世電機,MANSEI CORPORATION,13,商社・卸売,6050,卸売業,-,0112,スタンダード
2025-02-05,75670,栄電子,SAKAE ELECTRONICS CORPORATION,13,商社・卸売,6050,卸売業,-,0112,スタンダード
2025-02-05,75700,橋本総業ホールディングス,"HASHIMOTO SOGYO HOLDINGS CO.,LTD.",13,商社・卸売,6050,卸売業,TOPIX Small 2,0112,スタンダード
2025-02-05,75710,ヤマノホールディングス,YAMANO HOLDINGS CORPORATION,14,小売,6100,小売業,-,0112,スタンダード
2025-02-05,75750,日本ライフライン,"Japan Lifeline Co.,Ltd.",13,商社・卸売,6050,卸売業,TOPIX Small 1,0111,プライム
2025-02-05,75780,ニチリョク,"NICHIRYOKU CO.,LTD.",14,小売,6100,小売業,-,0112,スタンダード
2025-02-05,75810,サイゼリヤ,"SAIZERIYA CO.,LTD.",14,小売,6100,小売業,TOPIX Small 1,0111,プライム
2025-02-05,75850,かんなん丸,KAN-NANMARU CORPORATION,14,小売,6100,小売業,-,0112,スタンダード
2025-02-05,75900,タカショー,"TAKASHO CO.,LTD.",13,商社・卸売,6050,卸売業,TOPIX Small 2,0112,スタンダード
2025-02-05,75930,ＶＴホールディングス,"VT HOLDINGS CO.,LTD.",14,小売,6100,小売業,TOPIX Small 1,0111,プライム
2025-02-05,75950,アルゴグラフィックス,ARGO GRAPHICS Inc.,10,情報通信・サービスその他,5250,情報･通信業,TOPIX Small 2,0111,プライム
2025-02-05,75960,魚力,"UORIKI CO.,LTD.",14,小売,6100,小売業,TOPIX Small 2,0111,プライム
2025-02-05,75990,ＩＤＯＭ,IDOM Inc.,13,商社・卸売,6050,卸売業,TOPIX Small 1,0111,プライム
2025-02-05,76000,日本エム・ディ・エム,"Japan Medical Dynamic Marketing,INC.",9,電機・精密,3750,精密機器,TOPIX Small 2,0111,プライム
2025-02-05,76010,ポプラ,"POPLAR CO.,Ltd.",14,小売,6100,小売業,-,0112,スタンダード
2025-02-05,76020,レダックス,"Ledax Co.,Ltd.",13,商社・卸売,6050,卸売業,-,0112,スタンダード
2025-02-05,76030,マックハウス,"MAC HOUSE CO.,LTD.",14,小売,6100,小売業,-,0112,スタンダード
2025-02-05,76040,梅の花,"UMENOHANA CO.,LTD.",14,小売,6100,小売業,-,0112,スタンダード
2025-02-05,76050,フジ・コーポレーション,FUJI CORPORATION,14,小売,6100,小売業,TOPIX Small 2,0111,プライム
2025-02-05,76060,ユナイテッドアローズ,UNITED ARROWS LTD.,14,小売,6100,小売業,TOPIX Small 1,0111,プライム
2025-02-05,76070,進和,"Shinwa Co.,Ltd.",13,商社・卸売,6050,卸売業,TOPIX Small 2,0111,プライム
2025-02-05,76080,エスケイジャパン,"SK JAPAN CO.,LTD.",13,商社・卸売,6050,卸売業,-,0112,スタンダード
2025-02-05,76090,ダイトロン,"Daitron Co.,Ltd.",13,商社・卸売,6050,卸売業,TOPIX Small 2,0111,プライム
2025-02-05,76100,テイツー,"TAY TWO CO.,LTD.",14,小売,6100,小売業,-,0112,スタンダード
2025-02-05,76110,ハイデイ日高,HIDAY HIDAKA Corp.,14,小売,6100,小売業,TOPIX Small 1,0111,プライム
2025-02-05,76130,シークス,SIIX CORPORATION,13,商社・卸売,6050,卸売業,TOPIX Small 1,0111,プライム
2025-02-05,76140,オーエムツーネットワーク,"OM2Network Co.,Ltd.",14,小売,6100,小売業,-,0112,スタンダード
2025-02-05,76150,京都きもの友禅ホールディングス,"KYOTO KIMONO YUZEN HOLDINGS Co.,Ltd.",14,小売,6100,小売業,-,0112,スタンダード
2025-02-05,76160,コロワイド,"COLOWIDE CO.,LTD.",14,小売,6100,小売業,TOPIX Mid400,0111,プライム
2025-02-05,76190,田中商事,"TANAKA CO.,LTD.",13,商社・卸売,6050,卸売業,-,0112,スタンダード
2025-02-05,76210,うかい,"UKAI CO.,LTD.",14,小売,6100,小売業,-,0112,スタンダード
2025-02-05,76230,サンオータス,"SUNAUTAS CO.,LTD.",14,小売,6100,小売業,-,0112,スタンダード
2025-02-05,76240,ＮａＩＴＯ,"Naito & Co.,Ltd.",13,商社・卸売,6050,卸売業,-,0112,スタンダード
2025-02-05,76250,グローバルダイニング,"GLOBAL-DINING,INC.",14,小売,6100,小売業,-,0112,スタンダード
2025-02-05,76280,オーハシテクニカ,OHASHI TECHNICA INC.,13,商社・卸売,6050,卸売業,TOPIX Small 2,0111,プライム
2025-02-05,76300,壱番屋,"ICHIBANYA CO.,LTD.",14,小売,6100,小売業,TOPIX Small 1,0111,プライム
2025-02-05,76340,星医療酸器,"HOSHIIRYO-SANKI CO.,LTD.",13,商社・卸売,6050,卸売業,-,0112,スタンダード
2025-02-05,76350,杉田エース,"SUGITA ACE CO.,LTD.",13,商社・卸売,6050,卸売業,-,0112,スタンダード
2025-02-05,76360,ハンズマン,"HANDSMAN CO.,LTD",14,小売,6100,小売業,-,0112,スタンダード
2025-02-05,76370,白銅,"Hakudo Co.,Ltd.",13,商社・卸売,6050,卸売業,TOPIX Small 2,0111,プライム
2025-02-05,76380,ＮＥＷ　ＡＲＴ　ＨＯＬＤＩＮＧＳ,"NEW ART HOLDINGS Co.,Ltd.",14,小売,6100,小売業,-,0112,スタンダード
2025-02-05,76400,トップカルチャー,"TOP CULTURE Co.,Ltd.",14,小売,6100,小売業,-,0112,スタンダード
2025-02-05,76430,ダイイチ,"DAIICHI CO.,LTD.",14,小売,6100,小売業,-,0112,スタンダード
2025-02-05,76460,ＰＬＡＮＴ,"PLANT Co.,Ltd.",14,小売,6100,小売業,-,0112,スタンダード
2025-02-05,76490,スギホールディングス,"SUGI HOLDINGS Co.,LTD.",14,小売,6100,小売業,TOPIX Mid400,0111,プライム
2025-02-05,76700,オーウエル,O-WELL CORPORATION,13,商社・卸売,6050,卸売業,-,0112,スタンダード
2025-02-05,76730,ダイコー通産,"DAIKO TSUSAN CO.,LTD.",13,商社・卸売,6050,卸売業,-,0112,スタンダード
2025-02-05,76740,ＮＡＴＴＹ　ＳＷＡＮＫＹホールディングス,"NATTY SWANKY holdings Co.,Ltd.",14,小売,6100,小売業,-,0113,グロース
2025-02-05,76770,ヤシマキザイ,"Yashima & Co.,Ltd.",13,商社・卸売,6050,卸売業,-,0112,スタンダード
2025-02-05,76780,あさくま,"ASAKUMA CO.,LTD.",14,小売,6100,小売業,-,0112,スタンダード
2025-02-05,76790,薬王堂ホールディングス,"YAKUODO HOLDINGS Co.,Ltd.",14,小売,6100,小売業,TOPIX Small 2,0111,プライム
2025-02-05,76800,軽自動車館,"KEIJIDOUSHAKAN.Co.,Ltd.",14,小売,6100,小売業,-,0105,TOKYO PRO MARKET
2025-02-05,76810,レオクラン,"LEOCLAN Co.,Ltd.",13,商社・卸売,6050,卸売業,-,0112,スタンダード
2025-02-05,76820,浜木綿,"HAMAYUU CO.,LTD.",14,小売,6100,小売業,-,0112,スタンダード
2025-02-05,76830,ダブルエー,"WA,Inc.",14,小売,6100,小売業,TOPIX Small 2,0111,プライム
2025-02-05,76850,ＢｕｙＳｅｌｌ　Ｔｅｃｈｎｏｌｏｇｉｅｓ,"BuySell Technologies Co.,Ltd.",13,商社・卸売,6050,卸売業,-,0113,グロース
2025-02-05,76860,カクヤスグループ,"Kakuyasu Group Co.,Ltd.",14,小売,6100,小売業,-,0112,スタンダード
2025-02-05,76870,ミクリード,"MICREED Co.,Ltd.",13,商社・卸売,6050,卸売業,-,0113,グロース
2025-02-05,76890,コパ・コーポレーション,Copa Corporation Inc.,13,商社・卸売,6050,卸売業,-,0113,グロース
2025-02-05,76900,カレント自動車,CURRENT MOTOR Corporation,13,商社・卸売,6050,卸売業,-,0105,TOKYO PRO MARKET
2025-02-05,76910,Ｃ　Ｃｈａｎｎｅｌ,C Channel Corporation,14,小売,6100,小売業,-,0105,TOKYO PRO MARKET
2025-02-05,76920,アースインフィニティ,EARTH INFINITY CO.LTD.,11,電気・ガス,4050,電気･ガス業,-,0112,スタンダード
2025-02-05,76930,北海道歯科産業,"Hokkaido Shika Sangyo Co.,Ltd.",13,商社・卸売,6050,卸売業,-,0105,TOKYO PRO MARKET
2025-02-05,76940,いつも,itsumo.inc.,14,小売,6100,小売業,-,0113,グロース
2025-02-05,76950,交換できるくん,"Koukandekirukun,Inc.",14,小売,6100,小売業,-,0113,グロース
2025-02-05,76980,アイスコ,Iceco Inc.,13,商社・卸売,6050,卸売業,-,0112,スタンダード
2025-02-05,76990,オムニ・プラス・システム・リミテッド,OMNI-PLUS SYSTEM LIMITED,13,商社・卸売,6050,卸売業,-,0113,グロース
2025-02-05,77010,島津製作所,Shimadzu Corporation,9,電機・精密,3750,精密機器,TOPIX Mid400,0111,プライム
2025-02-05,77020,ＪＭＳ,"JMS CO.,LTD.",9,電機・精密,3750,精密機器,TOPIX Small 2,0112,スタンダード
2025-02-05,77070,プレシジョン・システム・サイエンス,"Precision System Science Co.,Ltd.",9,電機・精密,3750,精密機器,-,0113,グロース
2025-02-05,77090,クボテック,KUBOTEK CORPORATION,9,電機・精密,3750,精密機器,-,0112,スタンダード
2025-02-05,77110,助川電気工業,"SUKEGAWA ELECTRIC CO.,LTD.",9,電機・精密,3750,精密機器,-,0112,スタンダード
2025-02-05,77130,シグマ光機,"SIGMA KOKI CO.,LTD.",9,電機・精密,3750,精密機器,-,0112,スタンダード
2025-02-05,77150,長野計器,"NAGANO KEIKI CO.,LTD.",9,電機・精密,3750,精密機器,TOPIX Small 1,0111,プライム
2025-02-05,77160,ナカニシ,NAKANISHI INC.,9,電機・精密,3750,精密機器,-,0112,スタンダード
2025-02-05,77170,ブイ・テクノロジー,"V Technology Co.,Ltd.",9,電機・精密,3750,精密機器,TOPIX Small 2,0111,プライム
2025-02-05,77180,スター精密,"STAR MICRONICS CO.,LTD.",8,機械,3600,機械,TOPIX Small 1,0111,プライム
2025-02-05,77190,東京衡機,TOKYO KOKI CO.LTD.,9,電機・精密,3750,精密機器,-,0112,スタンダード
2025-02-05,77210,東京計器,TOKYO KEIKI INC.,9,電機・精密,3750,精密機器,TOPIX Small 1,0111,プライム
2025-02-05,77220,国際計測器,"KOKUSAI CO.,LTD.",9,電機・精密,3750,精密機器,-,0112,スタンダード
2025-02-05,77230,愛知時計電機,"Aichi Tokei Denki Co.,Ltd.",9,電機・精密,3750,精密機器,TOPIX Small 2,0111,プライム
2025-02-05,77250,インターアクション,INTER ACTION Corporation,9,電機・精密,3750,精密機器,TOPIX Small 2,0111,プライム
2025-02-05,77260,黒田精工,KURODA PRECISION INDUSTRIES LTD.,8,機械,3600,機械,-,0112,スタンダード
2025-02-05,77270,オーバル,OVAL Corporation,9,電機・精密,3750,精密機器,-,0112,スタンダード
2025-02-05,77290,東京精密,"TOKYO SEIMITSU CO.,LTD.",9,電機・精密,3750,精密機器,TOPIX Mid400,0111,プライム
2025-02-05,77300,マニー,"MANI,INC.",9,電機・精密,3750,精密機器,TOPIX Mid400,0111,プライム
2025-02-05,77310,ニコン,NIKON CORPORATION,9,電機・精密,3750,精密機器,TOPIX Mid400,0111,プライム
2025-02-05,77320,トプコン,TOPCON CORPORATION,9,電機・精密,3750,精密機器,TOPIX Mid400,0111,プライム
2025-02-05,77330,オリンパス,OLYMPUS CORPORATION,9,電機・精密,3750,精密機器,TOPIX Large70,0111,プライム
2025-02-05,77340,理研計器,"RIKEN KEIKI CO.,LTD.",9,電機・精密,3750,精密機器,TOPIX Small 1,0111,プライム
2025-02-05,77350,ＳＣＲＥＥＮホールディングス,"SCREEN Holdings Co.,Ltd.",9,電機・精密,3650,電気機器,TOPIX Mid400,0111,プライム
2025-02-05,77390,キヤノン電子,CANON ELECTRONICS INC.,9,電機・精密,3650,電気機器,TOPIX Small 1,0111,プライム
2025-02-05,77400,タムロン,"Tamron Co.,Ltd.",9,電機・精密,3750,精密機器,TOPIX Small 1,0111,プライム
2025-02-05,77410,ＨＯＹＡ,HOYA CORPORATION,9,電機・精密,3750,精密機器,TOPIX Core30,0111,プライム
2025-02-05,77430,シード,"SEED CO.,LTD.",9,電機・精密,3750,精密機器,-,0111,プライム
2025-02-05,77440,ノーリツ鋼機,"Noritsu Koki Co.,Ltd.",9,電機・精密,3750,精密機器,TOPIX Small 1,0111,プライム
2025-02-05,77450,Ａ＆Ｄホロンホールディングス,"A&D HOLON Holdings Company,Limited",9,電機・精密,3750,精密機器,TOPIX Small 1,0111,プライム
2025-02-05,77460,岡本硝子,"OKAMOTO GLASS CO.,LTD.",9,電機・精密,3750,精密機器,-,0112,スタンダード
2025-02-05,77470,朝日インテック,"ASAHI INTECC CO.,LTD.",9,電機・精密,3750,精密機器,TOPIX Mid400,0111,プライム
2025-02-05,77490,メディキット,"MEDIKIT CO.,LTD.",9,電機・精密,3750,精密機器,-,0112,スタンダード
2025-02-05,77510,キヤノン,CANON INC.,9,電機・精密,3650,電気機器,TOPIX Large70,0111,プライム
2025-02-05,77520,リコー,"RICOH COMPANY,LTD.",9,電機・精密,3650,電気機器,TOPIX Mid400,0111,プライム
2025-02-05,77600,ＩＭＶ,IMV CORPORATION,9,電機・精密,3750,精密機器,-,0112,スタンダード
2025-02-05,77620,シチズン時計,"Citizen Watch Co.,Ltd.",9,電機・精密,3750,精密機器,TOPIX Small 1,0111,プライム
2025-02-05,77690,リズム,"RHYTHM CO.,LTD.",9,電機・精密,3750,精密機器,-,0111,プライム
2025-02-05,77710,日本精密,"Nihon Seimitsu Co.,Ltd.",9,電機・精密,3750,精密機器,-,0112,スタンダード
2025-02-05,77740,ジャパン・ティッシュエンジニアリング,"Japan Tissue Engineering Co.,Ltd.",9,電機・精密,3750,精密機器,-,0113,グロース
2025-02-05,77750,大研医器,"DAIKEN MEDICAL CO.,LTD.",9,電機・精密,3750,精密機器,-,0112,スタンダード
2025-02-05,77760,セルシード,CellSeed Inc.,9,電機・精密,3750,精密機器,-,0113,グロース
2025-02-05,77770,スリー・ディー・マトリックス,"3-D Matrix,Ltd.",9,電機・精密,3750,精密機器,-,0113,グロース
2025-02-05,77790,ＣＹＢＥＲＤＹＮＥ,"CYBERDYNE,INC.",9,電機・精密,3750,精密機器,-,0113,グロース
2025-02-05,77800,メニコン,"Menicon Co.,Ltd.",9,電機・精密,3750,精密機器,TOPIX Small 1,0111,プライム
2025-02-05,77810,平山ホールディングス,"HIRAYAMA HOLDINGS Co.,Ltd.",9,電機・精密,3750,精密機器,-,0112,スタンダード
2025-02-05,77820,シンシア,"Sincere Co.,LTD.",9,電機・精密,3750,精密機器,-,0112,スタンダード
2025-02-05,77910,ドリームベッド,"DREAMBED CO.,LTD.",10,情報通信・サービスその他,3800,その他製品,-,0112,スタンダード
2025-02-05,77920,コラントッテ,"Colan Totte.Co.,Ltd.",10,情報通信・サービスその他,3800,その他製品,-,0113,グロース
2025-02-05,77930,イメージ・マジック,IMAGE MAGIC Inc.,10,情報通信・サービスその他,3800,その他製品,-,0113,グロース
2025-02-05,77940,イーディーピー,EDP Corporation,10,情報通信・サービスその他,3800,その他製品,-,0113,グロース
2025-02-05,77950,ＫＹＯＲＩＴＳＵ,"KYORITSU CO.,LTD.",10,情報通信・サービスその他,3800,その他製品,-,0112,スタンダード
2025-02-05,78000,アミファ,"Amifa Co.,Ltd.",10,情報通信・サービスその他,3800,その他製品,-,0112,スタンダード
2025-02-05,78030,ブシロード,Bushiroad Inc.,10,情報通信・サービスその他,3800,その他製品,-,0113,グロース
2025-02-05,78040,ビーアンドピー,"B&P Co.,Ltd.",10,情報通信・サービスその他,3800,その他製品,-,0112,スタンダード
2025-02-05,78050,プリントネット,PRINTNET INC.,10,情報通信・サービスその他,3800,その他製品,-,0112,スタンダード
2025-02-05,78060,ＭＴＧ,"MTG Co.,Ltd.",10,情報通信・サービスその他,3800,その他製品,-,0113,グロース
2025-02-05,78070,幸和製作所,"KOWA CO.,LTD.",10,情報通信・サービスその他,3800,その他製品,-,0112,スタンダード
2025-02-05,78080,シー・エス・ランバー,"C.S. LUMBER CO.,INC",10,情報通信・サービスその他,3800,その他製品,-,0112,スタンダード
2025-02-05,78090,壽屋,"KOTOBUKIYA CO.,LTD.",10,情報通信・サービスその他,3800,その他製品,-,0112,スタンダード
2025-02-05,78100,クロスフォー,"Crossfor Co.,Ltd.",10,情報通信・サービスその他,3800,その他製品,-,0112,スタンダード
2025-02-05,78110,中本パックス,"NAKAMOTO PACKS CO.,LTD.",10,情報通信・サービスその他,3800,その他製品,-,0112,スタンダード
2025-02-05,78120,クレステック,CRESTEC Inc.,10,情報通信・サービスその他,3800,その他製品,-,0112,スタンダード
2025-02-05,78130,プラッツ,"PLATZ Co.,Ltd.",10,情報通信・サービスその他,3800,その他製品,-,0113,グロース
2025-02-05,78140,日本創発グループ,"JAPAN Creative Platform Group Co.,Ltd.",10,情報通信・サービスその他,3800,その他製品,-,0112,スタンダード
2025-02-05,78150,東京ボード工業,"TOKYO BOARD INDUSTRIES CO.,LTD.",10,情報通信・サービスその他,3800,その他製品,-,0112,スタンダード
2025-02-05,78170,パラマウントベッドホールディングス,"PARAMOUNT BED HOLDINGS CO.,LTD.",10,情報通信・サービスその他,3800,その他製品,TOPIX Small 1,0111,プライム
2025-02-05,78180,トランザクション,"TRANSACTION CO.,Ltd.",10,情報通信・サービスその他,3800,その他製品,TOPIX Small 2,0111,プライム
2025-02-05,78190,粧美堂,SHOBIDO Corporation,10,情報通信・サービスその他,3800,その他製品,-,0112,スタンダード
2025-02-05,78200,ニホンフラッシュ,"NIHON FLUSH CO.,LTD.",10,情報通信・サービスその他,3800,その他製品,TOPIX Small 2,0111,プライム
2025-02-05,78210,前田工繊,"MAEDA KOSEN CO.,LTD.",10,情報通信・サービスその他,3800,その他製品,TOPIX Small 1,0111,プライム
2025-02-05,78220,永大産業,"Eidai Co.,Ltd.",10,情報通信・サービスその他,3800,その他製品,-,0112,スタンダード
2025-02-05,78230,アートネイチャー,ARTNATURE INC.,10,情報通信・サービスその他,3800,その他製品,TOPIX Small 2,0112,スタンダード
2025-02-05,78260,フルヤ金属,"FURUYA METAL CO.,LTD.",10,情報通信・サービスその他,3800,その他製品,TOPIX Small 1,0111,プライム
2025-02-05,78270,オービス,ORVIS CORPORATION,10,情報通信・サービスその他,3800,その他製品,-,0112,スタンダード
2025-02-05,78310,ウイルコホールディングス,Wellco Holdings Corporation,10,情報通信・サービスその他,3800,その他製品,-,0112,スタンダード
2025-02-05,78320,バンダイナムコホールディングス,Bandai Namco Holdings Inc.,10,情報通信・サービスその他,3800,その他製品,TOPIX Large70,0111,プライム
2025-02-05,78330,アイフィスジャパン,IFIS JAPAN LTD.,10,情報通信・サービスその他,3800,その他製品,-,0112,スタンダード
2025-02-05,78360,アビックス,"AVIX,Inc.",10,情報通信・サービスその他,3800,その他製品,-,0112,スタンダード
2025-02-05,78370,アールシーコア,"R.C.CORE CO.,LTD.",10,情報通信・サービスその他,3800,その他製品,-,0112,スタンダード
2025-02-05,78390,ＳＨＯＥＩ,"SHOEI CO.,LTD.",10,情報通信・サービスその他,3800,その他製品,TOPIX Small 1,0111,プライム
2025-02-05,78400,フランスベッドホールディングス,"FRANCE BED HOLDINGS CO.,LTD.",10,情報通信・サービスその他,3800,その他製品,TOPIX Small 2,0111,プライム
2025-02-05,78410,遠藤製作所,"ENDO MANUFACTURING CO.,LTD.",10,情報通信・サービスその他,3800,その他製品,-,0112,スタンダード
2025-02-05,78440,マーベラス,Marvelous Inc.,10,情報通信・サービスその他,5250,情報･通信業,TOPIX Small 2,0111,プライム
2025-02-05,78460,パイロットコーポレーション,PILOT CORPORATION,10,情報通信・サービスその他,3800,その他製品,TOPIX Mid400,0111,プライム
2025-02-05,78470,グラファイトデザイン,GRAPHITE DESIGN INC.,10,情報通信・サービスその他,3800,その他製品,-,0112,スタンダード
2025-02-05,78490,スターツ出版,Starts Publishing Corporation,10,情報通信・サービスその他,5250,情報･通信業,-,0112,スタンダード
2025-02-05,78500,総合商研,"SOUGOU SHOUKEN CO.,LTD.",10,情報通信・サービスその他,3800,その他製品,-,0112,スタンダード
2025-02-05,78510,カワセコンピュータサプライ,"KAWASE COMPUTER SUPPLIES CO,LTD.",10,情報通信・サービスその他,3800,その他製品,-,0112,スタンダード
2025-02-05,78560,萩原工業,HAGIHARA INDUSTRIES INC.,10,情報通信・サービスその他,3800,その他製品,TOPIX Small 2,0111,プライム
2025-02-05,78570,セキ,"SEKI CO.,LTD.",10,情報通信・サービスその他,3800,その他製品,-,0112,スタンダード
2025-02-05,78590,アルメディオ,ALMEDIO INC.,10,情報通信・サービスその他,3800,その他製品,-,0112,スタンダード
2025-02-05,78600,エイベックス,Avex Inc.,10,情報通信・サービスその他,5250,情報･通信業,TOPIX Small 1,0111,プライム
2025-02-05,78630,平賀,"HIRAGA CO.,LTD.",10,情報通信・サービスその他,3800,その他製品,-,0112,スタンダード
2025-02-05,78640,フジシールインターナショナル,"FUJI SEAL INTERNATIONAL,INC.",10,情報通信・サービスその他,3800,その他製品,TOPIX Small 1,0111,プライム
2025-02-05,78650,ピープル,"People Co.,Ltd.",10,情報通信・サービスその他,3800,その他製品,-,0112,スタンダード
2025-02-05,78670,タカラトミー,"TOMY COMPANY,LTD.",10,情報通信・サービスその他,3800,その他製品,TOPIX Mid400,0111,プライム
2025-02-05,78680,広済堂ホールディングス,"KOSAIDO Holdings Co.,Ltd.",10,情報通信・サービスその他,3800,その他製品,TOPIX Small 2,0111,プライム
2025-02-05,78710,フクビ化学工業,"FUKUVI CHEMICAL INDUSTRY CO.,LTD.",4,素材・化学,3200,化学,-,0112,スタンダード
2025-02-05,78720,エステールホールディングス,"ESTELLE HOLDINGS CO.,LTD.",10,情報通信・サービスその他,3800,その他製品,-,0112,スタンダード
2025-02-05,78740,レック,"LEC,INC.",4,素材・化学,3200,化学,TOPIX Small 2,0111,プライム
2025-02-05,78750,竹田ｉＰホールディングス,"TAKEDA iP HOLDINGS CO.,LTD.",10,情報通信・サービスその他,3800,その他製品,-,0112,スタンダード
2025-02-05,78770,永大化工,"EIDAI KAKO CO.,LTD.",4,素材・化学,3200,化学,-,0112,スタンダード
2025-02-05,78780,光・彩,"Kohsai Co.,Ltd.",10,情報通信・サービスその他,3800,その他製品,-,0112,スタンダード
2025-02-05,78790,ノダ,NODA CORPORATION,10,情報通信・サービスその他,3800,その他製品,-,0112,スタンダード
2025-02-05,78830,サンメッセ,"Sun Messe Co.,Ltd.",10,情報通信・サービスその他,3800,その他製品,-,0112,スタンダード
2025-02-05,78850,タカノ,"TAKANO Co.,Ltd.",10,情報通信・サービスその他,3800,その他製品,-,0112,スタンダード
2025-02-05,78860,ヤマト　モビリティ　＆　Ｍｆｇ．,"YAMATO Mobility & Mfg. Co.,Ltd.",4,素材・化学,3200,化学,-,0112,スタンダード
2025-02-05,78870,南海プライウッド,"NANKAI PLYWOOD CO.,LTD.",10,情報通信・サービスその他,3800,その他製品,-,0112,スタンダード
2025-02-05,78880,三光合成,SANKO GOSEI LTD.,4,素材・化学,3200,化学,TOPIX Small 2,0111,プライム
2025-02-05,78930,プロネクサス,PRONEXUS INC.,10,情報通信・サービスその他,3800,その他製品,TOPIX Small 2,0111,プライム
2025-02-05,78960,セブン工業,"SEVEN INDUSTRIES CO.,LTD.",10,情報通信・サービスその他,3800,その他製品,-,0112,スタンダード
2025-02-05,78970,ホクシン,"HOKUSHIN CO.,LTD.",10,情報通信・サービスその他,3800,その他製品,-,0112,スタンダード
2025-02-05,78980,ウッドワン,"WOOD ONE CO.,LTD.",10,情報通信・サービスその他,3800,その他製品,-,0112,スタンダード
2025-02-05,79010,マツモト,MATSUMOTO INC.,10,情報通信・サービスその他,3800,その他製品,-,0112,スタンダード
2025-02-05,79020,ソノコム,"SONOCOM CO.,LTD.",10,情報通信・サービスその他,3800,その他製品,-,0112,スタンダード
2025-02-05,79060,ヨネックス,"YONEX CO.,LTD.",10,情報通信・サービスその他,3800,その他製品,-,0112,スタンダード
2025-02-05,79080,きもと,"KIMOTO CO.,LTD.",4,素材・化学,3200,化学,-,0112,スタンダード
2025-02-05,79110,ＴＯＰＰＡＮホールディングス,TOPPAN Holdings Inc.,10,情報通信・サービスその他,3800,その他製品,TOPIX Mid400,0111,プライム
2025-02-05,79120,大日本印刷,"Dai Nippon Printing Co.,Ltd.",10,情報通信・サービスその他,3800,その他製品,TOPIX Mid400,0111,プライム
2025-02-05,79140,共同印刷,"Kyodo Printing Co.,Ltd.",10,情報通信・サービスその他,3800,その他製品,TOPIX Small 2,0111,プライム
2025-02-05,79150,ＮＩＳＳＨＡ,"Nissha Co.,Ltd.",10,情報通信・サービスその他,3800,その他製品,TOPIX Small 1,0111,プライム
2025-02-05,79160,光村印刷,"MITSUMURA PRINTING CO.,LTD.",10,情報通信・サービスその他,3800,その他製品,-,0112,スタンダード
2025-02-05,79170,ＺＡＣＲＯＳ,ZACROS Corporation,4,素材・化学,3200,化学,TOPIX Small 2,0111,プライム
2025-02-05,79180,ヴィア・ホールディングス,"VIA Holdings,Inc.",14,小売,6100,小売業,-,0112,スタンダード
2025-02-05,79190,野崎印刷紙業,"Nozaki Insatsu Shigyo Co.,Ltd.",10,情報通信・サービスその他,3800,その他製品,-,0112,スタンダード
2025-02-05,79210,ＴＡＫＡＲＡ　＆　ＣＯＭＰＡＮＹ,TAKARA & COMPANY LTD.,10,情報通信・サービスその他,3800,その他製品,TOPIX Small 2,0111,プライム
2025-02-05,79220,三光産業,"SANKO SANGYO CO.,LTD.",10,情報通信・サービスその他,3800,その他製品,-,0112,スタンダード
2025-02-05,79230,トーイン,TOIN CORPORATION,10,情報通信・サービスその他,3800,その他製品,-,0112,スタンダード
2025-02-05,79250,前澤化成工業,"MAEZAWA KASEI INDUSTRIES CO.,LTD.",4,素材・化学,3200,化学,TOPIX Small 2,0111,プライム
2025-02-05,79270,ムトー精工,MUTO SEIKO CO.,4,素材・化学,3200,化学,-,0112,スタンダード
2025-02-05,79280,旭化学工業,"ASAHI KAGAKU KOGYO CO.,LTD.",4,素材・化学,3200,化学,-,0112,スタンダード
2025-02-05,79310,未来工業,"MIRAI INDUSTRY CO.,LTD.",4,素材・化学,3200,化学,TOPIX Small 2,0111,プライム
2025-02-05,79320,ニッピ,"Nippi,Incorporated",10,情報通信・サービスその他,3800,その他製品,-,0112,スタンダード
2025-02-05,79360,アシックス,ASICS Corporation,10,情報通信・サービスその他,3800,その他製品,TOPIX Mid400,0111,プライム
2025-02-05,79370,ツツミ,"TSUTSUMI JEWELRY CO.,LTD.",10,情報通信・サービスその他,3800,その他製品,TOPIX Small 2,0112,スタンダード
2025-02-05,79380,リーガルコーポレーション,REGAL CORPORATION,10,情報通信・サービスその他,3800,その他製品,-,0112,スタンダード
2025-02-05,79390,研創,"KENSOH CO.,LTD.",10,情報通信・サービスその他,3800,その他製品,-,0112,スタンダード
2025-02-05,79400,ウェーブロックホールディングス,"WAVELOCK HOLDINGS CO.,LTD.",4,素材・化学,3200,化学,-,0112,スタンダード
2025-02-05,79420,ＪＳＰ,JSP Corporation,4,素材・化学,3200,化学,TOPIX Small 2,0111,プライム
2025-02-05,79430,ニチハ,NICHIHA CORPORATION,3,建設・資材,3400,ガラス･土石製品,TOPIX Small 1,0111,プライム
2025-02-05,79440,ローランド,Roland Corporation,10,情報通信・サービスその他,3800,その他製品,TOPIX Small 1,0111,プライム
2025-02-05,79460,光陽社,KOYOSHA INC.,10,情報通信・サービスその他,3800,その他製品,-,0112,スタンダード
2025-02-05,79470,エフピコ,FP CORPORATION,4,素材・化学,3200,化学,TOPIX Small 1,0111,プライム
2025-02-05,79490,小松ウオール工業,"KOMATSU WALL INDUSTRY CO.,LTD.",10,情報通信・サービスその他,3800,その他製品,TOPIX Small 2,0111,プライム
2025-02-05,79510,ヤマハ,YAMAHA CORPORATION,10,情報通信・サービスその他,3800,その他製品,TOPIX Mid400,0111,プライム
2025-02-05,79520,河合楽器製作所,"Kawai Musical Instruments Manufacturing Co.,Ltd.",10,情報通信・サービスその他,3800,その他製品,TOPIX Small 2,0111,プライム
2025-02-05,79530,菊水化学工業,"KIKUSUI CHEMICAL INDUSTRIES CO.,LTD.",10,情報通信・サービスその他,3800,その他製品,-,0112,スタンダード
2025-02-05,79550,クリナップ,Cleanup Corporation,10,情報通信・サービスその他,3800,その他製品,TOPIX Small 2,0111,プライム
2025-02-05,79560,ピジョン,PIGEON CORPORATION,10,情報通信・サービスその他,3800,その他製品,TOPIX Mid400,0111,プライム
2025-02-05,79570,フジコピアン,"FUJICOPIAN CO.,LTD.",10,情報通信・サービスその他,3800,その他製品,-,0112,スタンダード
2025-02-05,79580,天馬,TENMA CORPORATION,4,素材・化学,3200,化学,TOPIX Small 2,0111,プライム
2025-02-05,79620,キングジム,"KING JIM CO.,LTD.",10,情報通信・サービスその他,3800,その他製品,TOPIX Small 2,0111,プライム
2025-02-05,79630,興研,KOKEN LTD.,10,情報通信・サービスその他,3800,その他製品,-,0112,スタンダード
2025-02-05,79650,象印マホービン,Zojirushi Corporation,9,電機・精密,3650,電気機器,TOPIX Small 1,0111,プライム
2025-02-05,79660,リンテック,LINTEC Corporation,10,情報通信・サービスその他,3800,その他製品,TOPIX Small 1,0111,プライム
2025-02-05,79700,信越ポリマー,"Shin-Etsu Polymer Co.,Ltd.",4,素材・化学,3200,化学,TOPIX Small 1,0111,プライム
2025-02-05,79710,東リ,TOLI Corporation,4,素材・化学,3200,化学,-,0112,スタンダード
2025-02-05,79720,イトーキ,ITOKI CORPORATION,10,情報通信・サービスその他,3800,その他製品,TOPIX Small 1,0111,プライム
2025-02-05,79740,任天堂,"Nintendo Co.,Ltd.",10,情報通信・サービスその他,3800,その他製品,TOPIX Core30,0111,プライム
2025-02-05,79750,リヒトラブ,"LIHIT LAB.,INC.",10,情報通信・サービスその他,3800,その他製品,-,0112,スタンダード
2025-02-05,79760,三菱鉛筆,"MITSUBISHI PENCIL COMPANY,LIMITED",10,情報通信・サービスその他,3800,その他製品,TOPIX Small 1,0111,プライム
2025-02-05,79790,松風,SHOFU INC.,9,電機・精密,3750,精密機器,TOPIX Small 2,0111,プライム
2025-02-05,79800,重松製作所,"SHIGEMATSU WORKS CO.,LTD.",10,情報通信・サービスその他,3800,その他製品,-,0112,スタンダード
2025-02-05,79810,タカラスタンダード,"TAKARA STANDARD CO.,LTD.",10,情報通信・サービスその他,3800,その他製品,TOPIX Small 1,0111,プライム
2025-02-05,79830,ミロク,Miroku Corporation,10,情報通信・サービスその他,3800,その他製品,-,0112,スタンダード
2025-02-05,79840,コクヨ,"KOKUYO CO.,LTD.",10,情報通信・サービスその他,3800,その他製品,TOPIX Mid400,0111,プライム
2025-02-05,79850,ネポン,NEPON Inc.,3,建設・資材,3550,金属製品,-,0112,スタンダード
2025-02-05,79860,日本アイ・エス・ケイ,"NIHON ISK Company,Limited",10,情報通信・サービスその他,3800,その他製品,-,0112,スタンダード
2025-02-05,79870,ナカバヤシ,"NAKABAYASHI CO.,LTD.",10,情報通信・サービスその他,3800,その他製品,TOPIX Small 2,0112,スタンダード
2025-02-05,79880,ニフコ,NIFCO INC.,4,素材・化学,3200,化学,TOPIX Mid400,0111,プライム
2025-02-05,79890,立川ブラインド工業,TACHIKAWA CORPORATION,3,建設・資材,3550,金属製品,TOPIX Small 2,0111,プライム
2025-02-05,79900,グローブライド,"GLOBERIDE,Inc.",10,情報通信・サービスその他,3800,その他製品,TOPIX Small 1,0111,プライム
2025-02-05,79910,マミヤ・オーピー,"MAMIYA-OP CO.,LTD",8,機械,3600,機械,-,0112,スタンダード
2025-02-05,79920,セーラー万年筆,"The Sailor Pen Co.,Ltd.",10,情報通信・サービスその他,3800,その他製品,-,0112,スタンダード
2025-02-05,79940,オカムラ,OKAMURA CORPORATION,10,情報通信・サービスその他,3800,その他製品,TOPIX Small 1,0111,プライム
2025-02-05,79950,バルカー,"VALQUA,LTD.",4,素材・化学,3200,化学,TOPIX Small 1,0111,プライム
2025-02-05,79970,くろがね工作所,Kurogane Kosakusho Ltd.,10,情報通信・サービスその他,3800,その他製品,-,0112,スタンダード
2025-02-05,79990,ＭＵＴＯＨホールディングス,"MUTOH HOLDINGS CO.,LTD.",9,電機・精密,3650,電気機器,-,0112,スタンダード
2025-02-05,80010,伊藤忠商事,ITOCHU Corporation,13,商社・卸売,6050,卸売業,TOPIX Core30,0111,プライム
2025-02-05,80020,丸紅,Marubeni Corporation,13,商社・卸売,6050,卸売業,TOPIX Large70,0111,プライム
2025-02-05,80050,スクロール,Scroll Corporation,14,小売,6100,小売業,TOPIX Small 1,0111,プライム
2025-02-05,80060,ユアサ・フナショク,"YUASA FUNASHOKU Co.,Ltd.",13,商社・卸売,6050,卸売業,-,0112,スタンダード
2025-02-05,80070,高島,"Takashima & Co.,Ltd.",13,商社・卸売,6050,卸売業,-,0111,プライム
2025-02-05,80080,ヨンドシーホールディングス,YONDOSHI HOLDINGS INC.,14,小売,6100,小売業,TOPIX Small 1,0111,プライム
2025-02-05,80110,三陽商会,SANYO SHOKAI LTD.,4,素材・化学,3100,繊維製品,TOPIX Small 2,0111,プライム
2025-02-05,80120,長瀬産業,"NAGASE & CO.,LTD.",13,商社・卸売,6050,卸売業,TOPIX Mid400,0111,プライム
2025-02-05,80130,ナイガイ,"NAIGAI CO.,LTD.",4,素材・化学,3100,繊維製品,-,0112,スタンダード
2025-02-05,80140,蝶理,"CHORI CO.,LTD.",13,商社・卸売,6050,卸売業,TOPIX Small 2,0111,プライム
2025-02-05,80150,豊田通商,TOYOTA TSUSHO CORPORATION,13,商社・卸売,6050,卸売業,TOPIX Mid400,0111,プライム
2025-02-05,80160,オンワードホールディングス,"ONWARD HOLDINGS CO.,LTD.",4,素材・化学,3100,繊維製品,TOPIX Small 1,0111,プライム
2025-02-05,80180,三共生興,"SANKYO SEIKO CO.,LTD.",13,商社・卸売,6050,卸売業,TOPIX Small 2,0112,スタンダード
2025-02-05,80200,兼松,KANEMATSU CORPORATION,13,商社・卸売,6050,卸売業,TOPIX Mid400,0111,プライム
2025-02-05,80220,美津濃,Mizuno Corporation,10,情報通信・サービスその他,3800,その他製品,TOPIX Small 1,0111,プライム
2025-02-05,80230,大興電子通信,"DAIKO DENSHI TSUSHIN,LTD.",10,情報通信・サービスその他,5250,情報･通信業,-,0112,スタンダード
2025-02-05,80250,ツカモトコーポレーション,"TSUKAMOTO CORPORATION CO.,LTD.",13,商社・卸売,6050,卸売業,-,0112,スタンダード
2025-02-05,80290,ルックホールディングス,LOOK HOLDINGS INCORPORATED,4,素材・化学,3100,繊維製品,TOPIX Small 2,0112,スタンダード
2025-02-05,80300,中央魚類,"Chuo Gyorui Co.,Ltd.",13,商社・卸売,6050,卸売業,-,0112,スタンダード
2025-02-05,80310,三井物産,"MITSUI & CO.,LTD.",13,商社・卸売,6050,卸売業,TOPIX Core30,0111,プライム
2025-02-05,80320,日本紙パルプ商事,JAPAN PULP AND PAPER COMPANY LIMITED,13,商社・卸売,6050,卸売業,TOPIX Small 2,0111,プライム
2025-02-05,80350,東京エレクトロン,Tokyo Electron Limited,9,電機・精密,3650,電気機器,TOPIX Core30,0111,プライム
2025-02-05,80370,カメイ,KAMEI CORPORATION,13,商社・卸売,6050,卸売業,TOPIX Small 2,0111,プライム
2025-02-05,80380,東都水産,"TOHTO SUISAN CO.,LTD.",13,商社・卸売,6050,卸売業,-,0112,スタンダード
2025-02-05,80390,築地魚市場,"TSUKIJI UOICHIBA COMPANY,LIMITED",13,商社・卸売,6050,卸売業,-,0112,スタンダード
2025-02-05,80400,東京ソワール,"TOKYO SOIR CO.,LTD.",4,素材・化学,3100,繊維製品,-,0112,スタンダード
2025-02-05,80410,ＯＵＧホールディングス,OUG Holdings Inc.,13,商社・卸売,6050,卸売業,-,0112,スタンダード
2025-02-05,80430,スターゼン,Starzen Company Limited,13,商社・卸売,6050,卸売業,TOPIX Small 2,0111,プライム
2025-02-05,80450,横浜丸魚,"Yokohama Maruuo Co.,Ltd.",13,商社・卸売,6050,卸売業,-,0112,スタンダード
2025-02-05,80460,丸藤シートパイル,"MARUFUJI SHEET PILING CO.,LTD.",13,商社・卸売,6050,卸売業,-,0112,スタンダード
2025-02-05,80500,セイコーグループ,SEIKO GROUP CORPORATION,9,電機・精密,3750,精密機器,TOPIX Small 1,0111,プライム
2025-02-05,80510,山善,YAMAZEN CORPORATION,13,商社・卸売,6050,卸売業,TOPIX Small 1,0111,プライム
2025-02-05,80520,椿本興業,"TSUBAKIMOTO KOGYO CO.,LTD.",13,商社・卸売,6050,卸売業,TOPIX Small 2,0111,プライム
2025-02-05,80530,住友商事,"SUMITOMO CORPORATION (SUMITOMO SHOJI KAISHA,LTD.)",13,商社・卸売,6050,卸売業,TOPIX Large70,0111,プライム
2025-02-05,80560,ＢＩＰＲＯＧＹ,BIPROGY Inc.,10,情報通信・サービスその他,5250,情報･通信業,TOPIX Mid400,0111,プライム
2025-02-05,80570,内田洋行,"UCHIDA YOKO CO.,LTD.",13,商社・卸売,6050,卸売業,TOPIX Small 1,0111,プライム
2025-02-05,80580,三菱商事,Mitsubishi Corporation,13,商社・卸売,6050,卸売業,TOPIX Core30,0111,プライム
2025-02-05,80590,第一実業,"DAIICHI JITSUGYO CO.,LTD.",13,商社・卸売,6050,卸売業,TOPIX Small 2,0111,プライム
2025-02-05,80600,キヤノンマーケティングジャパン,Canon Marketing Japan Inc.,13,商社・卸売,6050,卸売業,TOPIX Mid400,0111,プライム
2025-02-05,80610,西華産業,SEIKA CORPORATION,13,商社・卸売,6050,卸売業,TOPIX Small 2,0111,プライム
2025-02-05,80650,佐藤商事,SATO SHO-JI CORPORATION,13,商社・卸売,6050,卸売業,TOPIX Small 2,0111,プライム
2025-02-05,80660,三谷商事,MITANI CORPORATION,13,商社・卸売,6050,卸売業,-,0112,スタンダード
2025-02-05,80700,東京産業,"TOKYO SANGYO CO.,LTD.",13,商社・卸売,6050,卸売業,TOPIX Small 2,0111,プライム
2025-02-05,80740,ユアサ商事,"YUASA TRADING CO.,LTD.",13,商社・卸売,6050,卸売業,TOPIX Small 1,0111,プライム
2025-02-05,80750,神鋼商事,Shinsho Corporation,13,商社・卸売,6050,卸売業,TOPIX Small 2,0111,プライム
2025-02-05,80760,カノークス,CANOX CORPORATION,13,商社・卸売,6050,卸売業,-,0112,スタンダード
2025-02-05,80770,トルク,TORQ Inc.,13,商社・卸売,6050,卸売業,-,0112,スタンダード
2025-02-05,80780,阪和興業,"HANWA CO.,LTD.",13,商社・卸売,6050,卸売業,TOPIX Small 1,0111,プライム
2025-02-05,80790,正栄食品工業,SHOEI FOODS CORPORATION,13,商社・卸売,6050,卸売業,TOPIX Small 1,0111,プライム
2025-02-05,80810,カナデン,KANADEN CORPORATION,13,商社・卸売,6050,卸売業,TOPIX Small 2,0111,プライム
2025-02-05,80840,ＲＹＯＤＥＮ,RYODEN CORPORATION,13,商社・卸売,6050,卸売業,TOPIX Small 2,0111,プライム
2025-02-05,80850,ナラサキ産業,"NARASAKI SANGYO CO.,LTD.",13,商社・卸売,6050,卸売業,-,0112,スタンダード
2025-02-05,80860,ニプロ,NIPRO CORPORATION,9,電機・精密,3750,精密機器,TOPIX Mid400,0111,プライム
2025-02-05,80880,岩谷産業,IWATANI  CORPORATION,13,商社・卸売,6050,卸売業,TOPIX Mid400,0111,プライム
2025-02-05,80890,ナイス,Nice Corporation,13,商社・卸売,6050,卸売業,-,0112,スタンダード
2025-02-05,80910,ニチモウ,"NICHIMO CO.,LTD.",13,商社・卸売,6050,卸売業,-,0111,プライム
2025-02-05,80930,極東貿易,"Kyokuto Boeki Kaisha,Limited",13,商社・卸売,6050,卸売業,TOPIX Small 2,0111,プライム
2025-02-05,80950,アステナホールディングス,"Astena Holdings Co.,Ltd.",13,商社・卸売,6050,卸売業,TOPIX Small 2,0111,プライム
2025-02-05,80970,三愛オブリ,"SAN-AI OBBLI CO.,LTD.",13,商社・卸売,6050,卸売業,TOPIX Small 1,0111,プライム
2025-02-05,80980,稲畑産業,"Inabata & Co.,Ltd.",13,商社・卸売,6050,卸売業,TOPIX Small 1,0111,プライム
2025-02-05,81010,ＧＳＩクレオス,GSI Creos Corporation,13,商社・卸売,6050,卸売業,TOPIX Small 2,0111,プライム
2025-02-05,81030,明和産業,Meiwa Corporation,13,商社・卸売,6050,卸売業,TOPIX Small 2,0111,プライム
2025-02-05,81040,クワザワホールディングス,KUWAZAWA Holdings Corporation,13,商社・卸売,6050,卸売業,-,0112,スタンダード
2025-02-05,81050,堀田丸正,"MARUSHO HOTTA CO.,LTD.",13,商社・卸売,6050,卸売業,-,0112,スタンダード
2025-02-05,81070,キムラタン,KIMURATAN CORPORATION,4,素材・化学,3100,繊維製品,-,0112,スタンダード
2025-02-05,81110,ゴールドウイン,Goldwin Inc.,4,素材・化学,3100,繊維製品,TOPIX Mid400,0111,プライム
2025-02-05,81130,ユニ・チャーム,UNICHARM CORPORATION,4,素材・化学,3200,化学,TOPIX Large70,0111,プライム
2025-02-05,81150,ムーンバット,"MOONBAT Co.,Ltd.",13,商社・卸売,6050,卸売業,-,0112,スタンダード
2025-02-05,81170,中央自動車工業,CENTRAL AUTOMOTIVE PRODUCTS LTD.,13,商社・卸売,6050,卸売業,-,0112,スタンダード
2025-02-05,81180,キング,"KING Co.,Ltd.",4,素材・化学,3100,繊維製品,-,0112,スタンダード
2025-02-05,81190,三栄コーポレーション,SANYEI CORPORATION,13,商社・卸売,6050,卸売業,-,0112,スタンダード
2025-02-05,81230,川辺,"T.KAWABE & CO.,LTD.",13,商社・卸売,6050,卸売業,-,0112,スタンダード
2025-02-05,81250,ワキタ,"Wakita & Co.,LTD.",13,商社・卸売,6050,卸売業,TOPIX Small 2,0111,プライム
2025-02-05,81270,ヤマトインターナショナル,YAMATO INTERNATIONAL INC.,4,素材・化学,3100,繊維製品,-,0112,スタンダード
2025-02-05,81290,東邦ホールディングス,"TOHO HOLDINGS CO.,LTD.",13,商社・卸売,6050,卸売業,TOPIX Mid400,0111,プライム
2025-02-05,81300,サンゲツ,Sangetsu Corporation,13,商社・卸売,6050,卸売業,TOPIX Small 1,0111,プライム
2025-02-05,81310,ミツウロコグループホールディングス,"Mitsuuroko Group Holdings Co.,Ltd.",13,商社・卸売,6050,卸売業,TOPIX Small 2,0112,スタンダード
2025-02-05,81320,シナネンホールディングス,"SINANEN HOLDINGS CO.,LTD.",13,商社・卸売,6050,卸売業,TOPIX Small 2,0111,プライム
2025-02-05,81330,伊藤忠エネクス,"ITOCHU ENEX CO.,LTD.",13,商社・卸売,6050,卸売業,TOPIX Small 1,0111,プライム
2025-02-05,81350,ゼット,ZETT CORPORATION,13,商社・卸売,6050,卸売業,-,0112,スタンダード
2025-02-05,81360,サンリオ,"Sanrio Company,Ltd.",13,商社・卸売,6050,卸売業,TOPIX Mid400,0111,プライム
2025-02-05,81370,サンワテクノス,SUN-WA TECHNOS CORPORATION,13,商社・卸売,6050,卸売業,TOPIX Small 2,0111,プライム
2025-02-05,81380,三京化成,SANKYO KASEI CORPORATION,13,商社・卸売,6050,卸売業,-,0112,スタンダード
2025-02-05,81390,ナガホリ,NAGAHORI CORPORATION,13,商社・卸売,6050,卸売業,-,0112,スタンダード
2025-02-05,81410,新光商事,"Shinko Shoji Co.,Ltd.",13,商社・卸売,6050,卸売業,TOPIX Small 2,0111,プライム
2025-02-05,81420,トーホー,"TOHO Co.,Ltd.",13,商社・卸売,6050,卸売業,TOPIX Small 2,0111,プライム
2025-02-05,81430,ラピーヌ,"LAPINE CO.,LTD.",4,素材・化学,3100,繊維製品,-,0112,スタンダード
2025-02-05,81440,デンキョーグループホールディングス,"Denkyo Group Holdings Co.,Ltd.",13,商社・卸売,6050,卸売業,-,0112,スタンダード
2025-02-05,81470,トミタ,TOMITA CO.LTD.,13,商社・卸売,6050,卸売業,-,0112,スタンダード
2025-02-05,81500,三信電気,"SANSHIN ELECTRONICS CO.,LTD.",13,商社・卸売,6050,卸売業,TOPIX Small 2,0111,プライム
2025-02-05,81510,東陽テクニカ,TOYO Corporation,13,商社・卸売,6050,卸売業,TOPIX Small 2,0111,プライム
2025-02-05,81520,ソマール,SOMAR CORPORATION,13,商社・卸売,6050,卸売業,-,0112,スタンダード
2025-02-05,81530,モスフードサービス,"MOS FOOD SERVICES,INC.",13,商社・卸売,6050,卸売業,TOPIX Small 1,0111,プライム
2025-02-05,81540,加賀電子,"KAGA ELECTRONICS CO.,LTD.",13,商社・卸売,6050,卸売業,TOPIX Small 1,0111,プライム
2025-02-05,81570,都築電気,"TSUZUKI DENKI CO.,LTD.",10,情報通信・サービスその他,5250,情報･通信業,TOPIX Small 2,0111,プライム
2025-02-05,81580,ソーダニッカ,"SODA NIKKA CO.,LTD.",13,商社・卸売,6050,卸売業,TOPIX Small 2,0111,プライム
2025-02-05,81590,立花エレテック,"TACHIBANA ELETECH CO.,LTD.",13,商社・卸売,6050,卸売業,TOPIX Small 2,0111,プライム
2025-02-05,81600,木曽路,"KISOJI CO.,LTD.",14,小売,6100,小売業,TOPIX Small 1,0111,プライム
2025-02-05,81630,ＳＲＳホールディングス,"SRS HOLDINGS CO.,LTD.",14,小売,6100,小売業,TOPIX Small 2,0111,プライム
2025-02-05,81650,千趣会,"SENSHUKAI CO.,LTD.",14,小売,6100,小売業,TOPIX Small 2,0112,スタンダード
2025-02-05,81660,タカキュー,"Taka-Q Co.,Ltd.",14,小売,6100,小売業,-,0112,スタンダード
2025-02-05,81670,リテールパートナーズ,"RETAIL PARTNERS CO.,LTD.",14,小売,6100,小売業,TOPIX Small 2,0111,プライム
2025-02-05,81730,上新電機,"Joshin Denki Co.,Ltd.",14,小売,6100,小売業,TOPIX Small 1,0111,プライム
2025-02-05,81740,日本瓦斯,"NIPPON GAS CO.,LTD.",14,小売,6100,小売業,TOPIX Mid400,0111,プライム
2025-02-05,81790,ロイヤルホールディングス,"ROYAL HOLDINGS Co., Ltd.",14,小売,6100,小売業,TOPIX Small 1,0111,プライム
2025-02-05,81810,東天紅,"Totenko Co.,Ltd.",14,小売,6100,小売業,-,0112,スタンダード
2025-02-05,81850,チヨダ,"CHIYODA CO.,LTD.",14,小売,6100,小売業,TOPIX Small 2,0111,プライム
2025-02-05,81940,ライフコーポレーション,LIFE CORPORATION,14,小売,6100,小売業,TOPIX Small 1,0111,プライム
2025-02-05,81980,マックスバリュ東海,"Maxvalu Tokai Co.,Ltd.",14,小売,6100,小売業,-,0112,スタンダード
2025-02-05,82000,リンガーハット,"RINGER HUT CO.,LTD.",14,小売,6100,小売業,TOPIX Small 1,0111,プライム
2025-02-05,82020,ラオックスホールディングス,"Laox Holdings CO.,LTD.",14,小売,6100,小売業,-,0112,スタンダード
2025-02-05,82030,ＭｒＭａｘＨＤ,MrMax Holdings Ltd.,14,小売,6100,小売業,TOPIX Small 2,0111,プライム
2025-02-05,82070,テンアライド,"TEN ALLIED Co.,Ltd.",14,小売,6100,小売業,-,0112,スタンダード
2025-02-05,82080,エンチョー,"ENCHO CO.,LTD.",14,小売,6100,小売業,-,0112,スタンダード
2025-02-05,82090,フレンドリー,FRIENDLY CORPORATION,14,小売,6100,小売業,-,0112,スタンダード
2025-02-05,82140,ＡＯＫＩホールディングス,AOKI Holdings Inc.,14,小売,6100,小売業,TOPIX Small 1,0111,プライム
2025-02-05,82150,銀座山形屋,"GINZA YAMAGATAYA CO.,LTD.",14,小売,6100,小売業,-,0112,スタンダード
2025-02-05,82170,オークワ,"OKUWA CO.,LTD.",14,小売,6100,小売業,TOPIX Small 2,0111,プライム
2025-02-05,82180,コメリ,"KOMERI CO.,LTD.",14,小売,6100,小売業,TOPIX Small 1,0111,プライム
2025-02-05,82190,青山商事,"AOYAMA TRADING Co.,Ltd.",14,小売,6100,小売業,TOPIX Small 1,0111,プライム
2025-02-05,82250,タカチホ,"Takachiho Co.,Ltd.",13,商社・卸売,6050,卸売業,-,0112,スタンダード
2025-02-05,82260,理経,RIKEI CORPORATION,13,商社・卸売,6050,卸売業,-,0112,スタンダード
2025-02-05,82270,しまむら,"SHIMAMURA Co.,Ltd.",14,小売,6100,小売業,TOPIX Mid400,0111,プライム
2025-02-05,82300,はせがわ,"HASEGAWA CO.,LTD.",14,小売,6100,小売業,-,0112,スタンダード
2025-02-05,82330,高島屋,"Takashimaya Company,Limited",14,小売,6100,小売業,TOPIX Mid400,0111,プライム
2025-02-05,82370,松屋,"MATSUYA CO.,LTD.",14,小売,6100,小売業,TOPIX Small 1,0111,プライム
2025-02-05,82420,エイチ・ツー・オー　リテイリング,H2O RETAILING CORPORATION,14,小売,6100,小売業,TOPIX Mid400,0111,プライム
2025-02-05,82440,近鉄百貨店,"Kintetsu Department Store CO.,Ltd.",14,小売,6100,小売業,TOPIX Small 2,0112,スタンダード
2025-02-05,82470,大和,"Daiwa Co.,Ltd.",14,小売,6100,小売業,-,0112,スタンダード
2025-02-05,82520,丸井グループ,"MARUI GROUP CO.,LTD.",14,小売,6100,小売業,TOPIX Mid400,0111,プライム
2025-02-05,82530,クレディセゾン,"Credit Saison Co.,Ltd.",16,金融（除く銀行）,7200,その他金融業,TOPIX Mid400,0111,プライム
2025-02-05,82540,さいか屋,"Saikaya Department Store Co.,Ltd.",14,小売,6100,小売業,-,0112,スタンダード
2025-02-05,82550,アクシアル　リテイリング,Axial Retailing Inc.,14,小売,6100,小売業,TOPIX Small 2,0111,プライム
2025-02-05,82600,井筒屋,"IZUTSUYA CO.,LTD.",14,小売,6100,小売業,-,0112,スタンダード
2025-02-05,82670,イオン,"AEON CO.,LTD.",14,小売,6100,小売業,TOPIX Large70,0111,プライム
2025-02-05,82730,イズミ,"IZUMI CO.,LTD.",14,小売,6100,小売業,TOPIX Mid400,0111,プライム
2025-02-05,82750,フォーバル,FORVAL CORPORATION,13,商社・卸売,6050,卸売業,TOPIX Small 2,0112,スタンダード
2025-02-05,82760,平和堂,"HEIWADO CO.,LTD.",14,小売,6100,小売業,TOPIX Small 1,0111,プライム
2025-02-05,82780,フジ,"FUJI CO.,LTD.",14,小売,6100,小売業,TOPIX Small 1,0111,プライム
2025-02-05,82790,ヤオコー,"YAOKO CO.,LTD",14,小売,6100,小売業,TOPIX Mid400,0111,プライム
2025-02-05,82810,ゼビオホールディングス,"XEBIO holdings CO.,LTD.",14,小売,6100,小売業,TOPIX Small 1,0111,プライム
2025-02-05,82820,ケーズホールディングス,K'S HOLDINGS CORPORATION,14,小売,6100,小売業,TOPIX Mid400,0111,プライム
2025-02-05,82830,ＰＡＬＴＡＣ,PALTAC CORPORATION,13,商社・卸売,6050,卸売業,TOPIX Mid400,0111,プライム
2025-02-05,82850,三谷産業,"MITANI SANGYO CO.,LTD.",13,商社・卸売,6050,卸売業,TOPIX Small 2,0112,スタンダード
2025-02-05,82890,Ｏｌｙｍｐｉｃグループ,Olympic Group Corporation,14,小売,6100,小売業,-,0112,スタンダード
2025-02-05,82910,日産東京販売ホールディングス,"NISSAN TOKYO SALES HOLDINGS CO.,LTD.",14,小売,6100,小売業,-,0112,スタンダード
2025-02-05,83010,日本銀行,BANK OF JAPAN,15,銀行,7050,銀行業,-,0112,スタンダード
2025-02-05,83040,あおぞら銀行,"Aozora Bank,Ltd.",15,銀行,7050,銀行業,TOPIX Mid400,0111,プライム
2025-02-05,83060,三菱ＵＦＪフィナンシャル・グループ,"Mitsubishi UFJ Financial Group,Inc.",15,銀行,7050,銀行業,TOPIX Core30,0111,プライム
2025-02-05,83080,りそなホールディングス,"Resona Holdings, Inc.",15,銀行,7050,銀行業,TOPIX Large70,0111,プライム
2025-02-05,83090,三井住友トラストグループ,"Sumitomo Mitsui Trust Group,Inc.",15,銀行,7050,銀行業,TOPIX Large70,0111,プライム
2025-02-05,83160,三井住友フィナンシャルグループ,"Sumitomo Mitsui Financial Group,Inc.",15,銀行,7050,銀行業,TOPIX Core30,0111,プライム
2025-02-05,83310,千葉銀行,"The Chiba Bank,Ltd.",15,銀行,7050,銀行業,TOPIX Mid400,0111,プライム
2025-02-05,83340,群馬銀行,"The Gunma Bank,Ltd.",15,銀行,7050,銀行業,TOPIX Mid400,0111,プライム
2025-02-05,83360,武蔵野銀行,"The Musashino Bank,Ltd.",15,銀行,7050,銀行業,TOPIX Small 1,0111,プライム
2025-02-05,83370,千葉興業銀行,"The Chiba Kogyo Bank,Ltd.",15,銀行,7050,銀行業,TOPIX Small 1,0111,プライム
2025-02-05,83380,筑波銀行,"Tsukuba Bank,Ltd.",15,銀行,7050,銀行業,TOPIX Small 2,0111,プライム
2025-02-05,83410,七十七銀行,"The 77 Bank,Ltd.",15,銀行,7050,銀行業,TOPIX Mid400,0111,プライム
2025-02-05,83430,秋田銀行,"THE AKITA BANK,LTD.",15,銀行,7050,銀行業,TOPIX Small 2,0111,プライム
2025-02-05,83440,山形銀行,"The Yamagata Bank,Ltd.",15,銀行,7050,銀行業,TOPIX Small 2,0111,プライム
2025-02-05,83450,岩手銀行,"The Bank of Iwate,Ltd.",15,銀行,7050,銀行業,TOPIX Small 2,0111,プライム
2025-02-05,83460,東邦銀行,"The Toho Bank,Ltd.",15,銀行,7050,銀行業,TOPIX Small 1,0111,プライム
2025-02-05,83490,東北銀行,"THE TOHOKU BANK,LTD.",15,銀行,7050,銀行業,-,0112,スタンダード
2025-02-05,83540,ふくおかフィナンシャルグループ,"Fukuoka Financial Group,Inc.",15,銀行,7050,銀行業,TOPIX Mid400,0111,プライム
2025-02-05,83580,スルガ銀行,Suruga Bank Ltd.,15,銀行,7050,銀行業,TOPIX Small 1,0111,プライム
2025-02-05,83590,八十二銀行,"The Hachijuni Bank,Ltd.",15,銀行,7050,銀行業,TOPIX Mid400,0111,プライム
2025-02-05,83600,山梨中央銀行,"The Yamanashi Chuo Bank,Ltd.",15,銀行,7050,銀行業,TOPIX Small 2,0111,プライム
2025-02-05,83610,大垣共立銀行,"The Ogaki Kyoritsu Bank,Ltd.",15,銀行,7050,銀行業,TOPIX Small 1,0111,プライム
2025-02-05,83620,福井銀行,"The Fukui Bank,Ltd.",15,銀行,7050,銀行業,TOPIX Small 2,0111,プライム
2025-02-05,83640,清水銀行,"THE SHIMIZU BANK,LTD.",15,銀行,7050,銀行業,TOPIX Small 2,0111,プライム
2025-02-05,83650,富山銀行,"The Bank of Toyama,Ltd.",15,銀行,7050,銀行業,-,0112,スタンダード
2025-02-05,83660,滋賀銀行,"THE SHIGA BANK,LTD.",15,銀行,7050,銀行業,TOPIX Small 1,0111,プライム
2025-02-05,83670,南都銀行,"The Nanto Bank,Ltd.",15,銀行,7050,銀行業,TOPIX Small 1,0111,プライム
2025-02-05,83680,百五銀行,"The Hyakugo Bank,Ltd.",15,銀行,7050,銀行業,TOPIX Small 1,0111,プライム
2025-02-05,83700,紀陽銀行,"The Kiyo Bank,Ltd.",15,銀行,7050,銀行業,TOPIX Small 1,0111,プライム
2025-02-05,83770,ほくほくフィナンシャルグループ,"Hokuhoku Financial Group, Inc.",15,銀行,7050,銀行業,TOPIX Mid400,0111,プライム
2025-02-05,83810,山陰合同銀行,"The San-in Godo Bank,Ltd.",15,銀行,7050,銀行業,TOPIX Small 1,0111,プライム
2025-02-05,83830,鳥取銀行,"THE TOTTORI BANK,LTD.",15,銀行,7050,銀行業,-,0112,スタンダード
2025-02-05,83860,百十四銀行,"The Hyakujushi Bank,Ltd.",15,銀行,7050,銀行業,TOPIX Small 1,0111,プライム
2025-02-05,83870,四国銀行,"The Shikoku Bank, Ltd.",15,銀行,7050,銀行業,TOPIX Small 2,0111,プライム
2025-02-05,83880,阿波銀行,"The Awa Bank,Ltd.",15,銀行,7050,銀行業,TOPIX Small 1,0111,プライム
2025-02-05,83920,大分銀行,"THE OITA BANK,LTD.",15,銀行,7050,銀行業,TOPIX Small 2,0111,プライム
2025-02-05,83930,宮崎銀行,"The Miyazaki Bank,Ltd.",15,銀行,7050,銀行業,TOPIX Small 2,0111,プライム
2025-02-05,83950,佐賀銀行,THE BANK OF SAGA LTD.,15,銀行,7050,銀行業,TOPIX Small 2,0111,プライム
2025-02-05,83990,琉球銀行,"Bank of The Ryukyus,Limited",15,銀行,7050,銀行業,TOPIX Small 2,0111,プライム
2025-02-05,84100,セブン銀行,"Seven Bank,Ltd.",15,銀行,7050,銀行業,TOPIX Mid400,0111,プライム
2025-02-05,84110,みずほフィナンシャルグループ,"Mizuho Financial Group,Inc.",15,銀行,7050,銀行業,TOPIX Core30,0111,プライム
2025-02-05,84160,高知銀行,"THE BANK OF KOCHI,LTD.",15,銀行,7050,銀行業,-,0112,スタンダード
2025-02-05,84180,山口フィナンシャルグループ,"Yamaguchi Financial Group,Inc.",15,銀行,7050,銀行業,TOPIX Mid400,0111,プライム
2025-02-05,84210,信金中央金庫,Shinkin Central Bank,99,その他,9999,その他,-,0112,スタンダード
2025-02-05,84240,芙蓉総合リース,"Fuyo General Lease Co.,Ltd.",16,金融（除く銀行）,7200,その他金融業,TOPIX Mid400,0111,プライム
2025-02-05,84250,みずほリース,"Mizuho Leasing Company,Limited",16,金融（除く銀行）,7200,その他金融業,TOPIX Small 1,0111,プライム
2025-02-05,84390,東京センチュリー,Tokyo Century Corporation,16,金融（除く銀行）,7200,その他金融業,TOPIX Mid400,0111,プライム
2025-02-05,84730,ＳＢＩホールディングス,"SBI Holdings,Inc.",16,金融（除く銀行）,7100,証券･商品先物取引業,TOPIX Mid400,0111,プライム
2025-02-05,85080,Ｊトラスト,"J Trust Co.,Ltd.",16,金融（除く銀行）,7200,その他金融業,-,0112,スタンダード
2025-02-05,85110,日本証券金融,"Japan Securities Finance Co.,Ltd.",16,金融（除く銀行）,7200,その他金融業,TOPIX Small 1,0111,プライム
2025-02-05,85150,アイフル,AIFUL CORPORATION,16,金融（除く銀行）,7200,その他金融業,TOPIX Small 1,0111,プライム
2025-02-05,85180,日本アジア投資,"Japan Asia Investment Company,Limited",16,金融（除く銀行）,7100,証券･商品先物取引業,-,0112,スタンダード
2025-02-05,85220,名古屋銀行,"The Bank of Nagoya,Ltd.",15,銀行,7050,銀行業,TOPIX Small 1,0111,プライム
2025-02-05,85240,北洋銀行,"North Pacific Bank,Ltd.",15,銀行,7050,銀行業,TOPIX Small 1,0111,プライム
2025-02-05,85370,大光銀行,"THE TAIKO BANK,LTD.",15,銀行,7050,銀行業,-,0112,スタンダード
2025-02-05,85410,愛媛銀行,"The Ehime Bank,Ltd.",15,銀行,7050,銀行業,TOPIX Small 2,0111,プライム
2025-02-05,85420,トマト銀行,"TOMATO BANK,LTD.",15,銀行,7050,銀行業,-,0112,スタンダード
2025-02-05,85440,京葉銀行,"The Keiyo Bank,Ltd.",15,銀行,7050,銀行業,TOPIX Small 1,0111,プライム
2025-02-05,85500,栃木銀行,"THE TOCHIGI BANK,LTD.",15,銀行,7050,銀行業,TOPIX Small 2,0111,プライム
2025-02-05,85510,北日本銀行,"The Kita-Nippon Bank,Ltd.",15,銀行,7050,銀行業,TOPIX Small 2,0111,プライム
2025-02-05,85580,東和銀行,"THE TOWA BANK,LTD.",15,銀行,7050,銀行業,TOPIX Small 2,0111,プライム
2025-02-05,85620,福島銀行,"THE FUKUSHIMA BANK,LTD.",15,銀行,7050,銀行業,-,0112,スタンダード
2025-02-05,85630,大東銀行,"THE DAITO BANK,LTD.",15,銀行,7050,銀行業,-,0112,スタンダード
2025-02-05,85660,リコーリース,"RICOH LEASING COMPANY,LTD.",16,金融（除く銀行）,7200,その他金融業,TOPIX Small 1,0111,プライム
2025-02-05,85700,イオンフィナンシャルサービス,"AEON Financial Service Co.,Ltd.",16,金融（除く銀行）,7200,その他金融業,TOPIX Mid400,0111,プライム
2025-02-05,85720,アコム,"ACOM CO.,LTD.",16,金融（除く銀行）,7200,その他金融業,TOPIX Mid400,0112,スタンダード
2025-02-05,85840,ジャックス,"JACCS CO.,LTD.",16,金融（除く銀行）,7200,その他金融業,TOPIX Small 1,0111,プライム
2025-02-05,85850,オリエントコーポレーション,Orient Corporation,16,金融（除く銀行）,7200,その他金融業,TOPIX Small 1,0111,プライム
2025-02-05,85910,オリックス,ORIX CORPORATION,16,金融（除く銀行）,7200,その他金融業,TOPIX Large70,0111,プライム
2025-02-05,85930,三菱ＨＣキャピタル,Mitsubishi HC Capital Inc.,16,金融（除く銀行）,7200,その他金融業,TOPIX Mid400,0111,プライム
2025-02-05,85950,ジャフコ　グループ,"JAFCO Group Co.,Ltd.",16,金融（除く銀行）,7100,証券･商品先物取引業,TOPIX Mid400,0111,プライム
2025-02-05,85960,九州リースサービス,"KYUSHU LEASING SERVICE CO.,LTD.",16,金融（除く銀行）,7200,その他金融業,-,0112,スタンダード
2025-02-05,86000,トモニホールディングス,"TOMONY Holdings,Inc.",15,銀行,7050,銀行業,TOPIX Small 1,0111,プライム
2025-02-05,86010,大和証券グループ本社,Daiwa Securities Group Inc.,16,金融（除く銀行）,7100,証券･商品先物取引業,TOPIX Mid400,0111,プライム
2025-02-05,86040,野村ホールディングス,"Nomura Holdings, Inc.",16,金融（除く銀行）,7100,証券･商品先物取引業,TOPIX Large70,0111,プライム
2025-02-05,86090,岡三証券グループ,OKASAN SECURITIES GROUP INC.,16,金融（除く銀行）,7100,証券･商品先物取引業,TOPIX Small 1,0111,プライム
2025-02-05,86130,丸三証券,"Marusan Securities Co.,Ltd.",16,金融（除く銀行）,7100,証券･商品先物取引業,TOPIX Small 1,0111,プライム
2025-02-05,86140,東洋証券,"TOYO SECURITIES CO.,LTD.",16,金融（除く銀行）,7100,証券･商品先物取引業,TOPIX Small 2,0111,プライム
2025-02-05,86160,東海東京フィナンシャル・ホールディングス,"Tokai Tokyo Financial Holdings,Inc.",16,金融（除く銀行）,7100,証券･商品先物取引業,TOPIX Small 1,0111,プライム
2025-02-05,86170,光世証券,"The Kosei Securities Co.,Ltd.",16,金融（除く銀行）,7100,証券･商品先物取引業,-,0112,スタンダード
2025-02-05,86220,水戸証券,"Mito Securities Co.,Ltd.",16,金融（除く銀行）,7100,証券･商品先物取引業,TOPIX Small 2,0111,プライム
2025-02-05,86240,いちよし証券,"Ichiyoshi Securities Co.,Ltd.",16,金融（除く銀行）,7100,証券･商品先物取引業,TOPIX Small 2,0111,プライム
2025-02-05,86280,松井証券,"MATSUI SECURITIES CO.,LTD.",16,金融（除く銀行）,7100,証券･商品先物取引業,TOPIX Small 1,0111,プライム
2025-02-05,86300,ＳＯＭＰＯホールディングス,"Sompo Holdings,Inc.",16,金融（除く銀行）,7150,保険業,TOPIX Large70,0111,プライム
2025-02-05,86970,日本取引所グループ,"Japan Exchange Group,Inc.",16,金融（除く銀行）,7200,その他金融業,TOPIX Large70,0111,プライム
2025-02-05,86980,マネックスグループ,"Monex Group,Inc.",16,金融（除く銀行）,7100,証券･商品先物取引業,TOPIX Small 1,0111,プライム
2025-02-05,86990,ＨＳホールディングス,"HS Holdings Co.,Ltd.",16,金融（除く銀行）,7100,証券･商品先物取引業,-,0112,スタンダード
2025-02-05,87000,丸八証券,"Maruhachi Securities Co.,Ltd.",16,金融（除く銀行）,7100,証券･商品先物取引業,-,0112,スタンダード
2025-02-05,87040,トレイダーズホールディングス,"TRADERS HOLDINGS CO.,LTD.",16,金融（除く銀行）,7100,証券･商品先物取引業,-,0112,スタンダード
2025-02-05,87050,日産証券グループ,"Nissan Securities Group Co.,Ltd.",16,金融（除く銀行）,7100,証券･商品先物取引業,-,0112,スタンダード
2025-02-05,87060,極東証券,"KYOKUTO SECURITIES CO.,LTD.",16,金融（除く銀行）,7100,証券･商品先物取引業,TOPIX Small 1,0111,プライム
2025-02-05,87070,岩井コスモホールディングス,"IwaiCosmo Holdings,Inc.",16,金融（除く銀行）,7100,証券･商品先物取引業,TOPIX Small 2,0111,プライム
2025-02-05,87080,アイザワ証券グループ,"AIZAWA SECURITIES GROUP CO.,LTD.",16,金融（除く銀行）,7100,証券･商品先物取引業,TOPIX Small 2,0111,プライム
2025-02-05,87130,フィデアホールディングス,FIDEA Holdings Co.Ltd.,15,銀行,7050,銀行業,TOPIX Small 2,0111,プライム
2025-02-05,87140,池田泉州ホールディングス,"Senshu Ikeda Holdings,Inc.",15,銀行,7050,銀行業,TOPIX Small 1,0111,プライム
2025-02-05,87150,アニコム　ホールディングス,"Anicom Holdings,Inc.",16,金融（除く銀行）,7150,保険業,TOPIX Small 1,0111,プライム
2025-02-05,87250,ＭＳ＆ＡＤインシュアランスグループホールディングス,"MS&AD Insurance Group Holdings,Inc.",16,金融（除く銀行）,7150,保険業,TOPIX Large70,0111,プライム
2025-02-05,87320,マネーパートナーズグループ,"MONEY PARTNERS GROUP CO.,LTD.",16,金融（除く銀行）,7100,証券･商品先物取引業,-,0112,スタンダード
2025-02-05,87370,あかつき本社,Akatsuki Corp.,16,金融（除く銀行）,7100,証券･商品先物取引業,-,0112,スタンダード
2025-02-05,87390,スパークス・グループ,"SPARX Group Co.,Ltd.",16,金融（除く銀行）,7100,証券･商品先物取引業,TOPIX Small 2,0111,プライム
2025-02-05,87420,小林洋行,"KOBAYASHI YOKO CO.,LTD.",16,金融（除く銀行）,7100,証券･商品先物取引業,-,0112,スタンダード
2025-02-05,87460,ＵＮＢＡＮＫＥＤ,"UNBANKED,INC.",16,金融（除く銀行）,7100,証券･商品先物取引業,-,0112,スタンダード
2025-02-05,87470,豊トラスティ証券,"YUTAKA TRUSTY SECURITIES CO.,LTD.",16,金融（除く銀行）,7100,証券･商品先物取引業,-,0112,スタンダード
2025-02-05,87500,第一生命ホールディングス,"Dai-ichi Life Holdings,Inc.",16,金融（除く銀行）,7150,保険業,TOPIX Large70,0111,プライム
2025-02-05,87660,東京海上ホールディングス,"Tokio Marine Holdings,Inc.",16,金融（除く銀行）,7150,保険業,TOPIX Core30,0111,プライム
2025-02-05,87690,アドバンテッジリスクマネジメント,"Advantage Risk Management Co.,Ltd.",10,情報通信・サービスその他,9050,サービス業,-,0112,スタンダード
2025-02-05,87710,イー・ギャランティ,"eGuarantee,Inc.",16,金融（除く銀行）,7200,その他金融業,TOPIX Small 1,0111,プライム
2025-02-05,87720,アサックス,"ASAX CO.,LTD.",16,金融（除く銀行）,7200,その他金融業,-,0112,スタンダード
2025-02-05,87830,ＧＦＡ,"GFA Co.,Ltd.",16,金融（除く銀行）,7200,その他金融業,-,0112,スタンダード
2025-02-05,87890,フィンテック　グローバル,FinTech Global Incorporated,16,金融（除く銀行）,7200,その他金融業,-,0112,スタンダード
2025-02-05,87930,ＮＥＣキャピタルソリューション,NEC Capital Solutions Limited,16,金融（除く銀行）,7200,その他金融業,TOPIX Small 2,0111,プライム
2025-02-05,87950,Ｔ＆Ｄホールディングス,"T&D Holdings, Inc.",16,金融（除く銀行）,7150,保険業,TOPIX Mid400,0111,プライム
2025-02-05,87980,アドバンスクリエイト,"Advance Create Co.,Ltd.",16,金融（除く銀行）,7150,保険業,TOPIX Small 2,0111,プライム
2025-02-05,88010,三井不動産,"Mitsui Fudosan Co.,Ltd.",17,不動産,8050,不動産業,TOPIX Large70,0111,プライム
2025-02-05,88020,三菱地所,"Mitsubishi Estate Company,Limited",17,不動産,8050,不動産業,TOPIX Large70,0111,プライム
2025-02-05,88030,平和不動産,"HEIWA REAL ESTATE CO.,LTD.",17,不動産,8050,不動産業,TOPIX Small 1,0111,プライム
2025-02-05,88040,東京建物,"Tokyo Tatemono Co.,Ltd.",17,不動産,8050,不動産業,TOPIX Mid400,0111,プライム
2025-02-05,88180,京阪神ビルディング,"Keihanshin Building Co.,Ltd.",17,不動産,8050,不動産業,TOPIX Small 2,0111,プライム
2025-02-05,88300,住友不動産,"Sumitomo Realty & Development Co.,Ltd.",17,不動産,8050,不動産業,TOPIX Large70,0111,プライム
2025-02-05,88350,太平洋興発,TAIHEIYO KOUHATSU INCORPORATED,13,商社・卸売,6050,卸売業,-,0112,スタンダード
2025-02-05,88360,ＲＩＳＥ,RISE Inc.,17,不動産,8050,不動産業,-,0112,スタンダード
2025-02-05,88410,テーオーシー,"TOC Co.,Ltd.",17,不動産,8050,不動産業,TOPIX Small 2,0112,スタンダード
2025-02-05,88440,コスモスイニシア,"COSMOS INITIA Co.,Ltd.",17,不動産,8050,不動産業,-,0112,スタンダード
2025-02-05,88480,レオパレス２１,LEOPALACE21 CORPORATION,17,不動産,8050,不動産業,TOPIX Small 1,0111,プライム
2025-02-05,88500,スターツコーポレーション,STARTS CORPORATION INC.,17,不動産,8050,不動産業,TOPIX Small 1,0111,プライム
2025-02-05,88600,フジ住宅,FUJI CORPORATION LIMITED,17,不動産,8050,不動産業,TOPIX Small 2,0111,プライム
2025-02-05,88640,空港施設,"AIRPORT FACILITIES Co.,LTD.",17,不動産,8050,不動産業,TOPIX Small 2,0111,プライム
2025-02-05,88690,明和地所,Meiwa Estate Company Limited,17,不動産,8050,不動産業,TOPIX Small 2,0112,スタンダード
2025-02-05,88710,ゴールドクレスト,"GOLDCREST Co.,Ltd.",17,不動産,8050,不動産業,TOPIX Small 1,0112,スタンダード
2025-02-05,88760,リログループ,"Relo Group,Inc.",10,情報通信・サービスその他,9050,サービス業,TOPIX Mid400,0111,プライム
2025-02-05,88770,エスリード,ESLEAD CORPORATION,17,不動産,8050,不動産業,TOPIX Small 2,0111,プライム
2025-02-05,88810,日神グループホールディングス,"NISSHIN GROUP HOLDINGS Company,Limited",17,不動産,8050,不動産業,TOPIX Small 2,0111,プライム
2025-02-05,88860,ウッドフレンズ,"WOOD FRIENDS CO.,Ltd.",17,不動産,8050,不動産業,-,0112,スタンダード
2025-02-05,88870,クミカ,CUMICA CORPORATION,17,不動産,8050,不動産業,-,0112,スタンダード
2025-02-05,88900,レーサム,"Raysum Co.,Ltd.",17,不動産,8050,不動産業,-,0112,スタンダード
2025-02-05,88910,ＡＭＧホールディングス,"AMG HOLDINGS CO.,LTD.",17,不動産,8050,不動産業,-,0112,スタンダード
2025-02-05,88920,日本エスコン,ES-CON JAPAN Ltd.,17,不動産,8050,不動産業,TOPIX Small 1,0111,プライム
2025-02-05,88940,ＲＥＶＯＬＵＴＩＯＮ,"REVOLUTION CO.,LTD.",17,不動産,8050,不動産業,-,0112,スタンダード
2025-02-05,88970,ＭＩＲＡＲＴＨホールディングス,"MIRARTH HOLDINGS,Inc.",17,不動産,8050,不動産業,TOPIX Small 1,0111,プライム
2025-02-05,88980,センチュリー２１・ジャパン,CENTURY21 REAL ESTATE OF JAPAN LTD.,17,不動産,8050,不動産業,-,0112,スタンダード
2025-02-05,89040,ＡＶＡＮＴＩＡ,"AVANTIA CO.,LTD.",17,不動産,8050,不動産業,-,0112,スタンダード
2025-02-05,89050,イオンモール,"AEON Mall Co.,Ltd.",17,不動産,8050,不動産業,TOPIX Mid400,0111,プライム
2025-02-05,89080,毎日コムネット,"MAINICHI COMNET CO.,LTD.",17,不動産,8050,不動産業,-,0112,スタンダード
2025-02-05,89120,エリアクエスト,Area Quest Inc.,17,不動産,8050,不動産業,-,0112,スタンダード
2025-02-05,89140,エリアリンク,"Arealink Co.,Ltd.",17,不動産,8050,不動産業,-,0112,スタンダード
2025-02-05,89170,ファースト住建,"First Juken Co.,Ltd.",17,不動産,8050,不動産業,-,0112,スタンダード
2025-02-05,89180,ランド,"LAND Co.,Ltd.",17,不動産,8050,不動産業,TOPIX Small 2,0112,スタンダード
2025-02-05,89190,カチタス,"KATITAS CO.,LTD",17,不動産,8050,不動産業,TOPIX Small 1,0111,プライム
2025-02-05,89200,東祥,"TOSHO CO.,LTD.",10,情報通信・サービスその他,9050,サービス業,TOPIX Small 2,0112,スタンダード
2025-02-05,89210,シーズクリエイト,"C's Create Co.,Ltd",17,不動産,8050,不動産業,-,0105,TOKYO PRO MARKET
2025-02-05,89230,トーセイ,TOSEI CORPORATION,17,不動産,8050,不動産業,TOPIX Small 1,0111,プライム
2025-02-05,89270,明豊エンタープライズ,"MEIHO ENTERPRISE CO.,LTD.",17,不動産,8050,不動産業,-,0112,スタンダード
2025-02-05,89280,穴吹興産,ANABUKI KOSAN INC.,17,不動産,8050,不動産業,-,0112,スタンダード
2025-02-05,89290,青山財産ネットワークス,"Aoyama Zaisan Networks Company,Limited",17,不動産,8050,不動産業,-,0112,スタンダード
2025-02-05,89310,和田興産,WADAKOHSAN CORPORATION,17,不動産,8050,不動産業,-,0112,スタンダード
2025-02-05,89340,サンフロンティア不動産,"Sun Frontier Fudousan Co.,Ltd.",17,不動産,8050,不動産業,TOPIX Small 1,0111,プライム
2025-02-05,89350,ＦＪネクストホールディングス,"FJ NEXT HOLDINGS CO.,LTD.",17,不動産,8050,不動産業,TOPIX Small 2,0111,プライム
2025-02-05,89380,グローム・ホールディングス,"GLOME Holdings,Inc.",17,不動産,8050,不動産業,-,0113,グロース
2025-02-05,89400,インテリックス,"INTELLEX Co.,Ltd.",17,不動産,8050,不動産業,-,0112,スタンダード
2025-02-05,89440,ランドビジネス,"LAND BUSINESS  CO.,LTD.",17,不動産,8050,不動産業,-,0112,スタンダード
2025-02-05,89450,サンネクスタグループ,SUNNEXTA GROUP Inc.,17,不動産,8050,不動産業,-,0112,スタンダード
2025-02-05,89460,ＡＳＩＡＮ　ＳＴＡＲ,ASIAN STAR CO.,17,不動産,8050,不動産業,-,0112,スタンダード
2025-02-05,89510,日本ビルファンド投資法人,Nippon Building Fund Inc.,99,その他,9999,その他,-,0109,その他
2025-02-05,89520,ジャパンリアルエステイト投資法人,Japan Real Estate Investment Corporation,99,その他,9999,その他,-,0109,その他
2025-02-05,89530,日本都市ファンド投資法人,Japan Metropolitan Fund Investment Corporation,99,その他,9999,その他,-,0109,その他
2025-02-05,89540,オリックス不動産投資法人,ORIX JREIT Inc.,99,その他,9999,その他,-,0109,その他
2025-02-05,89550,日本プライムリアルティ投資法人,Japan Prime Realty Investment Corporation,99,その他,9999,その他,-,0109,その他
2025-02-05,89560,ＮＴＴ都市開発リート投資法人,NTT UD REIT Investment Corporation,99,その他,9999,その他,-,0109,その他
2025-02-05,89570,東急リアル・エステート投資法人,"TOKYU REIT, Inc.",99,その他,9999,その他,-,0109,その他
2025-02-05,89580,グローバル・ワン不動産投資法人,Global One Real Estate Investment Corporation,99,その他,9999,その他,-,0109,その他
2025-02-05,89600,ユナイテッド・アーバン投資法人,United Urban Investment Corporation,99,その他,9999,その他,-,0109,その他
2025-02-05,89610,森トラストリート投資法人,"MORI TRUST REIT,Inc.",99,その他,9999,その他,-,0109,その他
2025-02-05,89630,インヴィンシブル投資法人,Invincible Investment Corporation,99,その他,9999,その他,-,0109,その他
2025-02-05,89640,フロンティア不動産投資法人,Frontier Real Estate Investment Corporation,99,その他,9999,その他,-,0109,その他
2025-02-05,89660,平和不動産リート投資法人,"HEIWA REAL ESTATE REIT,Inc.",99,その他,9999,その他,-,0109,その他
2025-02-05,89670,日本ロジスティクスファンド投資法人,"Japan Logistics Fund,Inc.",99,その他,9999,その他,-,0109,その他
2025-02-05,89680,福岡リート投資法人,Fukuoka REIT Corporation,99,その他,9999,その他,-,0109,その他
2025-02-05,89720,ＫＤＸ不動産投資法人,KDX Realty Investment Corporation,99,その他,9999,その他,-,0109,その他
2025-02-05,89750,いちごオフィスリート投資法人,Ichigo Office REIT Investment Corporation,99,その他,9999,その他,-,0109,その他
2025-02-05,89760,大和証券オフィス投資法人,Daiwa Office Investment Corporation,99,その他,9999,その他,-,0109,その他
2025-02-05,89770,阪急阪神リート投資法人,"Hankyu Hanshin REIT,Inc.",99,その他,9999,その他,-,0109,その他
2025-02-05,89790,スターツプロシード投資法人,Starts Proceed Investment Corporation,99,その他,9999,その他,-,0109,その他
2025-02-05,89840,大和ハウスリート投資法人,Daiwa House REIT Investment Corporation,99,その他,9999,その他,-,0109,その他
2025-02-05,89850,ジャパン・ホテル・リート投資法人,Japan Hotel REIT Investment Corporation,99,その他,9999,その他,-,0109,その他
2025-02-05,89860,大和証券リビング投資法人,Daiwa Securities Living Investment Corporation,99,その他,9999,その他,-,0109,その他
2025-02-05,89870,ジャパンエクセレント投資法人,"Japan Excellent,Inc.",99,その他,9999,その他,-,0109,その他
2025-02-05,89950,誠建設工業,"Makoto Construction CO,Ltd",17,不動産,8050,不動産業,-,0112,スタンダード
2025-02-05,89960,ハウスフリーダム,"HouseFreedom Co.,Ltd.",17,不動産,8050,不動産業,-,0112,スタンダード
2025-02-05,89990,グランディハウス,Grandy House Corporation,17,不動産,8050,不動産業,TOPIX Small 2,0111,プライム
2025-02-05,90010,東武鉄道,"TOBU RAILWAY CO.,LTD.",12,運輸・物流,5050,陸運業,TOPIX Mid400,0111,プライム
2025-02-05,90030,相鉄ホールディングス,"Sotetsu Holdings,Inc.",12,運輸・物流,5050,陸運業,TOPIX Mid400,0111,プライム
2025-02-05,90050,東急,TOKYU CORPORATION,12,運輸・物流,5050,陸運業,TOPIX Mid400,0111,プライム
2025-02-05,90060,京浜急行電鉄,Keikyu Corporation,12,運輸・物流,5050,陸運業,TOPIX Mid400,0111,プライム
2025-02-05,90070,小田急電鉄,"Odakyu Electric Railway Co.,Ltd.",12,運輸・物流,5050,陸運業,TOPIX Mid400,0111,プライム
2025-02-05,90080,京王電鉄,Keio Corporation,12,運輸・物流,5050,陸運業,TOPIX Mid400,0111,プライム
2025-02-05,90090,京成電鉄,"Keisei Electric Railway Co.,Ltd.",12,運輸・物流,5050,陸運業,TOPIX Mid400,0111,プライム
2025-02-05,90100,富士急行,"FUJI KYUKO CO.,LTD.",12,運輸・物流,5050,陸運業,TOPIX Small 1,0111,プライム
2025-02-05,90120,秩父鉄道,"Chichibu Railway Co.,Ltd.",12,運輸・物流,5050,陸運業,-,0112,スタンダード
2025-02-05,90170,新潟交通,"Niigata Kotsu Co.,Ltd.",12,運輸・物流,5050,陸運業,-,0112,スタンダード
2025-02-05,90200,東日本旅客鉄道,East Japan Railway Company,12,運輸・物流,5050,陸運業,TOPIX Large70,0111,プライム
2025-02-05,90210,西日本旅客鉄道,West Japan Railway Company,12,運輸・物流,5050,陸運業,TOPIX Large70,0111,プライム
2025-02-05,90220,東海旅客鉄道,Central Japan Railway Company,12,運輸・物流,5050,陸運業,TOPIX Large70,0111,プライム
2025-02-05,90230,東京地下鉄,"Tokyo Metro Co.,Ltd.",12,運輸・物流,5050,陸運業,TOPIX Mid400,0111,プライム
2025-02-05,90240,西武ホールディングス,SEIBU HOLDINGS INC.,12,運輸・物流,5050,陸運業,TOPIX Mid400,0111,プライム
2025-02-05,90250,鴻池運輸,"Konoike Transport Co.,Ltd.",12,運輸・物流,5050,陸運業,TOPIX Small 1,0111,プライム
2025-02-05,90280,ゼロ,"ZERO CO.,LTD.",12,運輸・物流,5050,陸運業,-,0112,スタンダード
2025-02-05,90290,ヒガシトゥエンティワン,"HIGASHI TWENTY ONE CO.,LTD.",12,運輸・物流,5050,陸運業,-,0112,スタンダード
2025-02-05,90310,西日本鉄道,"Nishi-Nippon Railroad Co.,Ltd.",12,運輸・物流,5050,陸運業,TOPIX Mid400,0111,プライム
2025-02-05,90330,広島電鉄,"Hiroshima Electric Railway Co.,Ltd.",12,運輸・物流,5050,陸運業,-,0112,スタンダード
2025-02-05,90340,南総通運,"NANSO Transport Co.,Ltd.",12,運輸・物流,5050,陸運業,-,0112,スタンダード
2025-02-05,90360,東部ネットワーク,"TOHBU NETWORK CO.,LTD.",12,運輸・物流,5050,陸運業,-,0112,スタンダード
2025-02-05,90370,ハマキョウレックス,"HAMAKYOREX CO.,LTD.",12,運輸・物流,5050,陸運業,TOPIX Small 2,0111,プライム
2025-02-05,90390,サカイ引越センター,"Sakai Moving Service Co.,Ltd.",12,運輸・物流,5050,陸運業,TOPIX Small 1,0111,プライム
2025-02-05,90410,近鉄グループホールディングス,"Kintetsu Group Holdings Co.,Ltd.",12,運輸・物流,5050,陸運業,TOPIX Mid400,0111,プライム
2025-02-05,90420,阪急阪神ホールディングス,"Hankyu Hanshin Holdings,Inc.",12,運輸・物流,5050,陸運業,TOPIX Mid400,0111,プライム
2025-02-05,90440,南海電気鉄道,"Nankai Electric Railway Co.,Ltd.",12,運輸・物流,5050,陸運業,TOPIX Mid400,0111,プライム
2025-02-05,90450,京阪ホールディングス,"Keihan Holdings Co.,Ltd.",12,運輸・物流,5050,陸運業,TOPIX Mid400,0111,プライム
2025-02-05,90460,神戸電鉄,"Kobe Electric Railway Co.,Ltd.",12,運輸・物流,5050,陸運業,TOPIX Small 2,0111,プライム
2025-02-05,90480,名古屋鉄道,"Nagoya Railroad Co., Ltd.",12,運輸・物流,5050,陸運業,TOPIX Mid400,0111,プライム
2025-02-05,90490,京福電気鉄道,"Keifuku Electric Railroad Co.,Ltd.",12,運輸・物流,5050,陸運業,-,0112,スタンダード
2025-02-05,90510,センコン物流,"SENKON LOGISTICS CO.,LTD",12,運輸・物流,5050,陸運業,-,0112,スタンダード
2025-02-05,90520,山陽電気鉄道,"Sanyo Electric Railway Co.,Ltd.",12,運輸・物流,5050,陸運業,TOPIX Small 2,0111,プライム
2025-02-05,90570,遠州トラック,"ENSHU TRUCK CO.,LTD.",12,運輸・物流,5050,陸運業,-,0112,スタンダード
2025-02-05,90590,カンダホールディングス,"Kanda Holdings Co.,Ltd.",12,運輸・物流,5050,陸運業,-,0112,スタンダード
2025-02-05,90600,日本ロジテム,JAPAN LOGISTIC SYSTEMS CORP.,12,運輸・物流,5050,陸運業,-,0112,スタンダード
2025-02-05,90630,岡山県貨物運送,"Okayamaken Freight Transportation CO.,LTD.",12,運輸・物流,5050,陸運業,-,0112,スタンダード
2025-02-05,90640,ヤマトホールディングス,"YAMATO HOLDINGS CO.,LTD.",12,運輸・物流,5050,陸運業,TOPIX Mid400,0111,プライム
2025-02-05,90650,山九,SANKYU INC.,12,運輸・物流,5050,陸運業,TOPIX Mid400,0111,プライム
2025-02-05,90660,日新,NISSIN CORPORATION,12,運輸・物流,5200,倉庫･運輸関連業,TOPIX Small 2,0111,プライム
2025-02-05,90670,丸運,MARUWN CORPORATION,12,運輸・物流,5050,陸運業,-,0112,スタンダード
2025-02-05,90680,丸全昭和運輸,"Maruzen Showa Unyu Co.,Ltd.",12,運輸・物流,5050,陸運業,TOPIX Small 2,0111,プライム
2025-02-05,90690,センコーグループホールディングス,"SENKO Group Holdings Co.,Ltd.",12,運輸・物流,5050,陸運業,TOPIX Small 1,0111,プライム
2025-02-05,90700,トナミホールディングス,"TONAMI HOLDINGS CO.,LTD.",12,運輸・物流,5050,陸運業,TOPIX Small 2,0111,プライム
2025-02-05,90720,ニッコンホールディングス,"NIKKON Holdings Co.,Ltd.",12,運輸・物流,5050,陸運業,TOPIX Mid400,0111,プライム
2025-02-05,90730,京極運輸商事,"Kyogoku unyu shoji Co.,Ltd.",12,運輸・物流,5050,陸運業,-,0112,スタンダード
2025-02-05,90740,日本石油輸送,"Japan Oil Transportation Co.,Ltd.",12,運輸・物流,5050,陸運業,-,0112,スタンダード
2025-02-05,90750,福山通運,"FUKUYAMA TRANSPORTING CO.,LTD.",12,運輸・物流,5050,陸運業,TOPIX Small 1,0111,プライム
2025-02-05,90760,セイノーホールディングス,"SEINO HOLDINGS CO.,LTD.",12,運輸・物流,5050,陸運業,TOPIX Mid400,0111,プライム
2025-02-05,90810,神奈川中央交通,"Kanagawa Chuo Kotsu Co.,Ltd.",12,運輸・物流,5050,陸運業,TOPIX Small 2,0111,プライム
2025-02-05,90820,大和自動車交通,"Daiwa Motor Transportation Co.,Ltd.",12,運輸・物流,5050,陸運業,-,0112,スタンダード
2025-02-05,90830,神姫バス,"Shinki Bus Co.,Ltd.",12,運輸・物流,5050,陸運業,-,0112,スタンダード
2025-02-05,90870,タカセ,TAKASE CORPORATION,12,運輸・物流,5050,陸運業,-,0112,スタンダード
2025-02-05,90900,ＡＺ−ＣＯＭ丸和ホールディングス,AZ-COM MARUWA Holdings Inc.,12,運輸・物流,5050,陸運業,TOPIX Small 1,0111,プライム
2025-02-05,91010,日本郵船,Nippon Yusen Kabushiki Kaisha,12,運輸・物流,5100,海運業,TOPIX Large70,0111,プライム
2025-02-05,91040,商船三井,"Mitsui O.S.K.Lines,Ltd.",12,運輸・物流,5100,海運業,TOPIX Large70,0111,プライム
2025-02-05,91070,川崎汽船,"Kawasaki Kisen Kaisha,Ltd.",12,運輸・物流,5100,海運業,TOPIX Mid400,0111,プライム
2025-02-05,91100,ＮＳユナイテッド海運,"NS United Kaiun Kaisha,Ltd.",12,運輸・物流,5100,海運業,TOPIX Small 1,0111,プライム
2025-02-05,91150,明海グループ,"Meiji Shipping Group Co.,Ltd.",12,運輸・物流,5100,海運業,-,0112,スタンダード
2025-02-05,91190,飯野海運,"IINO KAIUN KAISHA,LTD.",12,運輸・物流,5100,海運業,TOPIX Small 1,0111,プライム
2025-02-05,91270,玉井商船,"TAMAI STEAMSHIP CO.,LTD",12,運輸・物流,5100,海運業,-,0112,スタンダード
2025-02-05,91300,共栄タンカー,"KYOEI TANKER CO.,LTD.",12,運輸・物流,5100,海運業,-,0112,スタンダード
2025-02-05,91420,九州旅客鉄道,Kyushu Railway Company,12,運輸・物流,5050,陸運業,TOPIX Mid400,0111,プライム
2025-02-05,91430,ＳＧホールディングス,"SG HOLDINGS CO.,LTD.",12,運輸・物流,5050,陸運業,TOPIX Mid400,0111,プライム
2025-02-05,91450,ビーイングホールディングス,"BEING HOLDINGS CO.,LTD.",12,運輸・物流,5050,陸運業,-,0112,スタンダード
2025-02-05,91460,五健堂,"GOKENDO CO.,Ltd",12,運輸・物流,5050,陸運業,-,0105,TOKYO PRO MARKET
2025-02-05,91470,ＮＩＰＰＯＮ　ＥＸＰＲＥＳＳホールディングス,"NIPPON EXPRESS HOLDINGS,INC.",12,運輸・物流,5050,陸運業,TOPIX Mid400,0111,プライム
2025-02-05,91490,大友ロジスティクスサービス,"Otomo Logistics Service Co.,Ltd.",12,運輸・物流,5050,陸運業,-,0105,TOKYO PRO MARKET
2025-02-05,91560,はなホールディングス,"HANA HOLDINGS Co.,Ltd.",10,情報通信・サービスその他,9050,サービス業,-,0105,TOKYO PRO MARKET
2025-02-05,91580,シーユーシー,CUC Inc.,10,情報通信・サービスその他,9050,サービス業,-,0113,グロース
2025-02-05,91590,Ｗ　ＴＯＫＹＯ,W TOKYO Inc.,10,情報通信・サービスその他,9050,サービス業,-,0113,グロース
2025-02-05,91600,ノバレーゼ,"NOVARESE,Inc.",10,情報通信・サービスその他,9050,サービス業,-,0112,スタンダード
2025-02-05,91610,ＩＤ＆Ｅホールディングス,"Integrated Design & Engineering Holdings Co.,Ltd.",10,情報通信・サービスその他,9050,サービス業,TOPIX Small 1,0111,プライム
2025-02-05,91620,ブリーチ,"Bleach,Inc.",10,情報通信・サービスその他,9050,サービス業,-,0113,グロース
2025-02-05,91630,ナレルグループ,Nareru Group Inc.,10,情報通信・サービスその他,9050,サービス業,-,0113,グロース
2025-02-05,91640,トライト,TRYT Inc.,10,情報通信・サービスその他,9050,サービス業,-,0113,グロース
2025-02-05,91650,クオルテック,"Qualtec Co.,Ltd.",10,情報通信・サービスその他,9050,サービス業,-,0113,グロース
2025-02-05,91660,ＧＥＮＤＡ,GENDA Inc.,10,情報通信・サービスその他,9050,サービス業,-,0113,グロース
2025-02-05,91670,フトン巻きのジロー,"Futonmaki Jiro,Inc.",10,情報通信・サービスその他,9050,サービス業,-,0105,TOKYO PRO MARKET
2025-02-05,91680,ライズ・コンサルティング・グループ,"Rise Consulting Group,Inc.",10,情報通信・サービスその他,9050,サービス業,-,0113,グロース
2025-02-05,91690,大伸社,Daishinsha Inc.,10,情報通信・サービスその他,9050,サービス業,-,0105,TOKYO PRO MARKET
2025-02-05,91710,栗林商船,"Kuribayashi Steamship Co.,Ltd.",12,運輸・物流,5100,海運業,-,0112,スタンダード
2025-02-05,91730,東海汽船,"Tokai Kisen Co.,Ltd.",12,運輸・物流,5100,海運業,-,0112,スタンダード
2025-02-05,91930,東京汽船,"Tokyo Kisen Co.,Ltd.",12,運輸・物流,5200,倉庫･運輸関連業,-,0112,スタンダード
2025-02-05,92010,日本航空,"Japan Airlines Co.,Ltd.",12,運輸・物流,5150,空運業,TOPIX Mid400,0111,プライム
2025-02-05,92020,ＡＮＡホールディングス,ANA HOLDINGS INC.,12,運輸・物流,5150,空運業,TOPIX Large70,0111,プライム
2025-02-05,92040,スカイマーク,Skymark Airlines Inc.,12,運輸・物流,5150,空運業,-,0113,グロース
2025-02-05,92060,スターフライヤー,Star Flyer Inc.,12,運輸・物流,5150,空運業,-,0112,スタンダード
2025-02-05,92110,エフ・コード,f-code Inc.,10,情報通信・サービスその他,9050,サービス業,-,0113,グロース
2025-02-05,92120,Ｇｒｅｅｎ　Ｅａｒｔｈ　Ｉｎｓｔｉｔｕｔｅ,"Green Earth Institute Co.,Ltd.",10,情報通信・サービスその他,9050,サービス業,-,0113,グロース
2025-02-05,92130,セイファート,SEYFERT LTD.,10,情報通信・サービスその他,9050,サービス業,-,0112,スタンダード
2025-02-05,92140,Ｒｅｃｏｖｅｒｙ　Ｉｎｔｅｒｎａｔｉｏｎａｌ,"Recovery International Co.,Ltd.",10,情報通信・サービスその他,9050,サービス業,-,0113,グロース
2025-02-05,92150,ＣａＳｙ,"CaSy Co.,Ltd.",10,情報通信・サービスその他,9050,サービス業,-,0113,グロース
2025-02-05,92160,ビーウィズ,"Bewith,Inc.",10,情報通信・サービスその他,9050,サービス業,TOPIX Small 2,0111,プライム
2025-02-05,92180,メンタルヘルステクノロジーズ,"Mental Health Technologies Co.,Ltd.",10,情報通信・サービスその他,9050,サービス業,-,0113,グロース
2025-02-05,92190,ギックス,GiXo Ltd.,10,情報通信・サービスその他,9050,サービス業,-,0113,グロース
2025-02-05,92200,エフビー介護サービス,"FB CARE SERVICE CO.,LTD.",10,情報通信・サービスその他,9050,サービス業,-,0112,スタンダード
2025-02-05,92210,フルハシＥＰＯ,FULUHASHI EPO CORPORATION,10,情報通信・サービスその他,9050,サービス業,-,0112,スタンダード
2025-02-05,92220,ｍａｎａｂｙ,"manaby Co.,Ltd.",10,情報通信・サービスその他,9050,サービス業,-,0105,TOKYO PRO MARKET
2025-02-05,92230,ＡＳＮＯＶＡ,"ASNOVA Co.,Ltd.",10,情報通信・サービスその他,9050,サービス業,-,0113,グロース
2025-02-05,92240,環境のミカタ,KANKYOU NO MIKATA Inc.,10,情報通信・サービスその他,9050,サービス業,-,0105,TOKYO PRO MARKET
2025-02-05,92250,ブリッジコンサルティンググループ,Bridge Consulting Group Inc.,10,情報通信・サービスその他,9050,サービス業,-,0113,グロース
2025-02-05,92260,アイガー,IGER Inc.,10,情報通信・サービスその他,9050,サービス業,-,0105,TOKYO PRO MARKET
2025-02-05,92270,マイクロ波化学,"Microwave Chemical Co.,Ltd.",10,情報通信・サービスその他,9050,サービス業,-,0113,グロース
2025-02-05,92290,サンウェルズ,"SUNWELS Co.,Ltd.",10,情報通信・サービスその他,9050,サービス業,TOPIX Small 2,0111,プライム
2025-02-05,92330,アジア航測,"Asia Air Survey Co.,Ltd.",12,運輸・物流,5150,空運業,-,0112,スタンダード
2025-02-05,92350,売れるネット広告社グループ,"Ureru Net Advertising Group Co.,Ltd.",10,情報通信・サービスその他,9050,サービス業,-,0113,グロース
2025-02-05,92360,ジャパンＭ＆Ａソリューション,Japan M&A Solution Incorporated,10,情報通信・サービスその他,9050,サービス業,-,0113,グロース
2025-02-05,92370,笑美面,"Emimen Co.,Ltd.",10,情報通信・サービスその他,9050,サービス業,-,0113,グロース
2025-02-05,92380,バリュークリエーション,"VALUE CREATION CO.,LTD.",10,情報通信・サービスその他,9050,サービス業,-,0113,グロース
2025-02-05,92390,ケーイーティ,KET Inc.,10,情報通信・サービスその他,9050,サービス業,-,0105,TOKYO PRO MARKET
2025-02-05,92400,デリバリーコンサルティング,Delivery Consulting Inc.,10,情報通信・サービスその他,9050,サービス業,-,0113,グロース
2025-02-05,92410,フューチャーリンクネットワーク,"Future Link Network Co.,Ltd.",10,情報通信・サービスその他,9050,サービス業,-,0113,グロース
2025-02-05,92420,メディア総研,"Media Research Institute,Inc.",10,情報通信・サービスその他,9050,サービス業,-,0113,グロース
2025-02-05,92430,富士テクノホールディングス,"FT Holdings Co.,Inc.",10,情報通信・サービスその他,9050,サービス業,-,0105,TOKYO PRO MARKET
2025-02-05,92440,デジタリフト,DIGITALIFT Inc.,10,情報通信・サービスその他,9050,サービス業,-,0113,グロース
2025-02-05,92450,リベロ,Livero Inc.,10,情報通信・サービスその他,9050,サービス業,-,0113,グロース
2025-02-05,92460,プロジェクトホールディングス,"ProjectHoldings,Inc.",10,情報通信・サービスその他,9050,サービス業,-,0113,グロース
2025-02-05,92470,ＴＲＥホールディングス,TRE HOLDINGS CORPORATION,10,情報通信・サービスその他,9050,サービス業,TOPIX Small 1,0111,プライム
2025-02-05,92480,人・夢・技術グループ,"People, Dreams & Technologies Group Co.,Ltd.",10,情報通信・サービスその他,9050,サービス業,TOPIX Small 2,0111,プライム
2025-02-05,92490,日本エコシステム,"Japan Ecosystem Co.,Ltd.",10,情報通信・サービスその他,9050,サービス業,-,0112,スタンダード
2025-02-05,92500,ＧＲＣＳ,GRCS Inc.,10,情報通信・サービスその他,9050,サービス業,-,0113,グロース
2025-02-05,92510,ＡＢ＆Ｃｏｍｐａｎｙ,"AB&Company Co.,Ltd.",10,情報通信・サービスその他,9050,サービス業,-,0113,グロース
2025-02-05,92520,ラストワンマイル,"Last One Mile Co.,Ltd.",10,情報通信・サービスその他,9050,サービス業,-,0113,グロース
2025-02-05,92530,スローガン,Slogan Inc.,10,情報通信・サービスその他,9050,サービス業,-,0113,グロース
2025-02-05,92540,ラバブルマーケティンググループ,"Lovable Marketing Group,inc.",10,情報通信・サービスその他,9050,サービス業,-,0113,グロース
2025-02-05,92560,サクシード,"Succeed co.,ltd.",10,情報通信・サービスその他,9050,サービス業,-,0113,グロース
2025-02-05,92570,ＹＣＰホールディングス（グローバル）リミテッド,YCP Holdings (Global) Limited,10,情報通信・サービスその他,9050,サービス業,-,0113,グロース
2025-02-05,92580,ＣＳ−Ｃ,"CS-C.Co.,Ltd.",10,情報通信・サービスその他,9050,サービス業,-,0113,グロース
2025-02-05,92590,タカヨシホールディングス,"TAKAYOSHI Holdings,INC.",10,情報通信・サービスその他,9050,サービス業,-,0113,グロース
2025-02-05,92600,西本Ｗｉｓｍｅｔｔａｃホールディングス,"Nishimoto Co.,Ltd.",13,商社・卸売,6050,卸売業,TOPIX Small 2,0111,プライム
2025-02-05,92620,シルバーライフ,"SILVER LIFE CO.,LTD.",14,小売,6100,小売業,TOPIX Small 2,0112,スタンダード
2025-02-05,92640,ポエック,"Puequ CO.,LTD.",13,商社・卸売,6050,卸売業,-,0112,スタンダード
2025-02-05,92650,ヤマシタヘルスケアホールディングス,"YAMASHITA HEALTH CARE HOLDINGS,INC.",13,商社・卸売,6050,卸売業,-,0112,スタンダード
2025-02-05,92670,Ｇｅｎｋｙ　ＤｒｕｇＳｔｏｒｅｓ,"Genky DrugStores Co.,Ltd.",14,小売,6100,小売業,TOPIX Small 1,0111,プライム
2025-02-05,92680,オプティマスグループ,OPTIMUS GROUP COMPANY LIMITED,13,商社・卸売,6050,卸売業,-,0112,スタンダード
2025-02-05,92700,バリュエンスホールディングス,Valuence Holdings Inc.,13,商社・卸売,6050,卸売業,-,0113,グロース
2025-02-05,92710,和心,"Wagokoro co.,ltd.",14,小売,6100,小売業,-,0113,グロース
2025-02-05,92720,ブティックス,"Boutiques,Inc.",10,情報通信・サービスその他,9050,サービス業,-,0113,グロース
2025-02-05,92730,コーア商事ホールディングス,"KOA SHOJI HOLDINGS CO.,LTD.",13,商社・卸売,6050,卸売業,TOPIX Small 2,0111,プライム
2025-02-05,92740,ＫＰＰグループホールディングス,"KPP GROUP HOLDINGS CO.,LTD.",13,商社・卸売,6050,卸売業,TOPIX Small 1,0111,プライム
2025-02-05,92750,ナルミヤ・インターナショナル,"NARUMIYA INTERNATIONAL Co.,Ltd.",14,小売,6100,小売業,-,0112,スタンダード
2025-02-05,92780,ブックオフグループホールディングス,BOOKOFF GROUP HOLDINGS LIMITED,14,小売,6100,小売業,TOPIX Small 2,0111,プライム
2025-02-05,92790,ギフトホールディングス,GIFT HOLDINGS INC.,14,小売,6100,小売業,TOPIX Small 2,0111,プライム
2025-02-05,92820,いちごグリーンインフラ投資法人,Ichigo Green Infrastructure Investment Corporation,99,その他,9999,その他,-,0109,その他
2025-02-05,92840,カナディアン・ソーラー・インフラ投資法人,"Canadian Solar Infrastructure Fund,Inc.",99,その他,9999,その他,-,0109,その他
2025-02-05,92850,東京インフラ・エネルギー投資法人,Tokyo Infrastructure Energy Investment Corporation,99,その他,9999,その他,-,0109,その他
2025-02-05,92860,エネクス・インフラ投資法人,Enex Infrastructure Investment Corporation,99,その他,9999,その他,-,0109,その他
2025-02-05,92870,ジャパン・インフラファンド投資法人,Japan Infrastructure Fund Investment Corporation,99,その他,9999,その他,-,0109,その他
2025-02-05,93010,三菱倉庫,Mitsubishi Logistics Corporation,12,運輸・物流,5200,倉庫･運輸関連業,TOPIX Mid400,0111,プライム
2025-02-05,93020,三井倉庫ホールディングス,"MITSUI-SOKO HOLDINGS Co.,Ltd.",12,運輸・物流,5200,倉庫･運輸関連業,TOPIX Small 1,0111,プライム
2025-02-05,93030,住友倉庫,"The Sumitomo Warehouse Co.,Ltd.",12,運輸・物流,5200,倉庫･運輸関連業,TOPIX Small 1,0111,プライム
2025-02-05,93040,澁澤倉庫,Shibusawa Logistics Corporation,12,運輸・物流,5200,倉庫･運輸関連業,TOPIX Small 2,0111,プライム
2025-02-05,93050,ヤマタネ,Yamatane Corporation,13,商社・卸売,6050,卸売業,TOPIX Small 2,0111,プライム
2025-02-05,93060,東陽倉庫,"Toyo Logistics Co.,Ltd.",12,運輸・物流,5200,倉庫･運輸関連業,-,0112,スタンダード
2025-02-05,93070,杉村倉庫,"Sugimura Warehouse Co.,Ltd.",12,運輸・物流,5200,倉庫･運輸関連業,-,0112,スタンダード
2025-02-05,93080,乾汽船,"Inui Global Logistics Co.,Ltd.",12,運輸・物流,5100,海運業,TOPIX Small 2,0112,スタンダード
2025-02-05,93100,日本トランスシティ,Japan Transcity Corporation,12,運輸・物流,5200,倉庫･運輸関連業,TOPIX Small 2,0111,プライム
2025-02-05,93110,アサガミ,ASAGAMI CORPORATION,12,運輸・物流,5200,倉庫･運輸関連業,-,0112,スタンダード
2025-02-05,93120,ケイヒン,"THE KEIHIN CO.,LTD.",12,運輸・物流,5200,倉庫･運輸関連業,-,0112,スタンダード
2025-02-05,93130,丸八倉庫,Maruhachi Warehouse Company Limited,12,運輸・物流,5200,倉庫･運輸関連業,-,0112,スタンダード
2025-02-05,93190,中央倉庫,"Chuo Warehouse Co.,Ltd.",12,運輸・物流,5200,倉庫･運輸関連業,TOPIX Small 2,0111,プライム
2025-02-05,93220,川西倉庫,"KAWANISHI WAREHOUSE CO.,LTD.",12,運輸・物流,5200,倉庫･運輸関連業,-,0112,スタンダード
2025-02-05,93240,安田倉庫,Yasuda Logistics Corporation,12,運輸・物流,5200,倉庫･運輸関連業,TOPIX Small 2,0111,プライム
2025-02-05,93250,ファイズホールディングス,PHYZ Holdings Inc.,12,運輸・物流,5200,倉庫･運輸関連業,-,0112,スタンダード
2025-02-05,93260,関通,"KANTSU CO.,LTD.",12,運輸・物流,5200,倉庫･運輸関連業,-,0113,グロース
2025-02-05,93270,イー・ロジット,"e-LogiT co.,ltd.",12,運輸・物流,5200,倉庫･運輸関連業,-,0112,スタンダード
2025-02-05,93300,揚羽,AGEHA Inc.,10,情報通信・サービスその他,9050,サービス業,-,0113,グロース
2025-02-05,93310,キャスター,Caster Co.Ltd.,10,情報通信・サービスその他,9050,サービス業,-,0113,グロース
2025-02-05,93320,ＮＩＳＳＯホールディングス,"NISSO HOLDINGS Co.,Ltd.",10,情報通信・サービスその他,9050,サービス業,TOPIX Small 2,0111,プライム
2025-02-05,93340,アイビスホールディングス,"IBIS HOLDINGS Co.,Ltd.",10,情報通信・サービスその他,9050,サービス業,-,0105,TOKYO PRO MARKET
2025-02-05,93350,テクノクリエイティブ,"techno-creative CO.,LTD.",10,情報通信・サービスその他,9050,サービス業,-,0105,TOKYO PRO MARKET
2025-02-05,93360,大栄環境,"Daiei Kankyo Co.,Ltd.",10,情報通信・サービスその他,9050,サービス業,TOPIX Small 1,0111,プライム
2025-02-05,93370,トリドリ,toridori Inc.,10,情報通信・サービスその他,9050,サービス業,-,0113,グロース
2025-02-05,93380,ＩＮＦＯＲＩＣＨ,INFORICH INC.,10,情報通信・サービスその他,9050,サービス業,-,0113,グロース
2025-02-05,93390,コーチ・エィ,"COACH A Co.,Ltd.",10,情報通信・サービスその他,9050,サービス業,-,0112,スタンダード
2025-02-05,93400,アソインターナショナル,"ASO INTERNATIONAL,INC.",10,情報通信・サービスその他,9050,サービス業,-,0112,スタンダード
2025-02-05,93410,ＧＥＮＯＶＡ,"GENOVA,Inc.",10,情報通信・サービスその他,9050,サービス業,TOPIX Small 2,0111,プライム
2025-02-05,93420,スマサポ,Sumasapo Inc.,10,情報通信・サービスその他,9050,サービス業,-,0113,グロース
2025-02-05,93430,アイビス,ibis inc.,10,情報通信・サービスその他,9050,サービス業,-,0113,グロース
2025-02-05,93440,アクシスコンサルティング,Axis Consulting Corporation,10,情報通信・サービスその他,9050,サービス業,-,0113,グロース
2025-02-05,93450,ビズメイツ,"Bizmates,Inc.",10,情報通信・サービスその他,9050,サービス業,-,0113,グロース
2025-02-05,93460,ココルポート,"Cocorport,Inc.",10,情報通信・サービスその他,9050,サービス業,-,0113,グロース
2025-02-05,93470,日本管財ホールディングス,"NIPPON KANZAI Holdings Co.,Ltd.",10,情報通信・サービスその他,9050,サービス業,TOPIX Small 2,0111,プライム
2025-02-05,93480,ｉｓｐａｃｅ,"ispace,inc.",10,情報通信・サービスその他,9050,サービス業,-,0113,グロース
2025-02-05,93510,東洋埠頭,"TOYO WHARF & WAREHOUSE CO.,LTD.",12,運輸・物流,5200,倉庫･運輸関連業,-,0112,スタンダード
2025-02-05,93530,櫻島埠頭,"SAKURAJIMA FUTO KAISHA,LTD.",12,運輸・物流,5200,倉庫･運輸関連業,-,0112,スタンダード
2025-02-05,93550,リンコーコーポレーション,RINKO CORPORATION,12,運輸・物流,5200,倉庫･運輸関連業,-,0112,スタンダード
2025-02-05,93600,鈴与シンワート,SUZUYO SHINWART CORPORATION,10,情報通信・サービスその他,5250,情報･通信業,-,0112,スタンダード
2025-02-05,93610,伏木海陸運送,"FUSHIKI KAIRIKU UNSO CO.,LTD.",12,運輸・物流,5200,倉庫･運輸関連業,-,0112,スタンダード
2025-02-05,93620,兵機海運,"HYOKI KAIUN KAISHA,LTD.",12,運輸・物流,5200,倉庫･運輸関連業,-,0112,スタンダード
2025-02-05,93630,大運,"DAIUN CO.,LTD.",12,運輸・物流,5200,倉庫･運輸関連業,-,0112,スタンダード
2025-02-05,93640,上組,"Kamigumi Co.,Ltd.",12,運輸・物流,5200,倉庫･運輸関連業,TOPIX Mid400,0111,プライム
2025-02-05,93650,トレーディア,TRADIA CORPORATION,12,運輸・物流,5200,倉庫･運輸関連業,-,0112,スタンダード
2025-02-05,93660,サンリツ,SANRITSU CORPORATION,12,運輸・物流,5200,倉庫･運輸関連業,-,0112,スタンダード
2025-02-05,93670,大東港運,"DAITO KOUN CO.,LTD.",12,運輸・物流,5200,倉庫･運輸関連業,-,0112,スタンダード
2025-02-05,93680,キムラユニティー,"KIMURA UNITY CO.,LTD.",12,運輸・物流,5200,倉庫･運輸関連業,-,0112,スタンダード
2025-02-05,93690,キユーソー流通システム,K.R.S.Corporation,12,運輸・物流,5200,倉庫･運輸関連業,TOPIX Small 2,0112,スタンダード
2025-02-05,93760,ユーラシア旅行社,"EURASIA TRAVEL Co.,Ltd.",10,情報通信・サービスその他,9050,サービス業,-,0112,スタンダード
2025-02-05,93770,エージーピー,AGP CORPORATION,12,運輸・物流,5200,倉庫･運輸関連業,-,0112,スタンダード
2025-02-05,93800,東海運,"Azuma Shipping Co.,Ltd.",12,運輸・物流,5200,倉庫･運輸関連業,-,0112,スタンダード
2025-02-05,93810,エーアイテイー,AIT CORPORATION,12,運輸・物流,5200,倉庫･運輸関連業,TOPIX Small 2,0111,プライム
2025-02-05,93840,内外トランスライン,NAIGAI TRANS LINE LTD.,12,運輸・物流,5200,倉庫･運輸関連業,TOPIX Small 2,0111,プライム
2025-02-05,93850,ショーエイコーポレーション,SHOEI CORPORATION,4,素材・化学,3200,化学,-,0112,スタンダード
2025-02-05,93860,日本コンセプト,NIPPON CONCEPT CORPORATION,12,運輸・物流,5200,倉庫･運輸関連業,TOPIX Small 2,0111,プライム
2025-02-05,93880,パパネッツ,"PAPANETS CO.,Ltd.",12,運輸・物流,5200,倉庫･運輸関連業,-,0105,TOKYO PRO MARKET
2025-02-05,93990,ビート・ホールディングス・リミテッド（貝徳控股有限公司）,Beat Holdings Limited,10,情報通信・サービスその他,5250,情報･通信業,-,0112,スタンダード
2025-02-05,94010,ＴＢＳホールディングス,"TBS HOLDINGS,INC.",10,情報通信・サービスその他,5250,情報･通信業,TOPIX Mid400,0111,プライム
2025-02-05,94040,日本テレビホールディングス,"Nippon Television Holdings,Inc.",10,情報通信・サービスその他,5250,情報･通信業,TOPIX Mid400,0111,プライム
2025-02-05,94050,朝日放送グループホールディングス,ASAHI BROADCASTING GROUP HOLDINGS CORPORATION,10,情報通信・サービスその他,5250,情報･通信業,TOPIX Small 2,0111,プライム
2025-02-05,94080,ＢＳＮメディアホールディングス,"BSN MEDIA HOLDINGS,INC.",10,情報通信・サービスその他,5250,情報･通信業,-,0112,スタンダード
2025-02-05,94090,テレビ朝日ホールディングス,TV Asahi Holdings Corporation,10,情報通信・サービスその他,5250,情報･通信業,TOPIX Small 1,0111,プライム
2025-02-05,94120,スカパーＪＳＡＴホールディングス,SKY Perfect JSAT Holdings Inc.,10,情報通信・サービスその他,5250,情報･通信業,TOPIX Small 1,0111,プライム
2025-02-05,94130,テレビ東京ホールディングス,TV TOKYO Holdings Corporation,10,情報通信・サービスその他,5250,情報･通信業,TOPIX Small 1,0111,プライム
2025-02-05,94140,日本ＢＳ放送,Nippon BS Broadcasting Corporation,10,情報通信・サービスその他,5250,情報･通信業,-,0112,スタンダード
2025-02-05,94160,ビジョン,VISION INC.,10,情報通信・サービスその他,5250,情報･通信業,TOPIX Small 1,0111,プライム
2025-02-05,94170,スマートバリュー,"Smartvalue Co.,Ltd.",10,情報通信・サービスその他,5250,情報･通信業,-,0112,スタンダード
2025-02-05,94180,Ｕ−ＮＥＸＴ　ＨＯＬＤＩＮＧＳ,"U-NEXT HOLDINGS Co.,Ltd.",10,情報通信・サービスその他,5250,情報･通信業,TOPIX Small 1,0111,プライム
2025-02-05,94190,ワイヤレスゲート,"WirelessGate,Inc.",10,情報通信・サービスその他,5250,情報･通信業,-,0112,スタンダード
2025-02-05,94210,エヌジェイホールディングス,NJ Holdings Inc.,10,情報通信・サービスその他,5250,情報･通信業,-,0112,スタンダード
2025-02-05,94230,フォーバル・リアルストレート,Forval RealStraight Inc.,10,情報通信・サービスその他,5250,情報･通信業,-,0112,スタンダード
2025-02-05,94240,日本通信,Japan Communications Inc.,10,情報通信・サービスその他,5250,情報･通信業,TOPIX Small 1,0111,プライム
2025-02-05,94250,ＲｅＹｕｕ　Ｊａｐａｎ,ReYuu Japan Inc.,10,情報通信・サービスその他,5250,情報･通信業,-,0112,スタンダード
2025-02-05,94280,クロップス,CROPS CORPORATION,10,情報通信・サービスその他,5250,情報･通信業,-,0112,スタンダード
2025-02-05,94320,日本電信電話,NIPPON TELEGRAPH AND TELEPHONE CORPORATION,10,情報通信・サービスその他,5250,情報･通信業,TOPIX Core30,0111,プライム
2025-02-05,94330,ＫＤＤＩ,KDDI CORPORATION,10,情報通信・サービスその他,5250,情報･通信業,TOPIX Core30,0111,プライム
2025-02-05,94340,ソフトバンク,SoftBank Corp.,10,情報通信・サービスその他,5250,情報･通信業,TOPIX Core30,0111,プライム
2025-02-05,94345,ソフトバンク（優先株式）,SoftBank Corp. (shares of preferred stock),10,情報通信・サービスその他,5250,情報･通信業,-,0111,プライム
2025-02-05,94346,ソフトバンク（優先株式）,SoftBank Corp. (shares of preferred stock),10,情報通信・サービスその他,5250,情報･通信業,-,0111,プライム
2025-02-05,94350,光通信,"HIKARI TSUSHIN,INC.",10,情報通信・サービスその他,5250,情報･通信業,TOPIX Mid400,0111,プライム
2025-02-05,94360,沖縄セルラー電話,OKINAWA CELLULAR TELEPHONE COMPANY,10,情報通信・サービスその他,5250,情報･通信業,-,0112,スタンダード
2025-02-05,94380,エムティーアイ,MTI Ltd.,10,情報通信・サービスその他,5250,情報･通信業,TOPIX Small 2,0111,プライム
2025-02-05,94390,エム・エイチ・グループ,M・H・GROUP LTD.,10,情報通信・サービスその他,9050,サービス業,-,0112,スタンダード
2025-02-05,94410,ベルパーク,"Bell-Park Co.,Ltd.",10,情報通信・サービスその他,5250,情報･通信業,-,0112,スタンダード
2025-02-05,94440,トーシンホールディングス,"TOSHIN HOLDINGS CO.,LTD",10,情報通信・サービスその他,5250,情報･通信業,-,0112,スタンダード
2025-02-05,94450,フォーバルテレコム,"FORVAL TELECOM,INC.",10,情報通信・サービスその他,5250,情報･通信業,-,0112,スタンダード
2025-02-05,94460,サカイホールディングス,"SAKAI Holdings CO.,LTD",10,情報通信・サービスその他,5250,情報･通信業,-,0112,スタンダード
2025-02-05,94490,ＧＭＯインターネットグループ,"GMO internet group,Inc.",10,情報通信・サービスその他,5250,情報･通信業,TOPIX Mid400,0111,プライム
2025-02-05,94500,ファイバーゲート,Fibergate Inc.,10,情報通信・サービスその他,5250,情報･通信業,TOPIX Small 2,0111,プライム
2025-02-05,94660,アイドママーケティングコミュニケーション,Aidma Marketing Communication Corporation,10,情報通信・サービスその他,5250,情報･通信業,-,0112,スタンダード
2025-02-05,94670,アルファポリス,"AlphaPolis Co.,Ltd.",10,情報通信・サービスその他,5250,情報･通信業,-,0113,グロース
2025-02-05,94680,ＫＡＤＯＫＡＷＡ,KADOKAWA CORPORATION,10,情報通信・サービスその他,5250,情報･通信業,TOPIX Mid400,0111,プライム
2025-02-05,94700,学研ホールディングス,"GAKKEN HOLDINGS CO.,LTD.",10,情報通信・サービスその他,5250,情報･通信業,TOPIX Small 1,0111,プライム
2025-02-05,94740,ゼンリン,"ZENRIN CO.,LTD.",10,情報通信・サービスその他,5250,情報･通信業,TOPIX Small 2,0111,プライム
2025-02-05,94750,昭文社ホールディングス,"Shobunsha Holdings,Inc.",10,情報通信・サービスその他,5250,情報･通信業,-,0112,スタンダード
2025-02-05,94760,中央経済社ホールディングス,"CHUOKEIZAI-SHA HOLDINGS,INC.",10,情報通信・サービスその他,5250,情報･通信業,-,0112,スタンダード
2025-02-05,94780,ＳＥホールディングス・アンド・インキュベーションズ,"SE Holdings and Incubations Co.,Ltd.",10,情報通信・サービスその他,5250,情報･通信業,-,0112,スタンダード
2025-02-05,94790,インプレスホールディングス,"Impress Holdings, Inc.",10,情報通信・サービスその他,5250,情報･通信業,-,0112,スタンダード
2025-02-05,95010,東京電力ホールディングス,"Tokyo Electric Power Company Holdings,Incorporated",11,電気・ガス,4050,電気･ガス業,TOPIX Mid400,0111,プライム
2025-02-05,95020,中部電力,"Chubu Electric Power Company,Incorporated",11,電気・ガス,4050,電気･ガス業,TOPIX Mid400,0111,プライム
2025-02-05,95030,関西電力,"The Kansai Electric Power Company,Incorporated",11,電気・ガス,4050,電気･ガス業,TOPIX Mid400,0111,プライム
2025-02-05,95040,中国電力,"The Chugoku Electric Power Company,Incorporated",11,電気・ガス,4050,電気･ガス業,TOPIX Mid400,0111,プライム
2025-02-05,95050,北陸電力,Hokuriku Electric Power Company,11,電気・ガス,4050,電気･ガス業,TOPIX Mid400,0111,プライム
2025-02-05,95060,東北電力,"Tohoku Electric Power Company,Incorporated",11,電気・ガス,4050,電気･ガス業,TOPIX Mid400,0111,プライム
2025-02-05,95070,四国電力,"Shikoku Electric Power Company,Incorporated",11,電気・ガス,4050,電気･ガス業,TOPIX Mid400,0111,プライム
2025-02-05,95080,九州電力,"Kyushu Electric Power Company,Incorporated",11,電気・ガス,4050,電気･ガス業,TOPIX Mid400,0111,プライム
2025-02-05,95090,北海道電力,"Hokkaido Electric Power Company,Incorporated",11,電気・ガス,4050,電気･ガス業,TOPIX Mid400,0111,プライム
2025-02-05,95110,沖縄電力,"The Okinawa Electric Power Company,Incorporated",11,電気・ガス,4050,電気･ガス業,TOPIX Small 1,0111,プライム
2025-02-05,95130,電源開発,"Electric Power Development Co.,Ltd.",11,電気・ガス,4050,電気･ガス業,TOPIX Mid400,0111,プライム
2025-02-05,95140,エフオン,EF-ON INC.,11,電気・ガス,4050,電気･ガス業,TOPIX Small 2,0112,スタンダード
2025-02-05,95170,イーレックス,"eREX Co.,Ltd.",11,電気・ガス,4050,電気･ガス業,TOPIX Small 2,0111,プライム
2025-02-05,95190,レノバ,"RENOVA,Inc.",11,電気・ガス,4050,電気･ガス業,TOPIX Small 1,0111,プライム
2025-02-05,95220,リニューアブル・ジャパン,"Renewable Japan Co.,Ltd.",11,電気・ガス,4050,電気･ガス業,-,0113,グロース
2025-02-05,95310,東京瓦斯,"TOKYO GAS CO.,LTD.",11,電気・ガス,4050,電気･ガス業,TOPIX Mid400,0111,プライム
2025-02-05,95320,大阪瓦斯,"OSAKA GAS CO.,LTD.",11,電気・ガス,4050,電気･ガス業,TOPIX Mid400,0111,プライム
2025-02-05,95330,東邦瓦斯,"TOHO GAS CO.,LTD.",11,電気・ガス,4050,電気･ガス業,TOPIX Mid400,0111,プライム
2025-02-05,95340,北海道瓦斯,"HOKKAIDO GAS CO.,LTD.",11,電気・ガス,4050,電気･ガス業,TOPIX Small 2,0111,プライム
2025-02-05,95350,広島ガス,"HIROSHIMA GAS CO.,LTD.",11,電気・ガス,4050,電気･ガス業,TOPIX Small 2,0111,プライム
2025-02-05,95360,西部ガスホールディングス,"SAIBU GAS HOLDINGS CO.,LTD.",11,電気・ガス,4050,電気･ガス業,TOPIX Small 2,0111,プライム
2025-02-05,95370,北陸瓦斯,"HOKURIKU GAS CO.,LTD.",11,電気・ガス,4050,電気･ガス業,-,0112,スタンダード
2025-02-05,95390,京葉瓦斯,"KEIYO GAS CO.,LTD.",11,電気・ガス,4050,電気･ガス業,-,0112,スタンダード
2025-02-05,95430,静岡ガス,"SHIZUOKA GAS CO.,LTD.",11,電気・ガス,4050,電気･ガス業,TOPIX Small 1,0111,プライム
2025-02-05,95510,メタウォーター,"METAWATER Co.,Ltd.",11,電気・ガス,4050,電気･ガス業,TOPIX Small 1,0111,プライム
2025-02-05,95520,Ｍ＆Ａ総研ホールディングス,M&A Research Institute Holdings Inc.,10,情報通信・サービスその他,9050,サービス業,TOPIX Small 1,0111,プライム
2025-02-05,95530,マイクロアド,"MicroAd,Inc.",10,情報通信・サービスその他,9050,サービス業,-,0113,グロース
2025-02-05,95540,ＡＶｉＣ,"AViC Co.,Ltd.",10,情報通信・サービスその他,9050,サービス業,-,0113,グロース
2025-02-05,95560,ＩＮＴＬＯＯＰ,INTLOOP Inc.,10,情報通信・サービスその他,9050,サービス業,-,0113,グロース
2025-02-05,95570,エアークローゼット,"airCloset,Inc.",10,情報通信・サービスその他,9050,サービス業,-,0113,グロース
2025-02-05,95580,ジャパニアス,"Japaniace Co.,Ltd.",10,情報通信・サービスその他,9050,サービス業,-,0113,グロース
2025-02-05,95600,プログリット,PROGRIT Inc.,10,情報通信・サービスその他,9050,サービス業,-,0113,グロース
2025-02-05,95610,グラッドキューブ,GLAD CUBE Inc.,10,情報通信・サービスその他,9050,サービス業,-,0113,グロース
2025-02-05,95620,ビジネスコーチ,Business Coach Inc.,10,情報通信・サービスその他,9050,サービス業,-,0113,グロース
2025-02-05,95630,Ａｔｌａｓ　Ｔｅｃｈｎｏｌｏｇｉｅｓ,Atlas Technologies Corporation,10,情報通信・サービスその他,9050,サービス業,-,0113,グロース
2025-02-05,95640,ＦＣＥ,FCE Inc.,10,情報通信・サービスその他,9050,サービス業,-,0112,スタンダード
2025-02-05,95650,ＧＬＯＥ,GLOE Inc.,10,情報通信・サービスその他,9050,サービス業,-,0113,グロース
2025-02-05,96000,アイネット,I-NET CORP.,10,情報通信・サービスその他,5250,情報･通信業,TOPIX Small 2,0111,プライム
2025-02-05,96010,松竹,"Shochiku Co.,Ltd.",10,情報通信・サービスその他,5250,情報･通信業,TOPIX Small 1,0111,プライム
2025-02-05,96020,東宝,"TOHO CO.,LTD",10,情報通信・サービスその他,5250,情報･通信業,TOPIX Mid400,0111,プライム
2025-02-05,96030,エイチ・アイ・エス,"H.I.S.Co.,Ltd.",10,情報通信・サービスその他,9050,サービス業,TOPIX Small 1,0111,プライム
2025-02-05,96050,東映,"TOEI COMPANY,LTD.",10,情報通信・サービスその他,5250,情報･通信業,TOPIX Small 1,0111,プライム
2025-02-05,96100,ウィルソン・ラーニング　ワールドワイド,WILSON LEARNING WORLDWIDE INC.,10,情報通信・サービスその他,9050,サービス業,-,0112,スタンダード
2025-02-05,96120,ラックランド,"LUCKLAND CO.,LTD.",10,情報通信・サービスその他,9050,サービス業,TOPIX Small 2,0111,プライム
2025-02-05,96130,ＮＴＴデータグループ,NTT DATA GROUP CORPORATION,10,情報通信・サービスその他,5250,情報･通信業,TOPIX Mid400,0111,プライム
2025-02-05,96160,共立メンテナンス,"KYORITSU MAINTENANCE CO.,LTD.",10,情報通信・サービスその他,9050,サービス業,TOPIX Mid400,0111,プライム
2025-02-05,96190,イチネンホールディングス,"ICHINEN HOLDINGS CO.,LTD.",10,情報通信・サービスその他,9050,サービス業,TOPIX Small 2,0111,プライム
2025-02-05,96210,建設技術研究所,"CTI Engineering Co.,Ltd.",10,情報通信・サービスその他,9050,サービス業,TOPIX Small 2,0111,プライム
2025-02-05,96220,スペース,"SPACE CO.,LTD.",10,情報通信・サービスその他,9050,サービス業,TOPIX Small 2,0111,プライム
2025-02-05,96250,セレスポ,"CERESPO CO.,LTD.",10,情報通信・サービスその他,9050,サービス業,-,0112,スタンダード
2025-02-05,96270,アインホールディングス,AIN HOLDINGS INC.,14,小売,6100,小売業,TOPIX Mid400,0111,プライム
2025-02-05,96280,燦ホールディングス,"SAN HOLDINGS,INC.",10,情報通信・サービスその他,9050,サービス業,TOPIX Small 2,0111,プライム
2025-02-05,96290,ピー・シー・エー,PCA CORPORATION,10,情報通信・サービスその他,5250,情報･通信業,TOPIX Small 2,0111,プライム
2025-02-05,96320,スバル興業,"Subaru Enterprise Co.,Ltd.",10,情報通信・サービスその他,9050,サービス業,TOPIX Small 2,0112,スタンダード
2025-02-05,96330,東京テアトル,"TOKYO THEATRES COMPANY,INCORPORATED",10,情報通信・サービスその他,9050,サービス業,-,0112,スタンダード
2025-02-05,96350,武蔵野興業,"Musashino Kogyo Co.,Ltd.",10,情報通信・サービスその他,9050,サービス業,-,0112,スタンダード
2025-02-05,96360,きんえい,Kin-Ei Corp.,10,情報通信・サービスその他,9050,サービス業,-,0112,スタンダード
2025-02-05,96390,三協フロンテア,"SANKYO FRONTIER CO.,LTD.",10,情報通信・サービスその他,9050,サービス業,-,0112,スタンダード
2025-02-05,96400,セゾンテクノロジー,"Saison Technology Co.,Ltd.",10,情報通信・サービスその他,5250,情報･通信業,-,0112,スタンダード
2025-02-05,96440,タナベコンサルティンググループ,"TANABE CONSULTING GROUP CO.,LTD.",10,情報通信・サービスその他,9050,サービス業,TOPIX Small 2,0111,プライム
2025-02-05,96470,協和コンサルタンツ,"KYOWA ENGINEERING CONSULTANTS CO.,LTD.",10,情報通信・サービスその他,9050,サービス業,-,0112,スタンダード
2025-02-05,96510,日本プロセス,"Japan Process Development Co.,Ltd.",10,情報通信・サービスその他,5250,情報･通信業,-,0112,スタンダード
2025-02-05,96560,グリーンランドリゾート,GREENLAND RESORT COMPANY LIMITED,10,情報通信・サービスその他,9050,サービス業,-,0112,スタンダード
2025-02-05,96580,ビジネスブレイン太田昭和,BUSINESS BRAIN SHOWA・OTA INC.,10,情報通信・サービスその他,5250,情報･通信業,TOPIX Small 2,0111,プライム
2025-02-05,96610,歌舞伎座,"Kabuki-Za Co.,Ltd.",10,情報通信・サービスその他,9050,サービス業,-,0112,スタンダード
2025-02-05,96630,ナガワ,"NAGAWA CO.,Ltd",10,情報通信・サービスその他,9050,サービス業,TOPIX Small 1,0111,プライム
2025-02-05,96720,東京都競馬,"TOKYOTOKEIBA CO.,LTD.",10,情報通信・サービスその他,9050,サービス業,TOPIX Small 1,0111,プライム
2025-02-05,96750,常磐興産,"Joban Kosan Co.,Ltd.",10,情報通信・サービスその他,9050,サービス業,-,0112,スタンダード
2025-02-05,96780,カナモト,"KANAMOTO CO.,LTD.",10,情報通信・サービスその他,9050,サービス業,TOPIX Small 1,0111,プライム
2025-02-05,96790,ホウライ,"HORAI Co.,Ltd.",10,情報通信・サービスその他,9050,サービス業,-,0112,スタンダード
2025-02-05,96820,ＤＴＳ,DTS CORPORATION,10,情報通信・サービスその他,5250,情報･通信業,TOPIX Small 1,0111,プライム
2025-02-05,96840,スクウェア・エニックス・ホールディングス,"SQUARE ENIX HOLDINGS CO.,LTD.",10,情報通信・サービスその他,5250,情報･通信業,TOPIX Mid400,0111,プライム
2025-02-05,96850,ＫＹＣＯＭホールディングス,"KYCOM HOLDINGS CO.,LTD.",10,情報通信・サービスその他,5250,情報･通信業,-,0112,スタンダード
2025-02-05,96860,東洋テック,"TOYO TEC CO.,LTD.",10,情報通信・サービスその他,9050,サービス業,-,0112,スタンダード
2025-02-05,96870,ＫＳＫ,"KSK CO.,LTD",10,情報通信・サービスその他,5250,情報･通信業,-,0112,スタンダード
2025-02-05,96910,両毛システムズ,"RYOMO SYSTEMS CO.,LTD.",10,情報通信・サービスその他,5250,情報･通信業,-,0112,スタンダード
2025-02-05,96920,シーイーシー,COMPUTER ENGINEERING & CONSULTING LTD.,10,情報通信・サービスその他,5250,情報･通信業,TOPIX Small 1,0111,プライム
2025-02-05,96960,ウィザス,With us Corporation,10,情報通信・サービスその他,9050,サービス業,-,0112,スタンダード
2025-02-05,96970,カプコン,"CAPCOM CO.,LTD.",10,情報通信・サービスその他,5250,情報･通信業,TOPIX Mid400,0111,プライム
2025-02-05,96980,クレオ,"CREO CO.,LTD.",10,情報通信・サービスその他,5250,情報･通信業,-,0112,スタンダード
2025-02-05,96990,ニシオホールディングス,"NISHIO HOLDINGS CO.,LTD.",10,情報通信・サービスその他,9050,サービス業,TOPIX Small 1,0111,プライム
2025-02-05,97010,東京會舘,"Tokyo Kaikan Co.,Ltd.",10,情報通信・サービスその他,9050,サービス業,-,0112,スタンダード
2025-02-05,97020,アイ・エス・ビー,ISB CORPORATION,10,情報通信・サービスその他,5250,情報･通信業,TOPIX Small 2,0111,プライム
2025-02-05,97040,アゴーラ　ホスピタリティー　グループ,"Agora Hospitality Group Co.,Ltd.",10,情報通信・サービスその他,9050,サービス業,-,0112,スタンダード
2025-02-05,97060,日本空港ビルデング,"Japan Airport Terminal Co.,ltd.",17,不動産,8050,不動産業,TOPIX Mid400,0111,プライム
2025-02-05,97080,帝国ホテル,"Imperial Hotel,Ltd.",10,情報通信・サービスその他,9050,サービス業,-,0112,スタンダード
2025-02-05,97090,ＮＣＳ＆Ａ,"NCS&A CO.,LTD.",10,情報通信・サービスその他,5250,情報･通信業,-,0112,スタンダード
2025-02-05,97130,ロイヤルホテル,"THE ROYAL HOTEL,LIMITED",10,情報通信・サービスその他,9050,サービス業,-,0112,スタンダード
2025-02-05,97150,トランス・コスモス,transcosmos inc.,10,情報通信・サービスその他,9050,サービス業,TOPIX Small 1,0111,プライム
2025-02-05,97160,乃村工藝社,"NOMURA Co.,Ltd.",10,情報通信・サービスその他,9050,サービス業,TOPIX Small 1,0111,プライム
2025-02-05,97190,ＳＣＳＫ,SCSK Corporation,10,情報通信・サービスその他,5250,情報･通信業,TOPIX Mid400,0111,プライム
2025-02-05,97200,ホテル、ニューグランド,"HOTEL NEWGRAND CO.,LTD.",10,情報通信・サービスその他,9050,サービス業,-,0112,スタンダード
2025-02-05,97220,藤田観光,FUJITA KANKO INC.,10,情報通信・サービスその他,9050,サービス業,TOPIX Small 1,0111,プライム
2025-02-05,97230,京都ホテル,"THE KYOTO HOTEL,LTD.",10,情報通信・サービスその他,9050,サービス業,-,0112,スタンダード
2025-02-05,97260,ＫＮＴ−ＣＴホールディングス,"KNT-CT Holdings Co.,Ltd.",10,情報通信・サービスその他,9050,サービス業,TOPIX Small 2,0112,スタンダード
2025-02-05,97290,トーカイ,TOKAI Corp.,10,情報通信・サービスその他,9050,サービス業,TOPIX Small 2,0111,プライム
2025-02-05,97310,白洋舎,"Hakuyosha Company,Ltd.",10,情報通信・サービスその他,9050,サービス業,-,0112,スタンダード
2025-02-05,97330,ナガセ,Nagase Brothers Inc.,10,情報通信・サービスその他,9050,サービス業,-,0112,スタンダード
2025-02-05,97350,セコム,"SECOM CO.,LTD.",10,情報通信・サービスその他,9050,サービス業,TOPIX Large70,0111,プライム
2025-02-05,97390,ＮＳＷ,NSW Inc.,10,情報通信・サービスその他,5250,情報･通信業,TOPIX Small 2,0111,プライム
2025-02-05,97400,セントラル警備保障,"CENTRAL SECURITY PATROLS CO.,LTD.",10,情報通信・サービスその他,9050,サービス業,TOPIX Small 2,0111,プライム
2025-02-05,97420,アイネス,INES Corporation,10,情報通信・サービスその他,5250,情報･通信業,TOPIX Small 2,0111,プライム
2025-02-05,97430,丹青社,"TANSEISHA CO.,LTD.",10,情報通信・サービスその他,9050,サービス業,TOPIX Small 1,0111,プライム
2025-02-05,97440,メイテックグループホールディングス,MEITEC Group Holdings Inc.,10,情報通信・サービスその他,9050,サービス業,TOPIX Mid400,0111,プライム
2025-02-05,97460,ＴＫＣ,TKC Corporation,10,情報通信・サービスその他,5250,情報･通信業,TOPIX Small 1,0111,プライム
2025-02-05,97490,富士ソフト,FUJI SOFT INCORPORATED,10,情報通信・サービスその他,5250,情報･通信業,TOPIX Mid400,0111,プライム
2025-02-05,97530,アイエックス・ナレッジ,IX Knowledge Incorporated,10,情報通信・サービスその他,5250,情報･通信業,-,0112,スタンダード
2025-02-05,97550,応用地質,OYO Corporation,10,情報通信・サービスその他,9050,サービス業,TOPIX Small 2,0111,プライム
2025-02-05,97570,船井総研ホールディングス,Funai Soken Holdings Incorporated,10,情報通信・サービスその他,9050,サービス業,TOPIX Small 1,0111,プライム
2025-02-05,97590,ＮＳＤ,"NSD CO.,LTD.",10,情報通信・サービスその他,5250,情報･通信業,TOPIX Mid400,0111,プライム
2025-02-05,97600,進学会ホールディングス,"SHINGAKUKAI HOLDINGS CO.,LTD.",10,情報通信・サービスその他,9050,サービス業,-,0112,スタンダード
2025-02-05,97610,東海リース,"TOKAI LEASE CO.,LTD.",10,情報通信・サービスその他,9050,サービス業,-,0112,スタンダード
2025-02-05,97630,丸紅建材リース,"Marubeni Construction Material Lease Co.,Ltd.",13,商社・卸売,6050,卸売業,-,0112,スタンダード
2025-02-05,97650,オオバ,"OHBA CO.,LTD.",10,情報通信・サービスその他,9050,サービス業,-,0111,プライム
2025-02-05,97660,コナミグループ,KONAMI GROUP CORPORATION,10,情報通信・サービスその他,5250,情報･通信業,TOPIX Mid400,0111,プライム
2025-02-05,97670,日建工学,"NIKKEN KOGAKU CO.,LTD.",10,情報通信・サービスその他,9050,サービス業,-,0112,スタンダード
2025-02-05,97680,いであ,"IDEA Consultants,Inc.",10,情報通信・サービスその他,9050,サービス業,-,0112,スタンダード
2025-02-05,97690,学究社,"GAKKYUSHA CO.,LTD.",10,情報通信・サービスその他,9050,サービス業,TOPIX Small 2,0111,プライム
2025-02-05,97760,札幌臨床検査センター,SAPPORO CLINICAL LABORATORY INC.,10,情報通信・サービスその他,9050,サービス業,-,0112,スタンダード
2025-02-05,97780,昴,"SUBARU CO.,LTD.",10,情報通信・サービスその他,9050,サービス業,-,0112,スタンダード
2025-02-05,97800,ハリマビステム,HARIMA B.STEM CORPORATION,10,情報通信・サービスその他,9050,サービス業,-,0112,スタンダード
2025-02-05,97820,ディーエムエス,DMS INC.,10,情報通信・サービスその他,9050,サービス業,-,0112,スタンダード
2025-02-05,97870,イオンディライト,"AEON DELIGHT CO.,LTD.",10,情報通信・サービスその他,9050,サービス業,TOPIX Small 1,0111,プライム
2025-02-05,97880,ナック,"NAC CO.,LTD.",10,情報通信・サービスその他,9050,サービス業,TOPIX Small 2,0111,プライム
2025-02-05,97900,福井コンピュータホールディングス,"Fukui Computer Holdings,Inc.",10,情報通信・サービスその他,5250,情報･通信業,TOPIX Small 1,0111,プライム
2025-02-05,97910,ビケンテクノ,BIKEN TECHNO CORPORATION,10,情報通信・サービスその他,9050,サービス業,-,0112,スタンダード
2025-02-05,97930,ダイセキ,"Daiseki Co.,Ltd.",10,情報通信・サービスその他,9050,サービス業,TOPIX Small 1,0111,プライム
2025-02-05,97950,ステップ,"STEP CO.,LTD.",10,情報通信・サービスその他,9050,サービス業,TOPIX Small 2,0111,プライム
2025-02-05,97990,旭情報サービス,"ASAHI INTELLIGENCE SERVICE CO.,LTD.",10,情報通信・サービスその他,5250,情報･通信業,-,0112,スタンダード
2025-02-05,98120,テーオーホールディングス,"T.O. Holdings CO.,LTD.",13,商社・卸売,6050,卸売業,-,0112,スタンダード
2025-02-05,98160,ストライダーズ,Striders Corporation,17,不動産,8050,不動産業,-,0112,スタンダード
2025-02-05,98180,大丸エナウィン,"DAIMARU ENAWIN Co.,Ltd.",13,商社・卸売,6050,卸売業,-,0112,スタンダード
2025-02-05,98200,エムティジェネックス,MT GENEX CORPORATION,17,不動産,8050,不動産業,-,0112,スタンダード
2025-02-05,98230,マミーマート,Mammy Mart Corporation,14,小売,6100,小売業,-,0112,スタンダード
2025-02-05,98240,泉州電業,"SENSHU ELECTRIC CO.,LTD.",13,商社・卸売,6050,卸売業,TOPIX Small 1,0111,プライム
2025-02-05,98270,リリカラ,"Lilycolor Co.,Ltd.",13,商社・卸売,6050,卸売業,-,0112,スタンダード
2025-02-05,98280,Ｇｅｎｋｉ　Ｇｌｏｂａｌ　Ｄｉｎｉｎｇ　Ｃｏｎｃｅｐｔｓ,Genki Global Dining Concepts Corporation,14,小売,6100,小売業,TOPIX Small 1,0112,スタンダード
2025-02-05,98300,トラスコ中山,TRUSCO NAKAYAMA CORPORATION,13,商社・卸売,6050,卸売業,TOPIX Small 1,0111,プライム
2025-02-05,98310,ヤマダホールディングス,"YAMADA HOLDINGS CO.,LTD.",14,小売,6100,小売業,TOPIX Mid400,0111,プライム
2025-02-05,98320,オートバックスセブン,"AUTOBACS SEVEN CO.,LTD.",13,商社・卸売,6050,卸売業,TOPIX Small 1,0111,プライム
2025-02-05,98350,ジュンテンドー,"JUNTENDO CO.,LTD.",14,小売,6100,小売業,-,0112,スタンダード
2025-02-05,98370,モリト,"MORITO CO.,LTD.",13,商社・卸売,6050,卸売業,TOPIX Small 2,0111,プライム
2025-02-05,98420,アークランズ,ARCLANDS CORPORATION,14,小売,6100,小売業,TOPIX Small 1,0111,プライム
2025-02-05,98430,ニトリホールディングス,"Nitori Holdings Co.,Ltd.",14,小売,6100,小売業,TOPIX Large70,0111,プライム
2025-02-05,98450,パーカーコーポレーション,PARKER CORPORATION,4,素材・化学,3200,化学,-,0112,スタンダード
2025-02-05,98460,天満屋ストア,"TENMAYA STORE CO.,LTD.",14,小売,6100,小売業,-,0112,スタンダード
2025-02-05,98490,共同紙販ホールディングス,KYODO PAPER HOLDINGS,13,商社・卸売,6050,卸売業,-,0112,スタンダード
2025-02-05,98500,グルメ杵屋,"GOURMET KINEYA CO.,LTD.",14,小売,6100,小売業,TOPIX Small 2,0111,プライム
2025-02-05,98520,ＣＢグループマネジメント,"CB GROUP MANAGEMENT Co.,Ltd.",13,商社・卸売,6050,卸売業,-,0112,スタンダード
2025-02-05,98530,銀座ルノアール,"GINZA RENOIR CO.,LTD.",14,小売,6100,小売業,-,0112,スタンダード
2025-02-05,98540,愛眼,"AIGAN CO.,LTD.",14,小売,6100,小売業,-,0112,スタンダード
2025-02-05,98560,ケーユーホールディングス,"KU HOLDINGS CO.,LTD.",14,小売,6100,小売業,TOPIX Small 2,0112,スタンダード
2025-02-05,98570,英和,EIWA CORPORATION,13,商社・卸売,6050,卸売業,-,0112,スタンダード
2025-02-05,98610,吉野家ホールディングス,"YOSHINOYA HOLDINGS CO.,LTD.",14,小売,6100,小売業,TOPIX Mid400,0111,プライム
2025-02-05,98670,ソレキア,Solekia Limited,13,商社・卸売,6050,卸売業,-,0112,スタンダード
2025-02-05,98690,加藤産業,"KATO SANGYO CO.,LTD.",13,商社・卸売,6050,卸売業,TOPIX Small 1,0111,プライム
2025-02-05,98720,北恵,"KITAKEI CO.,LTD.",13,商社・卸売,6050,卸売業,-,0112,スタンダード
2025-02-05,98760,コックス,"COX CO.,LTD.",14,小売,6100,小売業,-,0112,スタンダード
2025-02-05,98780,セキド,"SEKIDO CO.,LTD.",14,小売,6100,小売業,-,0112,スタンダード
2025-02-05,98800,イノテック,INNOTECH CORPORATION,9,電機・精密,3650,電気機器,TOPIX Small 2,0111,プライム
2025-02-05,98820,イエローハット,YELLOW HAT LTD.,13,商社・卸売,6050,卸売業,TOPIX Small 1,0111,プライム
2025-02-05,98850,シャルレ,"CHARLE CO.,LTD.",13,商社・卸売,6050,卸売業,-,0112,スタンダード
2025-02-05,98870,松屋フーズホールディングス,"MATSUYA FOODS HOLDINGS CO.,LTD.",14,小売,6100,小売業,TOPIX Small 2,0111,プライム
2025-02-05,98880,ＵＥＸ,"UEX,LTD.",13,商社・卸売,6050,卸売業,-,0112,スタンダード
2025-02-05,98890,ＪＢＣＣホールディングス,JBCC Holdings Inc.,10,情報通信・サービスその他,5250,情報･通信業,TOPIX Small 1,0111,プライム
2025-02-05,98900,マキヤ,"MAKIYA CO.,LTD.",14,小売,6100,小売業,-,0112,スタンダード
2025-02-05,98950,コンセック,CONSEC CORPORATION,13,商社・卸売,6050,卸売業,-,0112,スタンダード
2025-02-05,98960,ＪＫホールディングス,"JK Holdings Co.,Ltd.",13,商社・卸売,6050,卸売業,TOPIX Small 2,0112,スタンダード
2025-02-05,99000,サガミホールディングス,Sagami Holdings Corporation,14,小売,6100,小売業,TOPIX Small 2,0111,プライム
2025-02-05,99020,日伝,NICHIDEN Corporation,13,商社・卸売,6050,卸売業,TOPIX Small 2,0111,プライム
2025-02-05,99030,カンセキ,"KANSEKI CO.,LTD",14,小売,6100,小売業,-,0112,スタンダード
2025-02-05,99040,ベリテ,"Verite Co.,Ltd.",14,小売,6100,小売業,-,0112,スタンダード
2025-02-05,99060,藤井産業,Fujii Sangyo Corporation,13,商社・卸売,6050,卸売業,-,0112,スタンダード
2025-02-05,99080,日本電計,"NIHON DENKEI CO.,LTD",13,商社・卸売,6050,卸売業,-,0112,スタンダード
2025-02-05,99130,日邦産業,NIPPO LTD.,13,商社・卸売,6050,卸売業,-,0112,スタンダード
2025-02-05,99140,植松商会,"Uematsu Shokai Co.,Ltd.",13,商社・卸売,6050,卸売業,-,0112,スタンダード
2025-02-05,99270,ワットマン,"WATT MANN CO.,LTD.",14,小売,6100,小売業,-,0112,スタンダード
2025-02-05,99280,ミロク情報サービス,"MIROKU JYOHO SERVICE CO.,LTD.",10,情報通信・サービスその他,5250,情報･通信業,TOPIX Small 2,0111,プライム
2025-02-05,99290,平和紙業,"HEIWA PAPER CO.,LTD.",13,商社・卸売,6050,卸売業,-,0112,スタンダード
2025-02-05,99300,北沢産業,"KITAZAWA SANGYO CO.,LTD.",13,商社・卸売,6050,卸売業,-,0112,スタンダード
2025-02-05,99320,杉本商事,"SUGIMOTO & CO.,LTD.",13,商社・卸売,6050,卸売業,TOPIX Small 2,0111,プライム
2025-02-05,99340,因幡電機産業,"INABA DENKISANGYO CO.,LTD.",13,商社・卸売,6050,卸売業,TOPIX Mid400,0111,プライム
2025-02-05,99360,王将フードサービス,OHSHO FOOD SERVICE CORP.,14,小売,6100,小売業,TOPIX Small 1,0111,プライム
2025-02-05,99410,太洋物産,"TAIYO BUSSAN KAISHA,LTD.",13,商社・卸売,6050,卸売業,-,0112,スタンダード
2025-02-05,99460,ミニストップ,"MINISTOP CO.,LTD.",14,小売,6100,小売業,TOPIX Small 2,0111,プライム
2025-02-05,99480,アークス,"ARCS COMPANY,LIMITED",14,小売,6100,小売業,TOPIX Small 1,0111,プライム
2025-02-05,99500,ハチバン,"HACHI-BAN CO.,LTD.",14,小売,6100,小売業,-,0112,スタンダード
2025-02-05,99550,ヨンキュウ,"THE YONKYU CO.,LTD.",13,商社・卸売,6050,卸売業,-,0112,スタンダード
2025-02-05,99560,バローホールディングス,"VALOR HOLDINGS CO.,LTD.",14,小売,6100,小売業,TOPIX Small 1,0111,プライム
2025-02-05,99590,アシードホールディングス,"ASEED HOLDINGS CO.,LTD.",14,小売,6100,小売業,-,0112,スタンダード
2025-02-05,99600,東テク,TOTECH CORPORATION,13,商社・卸売,6050,卸売業,TOPIX Small 2,0111,プライム
2025-02-05,99620,ミスミグループ本社,MISUMI Group Inc.,13,商社・卸売,6050,卸売業,TOPIX Mid400,0111,プライム
2025-02-05,99690,ショクブン,"SHOKUBUN CO.,LTD.",14,小売,6100,小売業,-,0112,スタンダード
2025-02-05,99720,アルテック,"ALTECH CO.,LTD.",13,商社・卸売,6050,卸売業,-,0112,スタンダード
2025-02-05,99730,ＫＯＺＯホールディングス,"KOZO Holdings Co.,Ltd.",14,小売,6100,小売業,-,0112,スタンダード
2025-02-05,99740,ベルク,"Belc CO.,LTD.",14,小売,6100,小売業,TOPIX Small 1,0111,プライム
2025-02-05,99760,セキチュー,"SEKICHU CO.,LTD.",14,小売,6100,小売業,-,0112,スタンダード
2025-02-05,99780,文教堂グループホールディングス,"BUNKYODO GROUP HOLDINGS CO.,LTD.",14,小売,6100,小売業,-,0112,スタンダード
2025-02-05,99790,大庄,DAISYO CORPORATION,14,小売,6100,小売業,TOPIX Small 2,0112,スタンダード
2025-02-05,99800,ＭＲＫホールディングス,MRK HOLDINGS INC.,14,小売,6100,小売業,-,0112,スタンダード
2025-02-05,99820,タキヒヨー,"Takihyo Co.,Ltd.",13,商社・卸売,6050,卸売業,-,0112,スタンダード
2025-02-05,99830,ファーストリテイリング,"FAST RETAILING CO.,LTD.",14,小売,6100,小売業,TOPIX Core30,0111,プライム
2025-02-05,99840,ソフトバンクグループ,SoftBank Group Corp.,10,情報通信・サービスその他,5250,情報･通信業,TOPIX Core30,0111,プライム
2025-02-05,99860,蔵王産業,"ZAOH COMPANY,LTD.",13,商社・卸売,6050,卸売業,-,0112,スタンダード
2025-02-05,99870,スズケン,"SUZUKEN CO.,LTD.",13,商社・卸売,6050,卸売業,TOPIX Mid400,0111,プライム
2025-02-05,99890,サンドラッグ,"SUNDRUG CO.,LTD.",14,小売,6100,小売業,TOPIX Mid400,0111,プライム
2025-02-05,99900,サックスバー　ホールディングス,SAC'S BAR HOLDINGS INC.,14,小売,6100,小売業,TOPIX Small 2,0111,プライム
2025-02-05,99910,ジェコス,GECOSS CORPORATION,13,商社・卸売,6050,卸売業,TOPIX Small 2,0111,プライム
2025-02-05,99930,ヤマザワ,"YAMAZAWA CO.,LTD.",14,小売,6100,小売業,-,0112,スタンダード
2025-02-05,99940,やまや,YAMAYA CORPORATION,14,小売,6100,小売業,-,0112,スタンダード
2025-02-05,99960,サトー商会,"Satoh&Co.,Ltd.",13,商社・卸売,6050,卸売業,-,0112,スタンダード
2025-02-05,99970,ベルーナ,"BELLUNA CO.,LTD.",14,小売,6100,小売業,TOPIX Small 1,0111,プライム
